
Padel Tracker — 2026-05-19 18:55 Uhr
Scanne 15 Tage (2026-05-19 bis 2026-06-02)

  Tag +00  2026-05-19  →  8 freie Slots (4 Courts)
  Tag +01  2026-05-20  →  196 freie Slots (9 Courts)
  Tag +02  2026-05-21  →  232 freie Slots (9 Courts)
  Tag +03  2026-05-22  →  90 freie Slots (9 Courts)
  Tag +04  2026-05-23  →  10 freie Slots (6 Courts)
  Tag +05  2026-05-24  →  20 freie Slots (9 Courts)
  Tag +06  2026-05-25  →  21 freie Slots (8 Courts)
  Tag +07  2026-05-26  →  218 freie Slots (9 Courts)
  Tag +08  2026-05-27  →  372 freie Slots (9 Courts)
  Tag +09  2026-05-28  →  397 freie Slots (9 Courts)
  Tag +10  2026-05-29  →  269 freie Slots (9 Courts)
  Tag +11  2026-05-30  →  143 freie Slots (9 Courts)
  Tag +12  2026-05-31  →  40 freie Slots (8 Courts)
  Tag +13  2026-06-01  →  361 freie Slots (9 Courts)
  Tag +14  2026-06-02  →  436 freie Slots (9 Courts)
  ✓ 2813 Zeilen → /root/padel-tracking/snapshots/snapshot_2026-05-19_1855.csv

Fertig. 2813 Zeilen gesamt.

[main 67f0025] snapshot: 2026-05-19 16:55
 2 files changed, 5637 insertions(+)
 create mode 100644 snapshots/snapshot_2026-05-19_1849.csv
 create mode 100644 snapshots/snapshot_2026-05-19_1855.csv
Current branch main is up to date.
To https://github.com/JoelDoener/padel-tracking.git
   e5e9909..67f0025  main -> main
Gepusht: 2026-05-19 16:55

Padel Tracker — 2026-05-19 19:25 Uhr
Scanne 15 Tage (2026-05-19 bis 2026-06-02)

  Tag +00  2026-05-19  →  8 freie Slots (4 Courts)
  Tag +01  2026-05-20  →  197 freie Slots (9 Courts)
  Tag +02  2026-05-21  →  232 freie Slots (9 Courts)
  Tag +03  2026-05-22  →  90 freie Slots (9 Courts)
  Tag +04  2026-05-23  →  10 freie Slots (6 Courts)
  Tag +05  2026-05-24  →  19 freie Slots (8 Courts)
  Tag +06  2026-05-25  →  21 freie Slots (8 Courts)
  Tag +07  2026-05-26  →  218 freie Slots (9 Courts)
  Tag +08  2026-05-27  →  372 freie Slots (9 Courts)
  Tag +09  2026-05-28  →  397 freie Slots (9 Courts)
  Tag +10  2026-05-29  →  269 freie Slots (9 Courts)
  Tag +11  2026-05-30  →  143 freie Slots (9 Courts)
  Tag +12  2026-05-31  →  40 freie Slots (8 Courts)
  Tag +13  2026-06-01  →  361 freie Slots (9 Courts)
  Tag +14  2026-06-02  →  437 freie Slots (9 Courts)
  ✓ 2814 Zeilen → /root/padel-tracking/snapshots/snapshot_2026-05-19_1925.csv

Fertig. 2814 Zeilen gesamt.

[main 0d5bba7] snapshot: 2026-05-19 19:25
 1 file changed, 2815 insertions(+)
 create mode 100644 snapshots/snapshot_2026-05-19_1925.csv
Current branch main is up to date.
To https://github.com/JoelDoener/padel-tracking.git
   dbc4dcd..0d5bba7  main -> main
Gepusht: 2026-05-19 19:25

Padel Tracker — 2026-05-19 19:55 Uhr
Scanne 15 Tage (2026-05-19 bis 2026-06-02)

  Tag +00  2026-05-19  →  8 freie Slots (4 Courts)
  Tag +01  2026-05-20  →  197 freie Slots (9 Courts)
  Tag +02  2026-05-21  →  232 freie Slots (9 Courts)
  Tag +03  2026-05-22  →  91 freie Slots (9 Courts)
  Tag +04  2026-05-23  →  10 freie Slots (6 Courts)
  Tag +05  2026-05-24  →  19 freie Slots (8 Courts)
  Tag +06  2026-05-25  →  21 freie Slots (8 Courts)
  Tag +07  2026-05-26  →  218 freie Slots (9 Courts)
  Tag +08  2026-05-27  →  356 freie Slots (9 Courts)
  Tag +09  2026-05-28  →  397 freie Slots (9 Courts)
  Tag +10  2026-05-29  →  269 freie Slots (9 Courts)
  Tag +11  2026-05-30  →  143 freie Slots (9 Courts)
  Tag +12  2026-05-31  →  40 freie Slots (8 Courts)
  Tag +13  2026-06-01  →  361 freie Slots (9 Courts)
  Tag +14  2026-06-02  →  444 freie Slots (9 Courts)
  ✓ 2806 Zeilen → /root/padel-tracking/snapshots/snapshot_2026-05-19_1955.csv

Fertig. 2806 Zeilen gesamt.

[main 5d8886c] snapshot: 2026-05-19 19:55
 1 file changed, 2807 insertions(+)
 create mode 100644 snapshots/snapshot_2026-05-19_1955.csv
Current branch main is up to date.
To https://github.com/JoelDoener/padel-tracking.git
   e3cab77..5d8886c  main -> main
Gepusht: 2026-05-19 19:55

Padel Tracker — 2026-05-19 20:25 Uhr
Scanne 15 Tage (2026-05-19 bis 2026-06-02)

  Tag +00  2026-05-19  →  6 freie Slots (4 Courts)
  Tag +01  2026-05-20  →  197 freie Slots (9 Courts)
  Tag +02  2026-05-21  →  232 freie Slots (9 Courts)
  Tag +03  2026-05-22  →  91 freie Slots (9 Courts)
  Tag +04  2026-05-23  →  10 freie Slots (6 Courts)
  Tag +05  2026-05-24  →  19 freie Slots (8 Courts)
  Tag +06  2026-05-25  →  21 freie Slots (8 Courts)
  Tag +07  2026-05-26  →  218 freie Slots (9 Courts)
  Tag +08  2026-05-27  →  356 freie Slots (9 Courts)
  Tag +09  2026-05-28  →  397 freie Slots (9 Courts)
  Tag +10  2026-05-29  →  269 freie Slots (9 Courts)
  Tag +11  2026-05-30  →  143 freie Slots (9 Courts)
  Tag +12  2026-05-31  →  40 freie Slots (8 Courts)
  Tag +13  2026-06-01  →  355 freie Slots (9 Courts)
  Tag +14  2026-06-02  →  446 freie Slots (9 Courts)
  ✓ 2800 Zeilen → /root/padel-tracking/snapshots/snapshot_2026-05-19_2025.csv

Fertig. 2800 Zeilen gesamt.

[main 3727fb8] snapshot: 2026-05-19 20:25
 1 file changed, 2801 insertions(+)
 create mode 100644 snapshots/snapshot_2026-05-19_2025.csv
Current branch main is up to date.
To https://github.com/JoelDoener/padel-tracking.git
   5d8886c..3727fb8  main -> main
Gepusht: 2026-05-19 20:25

Padel Tracker — 2026-05-19 20:55 Uhr
Scanne 15 Tage (2026-05-19 bis 2026-06-02)

  Tag +00  2026-05-19  →  6 freie Slots (4 Courts)
  Tag +01  2026-05-20  →  197 freie Slots (9 Courts)
  Tag +02  2026-05-21  →  232 freie Slots (9 Courts)
  Tag +03  2026-05-22  →  91 freie Slots (9 Courts)
  Tag +04  2026-05-23  →  10 freie Slots (6 Courts)
  Tag +05  2026-05-24  →  19 freie Slots (8 Courts)
  Tag +06  2026-05-25  →  21 freie Slots (8 Courts)
  Tag +07  2026-05-26  →  218 freie Slots (9 Courts)
  Tag +08  2026-05-27  →  356 freie Slots (9 Courts)
  Tag +09  2026-05-28  →  397 freie Slots (9 Courts)
  Tag +10  2026-05-29  →  269 freie Slots (9 Courts)
  Tag +11  2026-05-30  →  143 freie Slots (9 Courts)
  Tag +12  2026-05-31  →  40 freie Slots (8 Courts)
  Tag +13  2026-06-01  →  355 freie Slots (9 Courts)
  Tag +14  2026-06-02  →  437 freie Slots (9 Courts)
  ✓ 2791 Zeilen → /root/padel-tracking/snapshots/snapshot_2026-05-19_2055.csv

Fertig. 2791 Zeilen gesamt.

[main 1eb5362] snapshot: 2026-05-19 20:55
 1 file changed, 2792 insertions(+)
 create mode 100644 snapshots/snapshot_2026-05-19_2055.csv
Current branch main is up to date.
To https://github.com/JoelDoener/padel-tracking.git
   3727fb8..1eb5362  main -> main
Gepusht: 2026-05-19 20:55

Padel Tracker — 2026-05-19 21:25 Uhr
Scanne 15 Tage (2026-05-19 bis 2026-06-02)

  Tag +00  2026-05-19  →  5 freie Slots (3 Courts)
  Tag +01  2026-05-20  →  203 freie Slots (9 Courts)
  Tag +02  2026-05-21  →  232 freie Slots (9 Courts)
  Tag +03  2026-05-22  →  91 freie Slots (9 Courts)
  Tag +04  2026-05-23  →  10 freie Slots (6 Courts)
  Tag +05  2026-05-24  →  20 freie Slots (8 Courts)
  Tag +06  2026-05-25  →  21 freie Slots (8 Courts)
  Tag +07  2026-05-26  →  218 freie Slots (9 Courts)
  Tag +08  2026-05-27  →  362 freie Slots (9 Courts)
  Tag +09  2026-05-28  →  397 freie Slots (9 Courts)
  Tag +10  2026-05-29  →  269 freie Slots (9 Courts)
  Tag +11  2026-05-30  →  143 freie Slots (9 Courts)
  Tag +12  2026-05-31  →  40 freie Slots (8 Courts)
  Tag +13  2026-06-01  →  355 freie Slots (9 Courts)
  Tag +14  2026-06-02  →  439 freie Slots (9 Courts)
  ✓ 2805 Zeilen → /root/padel-tracking/snapshots/snapshot_2026-05-19_2125.csv

Fertig. 2805 Zeilen gesamt.

[main a0e183c] snapshot: 2026-05-19 21:25
 1 file changed, 2806 insertions(+)
 create mode 100644 snapshots/snapshot_2026-05-19_2125.csv
Current branch main is up to date.
To https://github.com/JoelDoener/padel-tracking.git
   1eb5362..a0e183c  main -> main
Gepusht: 2026-05-19 21:25

Padel Tracker — 2026-05-19 21:55 Uhr
Scanne 15 Tage (2026-05-19 bis 2026-06-02)

  Tag +00  2026-05-19  →  5 freie Slots (3 Courts)
  Tag +01  2026-05-20  →  203 freie Slots (9 Courts)
  Tag +02  2026-05-21  →  232 freie Slots (9 Courts)
  Tag +03  2026-05-22  →  91 freie Slots (9 Courts)
  Tag +04  2026-05-23  →  10 freie Slots (6 Courts)
  Tag +05  2026-05-24  →  20 freie Slots (8 Courts)
  Tag +06  2026-05-25  →  21 freie Slots (8 Courts)
  Tag +07  2026-05-26  →  218 freie Slots (9 Courts)
  Tag +08  2026-05-27  →  362 freie Slots (9 Courts)
  Tag +09  2026-05-28  →  397 freie Slots (9 Courts)
  Tag +10  2026-05-29  →  269 freie Slots (9 Courts)
  Tag +11  2026-05-30  →  143 freie Slots (9 Courts)
  Tag +12  2026-05-31  →  40 freie Slots (8 Courts)
  Tag +13  2026-06-01  →  355 freie Slots (9 Courts)
  Tag +14  2026-06-02  →  441 freie Slots (9 Courts)
  ✓ 2807 Zeilen → /root/padel-tracking/snapshots/snapshot_2026-05-19_2155.csv

Fertig. 2807 Zeilen gesamt.

[main 8e2a3c1] snapshot: 2026-05-19 21:55
 1 file changed, 2808 insertions(+)
 create mode 100644 snapshots/snapshot_2026-05-19_2155.csv
Current branch main is up to date.
To https://github.com/JoelDoener/padel-tracking.git
   a0e183c..8e2a3c1  main -> main
Gepusht: 2026-05-19 21:55

Padel Tracker — 2026-05-19 22:25 Uhr
Scanne 15 Tage (2026-05-19 bis 2026-06-02)

  Tag +00  2026-05-19  →  2 freie Slots (2 Courts)
  Tag +01  2026-05-20  →  203 freie Slots (9 Courts)
  Tag +02  2026-05-21  →  232 freie Slots (9 Courts)
  Tag +03  2026-05-22  →  91 freie Slots (9 Courts)
  Tag +04  2026-05-23  →  10 freie Slots (6 Courts)
  Tag +05  2026-05-24  →  19 freie Slots (8 Courts)
  Tag +06  2026-05-25  →  21 freie Slots (8 Courts)
  Tag +07  2026-05-26  →  218 freie Slots (9 Courts)
  Tag +08  2026-05-27  →  362 freie Slots (9 Courts)
  Tag +09  2026-05-28  →  397 freie Slots (9 Courts)
  Tag +10  2026-05-29  →  269 freie Slots (9 Courts)
  Tag +11  2026-05-30  →  143 freie Slots (9 Courts)
  Tag +12  2026-05-31  →  40 freie Slots (8 Courts)
  Tag +13  2026-06-01  →  355 freie Slots (9 Courts)
  Tag +14  2026-06-02  →  442 freie Slots (9 Courts)
  ✓ 2804 Zeilen → /root/padel-tracking/snapshots/snapshot_2026-05-19_2225.csv

Fertig. 2804 Zeilen gesamt.

[main f8e69d3] snapshot: 2026-05-19 22:25
 1 file changed, 2805 insertions(+)
 create mode 100644 snapshots/snapshot_2026-05-19_2225.csv
Current branch main is up to date.
To https://github.com/JoelDoener/padel-tracking.git
   8e2a3c1..f8e69d3  main -> main
Gepusht: 2026-05-19 22:25

Padel Tracker — 2026-05-19 22:55 Uhr
Scanne 15 Tage (2026-05-19 bis 2026-06-02)

  Tag +00  2026-05-19  →  2 freie Slots (2 Courts)
  Tag +01  2026-05-20  →  203 freie Slots (9 Courts)
  Tag +02  2026-05-21  →  232 freie Slots (9 Courts)
  Tag +03  2026-05-22  →  91 freie Slots (9 Courts)
  Tag +04  2026-05-23  →  10 freie Slots (6 Courts)
  Tag +05  2026-05-24  →  19 freie Slots (8 Courts)
  Tag +06  2026-05-25  →  21 freie Slots (8 Courts)
  Tag +07  2026-05-26  →  218 freie Slots (9 Courts)
  Tag +08  2026-05-27  →  362 freie Slots (9 Courts)
  Tag +09  2026-05-28  →  397 freie Slots (9 Courts)
  Tag +10  2026-05-29  →  269 freie Slots (9 Courts)
  Tag +11  2026-05-30  →  135 freie Slots (9 Courts)
  Tag +12  2026-05-31  →  40 freie Slots (8 Courts)
  Tag +13  2026-06-01  →  355 freie Slots (9 Courts)
  Tag +14  2026-06-02  →  444 freie Slots (9 Courts)
  ✓ 2798 Zeilen → /root/padel-tracking/snapshots/snapshot_2026-05-19_2255.csv

Fertig. 2798 Zeilen gesamt.

[main 93303ec] snapshot: 2026-05-19 22:55
 1 file changed, 2799 insertions(+)
 create mode 100644 snapshots/snapshot_2026-05-19_2255.csv
Current branch main is up to date.
To https://github.com/JoelDoener/padel-tracking.git
   f8e69d3..93303ec  main -> main
Gepusht: 2026-05-19 22:55

Padel Tracker — 2026-05-19 22:59 Uhr
Scanne 15 Tage (2026-05-19 bis 2026-06-02)

  Tag +00  2026-05-19  →  2 freie Slots (2 Courts)
  Tag +01  2026-05-20  →  203 freie Slots (9 Courts)
  Tag +02  2026-05-21  →  232 freie Slots (9 Courts)
  Tag +03  2026-05-22  →  91 freie Slots (9 Courts)
  Tag +04  2026-05-23  →  10 freie Slots (6 Courts)
  Tag +05  2026-05-24  →  19 freie Slots (8 Courts)
  Tag +06  2026-05-25  →  21 freie Slots (8 Courts)
  Tag +07  2026-05-26  →  218 freie Slots (9 Courts)
  Tag +08  2026-05-27  →  362 freie Slots (9 Courts)
  Tag +09  2026-05-28  →  397 freie Slots (9 Courts)
  Tag +10  2026-05-29  →  269 freie Slots (9 Courts)
  Tag +11  2026-05-30  →  135 freie Slots (9 Courts)
  Tag +12  2026-05-31  →  40 freie Slots (8 Courts)
  Tag +13  2026-06-01  →  355 freie Slots (9 Courts)
  Tag +14  2026-06-02  →  444 freie Slots (9 Courts)
  ✓ 2798 Zeilen → /root/padel-tracking/snapshots/snapshot_2026-05-19_2259.csv

Fertig. 2798 Zeilen gesamt.

[main 806ffb5] snapshot: 2026-05-19 22:59
 1 file changed, 2799 insertions(+)
 create mode 100644 snapshots/snapshot_2026-05-19_2259.csv
Current branch main is up to date.
To https://github.com/JoelDoener/padel-tracking.git
   93303ec..806ffb5  main -> main
Gepusht: 2026-05-19 22:59

Padel Tracker — 2026-05-19 23:00 Uhr
Scanne 15 Tage (2026-05-19 bis 2026-06-02)

  Tag +00  2026-05-19  →  0 freie Slots (0 Courts)
  Tag +01  2026-05-20  →  203 freie Slots (9 Courts)
  Tag +02  2026-05-21  →  232 freie Slots (9 Courts)
  Tag +03  2026-05-22  →  91 freie Slots (9 Courts)
  Tag +04  2026-05-23  →  10 freie Slots (6 Courts)
  Tag +05  2026-05-24  →  19 freie Slots (8 Courts)
  Tag +06  2026-05-25  →  21 freie Slots (8 Courts)
  Tag +07  2026-05-26  →  218 freie Slots (9 Courts)
  Tag +08  2026-05-27  →  362 freie Slots (9 Courts)
  Tag +09  2026-05-28  →  397 freie Slots (9 Courts)
  Tag +10  2026-05-29  →  269 freie Slots (9 Courts)
  Tag +11  2026-05-30  →  135 freie Slots (9 Courts)
  Tag +12  2026-05-31  →  40 freie Slots (8 Courts)
  Tag +13  2026-06-01  →  355 freie Slots (9 Courts)
  Tag +14  2026-06-02  →  446 freie Slots (9 Courts)
  ✓ 2798 Zeilen → /root/padel-tracking/snapshots/snapshot_2026-05-19_2300.csv

Fertig. 2798 Zeilen gesamt.

[main 321fa7b] snapshot: 2026-05-19 23:00
 1 file changed, 2799 insertions(+)
 create mode 100644 snapshots/snapshot_2026-05-19_2300.csv
Current branch main is up to date.
To https://github.com/JoelDoener/padel-tracking.git
   806ffb5..321fa7b  main -> main
Gepusht: 2026-05-19 23:00

Padel Tracker — 2026-05-19 23:01 Uhr
Scanne 15 Tage (2026-05-19 bis 2026-06-02)

  Tag +00  2026-05-19  →  0 freie Slots (0 Courts)
  Tag +01  2026-05-20  →  203 freie Slots (9 Courts)
  Tag +02  2026-05-21  →  232 freie Slots (9 Courts)
  Tag +03  2026-05-22  →  91 freie Slots (9 Courts)
  Tag +04  2026-05-23  →  10 freie Slots (6 Courts)
  Tag +05  2026-05-24  →  19 freie Slots (8 Courts)
  Tag +06  2026-05-25  →  21 freie Slots (8 Courts)
  Tag +07  2026-05-26  →  218 freie Slots (9 Courts)
  Tag +08  2026-05-27  →  362 freie Slots (9 Courts)
  Tag +09  2026-05-28  →  397 freie Slots (9 Courts)
  Tag +10  2026-05-29  →  269 freie Slots (9 Courts)
  Tag +11  2026-05-30  →  135 freie Slots (9 Courts)
  Tag +12  2026-05-31  →  40 freie Slots (8 Courts)
  Tag +13  2026-06-01  →  355 freie Slots (9 Courts)
  Tag +14  2026-06-02  →  446 freie Slots (9 Courts)
  ✓ 2798 Zeilen → /root/padel-tracking/snapshots/snapshot_2026-05-19_2301.csv

Fertig. 2798 Zeilen gesamt.

[main c2d15b3] snapshot: 2026-05-19 23:01
 1 file changed, 2799 insertions(+)
 create mode 100644 snapshots/snapshot_2026-05-19_2301.csv
Current branch main is up to date.
To https://github.com/JoelDoener/padel-tracking.git
   321fa7b..c2d15b3  main -> main
Gepusht: 2026-05-19 23:01

Padel Tracker — 2026-05-19 23:25 Uhr
Scanne 15 Tage (2026-05-19 bis 2026-06-02)

  Tag +00  2026-05-19  →  0 freie Slots (0 Courts)
  Tag +01  2026-05-20  →  266 freie Slots (9 Courts)
  Tag +02  2026-05-21  →  232 freie Slots (9 Courts)
  Tag +03  2026-05-22  →  91 freie Slots (9 Courts)
  Tag +04  2026-05-23  →  10 freie Slots (6 Courts)
  Tag +05  2026-05-24  →  19 freie Slots (8 Courts)
  Tag +06  2026-05-25  →  21 freie Slots (8 Courts)
  Tag +07  2026-05-26  →  218 freie Slots (9 Courts)
  Tag +08  2026-05-27  →  362 freie Slots (9 Courts)
  Tag +09  2026-05-28  →  397 freie Slots (9 Courts)
  Tag +10  2026-05-29  →  269 freie Slots (9 Courts)
  Tag +11  2026-05-30  →  135 freie Slots (9 Courts)
  Tag +12  2026-05-31  →  40 freie Slots (8 Courts)
  Tag +13  2026-06-01  →  355 freie Slots (9 Courts)
  Tag +14  2026-06-02  →  446 freie Slots (9 Courts)
  ✓ 2861 Zeilen → /root/padel-tracking/snapshots/snapshot_2026-05-19_2325.csv

Fertig. 2861 Zeilen gesamt.

[main 580fc5a] snapshot: 2026-05-19 23:25
 1 file changed, 2862 insertions(+)
 create mode 100644 snapshots/snapshot_2026-05-19_2325.csv
Current branch main is up to date.
To https://github.com/JoelDoener/padel-tracking.git
   c2d15b3..580fc5a  main -> main
Gepusht: 2026-05-19 23:25

Padel Tracker — 2026-05-19 23:29 Uhr
Scanne 15 Tage (2026-05-19 bis 2026-06-02)

  Tag +00  2026-05-19  →  0 freie Slots (0 Courts)
  Tag +01  2026-05-20  →  266 freie Slots (9 Courts)
  Tag +02  2026-05-21  →  232 freie Slots (9 Courts)
  Tag +03  2026-05-22  →  91 freie Slots (9 Courts)
  Tag +04  2026-05-23  →  10 freie Slots (6 Courts)
  Tag +05  2026-05-24  →  19 freie Slots (8 Courts)
  Tag +06  2026-05-25  →  21 freie Slots (8 Courts)
  Tag +07  2026-05-26  →  218 freie Slots (9 Courts)
  Tag +08  2026-05-27  →  362 freie Slots (9 Courts)
  Tag +09  2026-05-28  →  397 freie Slots (9 Courts)
  Tag +10  2026-05-29  →  269 freie Slots (9 Courts)
  Tag +11  2026-05-30  →  135 freie Slots (9 Courts)
  Tag +12  2026-05-31  →  31 freie Slots (8 Courts)
  Tag +13  2026-06-01  →  355 freie Slots (9 Courts)
  Tag +14  2026-06-02  →  446 freie Slots (9 Courts)
  ✓ 2852 Zeilen → /root/padel-tracking/snapshots/snapshot_2026-05-19_2329.csv

Fertig. 2852 Zeilen gesamt.

[main 83dbcfd] snapshot: 2026-05-19 23:29
 1 file changed, 2853 insertions(+)
 create mode 100644 snapshots/snapshot_2026-05-19_2329.csv
Current branch main is up to date.
To https://github.com/JoelDoener/padel-tracking.git
   580fc5a..83dbcfd  main -> main
Gepusht: 2026-05-19 23:29

Padel Tracker — 2026-05-19 23:30 Uhr
Scanne 15 Tage (2026-05-19 bis 2026-06-02)

  Tag +00  2026-05-19  →  0 freie Slots (0 Courts)
  Tag +01  2026-05-20  →  266 freie Slots (9 Courts)
  Tag +02  2026-05-21  →  232 freie Slots (9 Courts)
  Tag +03  2026-05-22  →  91 freie Slots (9 Courts)
  Tag +04  2026-05-23  →  10 freie Slots (6 Courts)
  Tag +05  2026-05-24  →  19 freie Slots (8 Courts)
  Tag +06  2026-05-25  →  21 freie Slots (8 Courts)
  Tag +07  2026-05-26  →  218 freie Slots (9 Courts)
  Tag +08  2026-05-27  →  362 freie Slots (9 Courts)
  Tag +09  2026-05-28  →  397 freie Slots (9 Courts)
  Tag +10  2026-05-29  →  269 freie Slots (9 Courts)
  Tag +11  2026-05-30  →  135 freie Slots (9 Courts)
  Tag +12  2026-05-31  →  31 freie Slots (8 Courts)
  Tag +13  2026-06-01  →  355 freie Slots (9 Courts)
  Tag +14  2026-06-02  →  446 freie Slots (9 Courts)
  ✓ 2852 Zeilen → /root/padel-tracking/snapshots/snapshot_2026-05-19_2330.csv

Fertig. 2852 Zeilen gesamt.

[main 0745b2f] snapshot: 2026-05-19 23:30
 1 file changed, 2853 insertions(+)
 create mode 100644 snapshots/snapshot_2026-05-19_2330.csv
Current branch main is up to date.
To https://github.com/JoelDoener/padel-tracking.git
   83dbcfd..0745b2f  main -> main
Gepusht: 2026-05-19 23:30

Padel Tracker — 2026-05-19 23:31 Uhr
Scanne 15 Tage (2026-05-19 bis 2026-06-02)

  Tag +00  2026-05-19  →  0 freie Slots (0 Courts)
  Tag +01  2026-05-20  →  266 freie Slots (9 Courts)
  Tag +02  2026-05-21  →  232 freie Slots (9 Courts)
  Tag +03  2026-05-22  →  91 freie Slots (9 Courts)
  Tag +04  2026-05-23  →  10 freie Slots (6 Courts)
  Tag +05  2026-05-24  →  19 freie Slots (8 Courts)
  Tag +06  2026-05-25  →  21 freie Slots (8 Courts)
  Tag +07  2026-05-26  →  218 freie Slots (9 Courts)
  Tag +08  2026-05-27  →  362 freie Slots (9 Courts)
  Tag +09  2026-05-28  →  397 freie Slots (9 Courts)
  Tag +10  2026-05-29  →  269 freie Slots (9 Courts)
  Tag +11  2026-05-30  →  135 freie Slots (9 Courts)
  Tag +12  2026-05-31  →  31 freie Slots (8 Courts)
  Tag +13  2026-06-01  →  355 freie Slots (9 Courts)
  Tag +14  2026-06-02  →  446 freie Slots (9 Courts)
  ✓ 2852 Zeilen → /root/padel-tracking/snapshots/snapshot_2026-05-19_2331.csv

Fertig. 2852 Zeilen gesamt.

[main f674385] snapshot: 2026-05-19 23:31
 1 file changed, 2853 insertions(+)
 create mode 100644 snapshots/snapshot_2026-05-19_2331.csv
Current branch main is up to date.
To https://github.com/JoelDoener/padel-tracking.git
   0745b2f..f674385  main -> main
Gepusht: 2026-05-19 23:31

Padel Tracker — 2026-05-19 23:55 Uhr
Scanne 15 Tage (2026-05-19 bis 2026-06-02)

  Tag +00  2026-05-19  →  0 freie Slots (0 Courts)
  Tag +01  2026-05-20  →  266 freie Slots (9 Courts)
  Tag +02  2026-05-21  →  232 freie Slots (9 Courts)
  Tag +03  2026-05-22  →  91 freie Slots (9 Courts)
  Tag +04  2026-05-23  →  10 freie Slots (6 Courts)
  Tag +05  2026-05-24  →  19 freie Slots (8 Courts)
  Tag +06  2026-05-25  →  21 freie Slots (8 Courts)
  Tag +07  2026-05-26  →  218 freie Slots (9 Courts)
  Tag +08  2026-05-27  →  362 freie Slots (9 Courts)
  Tag +09  2026-05-28  →  397 freie Slots (9 Courts)
  Tag +10  2026-05-29  →  269 freie Slots (9 Courts)
  Tag +11  2026-05-30  →  135 freie Slots (9 Courts)
  Tag +12  2026-05-31  →  31 freie Slots (8 Courts)
  Tag +13  2026-06-01  →  355 freie Slots (9 Courts)
  Tag +14  2026-06-02  →  446 freie Slots (9 Courts)
  ✓ 2852 Zeilen → /root/padel-tracking/snapshots/snapshot_2026-05-19_2355.csv

Fertig. 2852 Zeilen gesamt.

[main f50947d] snapshot: 2026-05-19 23:55
 1 file changed, 2853 insertions(+)
 create mode 100644 snapshots/snapshot_2026-05-19_2355.csv
Current branch main is up to date.
To https://github.com/JoelDoener/padel-tracking.git
   f674385..f50947d  main -> main
Gepusht: 2026-05-19 23:55

Padel Tracker — 2026-05-19 23:59 Uhr
Scanne 15 Tage (2026-05-19 bis 2026-06-02)

  Tag +00  2026-05-19  →  0 freie Slots (0 Courts)
  Tag +01  2026-05-20  →  266 freie Slots (9 Courts)
  Tag +02  2026-05-21  →  232 freie Slots (9 Courts)
  Tag +03  2026-05-22  →  91 freie Slots (9 Courts)
  Tag +04  2026-05-23  →  10 freie Slots (6 Courts)
  Tag +05  2026-05-24  →  19 freie Slots (8 Courts)
  Tag +06  2026-05-25  →  21 freie Slots (8 Courts)
  Tag +07  2026-05-26  →  218 freie Slots (9 Courts)
  Tag +08  2026-05-27  →  362 freie Slots (9 Courts)
  Tag +09  2026-05-28  →  397 freie Slots (9 Courts)
  Tag +10  2026-05-29  →  269 freie Slots (9 Courts)
  Tag +11  2026-05-30  →  135 freie Slots (9 Courts)
  Tag +12  2026-05-31  →  31 freie Slots (8 Courts)
  Tag +13  2026-06-01  →  355 freie Slots (9 Courts)
  Tag +14  2026-06-02  →  446 freie Slots (9 Courts)
  ✓ 2852 Zeilen → /root/padel-tracking/snapshots/snapshot_2026-05-19_2359.csv

Fertig. 2852 Zeilen gesamt.

[main c62364d] snapshot: 2026-05-19 23:59
 1 file changed, 2853 insertions(+)
 create mode 100644 snapshots/snapshot_2026-05-19_2359.csv
Current branch main is up to date.
To https://github.com/JoelDoener/padel-tracking.git
   f50947d..c62364d  main -> main
Gepusht: 2026-05-19 23:59

Padel Tracker — 2026-05-20 00:00 Uhr
Scanne 15 Tage (2026-05-19 bis 2026-06-02)

  Tag +00  2026-05-19  →  0 freie Slots (0 Courts)
  Tag +01  2026-05-20  →  266 freie Slots (9 Courts)
  Tag +02  2026-05-21  →  232 freie Slots (9 Courts)
  Tag +03  2026-05-22  →  91 freie Slots (9 Courts)
  Tag +04  2026-05-23  →  10 freie Slots (6 Courts)
  Tag +05  2026-05-24  →  19 freie Slots (8 Courts)
  Tag +06  2026-05-25  →  21 freie Slots (8 Courts)
  Tag +07  2026-05-26  →  218 freie Slots (9 Courts)
  Tag +08  2026-05-27  →  362 freie Slots (9 Courts)
  Tag +09  2026-05-28  →  397 freie Slots (9 Courts)
  Tag +10  2026-05-29  →  269 freie Slots (9 Courts)
  Tag +11  2026-05-30  →  135 freie Slots (9 Courts)
  Tag +12  2026-05-31  →  31 freie Slots (8 Courts)
  Tag +13  2026-06-01  →  355 freie Slots (9 Courts)
  Tag +14  2026-06-02  →  446 freie Slots (9 Courts)
  ✓ 2852 Zeilen → /root/padel-tracking/snapshots/snapshot_2026-05-20_0000.csv

Fertig. 2852 Zeilen gesamt.

[main 4ebabb1] snapshot: 2026-05-20 00:00
 1 file changed, 2853 insertions(+)
 create mode 100644 snapshots/snapshot_2026-05-20_0000.csv
Current branch main is up to date.
To https://github.com/JoelDoener/padel-tracking.git
   c62364d..4ebabb1  main -> main
Gepusht: 2026-05-20 00:00

Padel Tracker — 2026-05-20 00:01 Uhr
Scanne 15 Tage (2026-05-19 bis 2026-06-02)

  Tag +00  2026-05-19  →  0 freie Slots (0 Courts)
  Tag +01  2026-05-20  →  266 freie Slots (9 Courts)
  Tag +02  2026-05-21  →  232 freie Slots (9 Courts)
  Tag +03  2026-05-22  →  91 freie Slots (9 Courts)
  Tag +04  2026-05-23  →  10 freie Slots (6 Courts)
  Tag +05  2026-05-24  →  19 freie Slots (8 Courts)
  Tag +06  2026-05-25  →  21 freie Slots (8 Courts)
  Tag +07  2026-05-26  →  218 freie Slots (9 Courts)
  Tag +08  2026-05-27  →  362 freie Slots (9 Courts)
  Tag +09  2026-05-28  →  397 freie Slots (9 Courts)
  Tag +10  2026-05-29  →  269 freie Slots (9 Courts)
  Tag +11  2026-05-30  →  135 freie Slots (9 Courts)
  Tag +12  2026-05-31  →  31 freie Slots (8 Courts)
  Tag +13  2026-06-01  →  355 freie Slots (9 Courts)
  Tag +14  2026-06-02  →  446 freie Slots (9 Courts)
  ✓ 2852 Zeilen → /root/padel-tracking/snapshots/snapshot_2026-05-20_0001.csv

Fertig. 2852 Zeilen gesamt.

[main 2363221] snapshot: 2026-05-20 00:01
 1 file changed, 2853 insertions(+)
 create mode 100644 snapshots/snapshot_2026-05-20_0001.csv
Current branch main is up to date.
To https://github.com/JoelDoener/padel-tracking.git
   4ebabb1..2363221  main -> main
Gepusht: 2026-05-20 00:01

Padel Tracker — 2026-05-20 00:25 Uhr
Scanne 15 Tage (2026-05-19 bis 2026-06-02)

  Tag +00  2026-05-19  →  0 freie Slots (0 Courts)
  Tag +01  2026-05-20  →  235 freie Slots (9 Courts)
  Tag +02  2026-05-21  →  232 freie Slots (9 Courts)
  Tag +03  2026-05-22  →  91 freie Slots (9 Courts)
  Tag +04  2026-05-23  →  10 freie Slots (6 Courts)
  Tag +05  2026-05-24  →  19 freie Slots (8 Courts)
  Tag +06  2026-05-25  →  21 freie Slots (8 Courts)
  Tag +07  2026-05-26  →  218 freie Slots (9 Courts)
  Tag +08  2026-05-27  →  362 freie Slots (9 Courts)
  Tag +09  2026-05-28  →  397 freie Slots (9 Courts)
  Tag +10  2026-05-29  →  269 freie Slots (9 Courts)
  Tag +11  2026-05-30  →  135 freie Slots (9 Courts)
  Tag +12  2026-05-31  →  31 freie Slots (8 Courts)
  Tag +13  2026-06-01  →  355 freie Slots (9 Courts)
  Tag +14  2026-06-02  →  428 freie Slots (9 Courts)
  ✓ 2803 Zeilen → /root/padel-tracking/snapshots/snapshot_2026-05-20_0025.csv

Fertig. 2803 Zeilen gesamt.

[main 86d87b9] snapshot: 2026-05-20 00:25
 1 file changed, 2804 insertions(+)
 create mode 100644 snapshots/snapshot_2026-05-20_0025.csv
Current branch main is up to date.
To https://github.com/JoelDoener/padel-tracking.git
   2363221..86d87b9  main -> main
Gepusht: 2026-05-20 00:25

Padel Tracker — 2026-05-20 00:29 Uhr
Scanne 15 Tage (2026-05-19 bis 2026-06-02)

  Tag +00  2026-05-19  →  0 freie Slots (0 Courts)
  Tag +01  2026-05-20  →  235 freie Slots (9 Courts)
  Tag +02  2026-05-21  →  232 freie Slots (9 Courts)
  Tag +03  2026-05-22  →  91 freie Slots (9 Courts)
  Tag +04  2026-05-23  →  10 freie Slots (6 Courts)
  Tag +05  2026-05-24  →  19 freie Slots (8 Courts)
  Tag +06  2026-05-25  →  21 freie Slots (8 Courts)
  Tag +07  2026-05-26  →  218 freie Slots (9 Courts)
  Tag +08  2026-05-27  →  362 freie Slots (9 Courts)
  Tag +09  2026-05-28  →  397 freie Slots (9 Courts)
  Tag +10  2026-05-29  →  269 freie Slots (9 Courts)
  Tag +11  2026-05-30  →  135 freie Slots (9 Courts)
  Tag +12  2026-05-31  →  31 freie Slots (8 Courts)
  Tag +13  2026-06-01  →  355 freie Slots (9 Courts)
  Tag +14  2026-06-02  →  428 freie Slots (9 Courts)
  ✓ 2803 Zeilen → /root/padel-tracking/snapshots/snapshot_2026-05-20_0029.csv

Fertig. 2803 Zeilen gesamt.

[main 0cec934] snapshot: 2026-05-20 00:29
 1 file changed, 2804 insertions(+)
 create mode 100644 snapshots/snapshot_2026-05-20_0029.csv
Current branch main is up to date.
To https://github.com/JoelDoener/padel-tracking.git
   86d87b9..0cec934  main -> main
Gepusht: 2026-05-20 00:29

Padel Tracker — 2026-05-20 00:30 Uhr
Scanne 15 Tage (2026-05-19 bis 2026-06-02)

  Tag +00  2026-05-19  →  0 freie Slots (0 Courts)
  Tag +01  2026-05-20  →  235 freie Slots (9 Courts)
  Tag +02  2026-05-21  →  232 freie Slots (9 Courts)
  Tag +03  2026-05-22  →  91 freie Slots (9 Courts)
  Tag +04  2026-05-23  →  10 freie Slots (6 Courts)
  Tag +05  2026-05-24  →  19 freie Slots (8 Courts)
  Tag +06  2026-05-25  →  21 freie Slots (8 Courts)
  Tag +07  2026-05-26  →  218 freie Slots (9 Courts)
  Tag +08  2026-05-27  →  362 freie Slots (9 Courts)
  Tag +09  2026-05-28  →  397 freie Slots (9 Courts)
  Tag +10  2026-05-29  →  269 freie Slots (9 Courts)
  Tag +11  2026-05-30  →  135 freie Slots (9 Courts)
  Tag +12  2026-05-31  →  31 freie Slots (8 Courts)
  Tag +13  2026-06-01  →  355 freie Slots (9 Courts)
  Tag +14  2026-06-02  →  428 freie Slots (9 Courts)
  ✓ 2803 Zeilen → /root/padel-tracking/snapshots/snapshot_2026-05-20_0030.csv

Fertig. 2803 Zeilen gesamt.

[main df5bbee] snapshot: 2026-05-20 00:30
 1 file changed, 2804 insertions(+)
 create mode 100644 snapshots/snapshot_2026-05-20_0030.csv
Current branch main is up to date.
To https://github.com/JoelDoener/padel-tracking.git
   0cec934..df5bbee  main -> main
Gepusht: 2026-05-20 00:30

Padel Tracker — 2026-05-20 00:31 Uhr
Scanne 15 Tage (2026-05-19 bis 2026-06-02)

  Tag +00  2026-05-19  →  0 freie Slots (0 Courts)
  Tag +01  2026-05-20  →  235 freie Slots (9 Courts)
  Tag +02  2026-05-21  →  232 freie Slots (9 Courts)
  Tag +03  2026-05-22  →  91 freie Slots (9 Courts)
  Tag +04  2026-05-23  →  10 freie Slots (6 Courts)
  Tag +05  2026-05-24  →  19 freie Slots (8 Courts)
  Tag +06  2026-05-25  →  21 freie Slots (8 Courts)
  Tag +07  2026-05-26  →  218 freie Slots (9 Courts)
  Tag +08  2026-05-27  →  362 freie Slots (9 Courts)
  Tag +09  2026-05-28  →  397 freie Slots (9 Courts)
  Tag +10  2026-05-29  →  269 freie Slots (9 Courts)
  Tag +11  2026-05-30  →  135 freie Slots (9 Courts)
  Tag +12  2026-05-31  →  31 freie Slots (8 Courts)
  Tag +13  2026-06-01  →  355 freie Slots (9 Courts)
  Tag +14  2026-06-02  →  428 freie Slots (9 Courts)
  ✓ 2803 Zeilen → /root/padel-tracking/snapshots/snapshot_2026-05-20_0031.csv

Fertig. 2803 Zeilen gesamt.

[main bbb05b2] snapshot: 2026-05-20 00:31
 1 file changed, 2804 insertions(+)
 create mode 100644 snapshots/snapshot_2026-05-20_0031.csv
Current branch main is up to date.
To https://github.com/JoelDoener/padel-tracking.git
   df5bbee..bbb05b2  main -> main
Gepusht: 2026-05-20 00:31

Padel Tracker — 2026-05-20 00:55 Uhr
Scanne 15 Tage (2026-05-19 bis 2026-06-02)

  Tag +00  2026-05-19  →  0 freie Slots (0 Courts)
  Tag +01  2026-05-20  →  235 freie Slots (9 Courts)
  Tag +02  2026-05-21  →  232 freie Slots (9 Courts)
  Tag +03  2026-05-22  →  91 freie Slots (9 Courts)
  Tag +04  2026-05-23  →  10 freie Slots (6 Courts)
  Tag +05  2026-05-24  →  19 freie Slots (8 Courts)
  Tag +06  2026-05-25  →  21 freie Slots (8 Courts)
  Tag +07  2026-05-26  →  218 freie Slots (9 Courts)
  Tag +08  2026-05-27  →  362 freie Slots (9 Courts)
  Tag +09  2026-05-28  →  397 freie Slots (9 Courts)
  Tag +10  2026-05-29  →  269 freie Slots (9 Courts)
  Tag +11  2026-05-30  →  135 freie Slots (9 Courts)
  Tag +12  2026-05-31  →  31 freie Slots (8 Courts)
  Tag +13  2026-06-01  →  355 freie Slots (9 Courts)
  Tag +14  2026-06-02  →  428 freie Slots (9 Courts)
  ✓ 2803 Zeilen → /root/padel-tracking/snapshots/snapshot_2026-05-20_0055.csv

Fertig. 2803 Zeilen gesamt.

[main eb2da24] snapshot: 2026-05-20 00:55
 1 file changed, 2804 insertions(+)
 create mode 100644 snapshots/snapshot_2026-05-20_0055.csv
Current branch main is up to date.
To https://github.com/JoelDoener/padel-tracking.git
   bbb05b2..eb2da24  main -> main
Gepusht: 2026-05-20 00:55

Padel Tracker — 2026-05-20 00:59 Uhr
Scanne 15 Tage (2026-05-19 bis 2026-06-02)

  Tag +00  2026-05-19  →  0 freie Slots (0 Courts)
  Tag +01  2026-05-20  →  235 freie Slots (9 Courts)
  Tag +02  2026-05-21  →  232 freie Slots (9 Courts)
  Tag +03  2026-05-22  →  91 freie Slots (9 Courts)
  Tag +04  2026-05-23  →  10 freie Slots (6 Courts)
  Tag +05  2026-05-24  →  19 freie Slots (8 Courts)
  Tag +06  2026-05-25  →  21 freie Slots (8 Courts)
  Tag +07  2026-05-26  →  218 freie Slots (9 Courts)
  Tag +08  2026-05-27  →  362 freie Slots (9 Courts)
  Tag +09  2026-05-28  →  397 freie Slots (9 Courts)
  Tag +10  2026-05-29  →  269 freie Slots (9 Courts)
  Tag +11  2026-05-30  →  135 freie Slots (9 Courts)
  Tag +12  2026-05-31  →  31 freie Slots (8 Courts)
  Tag +13  2026-06-01  →  355 freie Slots (9 Courts)
  Tag +14  2026-06-02  →  428 freie Slots (9 Courts)
  ✓ 2803 Zeilen → /root/padel-tracking/snapshots/snapshot_2026-05-20_0059.csv

Fertig. 2803 Zeilen gesamt.

[main 6843c82] snapshot: 2026-05-20 00:59
 1 file changed, 2804 insertions(+)
 create mode 100644 snapshots/snapshot_2026-05-20_0059.csv
Current branch main is up to date.
To https://github.com/JoelDoener/padel-tracking.git
   eb2da24..6843c82  main -> main
Gepusht: 2026-05-20 00:59

Padel Tracker — 2026-05-20 01:00 Uhr
Scanne 15 Tage (2026-05-19 bis 2026-06-02)

  Tag +00  2026-05-19  →  0 freie Slots (0 Courts)
  Tag +01  2026-05-20  →  235 freie Slots (9 Courts)
  Tag +02  2026-05-21  →  232 freie Slots (9 Courts)
  Tag +03  2026-05-22  →  91 freie Slots (9 Courts)
  Tag +04  2026-05-23  →  10 freie Slots (6 Courts)
  Tag +05  2026-05-24  →  19 freie Slots (8 Courts)
  Tag +06  2026-05-25  →  21 freie Slots (8 Courts)
  Tag +07  2026-05-26  →  218 freie Slots (9 Courts)
  Tag +08  2026-05-27  →  362 freie Slots (9 Courts)
  Tag +09  2026-05-28  →  397 freie Slots (9 Courts)
  Tag +10  2026-05-29  →  269 freie Slots (9 Courts)
  Tag +11  2026-05-30  →  135 freie Slots (9 Courts)
  Tag +12  2026-05-31  →  31 freie Slots (8 Courts)
  Tag +13  2026-06-01  →  355 freie Slots (9 Courts)
  Tag +14  2026-06-02  →  428 freie Slots (9 Courts)
  ✓ 2803 Zeilen → /root/padel-tracking/snapshots/snapshot_2026-05-20_0100.csv

Fertig. 2803 Zeilen gesamt.

[main 314ce37] snapshot: 2026-05-20 01:00
 1 file changed, 2804 insertions(+)
 create mode 100644 snapshots/snapshot_2026-05-20_0100.csv
Current branch main is up to date.
To https://github.com/JoelDoener/padel-tracking.git
   6843c82..314ce37  main -> main
Gepusht: 2026-05-20 01:00

Padel Tracker — 2026-05-20 01:01 Uhr
Scanne 15 Tage (2026-05-19 bis 2026-06-02)

  Tag +00  2026-05-19  →  0 freie Slots (0 Courts)
  Tag +01  2026-05-20  →  235 freie Slots (9 Courts)
  Tag +02  2026-05-21  →  232 freie Slots (9 Courts)
  Tag +03  2026-05-22  →  91 freie Slots (9 Courts)
  Tag +04  2026-05-23  →  10 freie Slots (6 Courts)
  Tag +05  2026-05-24  →  19 freie Slots (8 Courts)
  Tag +06  2026-05-25  →  21 freie Slots (8 Courts)
  Tag +07  2026-05-26  →  218 freie Slots (9 Courts)
  Tag +08  2026-05-27  →  362 freie Slots (9 Courts)
  Tag +09  2026-05-28  →  397 freie Slots (9 Courts)
  Tag +10  2026-05-29  →  269 freie Slots (9 Courts)
  Tag +11  2026-05-30  →  135 freie Slots (9 Courts)
  Tag +12  2026-05-31  →  31 freie Slots (8 Courts)
  Tag +13  2026-06-01  →  355 freie Slots (9 Courts)
  Tag +14  2026-06-02  →  428 freie Slots (9 Courts)
  ✓ 2803 Zeilen → /root/padel-tracking/snapshots/snapshot_2026-05-20_0101.csv

Fertig. 2803 Zeilen gesamt.

[main 79b2f8f] snapshot: 2026-05-20 01:01
 1 file changed, 2804 insertions(+)
 create mode 100644 snapshots/snapshot_2026-05-20_0101.csv
Current branch main is up to date.
To https://github.com/JoelDoener/padel-tracking.git
   314ce37..79b2f8f  main -> main
Gepusht: 2026-05-20 01:01

Padel Tracker — 2026-05-20 01:25 Uhr
Scanne 15 Tage (2026-05-19 bis 2026-06-02)

  Tag +00  2026-05-19  →  0 freie Slots (0 Courts)
  Tag +01  2026-05-20  →  235 freie Slots (9 Courts)
  Tag +02  2026-05-21  →  232 freie Slots (9 Courts)
  Tag +03  2026-05-22  →  91 freie Slots (9 Courts)
  Tag +04  2026-05-23  →  10 freie Slots (6 Courts)
  Tag +05  2026-05-24  →  19 freie Slots (8 Courts)
  Tag +06  2026-05-25  →  21 freie Slots (8 Courts)
  Tag +07  2026-05-26  →  218 freie Slots (9 Courts)
  Tag +08  2026-05-27  →  362 freie Slots (9 Courts)
  Tag +09  2026-05-28  →  397 freie Slots (9 Courts)
  Tag +10  2026-05-29  →  269 freie Slots (9 Courts)
  Tag +11  2026-05-30  →  135 freie Slots (9 Courts)
  Tag +12  2026-05-31  →  31 freie Slots (8 Courts)
  Tag +13  2026-06-01  →  355 freie Slots (9 Courts)
  Tag +14  2026-06-02  →  428 freie Slots (9 Courts)
  ✓ 2803 Zeilen → /root/padel-tracking/snapshots/snapshot_2026-05-20_0125.csv

Fertig. 2803 Zeilen gesamt.

[main a86d9d2] snapshot: 2026-05-20 01:25
 1 file changed, 2804 insertions(+)
 create mode 100644 snapshots/snapshot_2026-05-20_0125.csv
Current branch main is up to date.
To https://github.com/JoelDoener/padel-tracking.git
   79b2f8f..a86d9d2  main -> main
Gepusht: 2026-05-20 01:25

Padel Tracker — 2026-05-20 01:29 Uhr
Scanne 15 Tage (2026-05-19 bis 2026-06-02)

  Tag +00  2026-05-19  →  0 freie Slots (0 Courts)
  Tag +01  2026-05-20  →  235 freie Slots (9 Courts)
  Tag +02  2026-05-21  →  232 freie Slots (9 Courts)
  Tag +03  2026-05-22  →  91 freie Slots (9 Courts)
  Tag +04  2026-05-23  →  10 freie Slots (6 Courts)
  Tag +05  2026-05-24  →  19 freie Slots (8 Courts)
  Tag +06  2026-05-25  →  21 freie Slots (8 Courts)
  Tag +07  2026-05-26  →  218 freie Slots (9 Courts)
  Tag +08  2026-05-27  →  362 freie Slots (9 Courts)
  Tag +09  2026-05-28  →  397 freie Slots (9 Courts)
  Tag +10  2026-05-29  →  269 freie Slots (9 Courts)
  Tag +11  2026-05-30  →  135 freie Slots (9 Courts)
  Tag +12  2026-05-31  →  31 freie Slots (8 Courts)
  Tag +13  2026-06-01  →  355 freie Slots (9 Courts)
  Tag +14  2026-06-02  →  428 freie Slots (9 Courts)
  ✓ 2803 Zeilen → /root/padel-tracking/snapshots/snapshot_2026-05-20_0129.csv

Fertig. 2803 Zeilen gesamt.

[main 482ea5e] snapshot: 2026-05-20 01:29
 1 file changed, 2804 insertions(+)
 create mode 100644 snapshots/snapshot_2026-05-20_0129.csv
Current branch main is up to date.
To https://github.com/JoelDoener/padel-tracking.git
   a86d9d2..482ea5e  main -> main
Gepusht: 2026-05-20 01:29

Padel Tracker — 2026-05-20 01:30 Uhr
Scanne 15 Tage (2026-05-19 bis 2026-06-02)

  Tag +00  2026-05-19  →  0 freie Slots (0 Courts)
  Tag +01  2026-05-20  →  235 freie Slots (9 Courts)
  Tag +02  2026-05-21  →  232 freie Slots (9 Courts)
  Tag +03  2026-05-22  →  91 freie Slots (9 Courts)
  Tag +04  2026-05-23  →  10 freie Slots (6 Courts)
  Tag +05  2026-05-24  →  19 freie Slots (8 Courts)
  Tag +06  2026-05-25  →  21 freie Slots (8 Courts)
  Tag +07  2026-05-26  →  218 freie Slots (9 Courts)
  Tag +08  2026-05-27  →  362 freie Slots (9 Courts)
  Tag +09  2026-05-28  →  397 freie Slots (9 Courts)
  Tag +10  2026-05-29  →  269 freie Slots (9 Courts)
  Tag +11  2026-05-30  →  135 freie Slots (9 Courts)
  Tag +12  2026-05-31  →  31 freie Slots (8 Courts)
  Tag +13  2026-06-01  →  355 freie Slots (9 Courts)
  Tag +14  2026-06-02  →  428 freie Slots (9 Courts)
  ✓ 2803 Zeilen → /root/padel-tracking/snapshots/snapshot_2026-05-20_0130.csv

Fertig. 2803 Zeilen gesamt.

[main b912fec] snapshot: 2026-05-20 01:30
 1 file changed, 2804 insertions(+)
 create mode 100644 snapshots/snapshot_2026-05-20_0130.csv
Current branch main is up to date.
To https://github.com/JoelDoener/padel-tracking.git
   482ea5e..b912fec  main -> main
Gepusht: 2026-05-20 01:30

Padel Tracker — 2026-05-20 01:31 Uhr
Scanne 15 Tage (2026-05-19 bis 2026-06-02)

  Tag +00  2026-05-19  →  0 freie Slots (0 Courts)
  Tag +01  2026-05-20  →  235 freie Slots (9 Courts)
  Tag +02  2026-05-21  →  232 freie Slots (9 Courts)
  Tag +03  2026-05-22  →  91 freie Slots (9 Courts)
  Tag +04  2026-05-23  →  10 freie Slots (6 Courts)
  Tag +05  2026-05-24  →  19 freie Slots (8 Courts)
  Tag +06  2026-05-25  →  21 freie Slots (8 Courts)
  Tag +07  2026-05-26  →  218 freie Slots (9 Courts)
  Tag +08  2026-05-27  →  362 freie Slots (9 Courts)
  Tag +09  2026-05-28  →  397 freie Slots (9 Courts)
  Tag +10  2026-05-29  →  269 freie Slots (9 Courts)
  Tag +11  2026-05-30  →  135 freie Slots (9 Courts)
  Tag +12  2026-05-31  →  31 freie Slots (8 Courts)
  Tag +13  2026-06-01  →  355 freie Slots (9 Courts)
  Tag +14  2026-06-02  →  428 freie Slots (9 Courts)
  ✓ 2803 Zeilen → /root/padel-tracking/snapshots/snapshot_2026-05-20_0131.csv

Fertig. 2803 Zeilen gesamt.

[main bad7028] snapshot: 2026-05-20 01:31
 1 file changed, 2804 insertions(+)
 create mode 100644 snapshots/snapshot_2026-05-20_0131.csv
Current branch main is up to date.
To https://github.com/JoelDoener/padel-tracking.git
   b912fec..bad7028  main -> main
Gepusht: 2026-05-20 01:31

Padel Tracker — 2026-05-20 01:55 Uhr
Scanne 15 Tage (2026-05-19 bis 2026-06-02)

  Tag +00  2026-05-19  →  0 freie Slots (0 Courts)
  Tag +01  2026-05-20  →  235 freie Slots (9 Courts)
  Tag +02  2026-05-21  →  232 freie Slots (9 Courts)
  Tag +03  2026-05-22  →  91 freie Slots (9 Courts)
  Tag +04  2026-05-23  →  10 freie Slots (6 Courts)
  Tag +05  2026-05-24  →  19 freie Slots (8 Courts)
  Tag +06  2026-05-25  →  21 freie Slots (8 Courts)
  Tag +07  2026-05-26  →  218 freie Slots (9 Courts)
  Tag +08  2026-05-27  →  362 freie Slots (9 Courts)
  Tag +09  2026-05-28  →  397 freie Slots (9 Courts)
  Tag +10  2026-05-29  →  269 freie Slots (9 Courts)
  Tag +11  2026-05-30  →  135 freie Slots (9 Courts)
  Tag +12  2026-05-31  →  31 freie Slots (8 Courts)
  Tag +13  2026-06-01  →  355 freie Slots (9 Courts)
  Tag +14  2026-06-02  →  428 freie Slots (9 Courts)
  ✓ 2803 Zeilen → /root/padel-tracking/snapshots/snapshot_2026-05-20_0155.csv

Fertig. 2803 Zeilen gesamt.

[main f59eb18] snapshot: 2026-05-20 01:55
 1 file changed, 2804 insertions(+)
 create mode 100644 snapshots/snapshot_2026-05-20_0155.csv
Current branch main is up to date.
To https://github.com/JoelDoener/padel-tracking.git
   bad7028..f59eb18  main -> main
Gepusht: 2026-05-20 01:55

Padel Tracker — 2026-05-20 01:59 Uhr
Scanne 15 Tage (2026-05-19 bis 2026-06-02)

  Tag +00  2026-05-19  →  0 freie Slots (0 Courts)
  Tag +01  2026-05-20  →  235 freie Slots (9 Courts)
  Tag +02  2026-05-21  →  232 freie Slots (9 Courts)
  Tag +03  2026-05-22  →  91 freie Slots (9 Courts)
  Tag +04  2026-05-23  →  10 freie Slots (6 Courts)
  Tag +05  2026-05-24  →  19 freie Slots (8 Courts)
  Tag +06  2026-05-25  →  21 freie Slots (8 Courts)
  Tag +07  2026-05-26  →  218 freie Slots (9 Courts)
  Tag +08  2026-05-27  →  362 freie Slots (9 Courts)
  Tag +09  2026-05-28  →  397 freie Slots (9 Courts)
  Tag +10  2026-05-29  →  269 freie Slots (9 Courts)
  Tag +11  2026-05-30  →  135 freie Slots (9 Courts)
  Tag +12  2026-05-31  →  31 freie Slots (8 Courts)
  Tag +13  2026-06-01  →  355 freie Slots (9 Courts)
  Tag +14  2026-06-02  →  428 freie Slots (9 Courts)
  ✓ 2803 Zeilen → /root/padel-tracking/snapshots/snapshot_2026-05-20_0159.csv

Fertig. 2803 Zeilen gesamt.

[main 0884d14] snapshot: 2026-05-20 01:59
 1 file changed, 2804 insertions(+)
 create mode 100644 snapshots/snapshot_2026-05-20_0159.csv
Current branch main is up to date.
To https://github.com/JoelDoener/padel-tracking.git
   f59eb18..0884d14  main -> main
Gepusht: 2026-05-20 01:59

Padel Tracker — 2026-05-20 02:00 Uhr
Scanne 15 Tage (2026-05-20 bis 2026-06-03)

  Tag +00  2026-05-20  →  235 freie Slots (9 Courts)
  Tag +01  2026-05-21  →  232 freie Slots (9 Courts)
  Tag +02  2026-05-22  →  91 freie Slots (9 Courts)
  Tag +03  2026-05-23  →  10 freie Slots (6 Courts)
  Tag +04  2026-05-24  →  19 freie Slots (8 Courts)
  Tag +05  2026-05-25  →  21 freie Slots (8 Courts)
  Tag +06  2026-05-26  →  218 freie Slots (9 Courts)
  Tag +07  2026-05-27  →  362 freie Slots (9 Courts)
  Tag +08  2026-05-28  →  397 freie Slots (9 Courts)
  Tag +09  2026-05-29  →  269 freie Slots (9 Courts)
  Tag +10  2026-05-30  →  135 freie Slots (9 Courts)
  Tag +11  2026-05-31  →  31 freie Slots (8 Courts)
  Tag +12  2026-06-01  →  355 freie Slots (9 Courts)
  Tag +13  2026-06-02  →  428 freie Slots (9 Courts)
  Tag +14  2026-06-03  →  0 freie Slots (0 Courts)
  ✓ 2803 Zeilen → /root/padel-tracking/snapshots/snapshot_2026-05-20_0200.csv

Fertig. 2803 Zeilen gesamt.

[main 22ae138] snapshot: 2026-05-20 02:00
 1 file changed, 2804 insertions(+)
 create mode 100644 snapshots/snapshot_2026-05-20_0200.csv
Current branch main is up to date.
To https://github.com/JoelDoener/padel-tracking.git
   0884d14..22ae138  main -> main
Gepusht: 2026-05-20 02:00

Padel Tracker — 2026-05-20 02:01 Uhr
Scanne 15 Tage (2026-05-20 bis 2026-06-03)

  Tag +00  2026-05-20  →  235 freie Slots (9 Courts)
  Tag +01  2026-05-21  →  232 freie Slots (9 Courts)
  Tag +02  2026-05-22  →  91 freie Slots (9 Courts)
  Tag +03  2026-05-23  →  10 freie Slots (6 Courts)
  Tag +04  2026-05-24  →  19 freie Slots (8 Courts)
  Tag +05  2026-05-25  →  21 freie Slots (8 Courts)
  Tag +06  2026-05-26  →  218 freie Slots (9 Courts)
  Tag +07  2026-05-27  →  362 freie Slots (9 Courts)
  Tag +08  2026-05-28  →  397 freie Slots (9 Courts)
  Tag +09  2026-05-29  →  269 freie Slots (9 Courts)
  Tag +10  2026-05-30  →  135 freie Slots (9 Courts)
  Tag +11  2026-05-31  →  31 freie Slots (8 Courts)
  Tag +12  2026-06-01  →  355 freie Slots (9 Courts)
  Tag +13  2026-06-02  →  428 freie Slots (9 Courts)
  Tag +14  2026-06-03  →  0 freie Slots (0 Courts)
  ✓ 2803 Zeilen → /root/padel-tracking/snapshots/snapshot_2026-05-20_0201.csv

Fertig. 2803 Zeilen gesamt.

[main ccd2ce7] snapshot: 2026-05-20 02:01
 1 file changed, 2804 insertions(+)
 create mode 100644 snapshots/snapshot_2026-05-20_0201.csv
Current branch main is up to date.
To https://github.com/JoelDoener/padel-tracking.git
   22ae138..ccd2ce7  main -> main
Gepusht: 2026-05-20 02:01

Padel Tracker — 2026-05-20 02:25 Uhr
Scanne 15 Tage (2026-05-20 bis 2026-06-03)

  Tag +00  2026-05-20  →  235 freie Slots (9 Courts)
  Tag +01  2026-05-21  →  232 freie Slots (9 Courts)
  Tag +02  2026-05-22  →  91 freie Slots (9 Courts)
  Tag +03  2026-05-23  →  10 freie Slots (6 Courts)
  Tag +04  2026-05-24  →  19 freie Slots (8 Courts)
  Tag +05  2026-05-25  →  21 freie Slots (8 Courts)
  Tag +06  2026-05-26  →  218 freie Slots (9 Courts)
  Tag +07  2026-05-27  →  362 freie Slots (9 Courts)
  Tag +08  2026-05-28  →  397 freie Slots (9 Courts)
  Tag +09  2026-05-29  →  269 freie Slots (9 Courts)
  Tag +10  2026-05-30  →  135 freie Slots (9 Courts)
  Tag +11  2026-05-31  →  31 freie Slots (8 Courts)
  Tag +12  2026-06-01  →  355 freie Slots (9 Courts)
  Tag +13  2026-06-02  →  428 freie Slots (9 Courts)
  Tag +14  2026-06-03  →  0 freie Slots (0 Courts)
  ✓ 2803 Zeilen → /root/padel-tracking/snapshots/snapshot_2026-05-20_0225.csv

Fertig. 2803 Zeilen gesamt.

[main d8964e1] snapshot: 2026-05-20 02:25
 1 file changed, 2804 insertions(+)
 create mode 100644 snapshots/snapshot_2026-05-20_0225.csv
Current branch main is up to date.
To https://github.com/JoelDoener/padel-tracking.git
   ccd2ce7..d8964e1  main -> main
Gepusht: 2026-05-20 02:25

Padel Tracker — 2026-05-20 02:29 Uhr
Scanne 15 Tage (2026-05-20 bis 2026-06-03)

  Tag +00  2026-05-20  →  235 freie Slots (9 Courts)
  Tag +01  2026-05-21  →  232 freie Slots (9 Courts)
  Tag +02  2026-05-22  →  91 freie Slots (9 Courts)
  Tag +03  2026-05-23  →  10 freie Slots (6 Courts)
  Tag +04  2026-05-24  →  19 freie Slots (8 Courts)
  Tag +05  2026-05-25  →  21 freie Slots (8 Courts)
  Tag +06  2026-05-26  →  218 freie Slots (9 Courts)
  Tag +07  2026-05-27  →  362 freie Slots (9 Courts)
  Tag +08  2026-05-28  →  397 freie Slots (9 Courts)
  Tag +09  2026-05-29  →  269 freie Slots (9 Courts)
  Tag +10  2026-05-30  →  135 freie Slots (9 Courts)
  Tag +11  2026-05-31  →  31 freie Slots (8 Courts)
  Tag +12  2026-06-01  →  355 freie Slots (9 Courts)
  Tag +13  2026-06-02  →  428 freie Slots (9 Courts)
  Tag +14  2026-06-03  →  0 freie Slots (0 Courts)
  ✓ 2803 Zeilen → /root/padel-tracking/snapshots/snapshot_2026-05-20_0229.csv

Fertig. 2803 Zeilen gesamt.

[main 51a6092] snapshot: 2026-05-20 02:29
 1 file changed, 2804 insertions(+)
 create mode 100644 snapshots/snapshot_2026-05-20_0229.csv
Current branch main is up to date.
To https://github.com/JoelDoener/padel-tracking.git
   d8964e1..51a6092  main -> main
Gepusht: 2026-05-20 02:29

Padel Tracker — 2026-05-20 02:30 Uhr
Scanne 15 Tage (2026-05-20 bis 2026-06-03)

  Tag +00  2026-05-20  →  235 freie Slots (9 Courts)
  Tag +01  2026-05-21  →  232 freie Slots (9 Courts)
  Tag +02  2026-05-22  →  91 freie Slots (9 Courts)
  Tag +03  2026-05-23  →  10 freie Slots (6 Courts)
  Tag +04  2026-05-24  →  19 freie Slots (8 Courts)
  Tag +05  2026-05-25  →  21 freie Slots (8 Courts)
  Tag +06  2026-05-26  →  218 freie Slots (9 Courts)
  Tag +07  2026-05-27  →  362 freie Slots (9 Courts)
  Tag +08  2026-05-28  →  397 freie Slots (9 Courts)
  Tag +09  2026-05-29  →  269 freie Slots (9 Courts)
  Tag +10  2026-05-30  →  135 freie Slots (9 Courts)
  Tag +11  2026-05-31  →  31 freie Slots (8 Courts)
  Tag +12  2026-06-01  →  355 freie Slots (9 Courts)
  Tag +13  2026-06-02  →  428 freie Slots (9 Courts)
  Tag +14  2026-06-03  →  0 freie Slots (0 Courts)
  ✓ 2803 Zeilen → /root/padel-tracking/snapshots/snapshot_2026-05-20_0230.csv

Fertig. 2803 Zeilen gesamt.

[main 07d50e8] snapshot: 2026-05-20 02:30
 1 file changed, 2804 insertions(+)
 create mode 100644 snapshots/snapshot_2026-05-20_0230.csv
Current branch main is up to date.
To https://github.com/JoelDoener/padel-tracking.git
   51a6092..07d50e8  main -> main
Gepusht: 2026-05-20 02:30

Padel Tracker — 2026-05-20 02:31 Uhr
Scanne 15 Tage (2026-05-20 bis 2026-06-03)

  Tag +00  2026-05-20  →  235 freie Slots (9 Courts)
  Tag +01  2026-05-21  →  232 freie Slots (9 Courts)
  Tag +02  2026-05-22  →  91 freie Slots (9 Courts)
  Tag +03  2026-05-23  →  10 freie Slots (6 Courts)
  Tag +04  2026-05-24  →  19 freie Slots (8 Courts)
  Tag +05  2026-05-25  →  21 freie Slots (8 Courts)
  Tag +06  2026-05-26  →  218 freie Slots (9 Courts)
  Tag +07  2026-05-27  →  362 freie Slots (9 Courts)
  Tag +08  2026-05-28  →  397 freie Slots (9 Courts)
  Tag +09  2026-05-29  →  269 freie Slots (9 Courts)
  Tag +10  2026-05-30  →  135 freie Slots (9 Courts)
  Tag +11  2026-05-31  →  31 freie Slots (8 Courts)
  Tag +12  2026-06-01  →  355 freie Slots (9 Courts)
  Tag +13  2026-06-02  →  428 freie Slots (9 Courts)
  Tag +14  2026-06-03  →  0 freie Slots (0 Courts)
  ✓ 2803 Zeilen → /root/padel-tracking/snapshots/snapshot_2026-05-20_0231.csv

Fertig. 2803 Zeilen gesamt.

[main 07bf9e9] snapshot: 2026-05-20 02:31
 1 file changed, 2804 insertions(+)
 create mode 100644 snapshots/snapshot_2026-05-20_0231.csv
Current branch main is up to date.
To https://github.com/JoelDoener/padel-tracking.git
   07d50e8..07bf9e9  main -> main
Gepusht: 2026-05-20 02:31

Padel Tracker — 2026-05-20 02:55 Uhr
Scanne 15 Tage (2026-05-20 bis 2026-06-03)

  Tag +00  2026-05-20  →  235 freie Slots (9 Courts)
  Tag +01  2026-05-21  →  232 freie Slots (9 Courts)
  Tag +02  2026-05-22  →  91 freie Slots (9 Courts)
  Tag +03  2026-05-23  →  10 freie Slots (6 Courts)
  Tag +04  2026-05-24  →  19 freie Slots (8 Courts)
  Tag +05  2026-05-25  →  21 freie Slots (8 Courts)
  Tag +06  2026-05-26  →  218 freie Slots (9 Courts)
  Tag +07  2026-05-27  →  362 freie Slots (9 Courts)
  Tag +08  2026-05-28  →  397 freie Slots (9 Courts)
  Tag +09  2026-05-29  →  269 freie Slots (9 Courts)
  Tag +10  2026-05-30  →  135 freie Slots (9 Courts)
  Tag +11  2026-05-31  →  31 freie Slots (8 Courts)
  Tag +12  2026-06-01  →  355 freie Slots (9 Courts)
  Tag +13  2026-06-02  →  428 freie Slots (9 Courts)
  Tag +14  2026-06-03  →  0 freie Slots (0 Courts)
  ✓ 2803 Zeilen → /root/padel-tracking/snapshots/snapshot_2026-05-20_0255.csv

Fertig. 2803 Zeilen gesamt.

[main 576def9] snapshot: 2026-05-20 02:55
 1 file changed, 2804 insertions(+)
 create mode 100644 snapshots/snapshot_2026-05-20_0255.csv
Current branch main is up to date.
To https://github.com/JoelDoener/padel-tracking.git
   07bf9e9..576def9  main -> main
Gepusht: 2026-05-20 02:55

Padel Tracker — 2026-05-20 02:59 Uhr
Scanne 15 Tage (2026-05-20 bis 2026-06-03)

  Tag +00  2026-05-20  →  235 freie Slots (9 Courts)
  Tag +01  2026-05-21  →  232 freie Slots (9 Courts)
  Tag +02  2026-05-22  →  91 freie Slots (9 Courts)
  Tag +03  2026-05-23  →  10 freie Slots (6 Courts)
  Tag +04  2026-05-24  →  19 freie Slots (8 Courts)
  Tag +05  2026-05-25  →  21 freie Slots (8 Courts)
  Tag +06  2026-05-26  →  218 freie Slots (9 Courts)
  Tag +07  2026-05-27  →  362 freie Slots (9 Courts)
  Tag +08  2026-05-28  →  397 freie Slots (9 Courts)
  Tag +09  2026-05-29  →  269 freie Slots (9 Courts)
  Tag +10  2026-05-30  →  135 freie Slots (9 Courts)
  Tag +11  2026-05-31  →  31 freie Slots (8 Courts)
  Tag +12  2026-06-01  →  355 freie Slots (9 Courts)
  Tag +13  2026-06-02  →  428 freie Slots (9 Courts)
  Tag +14  2026-06-03  →  0 freie Slots (0 Courts)
  ✓ 2803 Zeilen → /root/padel-tracking/snapshots/snapshot_2026-05-20_0259.csv

Fertig. 2803 Zeilen gesamt.

[main 90372f1] snapshot: 2026-05-20 02:59
 1 file changed, 2804 insertions(+)
 create mode 100644 snapshots/snapshot_2026-05-20_0259.csv
Current branch main is up to date.
To https://github.com/JoelDoener/padel-tracking.git
   576def9..90372f1  main -> main
Gepusht: 2026-05-20 02:59

Padel Tracker — 2026-05-20 03:00 Uhr
Scanne 15 Tage (2026-05-20 bis 2026-06-03)

  Tag +00  2026-05-20  →  235 freie Slots (9 Courts)
  Tag +01  2026-05-21  →  232 freie Slots (9 Courts)
  Tag +02  2026-05-22  →  91 freie Slots (9 Courts)
  Tag +03  2026-05-23  →  10 freie Slots (6 Courts)
  Tag +04  2026-05-24  →  19 freie Slots (8 Courts)
  Tag +05  2026-05-25  →  21 freie Slots (8 Courts)
  Tag +06  2026-05-26  →  218 freie Slots (9 Courts)
  Tag +07  2026-05-27  →  362 freie Slots (9 Courts)
  Tag +08  2026-05-28  →  397 freie Slots (9 Courts)
  Tag +09  2026-05-29  →  269 freie Slots (9 Courts)
  Tag +10  2026-05-30  →  135 freie Slots (9 Courts)
  Tag +11  2026-05-31  →  31 freie Slots (8 Courts)
  Tag +12  2026-06-01  →  355 freie Slots (9 Courts)
  Tag +13  2026-06-02  →  428 freie Slots (9 Courts)
  Tag +14  2026-06-03  →  0 freie Slots (0 Courts)
  ✓ 2803 Zeilen → /root/padel-tracking/snapshots/snapshot_2026-05-20_0300.csv

Fertig. 2803 Zeilen gesamt.

[main 544957e] snapshot: 2026-05-20 03:00
 1 file changed, 2804 insertions(+)
 create mode 100644 snapshots/snapshot_2026-05-20_0300.csv
Current branch main is up to date.
To https://github.com/JoelDoener/padel-tracking.git
   90372f1..544957e  main -> main
Gepusht: 2026-05-20 03:00

Padel Tracker — 2026-05-20 03:01 Uhr
Scanne 15 Tage (2026-05-20 bis 2026-06-03)

  Tag +00  2026-05-20  →  235 freie Slots (9 Courts)
  Tag +01  2026-05-21  →  232 freie Slots (9 Courts)
  Tag +02  2026-05-22  →  91 freie Slots (9 Courts)
  Tag +03  2026-05-23  →  10 freie Slots (6 Courts)
  Tag +04  2026-05-24  →  19 freie Slots (8 Courts)
  Tag +05  2026-05-25  →  21 freie Slots (8 Courts)
  Tag +06  2026-05-26  →  218 freie Slots (9 Courts)
  Tag +07  2026-05-27  →  362 freie Slots (9 Courts)
  Tag +08  2026-05-28  →  397 freie Slots (9 Courts)
  Tag +09  2026-05-29  →  269 freie Slots (9 Courts)
  Tag +10  2026-05-30  →  135 freie Slots (9 Courts)
  Tag +11  2026-05-31  →  31 freie Slots (8 Courts)
  Tag +12  2026-06-01  →  355 freie Slots (9 Courts)
  Tag +13  2026-06-02  →  428 freie Slots (9 Courts)
  Tag +14  2026-06-03  →  0 freie Slots (0 Courts)
  ✓ 2803 Zeilen → /root/padel-tracking/snapshots/snapshot_2026-05-20_0301.csv

Fertig. 2803 Zeilen gesamt.

[main 55d8212] snapshot: 2026-05-20 03:01
 1 file changed, 2804 insertions(+)
 create mode 100644 snapshots/snapshot_2026-05-20_0301.csv
Current branch main is up to date.
To https://github.com/JoelDoener/padel-tracking.git
   544957e..55d8212  main -> main
Gepusht: 2026-05-20 03:01

Padel Tracker — 2026-05-20 03:25 Uhr
Scanne 15 Tage (2026-05-20 bis 2026-06-03)

  Tag +00  2026-05-20  →  235 freie Slots (9 Courts)
  Tag +01  2026-05-21  →  232 freie Slots (9 Courts)
  Tag +02  2026-05-22  →  91 freie Slots (9 Courts)
  Tag +03  2026-05-23  →  10 freie Slots (6 Courts)
  Tag +04  2026-05-24  →  19 freie Slots (8 Courts)
  Tag +05  2026-05-25  →  21 freie Slots (8 Courts)
  Tag +06  2026-05-26  →  218 freie Slots (9 Courts)
  Tag +07  2026-05-27  →  362 freie Slots (9 Courts)
  Tag +08  2026-05-28  →  397 freie Slots (9 Courts)
  Tag +09  2026-05-29  →  269 freie Slots (9 Courts)
  Tag +10  2026-05-30  →  135 freie Slots (9 Courts)
  Tag +11  2026-05-31  →  31 freie Slots (8 Courts)
  Tag +12  2026-06-01  →  355 freie Slots (9 Courts)
  Tag +13  2026-06-02  →  428 freie Slots (9 Courts)
  Tag +14  2026-06-03  →  0 freie Slots (0 Courts)
  ✓ 2803 Zeilen → /root/padel-tracking/snapshots/snapshot_2026-05-20_0325.csv

Fertig. 2803 Zeilen gesamt.

[main 9fe0ea3] snapshot: 2026-05-20 03:25
 1 file changed, 2804 insertions(+)
 create mode 100644 snapshots/snapshot_2026-05-20_0325.csv
Current branch main is up to date.
To https://github.com/JoelDoener/padel-tracking.git
   55d8212..9fe0ea3  main -> main
Gepusht: 2026-05-20 03:25

Padel Tracker — 2026-05-20 03:29 Uhr
Scanne 15 Tage (2026-05-20 bis 2026-06-03)

  Tag +00  2026-05-20  →  235 freie Slots (9 Courts)
  Tag +01  2026-05-21  →  232 freie Slots (9 Courts)
  Tag +02  2026-05-22  →  91 freie Slots (9 Courts)
  Tag +03  2026-05-23  →  10 freie Slots (6 Courts)
  Tag +04  2026-05-24  →  19 freie Slots (8 Courts)
  Tag +05  2026-05-25  →  21 freie Slots (8 Courts)
  Tag +06  2026-05-26  →  218 freie Slots (9 Courts)
  Tag +07  2026-05-27  →  362 freie Slots (9 Courts)
  Tag +08  2026-05-28  →  397 freie Slots (9 Courts)
  Tag +09  2026-05-29  →  269 freie Slots (9 Courts)
  Tag +10  2026-05-30  →  135 freie Slots (9 Courts)
  Tag +11  2026-05-31  →  31 freie Slots (8 Courts)
  Tag +12  2026-06-01  →  355 freie Slots (9 Courts)
  Tag +13  2026-06-02  →  428 freie Slots (9 Courts)
  Tag +14  2026-06-03  →  0 freie Slots (0 Courts)
  ✓ 2803 Zeilen → /root/padel-tracking/snapshots/snapshot_2026-05-20_0329.csv

Fertig. 2803 Zeilen gesamt.

[main d710998] snapshot: 2026-05-20 03:29
 1 file changed, 2804 insertions(+)
 create mode 100644 snapshots/snapshot_2026-05-20_0329.csv
Current branch main is up to date.
To https://github.com/JoelDoener/padel-tracking.git
   9fe0ea3..d710998  main -> main
Gepusht: 2026-05-20 03:29

Padel Tracker — 2026-05-20 03:30 Uhr
Scanne 15 Tage (2026-05-20 bis 2026-06-03)

  Tag +00  2026-05-20  →  235 freie Slots (9 Courts)
  Tag +01  2026-05-21  →  232 freie Slots (9 Courts)
  Tag +02  2026-05-22  →  91 freie Slots (9 Courts)
  Tag +03  2026-05-23  →  10 freie Slots (6 Courts)
  Tag +04  2026-05-24  →  19 freie Slots (8 Courts)
  Tag +05  2026-05-25  →  21 freie Slots (8 Courts)
  Tag +06  2026-05-26  →  218 freie Slots (9 Courts)
  Tag +07  2026-05-27  →  362 freie Slots (9 Courts)
  Tag +08  2026-05-28  →  397 freie Slots (9 Courts)
  Tag +09  2026-05-29  →  269 freie Slots (9 Courts)
  Tag +10  2026-05-30  →  135 freie Slots (9 Courts)
  Tag +11  2026-05-31  →  31 freie Slots (8 Courts)
  Tag +12  2026-06-01  →  355 freie Slots (9 Courts)
  Tag +13  2026-06-02  →  428 freie Slots (9 Courts)
  Tag +14  2026-06-03  →  0 freie Slots (0 Courts)
  ✓ 2803 Zeilen → /root/padel-tracking/snapshots/snapshot_2026-05-20_0330.csv

Fertig. 2803 Zeilen gesamt.

[main 6ead4a1] snapshot: 2026-05-20 03:30
 1 file changed, 2804 insertions(+)
 create mode 100644 snapshots/snapshot_2026-05-20_0330.csv
Current branch main is up to date.
To https://github.com/JoelDoener/padel-tracking.git
   d710998..6ead4a1  main -> main
Gepusht: 2026-05-20 03:30

Padel Tracker — 2026-05-20 03:31 Uhr
Scanne 15 Tage (2026-05-20 bis 2026-06-03)

  Tag +00  2026-05-20  →  235 freie Slots (9 Courts)
  Tag +01  2026-05-21  →  232 freie Slots (9 Courts)
  Tag +02  2026-05-22  →  91 freie Slots (9 Courts)
  Tag +03  2026-05-23  →  10 freie Slots (6 Courts)
  Tag +04  2026-05-24  →  19 freie Slots (8 Courts)
  Tag +05  2026-05-25  →  21 freie Slots (8 Courts)
  Tag +06  2026-05-26  →  218 freie Slots (9 Courts)
  Tag +07  2026-05-27  →  362 freie Slots (9 Courts)
  Tag +08  2026-05-28  →  397 freie Slots (9 Courts)
  Tag +09  2026-05-29  →  269 freie Slots (9 Courts)
  Tag +10  2026-05-30  →  135 freie Slots (9 Courts)
  Tag +11  2026-05-31  →  31 freie Slots (8 Courts)
  Tag +12  2026-06-01  →  355 freie Slots (9 Courts)
  Tag +13  2026-06-02  →  428 freie Slots (9 Courts)
  Tag +14  2026-06-03  →  0 freie Slots (0 Courts)
  ✓ 2803 Zeilen → /root/padel-tracking/snapshots/snapshot_2026-05-20_0331.csv

Fertig. 2803 Zeilen gesamt.

[main 4bc2bed] snapshot: 2026-05-20 03:31
 1 file changed, 2804 insertions(+)
 create mode 100644 snapshots/snapshot_2026-05-20_0331.csv
Current branch main is up to date.
To https://github.com/JoelDoener/padel-tracking.git
   6ead4a1..4bc2bed  main -> main
Gepusht: 2026-05-20 03:31

Padel Tracker — 2026-05-20 03:55 Uhr
Scanne 15 Tage (2026-05-20 bis 2026-06-03)

  Tag +00  2026-05-20  →  235 freie Slots (9 Courts)
  Tag +01  2026-05-21  →  232 freie Slots (9 Courts)
  Tag +02  2026-05-22  →  91 freie Slots (9 Courts)
  Tag +03  2026-05-23  →  10 freie Slots (6 Courts)
  Tag +04  2026-05-24  →  19 freie Slots (8 Courts)
  Tag +05  2026-05-25  →  21 freie Slots (8 Courts)
  Tag +06  2026-05-26  →  218 freie Slots (9 Courts)
  Tag +07  2026-05-27  →  362 freie Slots (9 Courts)
  Tag +08  2026-05-28  →  397 freie Slots (9 Courts)
  Tag +09  2026-05-29  →  269 freie Slots (9 Courts)
  Tag +10  2026-05-30  →  135 freie Slots (9 Courts)
  Tag +11  2026-05-31  →  31 freie Slots (8 Courts)
  Tag +12  2026-06-01  →  355 freie Slots (9 Courts)
  Tag +13  2026-06-02  →  428 freie Slots (9 Courts)
  Tag +14  2026-06-03  →  0 freie Slots (0 Courts)
  ✓ 2803 Zeilen → /root/padel-tracking/snapshots/snapshot_2026-05-20_0355.csv

Fertig. 2803 Zeilen gesamt.

[main 0e10986] snapshot: 2026-05-20 03:55
 1 file changed, 2804 insertions(+)
 create mode 100644 snapshots/snapshot_2026-05-20_0355.csv
Current branch main is up to date.
To https://github.com/JoelDoener/padel-tracking.git
   4bc2bed..0e10986  main -> main
Gepusht: 2026-05-20 03:55

Padel Tracker — 2026-05-20 03:59 Uhr
Scanne 15 Tage (2026-05-20 bis 2026-06-03)

  Tag +00  2026-05-20  →  235 freie Slots (9 Courts)
  Tag +01  2026-05-21  →  232 freie Slots (9 Courts)
  Tag +02  2026-05-22  →  91 freie Slots (9 Courts)
  Tag +03  2026-05-23  →  10 freie Slots (6 Courts)
  Tag +04  2026-05-24  →  19 freie Slots (8 Courts)
  Tag +05  2026-05-25  →  21 freie Slots (8 Courts)
  Tag +06  2026-05-26  →  218 freie Slots (9 Courts)
  Tag +07  2026-05-27  →  362 freie Slots (9 Courts)
  Tag +08  2026-05-28  →  397 freie Slots (9 Courts)
  Tag +09  2026-05-29  →  269 freie Slots (9 Courts)
  Tag +10  2026-05-30  →  135 freie Slots (9 Courts)
  Tag +11  2026-05-31  →  31 freie Slots (8 Courts)
  Tag +12  2026-06-01  →  355 freie Slots (9 Courts)
  Tag +13  2026-06-02  →  428 freie Slots (9 Courts)
  Tag +14  2026-06-03  →  0 freie Slots (0 Courts)
  ✓ 2803 Zeilen → /root/padel-tracking/snapshots/snapshot_2026-05-20_0359.csv

Fertig. 2803 Zeilen gesamt.

[main 3669be1] snapshot: 2026-05-20 03:59
 1 file changed, 2804 insertions(+)
 create mode 100644 snapshots/snapshot_2026-05-20_0359.csv
Current branch main is up to date.
To https://github.com/JoelDoener/padel-tracking.git
   0e10986..3669be1  main -> main
Gepusht: 2026-05-20 03:59

Padel Tracker — 2026-05-20 04:00 Uhr
Scanne 15 Tage (2026-05-20 bis 2026-06-03)

  Tag +00  2026-05-20  →  235 freie Slots (9 Courts)
  Tag +01  2026-05-21  →  232 freie Slots (9 Courts)
  Tag +02  2026-05-22  →  91 freie Slots (9 Courts)
  Tag +03  2026-05-23  →  10 freie Slots (6 Courts)
  Tag +04  2026-05-24  →  19 freie Slots (8 Courts)
  Tag +05  2026-05-25  →  21 freie Slots (8 Courts)
  Tag +06  2026-05-26  →  218 freie Slots (9 Courts)
  Tag +07  2026-05-27  →  362 freie Slots (9 Courts)
  Tag +08  2026-05-28  →  397 freie Slots (9 Courts)
  Tag +09  2026-05-29  →  269 freie Slots (9 Courts)
  Tag +10  2026-05-30  →  135 freie Slots (9 Courts)
  Tag +11  2026-05-31  →  31 freie Slots (8 Courts)
  Tag +12  2026-06-01  →  355 freie Slots (9 Courts)
  Tag +13  2026-06-02  →  428 freie Slots (9 Courts)
  Tag +14  2026-06-03  →  0 freie Slots (0 Courts)
  ✓ 2803 Zeilen → /root/padel-tracking/snapshots/snapshot_2026-05-20_0400.csv

Fertig. 2803 Zeilen gesamt.

[main 262444f] snapshot: 2026-05-20 04:00
 1 file changed, 2804 insertions(+)
 create mode 100644 snapshots/snapshot_2026-05-20_0400.csv
Current branch main is up to date.
To https://github.com/JoelDoener/padel-tracking.git
   3669be1..262444f  main -> main
Gepusht: 2026-05-20 04:00

Padel Tracker — 2026-05-20 04:01 Uhr
Scanne 15 Tage (2026-05-20 bis 2026-06-03)

  Tag +00  2026-05-20  →  235 freie Slots (9 Courts)
  Tag +01  2026-05-21  →  232 freie Slots (9 Courts)
  Tag +02  2026-05-22  →  91 freie Slots (9 Courts)
  Tag +03  2026-05-23  →  10 freie Slots (6 Courts)
  Tag +04  2026-05-24  →  19 freie Slots (8 Courts)
  Tag +05  2026-05-25  →  21 freie Slots (8 Courts)
  Tag +06  2026-05-26  →  218 freie Slots (9 Courts)
  Tag +07  2026-05-27  →  362 freie Slots (9 Courts)
  Tag +08  2026-05-28  →  397 freie Slots (9 Courts)
  Tag +09  2026-05-29  →  269 freie Slots (9 Courts)
  Tag +10  2026-05-30  →  135 freie Slots (9 Courts)
  Tag +11  2026-05-31  →  31 freie Slots (8 Courts)
  Tag +12  2026-06-01  →  355 freie Slots (9 Courts)
  Tag +13  2026-06-02  →  428 freie Slots (9 Courts)
  Tag +14  2026-06-03  →  0 freie Slots (0 Courts)
  ✓ 2803 Zeilen → /root/padel-tracking/snapshots/snapshot_2026-05-20_0401.csv

Fertig. 2803 Zeilen gesamt.

[main 5b0bbba] snapshot: 2026-05-20 04:01
 1 file changed, 2804 insertions(+)
 create mode 100644 snapshots/snapshot_2026-05-20_0401.csv
Current branch main is up to date.
To https://github.com/JoelDoener/padel-tracking.git
   262444f..5b0bbba  main -> main
Gepusht: 2026-05-20 04:01

Padel Tracker — 2026-05-20 04:25 Uhr
Scanne 15 Tage (2026-05-20 bis 2026-06-03)

  Tag +00  2026-05-20  →  235 freie Slots (9 Courts)
  Tag +01  2026-05-21  →  232 freie Slots (9 Courts)
  Tag +02  2026-05-22  →  91 freie Slots (9 Courts)
  Tag +03  2026-05-23  →  10 freie Slots (6 Courts)
  Tag +04  2026-05-24  →  19 freie Slots (8 Courts)
  Tag +05  2026-05-25  →  21 freie Slots (8 Courts)
  Tag +06  2026-05-26  →  218 freie Slots (9 Courts)
  Tag +07  2026-05-27  →  362 freie Slots (9 Courts)
  Tag +08  2026-05-28  →  397 freie Slots (9 Courts)
  Tag +09  2026-05-29  →  269 freie Slots (9 Courts)
  Tag +10  2026-05-30  →  135 freie Slots (9 Courts)
  Tag +11  2026-05-31  →  31 freie Slots (8 Courts)
  Tag +12  2026-06-01  →  355 freie Slots (9 Courts)
  Tag +13  2026-06-02  →  428 freie Slots (9 Courts)
  Tag +14  2026-06-03  →  0 freie Slots (0 Courts)
  ✓ 2803 Zeilen → /root/padel-tracking/snapshots/snapshot_2026-05-20_0425.csv

Fertig. 2803 Zeilen gesamt.

[main 0c05fc4] snapshot: 2026-05-20 04:25
 1 file changed, 2804 insertions(+)
 create mode 100644 snapshots/snapshot_2026-05-20_0425.csv
Current branch main is up to date.
To https://github.com/JoelDoener/padel-tracking.git
   5b0bbba..0c05fc4  main -> main
Gepusht: 2026-05-20 04:25

Padel Tracker — 2026-05-20 04:29 Uhr
Scanne 15 Tage (2026-05-20 bis 2026-06-03)

  Tag +00  2026-05-20  →  235 freie Slots (9 Courts)
  Tag +01  2026-05-21  →  232 freie Slots (9 Courts)
  Tag +02  2026-05-22  →  91 freie Slots (9 Courts)
  Tag +03  2026-05-23  →  10 freie Slots (6 Courts)
  Tag +04  2026-05-24  →  19 freie Slots (8 Courts)
  Tag +05  2026-05-25  →  21 freie Slots (8 Courts)
  Tag +06  2026-05-26  →  218 freie Slots (9 Courts)
  Tag +07  2026-05-27  →  362 freie Slots (9 Courts)
  Tag +08  2026-05-28  →  397 freie Slots (9 Courts)
  Tag +09  2026-05-29  →  269 freie Slots (9 Courts)
  Tag +10  2026-05-30  →  135 freie Slots (9 Courts)
  Tag +11  2026-05-31  →  31 freie Slots (8 Courts)
  Tag +12  2026-06-01  →  355 freie Slots (9 Courts)
  Tag +13  2026-06-02  →  428 freie Slots (9 Courts)
  Tag +14  2026-06-03  →  0 freie Slots (0 Courts)
  ✓ 2803 Zeilen → /root/padel-tracking/snapshots/snapshot_2026-05-20_0429.csv

Fertig. 2803 Zeilen gesamt.

[main a462db3] snapshot: 2026-05-20 04:29
 1 file changed, 2804 insertions(+)
 create mode 100644 snapshots/snapshot_2026-05-20_0429.csv
Current branch main is up to date.
To https://github.com/JoelDoener/padel-tracking.git
   0c05fc4..a462db3  main -> main
Gepusht: 2026-05-20 04:29

Padel Tracker — 2026-05-20 04:30 Uhr
Scanne 15 Tage (2026-05-20 bis 2026-06-03)

  Tag +00  2026-05-20  →  235 freie Slots (9 Courts)
  Tag +01  2026-05-21  →  232 freie Slots (9 Courts)
  Tag +02  2026-05-22  →  91 freie Slots (9 Courts)
  Tag +03  2026-05-23  →  10 freie Slots (6 Courts)
  Tag +04  2026-05-24  →  19 freie Slots (8 Courts)
  Tag +05  2026-05-25  →  21 freie Slots (8 Courts)
  Tag +06  2026-05-26  →  218 freie Slots (9 Courts)
  Tag +07  2026-05-27  →  362 freie Slots (9 Courts)
  Tag +08  2026-05-28  →  397 freie Slots (9 Courts)
  Tag +09  2026-05-29  →  269 freie Slots (9 Courts)
  Tag +10  2026-05-30  →  135 freie Slots (9 Courts)
  Tag +11  2026-05-31  →  31 freie Slots (8 Courts)
  Tag +12  2026-06-01  →  355 freie Slots (9 Courts)
  Tag +13  2026-06-02  →  428 freie Slots (9 Courts)
  Tag +14  2026-06-03  →  0 freie Slots (0 Courts)
  ✓ 2803 Zeilen → /root/padel-tracking/snapshots/snapshot_2026-05-20_0430.csv

Fertig. 2803 Zeilen gesamt.

[main ce214dd] snapshot: 2026-05-20 04:30
 1 file changed, 2804 insertions(+)
 create mode 100644 snapshots/snapshot_2026-05-20_0430.csv
Current branch main is up to date.
To https://github.com/JoelDoener/padel-tracking.git
   a462db3..ce214dd  main -> main
Gepusht: 2026-05-20 04:30

Padel Tracker — 2026-05-20 04:31 Uhr
Scanne 15 Tage (2026-05-20 bis 2026-06-03)

  Tag +00  2026-05-20  →  235 freie Slots (9 Courts)
  Tag +01  2026-05-21  →  232 freie Slots (9 Courts)
  Tag +02  2026-05-22  →  91 freie Slots (9 Courts)
  Tag +03  2026-05-23  →  10 freie Slots (6 Courts)
  Tag +04  2026-05-24  →  19 freie Slots (8 Courts)
  Tag +05  2026-05-25  →  21 freie Slots (8 Courts)
  Tag +06  2026-05-26  →  218 freie Slots (9 Courts)
  Tag +07  2026-05-27  →  362 freie Slots (9 Courts)
  Tag +08  2026-05-28  →  397 freie Slots (9 Courts)
  Tag +09  2026-05-29  →  269 freie Slots (9 Courts)
  Tag +10  2026-05-30  →  135 freie Slots (9 Courts)
  Tag +11  2026-05-31  →  31 freie Slots (8 Courts)
  Tag +12  2026-06-01  →  355 freie Slots (9 Courts)
  Tag +13  2026-06-02  →  428 freie Slots (9 Courts)
  Tag +14  2026-06-03  →  0 freie Slots (0 Courts)
  ✓ 2803 Zeilen → /root/padel-tracking/snapshots/snapshot_2026-05-20_0431.csv

Fertig. 2803 Zeilen gesamt.

[main e4201e2] snapshot: 2026-05-20 04:31
 1 file changed, 2804 insertions(+)
 create mode 100644 snapshots/snapshot_2026-05-20_0431.csv
Current branch main is up to date.
To https://github.com/JoelDoener/padel-tracking.git
   ce214dd..e4201e2  main -> main
Gepusht: 2026-05-20 04:31

Padel Tracker — 2026-05-20 04:55 Uhr
Scanne 15 Tage (2026-05-20 bis 2026-06-03)

  Tag +00  2026-05-20  →  235 freie Slots (9 Courts)
  Tag +01  2026-05-21  →  232 freie Slots (9 Courts)
  Tag +02  2026-05-22  →  91 freie Slots (9 Courts)
  Tag +03  2026-05-23  →  10 freie Slots (6 Courts)
  Tag +04  2026-05-24  →  19 freie Slots (8 Courts)
  Tag +05  2026-05-25  →  21 freie Slots (8 Courts)
  Tag +06  2026-05-26  →  218 freie Slots (9 Courts)
  Tag +07  2026-05-27  →  362 freie Slots (9 Courts)
  Tag +08  2026-05-28  →  397 freie Slots (9 Courts)
  Tag +09  2026-05-29  →  269 freie Slots (9 Courts)
  Tag +10  2026-05-30  →  135 freie Slots (9 Courts)
  Tag +11  2026-05-31  →  31 freie Slots (8 Courts)
  Tag +12  2026-06-01  →  355 freie Slots (9 Courts)
  Tag +13  2026-06-02  →  428 freie Slots (9 Courts)
  Tag +14  2026-06-03  →  0 freie Slots (0 Courts)
  ✓ 2803 Zeilen → /root/padel-tracking/snapshots/snapshot_2026-05-20_0455.csv

Fertig. 2803 Zeilen gesamt.

[main 8570d63] snapshot: 2026-05-20 04:55
 1 file changed, 2804 insertions(+)
 create mode 100644 snapshots/snapshot_2026-05-20_0455.csv
Current branch main is up to date.
To https://github.com/JoelDoener/padel-tracking.git
   e4201e2..8570d63  main -> main
Gepusht: 2026-05-20 04:55

Padel Tracker — 2026-05-20 04:59 Uhr
Scanne 15 Tage (2026-05-20 bis 2026-06-03)

  Tag +00  2026-05-20  →  235 freie Slots (9 Courts)
  Tag +01  2026-05-21  →  232 freie Slots (9 Courts)
  Tag +02  2026-05-22  →  91 freie Slots (9 Courts)
  Tag +03  2026-05-23  →  10 freie Slots (6 Courts)
  Tag +04  2026-05-24  →  19 freie Slots (8 Courts)
  Tag +05  2026-05-25  →  21 freie Slots (8 Courts)
  Tag +06  2026-05-26  →  218 freie Slots (9 Courts)
  Tag +07  2026-05-27  →  362 freie Slots (9 Courts)
  Tag +08  2026-05-28  →  397 freie Slots (9 Courts)
  Tag +09  2026-05-29  →  269 freie Slots (9 Courts)
  Tag +10  2026-05-30  →  135 freie Slots (9 Courts)
  Tag +11  2026-05-31  →  31 freie Slots (8 Courts)
  Tag +12  2026-06-01  →  355 freie Slots (9 Courts)
  Tag +13  2026-06-02  →  428 freie Slots (9 Courts)
  Tag +14  2026-06-03  →  0 freie Slots (0 Courts)
  ✓ 2803 Zeilen → /root/padel-tracking/snapshots/snapshot_2026-05-20_0459.csv

Fertig. 2803 Zeilen gesamt.

[main 67adb33] snapshot: 2026-05-20 04:59
 1 file changed, 2804 insertions(+)
 create mode 100644 snapshots/snapshot_2026-05-20_0459.csv
Current branch main is up to date.
To https://github.com/JoelDoener/padel-tracking.git
   8570d63..67adb33  main -> main
Gepusht: 2026-05-20 04:59

Padel Tracker — 2026-05-20 05:00 Uhr
Scanne 15 Tage (2026-05-20 bis 2026-06-03)

  Tag +00  2026-05-20  →  235 freie Slots (9 Courts)
  Tag +01  2026-05-21  →  232 freie Slots (9 Courts)
  Tag +02  2026-05-22  →  91 freie Slots (9 Courts)
  Tag +03  2026-05-23  →  10 freie Slots (6 Courts)
  Tag +04  2026-05-24  →  19 freie Slots (8 Courts)
  Tag +05  2026-05-25  →  21 freie Slots (8 Courts)
  Tag +06  2026-05-26  →  218 freie Slots (9 Courts)
  Tag +07  2026-05-27  →  362 freie Slots (9 Courts)
  Tag +08  2026-05-28  →  397 freie Slots (9 Courts)
  Tag +09  2026-05-29  →  269 freie Slots (9 Courts)
  Tag +10  2026-05-30  →  135 freie Slots (9 Courts)
  Tag +11  2026-05-31  →  31 freie Slots (8 Courts)
  Tag +12  2026-06-01  →  355 freie Slots (9 Courts)
  Tag +13  2026-06-02  →  428 freie Slots (9 Courts)
  Tag +14  2026-06-03  →  0 freie Slots (0 Courts)
  ✓ 2803 Zeilen → /root/padel-tracking/snapshots/snapshot_2026-05-20_0500.csv

Fertig. 2803 Zeilen gesamt.

[main 055729d] snapshot: 2026-05-20 05:00
 1 file changed, 2804 insertions(+)
 create mode 100644 snapshots/snapshot_2026-05-20_0500.csv
Current branch main is up to date.
To https://github.com/JoelDoener/padel-tracking.git
   67adb33..055729d  main -> main
Gepusht: 2026-05-20 05:00

Padel Tracker — 2026-05-20 05:01 Uhr
Scanne 15 Tage (2026-05-20 bis 2026-06-03)

  Tag +00  2026-05-20  →  235 freie Slots (9 Courts)
  Tag +01  2026-05-21  →  232 freie Slots (9 Courts)
  Tag +02  2026-05-22  →  91 freie Slots (9 Courts)
  Tag +03  2026-05-23  →  10 freie Slots (6 Courts)
  Tag +04  2026-05-24  →  19 freie Slots (8 Courts)
  Tag +05  2026-05-25  →  21 freie Slots (8 Courts)
  Tag +06  2026-05-26  →  218 freie Slots (9 Courts)
  Tag +07  2026-05-27  →  362 freie Slots (9 Courts)
  Tag +08  2026-05-28  →  397 freie Slots (9 Courts)
  Tag +09  2026-05-29  →  269 freie Slots (9 Courts)
  Tag +10  2026-05-30  →  135 freie Slots (9 Courts)
  Tag +11  2026-05-31  →  31 freie Slots (8 Courts)
  Tag +12  2026-06-01  →  355 freie Slots (9 Courts)
  Tag +13  2026-06-02  →  428 freie Slots (9 Courts)
  Tag +14  2026-06-03  →  0 freie Slots (0 Courts)
  ✓ 2803 Zeilen → /root/padel-tracking/snapshots/snapshot_2026-05-20_0501.csv

Fertig. 2803 Zeilen gesamt.

[main 28f9d80] snapshot: 2026-05-20 05:01
 1 file changed, 2804 insertions(+)
 create mode 100644 snapshots/snapshot_2026-05-20_0501.csv
Current branch main is up to date.
To https://github.com/JoelDoener/padel-tracking.git
   055729d..28f9d80  main -> main
Gepusht: 2026-05-20 05:01

Padel Tracker — 2026-05-20 05:25 Uhr
Scanne 15 Tage (2026-05-20 bis 2026-06-03)

  Tag +00  2026-05-20  →  235 freie Slots (9 Courts)
  Tag +01  2026-05-21  →  232 freie Slots (9 Courts)
  Tag +02  2026-05-22  →  91 freie Slots (9 Courts)
  Tag +03  2026-05-23  →  10 freie Slots (6 Courts)
  Tag +04  2026-05-24  →  19 freie Slots (8 Courts)
  Tag +05  2026-05-25  →  21 freie Slots (8 Courts)
  Tag +06  2026-05-26  →  218 freie Slots (9 Courts)
  Tag +07  2026-05-27  →  362 freie Slots (9 Courts)
  Tag +08  2026-05-28  →  397 freie Slots (9 Courts)
  Tag +09  2026-05-29  →  269 freie Slots (9 Courts)
  Tag +10  2026-05-30  →  135 freie Slots (9 Courts)
  Tag +11  2026-05-31  →  31 freie Slots (8 Courts)
  Tag +12  2026-06-01  →  355 freie Slots (9 Courts)
  Tag +13  2026-06-02  →  428 freie Slots (9 Courts)
  Tag +14  2026-06-03  →  0 freie Slots (0 Courts)
  ✓ 2803 Zeilen → /root/padel-tracking/snapshots/snapshot_2026-05-20_0525.csv

Fertig. 2803 Zeilen gesamt.

[main 1f64c76] snapshot: 2026-05-20 05:25
 1 file changed, 2804 insertions(+)
 create mode 100644 snapshots/snapshot_2026-05-20_0525.csv
Current branch main is up to date.
To https://github.com/JoelDoener/padel-tracking.git
   28f9d80..1f64c76  main -> main
Gepusht: 2026-05-20 05:25

Padel Tracker — 2026-05-20 05:29 Uhr
Scanne 15 Tage (2026-05-20 bis 2026-06-03)

  Tag +00  2026-05-20  →  235 freie Slots (9 Courts)
  Tag +01  2026-05-21  →  232 freie Slots (9 Courts)
  Tag +02  2026-05-22  →  91 freie Slots (9 Courts)
  Tag +03  2026-05-23  →  10 freie Slots (6 Courts)
  Tag +04  2026-05-24  →  19 freie Slots (8 Courts)
  Tag +05  2026-05-25  →  21 freie Slots (8 Courts)
  Tag +06  2026-05-26  →  218 freie Slots (9 Courts)
  Tag +07  2026-05-27  →  362 freie Slots (9 Courts)
  Tag +08  2026-05-28  →  397 freie Slots (9 Courts)
  Tag +09  2026-05-29  →  269 freie Slots (9 Courts)
  Tag +10  2026-05-30  →  136 freie Slots (9 Courts)
  Tag +11  2026-05-31  →  31 freie Slots (8 Courts)
  Tag +12  2026-06-01  →  355 freie Slots (9 Courts)
  Tag +13  2026-06-02  →  428 freie Slots (9 Courts)
  Tag +14  2026-06-03  →  0 freie Slots (0 Courts)
  ✓ 2804 Zeilen → /root/padel-tracking/snapshots/snapshot_2026-05-20_0529.csv

Fertig. 2804 Zeilen gesamt.

[main 064c3d6] snapshot: 2026-05-20 05:29
 1 file changed, 2805 insertions(+)
 create mode 100644 snapshots/snapshot_2026-05-20_0529.csv
Current branch main is up to date.
To https://github.com/JoelDoener/padel-tracking.git
   1f64c76..064c3d6  main -> main
Gepusht: 2026-05-20 05:29

Padel Tracker — 2026-05-20 05:30 Uhr
Scanne 15 Tage (2026-05-20 bis 2026-06-03)

  Tag +00  2026-05-20  →  235 freie Slots (9 Courts)
  Tag +01  2026-05-21  →  232 freie Slots (9 Courts)
  Tag +02  2026-05-22  →  91 freie Slots (9 Courts)
  Tag +03  2026-05-23  →  10 freie Slots (6 Courts)
  Tag +04  2026-05-24  →  19 freie Slots (8 Courts)
  Tag +05  2026-05-25  →  21 freie Slots (8 Courts)
  Tag +06  2026-05-26  →  218 freie Slots (9 Courts)
  Tag +07  2026-05-27  →  362 freie Slots (9 Courts)
  Tag +08  2026-05-28  →  397 freie Slots (9 Courts)
  Tag +09  2026-05-29  →  269 freie Slots (9 Courts)
  Tag +10  2026-05-30  →  136 freie Slots (9 Courts)
  Tag +11  2026-05-31  →  31 freie Slots (8 Courts)
  Tag +12  2026-06-01  →  355 freie Slots (9 Courts)
  Tag +13  2026-06-02  →  428 freie Slots (9 Courts)
  Tag +14  2026-06-03  →  0 freie Slots (0 Courts)
  ✓ 2804 Zeilen → /root/padel-tracking/snapshots/snapshot_2026-05-20_0530.csv

Fertig. 2804 Zeilen gesamt.

[main e0cf9c3] snapshot: 2026-05-20 05:30
 1 file changed, 2805 insertions(+)
 create mode 100644 snapshots/snapshot_2026-05-20_0530.csv
Current branch main is up to date.
To https://github.com/JoelDoener/padel-tracking.git
   064c3d6..e0cf9c3  main -> main
Gepusht: 2026-05-20 05:30

Padel Tracker — 2026-05-20 05:31 Uhr
Scanne 15 Tage (2026-05-20 bis 2026-06-03)

  Tag +00  2026-05-20  →  235 freie Slots (9 Courts)
  Tag +01  2026-05-21  →  232 freie Slots (9 Courts)
  Tag +02  2026-05-22  →  91 freie Slots (9 Courts)
  Tag +03  2026-05-23  →  10 freie Slots (6 Courts)
  Tag +04  2026-05-24  →  19 freie Slots (8 Courts)
  Tag +05  2026-05-25  →  21 freie Slots (8 Courts)
  Tag +06  2026-05-26  →  218 freie Slots (9 Courts)
  Tag +07  2026-05-27  →  362 freie Slots (9 Courts)
  Tag +08  2026-05-28  →  397 freie Slots (9 Courts)
  Tag +09  2026-05-29  →  269 freie Slots (9 Courts)
  Tag +10  2026-05-30  →  136 freie Slots (9 Courts)
  Tag +11  2026-05-31  →  31 freie Slots (8 Courts)
  Tag +12  2026-06-01  →  355 freie Slots (9 Courts)
  Tag +13  2026-06-02  →  428 freie Slots (9 Courts)
  Tag +14  2026-06-03  →  0 freie Slots (0 Courts)
  ✓ 2804 Zeilen → /root/padel-tracking/snapshots/snapshot_2026-05-20_0531.csv

Fertig. 2804 Zeilen gesamt.

[main 27c3458] snapshot: 2026-05-20 05:31
 1 file changed, 2805 insertions(+)
 create mode 100644 snapshots/snapshot_2026-05-20_0531.csv
Current branch main is up to date.
To https://github.com/JoelDoener/padel-tracking.git
   e0cf9c3..27c3458  main -> main
Gepusht: 2026-05-20 05:31

Padel Tracker — 2026-05-20 05:55 Uhr
Scanne 15 Tage (2026-05-20 bis 2026-06-03)

  Tag +00  2026-05-20  →  235 freie Slots (9 Courts)
  Tag +01  2026-05-21  →  232 freie Slots (9 Courts)
  Tag +02  2026-05-22  →  91 freie Slots (9 Courts)
  Tag +03  2026-05-23  →  10 freie Slots (6 Courts)
  Tag +04  2026-05-24  →  19 freie Slots (8 Courts)
  Tag +05  2026-05-25  →  21 freie Slots (8 Courts)
  Tag +06  2026-05-26  →  218 freie Slots (9 Courts)
  Tag +07  2026-05-27  →  362 freie Slots (9 Courts)
  Tag +08  2026-05-28  →  397 freie Slots (9 Courts)
  Tag +09  2026-05-29  →  269 freie Slots (9 Courts)
  Tag +10  2026-05-30  →  136 freie Slots (9 Courts)
  Tag +11  2026-05-31  →  31 freie Slots (8 Courts)
  Tag +12  2026-06-01  →  355 freie Slots (9 Courts)
  Tag +13  2026-06-02  →  428 freie Slots (9 Courts)
  Tag +14  2026-06-03  →  0 freie Slots (0 Courts)
  ✓ 2804 Zeilen → /root/padel-tracking/snapshots/snapshot_2026-05-20_0555.csv

Fertig. 2804 Zeilen gesamt.

[main f7efb3d] snapshot: 2026-05-20 05:55
 1 file changed, 2805 insertions(+)
 create mode 100644 snapshots/snapshot_2026-05-20_0555.csv
Current branch main is up to date.
To https://github.com/JoelDoener/padel-tracking.git
   27c3458..f7efb3d  main -> main
Gepusht: 2026-05-20 05:55

Padel Tracker — 2026-05-20 05:59 Uhr
Scanne 15 Tage (2026-05-20 bis 2026-06-03)

  Tag +00  2026-05-20  →  235 freie Slots (9 Courts)
  Tag +01  2026-05-21  →  232 freie Slots (9 Courts)
  Tag +02  2026-05-22  →  91 freie Slots (9 Courts)
  Tag +03  2026-05-23  →  10 freie Slots (6 Courts)
  Tag +04  2026-05-24  →  19 freie Slots (8 Courts)
  Tag +05  2026-05-25  →  21 freie Slots (8 Courts)
  Tag +06  2026-05-26  →  218 freie Slots (9 Courts)
  Tag +07  2026-05-27  →  362 freie Slots (9 Courts)
  Tag +08  2026-05-28  →  397 freie Slots (9 Courts)
  Tag +09  2026-05-29  →  269 freie Slots (9 Courts)
  Tag +10  2026-05-30  →  136 freie Slots (9 Courts)
  Tag +11  2026-05-31  →  31 freie Slots (8 Courts)
  Tag +12  2026-06-01  →  355 freie Slots (9 Courts)
  Tag +13  2026-06-02  →  428 freie Slots (9 Courts)
  Tag +14  2026-06-03  →  0 freie Slots (0 Courts)
  ✓ 2804 Zeilen → /root/padel-tracking/snapshots/snapshot_2026-05-20_0559.csv

Fertig. 2804 Zeilen gesamt.

[main 196ba82] snapshot: 2026-05-20 05:59
 1 file changed, 2805 insertions(+)
 create mode 100644 snapshots/snapshot_2026-05-20_0559.csv
Current branch main is up to date.
To https://github.com/JoelDoener/padel-tracking.git
   f7efb3d..196ba82  main -> main
Gepusht: 2026-05-20 05:59

Padel Tracker — 2026-05-20 06:00 Uhr
Scanne 15 Tage (2026-05-20 bis 2026-06-03)

  Tag +00  2026-05-20  →  235 freie Slots (9 Courts)
  Tag +01  2026-05-21  →  232 freie Slots (9 Courts)
  Tag +02  2026-05-22  →  91 freie Slots (9 Courts)
  Tag +03  2026-05-23  →  10 freie Slots (6 Courts)
  Tag +04  2026-05-24  →  19 freie Slots (8 Courts)
  Tag +05  2026-05-25  →  21 freie Slots (8 Courts)
  Tag +06  2026-05-26  →  218 freie Slots (9 Courts)
  Tag +07  2026-05-27  →  362 freie Slots (9 Courts)
  Tag +08  2026-05-28  →  397 freie Slots (9 Courts)
  Tag +09  2026-05-29  →  269 freie Slots (9 Courts)
  Tag +10  2026-05-30  →  136 freie Slots (9 Courts)
  Tag +11  2026-05-31  →  31 freie Slots (8 Courts)
  Tag +12  2026-06-01  →  355 freie Slots (9 Courts)
  Tag +13  2026-06-02  →  428 freie Slots (9 Courts)
  Tag +14  2026-06-03  →  0 freie Slots (0 Courts)
  ✓ 2804 Zeilen → /root/padel-tracking/snapshots/snapshot_2026-05-20_0600.csv

Fertig. 2804 Zeilen gesamt.

[main 4b1159d] snapshot: 2026-05-20 06:00
 1 file changed, 2805 insertions(+)
 create mode 100644 snapshots/snapshot_2026-05-20_0600.csv
Current branch main is up to date.
To https://github.com/JoelDoener/padel-tracking.git
   196ba82..4b1159d  main -> main
Gepusht: 2026-05-20 06:00

Padel Tracker — 2026-05-20 06:01 Uhr
Scanne 15 Tage (2026-05-20 bis 2026-06-03)

  Tag +00  2026-05-20  →  235 freie Slots (9 Courts)
  Tag +01  2026-05-21  →  232 freie Slots (9 Courts)
  Tag +02  2026-05-22  →  91 freie Slots (9 Courts)
  Tag +03  2026-05-23  →  10 freie Slots (6 Courts)
  Tag +04  2026-05-24  →  19 freie Slots (8 Courts)
  Tag +05  2026-05-25  →  21 freie Slots (8 Courts)
  Tag +06  2026-05-26  →  218 freie Slots (9 Courts)
  Tag +07  2026-05-27  →  362 freie Slots (9 Courts)
  Tag +08  2026-05-28  →  397 freie Slots (9 Courts)
  Tag +09  2026-05-29  →  269 freie Slots (9 Courts)
  Tag +10  2026-05-30  →  136 freie Slots (9 Courts)
  Tag +11  2026-05-31  →  31 freie Slots (8 Courts)
  Tag +12  2026-06-01  →  355 freie Slots (9 Courts)
  Tag +13  2026-06-02  →  428 freie Slots (9 Courts)
  Tag +14  2026-06-03  →  0 freie Slots (0 Courts)
  ✓ 2804 Zeilen → /root/padel-tracking/snapshots/snapshot_2026-05-20_0601.csv

Fertig. 2804 Zeilen gesamt.

[main 93b742a] snapshot: 2026-05-20 06:01
 1 file changed, 2805 insertions(+)
 create mode 100644 snapshots/snapshot_2026-05-20_0601.csv
Current branch main is up to date.
To https://github.com/JoelDoener/padel-tracking.git
   4b1159d..93b742a  main -> main
Gepusht: 2026-05-20 06:01

Padel Tracker — 2026-05-20 06:25 Uhr
Scanne 15 Tage (2026-05-20 bis 2026-06-03)

  Tag +00  2026-05-20  →  232 freie Slots (9 Courts)
  Tag +01  2026-05-21  →  232 freie Slots (9 Courts)
  Tag +02  2026-05-22  →  91 freie Slots (9 Courts)
  Tag +03  2026-05-23  →  10 freie Slots (6 Courts)
  Tag +04  2026-05-24  →  19 freie Slots (8 Courts)
  Tag +05  2026-05-25  →  21 freie Slots (8 Courts)
  Tag +06  2026-05-26  →  218 freie Slots (9 Courts)
  Tag +07  2026-05-27  →  362 freie Slots (9 Courts)
  Tag +08  2026-05-28  →  397 freie Slots (9 Courts)
  Tag +09  2026-05-29  →  269 freie Slots (9 Courts)
  Tag +10  2026-05-30  →  136 freie Slots (9 Courts)
  Tag +11  2026-05-31  →  31 freie Slots (8 Courts)
  Tag +12  2026-06-01  →  355 freie Slots (9 Courts)
  Tag +13  2026-06-02  →  428 freie Slots (9 Courts)
  Tag +14  2026-06-03  →  0 freie Slots (0 Courts)
  ✓ 2801 Zeilen → /root/padel-tracking/snapshots/snapshot_2026-05-20_0625.csv

Fertig. 2801 Zeilen gesamt.

[main f021a71] snapshot: 2026-05-20 06:25
 1 file changed, 2802 insertions(+)
 create mode 100644 snapshots/snapshot_2026-05-20_0625.csv
Current branch main is up to date.
To https://github.com/JoelDoener/padel-tracking.git
   93b742a..f021a71  main -> main
Gepusht: 2026-05-20 06:25

Padel Tracker — 2026-05-20 06:29 Uhr
Scanne 15 Tage (2026-05-20 bis 2026-06-03)

  Tag +00  2026-05-20  →  232 freie Slots (9 Courts)
  Tag +01  2026-05-21  →  232 freie Slots (9 Courts)
  Tag +02  2026-05-22  →  91 freie Slots (9 Courts)
  Tag +03  2026-05-23  →  10 freie Slots (6 Courts)
  Tag +04  2026-05-24  →  18 freie Slots (7 Courts)
  Tag +05  2026-05-25  →  21 freie Slots (8 Courts)
  Tag +06  2026-05-26  →  218 freie Slots (9 Courts)
  Tag +07  2026-05-27  →  362 freie Slots (9 Courts)
  Tag +08  2026-05-28  →  397 freie Slots (9 Courts)
  Tag +09  2026-05-29  →  269 freie Slots (9 Courts)
  Tag +10  2026-05-30  →  136 freie Slots (9 Courts)
  Tag +11  2026-05-31  →  31 freie Slots (8 Courts)
  Tag +12  2026-06-01  →  355 freie Slots (9 Courts)
  Tag +13  2026-06-02  →  428 freie Slots (9 Courts)
  Tag +14  2026-06-03  →  0 freie Slots (0 Courts)
  ✓ 2800 Zeilen → /root/padel-tracking/snapshots/snapshot_2026-05-20_0629.csv

Fertig. 2800 Zeilen gesamt.

[main 98f104e] snapshot: 2026-05-20 06:29
 1 file changed, 2801 insertions(+)
 create mode 100644 snapshots/snapshot_2026-05-20_0629.csv
Current branch main is up to date.
To https://github.com/JoelDoener/padel-tracking.git
   f021a71..98f104e  main -> main
Gepusht: 2026-05-20 06:29

Padel Tracker — 2026-05-20 06:30 Uhr
Scanne 15 Tage (2026-05-20 bis 2026-06-03)

  Tag +00  2026-05-20  →  232 freie Slots (9 Courts)
  Tag +01  2026-05-21  →  232 freie Slots (9 Courts)
  Tag +02  2026-05-22  →  91 freie Slots (9 Courts)
  Tag +03  2026-05-23  →  10 freie Slots (6 Courts)
  Tag +04  2026-05-24  →  18 freie Slots (7 Courts)
  Tag +05  2026-05-25  →  21 freie Slots (8 Courts)
  Tag +06  2026-05-26  →  218 freie Slots (9 Courts)
  Tag +07  2026-05-27  →  362 freie Slots (9 Courts)
  Tag +08  2026-05-28  →  397 freie Slots (9 Courts)
  Tag +09  2026-05-29  →  269 freie Slots (9 Courts)
  Tag +10  2026-05-30  →  136 freie Slots (9 Courts)
  Tag +11  2026-05-31  →  31 freie Slots (8 Courts)
  Tag +12  2026-06-01  →  355 freie Slots (9 Courts)
  Tag +13  2026-06-02  →  428 freie Slots (9 Courts)
  Tag +14  2026-06-03  →  0 freie Slots (0 Courts)
  ✓ 2800 Zeilen → /root/padel-tracking/snapshots/snapshot_2026-05-20_0630.csv

Fertig. 2800 Zeilen gesamt.

[main ae1212b] snapshot: 2026-05-20 06:30
 1 file changed, 2801 insertions(+)
 create mode 100644 snapshots/snapshot_2026-05-20_0630.csv
Current branch main is up to date.
To https://github.com/JoelDoener/padel-tracking.git
   98f104e..ae1212b  main -> main
Gepusht: 2026-05-20 06:30

Padel Tracker — 2026-05-20 06:31 Uhr
Scanne 15 Tage (2026-05-20 bis 2026-06-03)

  Tag +00  2026-05-20  →  232 freie Slots (9 Courts)
  Tag +01  2026-05-21  →  232 freie Slots (9 Courts)
  Tag +02  2026-05-22  →  91 freie Slots (9 Courts)
  Tag +03  2026-05-23  →  10 freie Slots (6 Courts)
  Tag +04  2026-05-24  →  18 freie Slots (7 Courts)
  Tag +05  2026-05-25  →  21 freie Slots (8 Courts)
  Tag +06  2026-05-26  →  218 freie Slots (9 Courts)
  Tag +07  2026-05-27  →  362 freie Slots (9 Courts)
  Tag +08  2026-05-28  →  397 freie Slots (9 Courts)
  Tag +09  2026-05-29  →  269 freie Slots (9 Courts)
  Tag +10  2026-05-30  →  136 freie Slots (9 Courts)
  Tag +11  2026-05-31  →  31 freie Slots (8 Courts)
  Tag +12  2026-06-01  →  355 freie Slots (9 Courts)
  Tag +13  2026-06-02  →  428 freie Slots (9 Courts)
  Tag +14  2026-06-03  →  0 freie Slots (0 Courts)
  ✓ 2800 Zeilen → /root/padel-tracking/snapshots/snapshot_2026-05-20_0631.csv

Fertig. 2800 Zeilen gesamt.

[main 73c9996] snapshot: 2026-05-20 06:31
 1 file changed, 2801 insertions(+)
 create mode 100644 snapshots/snapshot_2026-05-20_0631.csv
Current branch main is up to date.
To https://github.com/JoelDoener/padel-tracking.git
   ae1212b..73c9996  main -> main
Gepusht: 2026-05-20 06:31

Padel Tracker — 2026-05-20 06:55 Uhr
Scanne 15 Tage (2026-05-20 bis 2026-06-03)

  Tag +00  2026-05-20  →  232 freie Slots (9 Courts)
  Tag +01  2026-05-21  →  232 freie Slots (9 Courts)
  Tag +02  2026-05-22  →  91 freie Slots (9 Courts)
  Tag +03  2026-05-23  →  10 freie Slots (6 Courts)
  Tag +04  2026-05-24  →  18 freie Slots (7 Courts)
  Tag +05  2026-05-25  →  21 freie Slots (8 Courts)
  Tag +06  2026-05-26  →  218 freie Slots (9 Courts)
  Tag +07  2026-05-27  →  362 freie Slots (9 Courts)
  Tag +08  2026-05-28  →  397 freie Slots (9 Courts)
  Tag +09  2026-05-29  →  269 freie Slots (9 Courts)
  Tag +10  2026-05-30  →  136 freie Slots (9 Courts)
  Tag +11  2026-05-31  →  31 freie Slots (8 Courts)
  Tag +12  2026-06-01  →  355 freie Slots (9 Courts)
  Tag +13  2026-06-02  →  428 freie Slots (9 Courts)
  Tag +14  2026-06-03  →  0 freie Slots (0 Courts)
  ✓ 2800 Zeilen → /root/padel-tracking/snapshots/snapshot_2026-05-20_0655.csv

Fertig. 2800 Zeilen gesamt.

[main b425265] snapshot: 2026-05-20 06:55
 1 file changed, 2801 insertions(+)
 create mode 100644 snapshots/snapshot_2026-05-20_0655.csv
Current branch main is up to date.
To https://github.com/JoelDoener/padel-tracking.git
   73c9996..b425265  main -> main
Gepusht: 2026-05-20 06:55

Padel Tracker — 2026-05-20 06:59 Uhr
Scanne 15 Tage (2026-05-20 bis 2026-06-03)

  Tag +00  2026-05-20  →  232 freie Slots (9 Courts)
  Tag +01  2026-05-21  →  232 freie Slots (9 Courts)
  Tag +02  2026-05-22  →  91 freie Slots (9 Courts)
  Tag +03  2026-05-23  →  10 freie Slots (6 Courts)
  Tag +04  2026-05-24  →  18 freie Slots (7 Courts)
  Tag +05  2026-05-25  →  21 freie Slots (8 Courts)
  Tag +06  2026-05-26  →  218 freie Slots (9 Courts)
  Tag +07  2026-05-27  →  362 freie Slots (9 Courts)
  Tag +08  2026-05-28  →  397 freie Slots (9 Courts)
  Tag +09  2026-05-29  →  269 freie Slots (9 Courts)
  Tag +10  2026-05-30  →  136 freie Slots (9 Courts)
  Tag +11  2026-05-31  →  31 freie Slots (8 Courts)
  Tag +12  2026-06-01  →  355 freie Slots (9 Courts)
  Tag +13  2026-06-02  →  428 freie Slots (9 Courts)
  Tag +14  2026-06-03  →  0 freie Slots (0 Courts)
  ✓ 2800 Zeilen → /root/padel-tracking/snapshots/snapshot_2026-05-20_0659.csv

Fertig. 2800 Zeilen gesamt.

[main f063ed1] snapshot: 2026-05-20 06:59
 1 file changed, 2801 insertions(+)
 create mode 100644 snapshots/snapshot_2026-05-20_0659.csv
Current branch main is up to date.
To https://github.com/JoelDoener/padel-tracking.git
   b425265..f063ed1  main -> main
Gepusht: 2026-05-20 06:59

Padel Tracker — 2026-05-20 07:00 Uhr
Scanne 15 Tage (2026-05-20 bis 2026-06-03)

  Tag +00  2026-05-20  →  232 freie Slots (9 Courts)
  Tag +01  2026-05-21  →  232 freie Slots (9 Courts)
  Tag +02  2026-05-22  →  91 freie Slots (9 Courts)
  Tag +03  2026-05-23  →  10 freie Slots (6 Courts)
  Tag +04  2026-05-24  →  18 freie Slots (7 Courts)
  Tag +05  2026-05-25  →  21 freie Slots (8 Courts)
  Tag +06  2026-05-26  →  218 freie Slots (9 Courts)
  Tag +07  2026-05-27  →  362 freie Slots (9 Courts)
  Tag +08  2026-05-28  →  397 freie Slots (9 Courts)
  Tag +09  2026-05-29  →  269 freie Slots (9 Courts)
  Tag +10  2026-05-30  →  136 freie Slots (9 Courts)
  Tag +11  2026-05-31  →  31 freie Slots (8 Courts)
  Tag +12  2026-06-01  →  355 freie Slots (9 Courts)
  Tag +13  2026-06-02  →  428 freie Slots (9 Courts)
  Tag +14  2026-06-03  →  0 freie Slots (0 Courts)
  ✓ 2800 Zeilen → /root/padel-tracking/snapshots/snapshot_2026-05-20_0700.csv

Fertig. 2800 Zeilen gesamt.

[main 9baae26] snapshot: 2026-05-20 07:00
 1 file changed, 2801 insertions(+)
 create mode 100644 snapshots/snapshot_2026-05-20_0700.csv
Current branch main is up to date.
To https://github.com/JoelDoener/padel-tracking.git
   f063ed1..9baae26  main -> main
Gepusht: 2026-05-20 07:00

Padel Tracker — 2026-05-20 07:01 Uhr
Scanne 15 Tage (2026-05-20 bis 2026-06-03)

  Tag +00  2026-05-20  →  232 freie Slots (9 Courts)
  Tag +01  2026-05-21  →  232 freie Slots (9 Courts)
  Tag +02  2026-05-22  →  91 freie Slots (9 Courts)
  Tag +03  2026-05-23  →  10 freie Slots (6 Courts)
  Tag +04  2026-05-24  →  18 freie Slots (7 Courts)
  Tag +05  2026-05-25  →  21 freie Slots (8 Courts)
  Tag +06  2026-05-26  →  218 freie Slots (9 Courts)
  Tag +07  2026-05-27  →  362 freie Slots (9 Courts)
  Tag +08  2026-05-28  →  397 freie Slots (9 Courts)
  Tag +09  2026-05-29  →  269 freie Slots (9 Courts)
  Tag +10  2026-05-30  →  136 freie Slots (9 Courts)
  Tag +11  2026-05-31  →  31 freie Slots (8 Courts)
  Tag +12  2026-06-01  →  355 freie Slots (9 Courts)
  Tag +13  2026-06-02  →  428 freie Slots (9 Courts)
  Tag +14  2026-06-03  →  0 freie Slots (0 Courts)
  ✓ 2800 Zeilen → /root/padel-tracking/snapshots/snapshot_2026-05-20_0701.csv

Fertig. 2800 Zeilen gesamt.

[main 7bd83b5] snapshot: 2026-05-20 07:01
 1 file changed, 2801 insertions(+)
 create mode 100644 snapshots/snapshot_2026-05-20_0701.csv
Current branch main is up to date.
To https://github.com/JoelDoener/padel-tracking.git
   9baae26..7bd83b5  main -> main
Gepusht: 2026-05-20 07:01

Padel Tracker — 2026-05-20 07:25 Uhr
Scanne 15 Tage (2026-05-20 bis 2026-06-03)

  Tag +00  2026-05-20  →  232 freie Slots (9 Courts)
  Tag +01  2026-05-21  →  232 freie Slots (9 Courts)
  Tag +02  2026-05-22  →  91 freie Slots (9 Courts)
  Tag +03  2026-05-23  →  10 freie Slots (6 Courts)
  Tag +04  2026-05-24  →  18 freie Slots (7 Courts)
  Tag +05  2026-05-25  →  21 freie Slots (8 Courts)
  Tag +06  2026-05-26  →  218 freie Slots (9 Courts)
  Tag +07  2026-05-27  →  362 freie Slots (9 Courts)
  Tag +08  2026-05-28  →  397 freie Slots (9 Courts)
  Tag +09  2026-05-29  →  269 freie Slots (9 Courts)
  Tag +10  2026-05-30  →  136 freie Slots (9 Courts)
  Tag +11  2026-05-31  →  31 freie Slots (8 Courts)
  Tag +12  2026-06-01  →  355 freie Slots (9 Courts)
  Tag +13  2026-06-02  →  428 freie Slots (9 Courts)
  Tag +14  2026-06-03  →  0 freie Slots (0 Courts)
  ✓ 2800 Zeilen → /root/padel-tracking/snapshots/snapshot_2026-05-20_0725.csv

Fertig. 2800 Zeilen gesamt.

[main 61d2d53] snapshot: 2026-05-20 07:25
 1 file changed, 2801 insertions(+)
 create mode 100644 snapshots/snapshot_2026-05-20_0725.csv
Current branch main is up to date.
To https://github.com/JoelDoener/padel-tracking.git
   7bd83b5..61d2d53  main -> main
Gepusht: 2026-05-20 07:25

Padel Tracker — 2026-05-20 07:29 Uhr
Scanne 15 Tage (2026-05-20 bis 2026-06-03)

  Tag +00  2026-05-20  →  232 freie Slots (9 Courts)
  Tag +01  2026-05-21  →  232 freie Slots (9 Courts)
  Tag +02  2026-05-22  →  91 freie Slots (9 Courts)
  Tag +03  2026-05-23  →  10 freie Slots (6 Courts)
  Tag +04  2026-05-24  →  18 freie Slots (7 Courts)
  Tag +05  2026-05-25  →  21 freie Slots (8 Courts)
  Tag +06  2026-05-26  →  218 freie Slots (9 Courts)
  Tag +07  2026-05-27  →  362 freie Slots (9 Courts)
  Tag +08  2026-05-28  →  397 freie Slots (9 Courts)
  Tag +09  2026-05-29  →  269 freie Slots (9 Courts)
  Tag +10  2026-05-30  →  136 freie Slots (9 Courts)
  Tag +11  2026-05-31  →  31 freie Slots (8 Courts)
  Tag +12  2026-06-01  →  355 freie Slots (9 Courts)
  Tag +13  2026-06-02  →  428 freie Slots (9 Courts)
  Tag +14  2026-06-03  →  0 freie Slots (0 Courts)
  ✓ 2800 Zeilen → /root/padel-tracking/snapshots/snapshot_2026-05-20_0729.csv

Fertig. 2800 Zeilen gesamt.

[main a3b8bf0] snapshot: 2026-05-20 07:29
 1 file changed, 2801 insertions(+)
 create mode 100644 snapshots/snapshot_2026-05-20_0729.csv
Current branch main is up to date.
To https://github.com/JoelDoener/padel-tracking.git
   61d2d53..a3b8bf0  main -> main
Gepusht: 2026-05-20 07:29

Padel Tracker — 2026-05-20 07:30 Uhr
Scanne 15 Tage (2026-05-20 bis 2026-06-03)

  Tag +00  2026-05-20  →  232 freie Slots (9 Courts)
  Tag +01  2026-05-21  →  232 freie Slots (9 Courts)
  Tag +02  2026-05-22  →  91 freie Slots (9 Courts)
  Tag +03  2026-05-23  →  10 freie Slots (6 Courts)
  Tag +04  2026-05-24  →  18 freie Slots (7 Courts)
  Tag +05  2026-05-25  →  21 freie Slots (8 Courts)
  Tag +06  2026-05-26  →  218 freie Slots (9 Courts)
  Tag +07  2026-05-27  →  362 freie Slots (9 Courts)
  Tag +08  2026-05-28  →  397 freie Slots (9 Courts)
  Tag +09  2026-05-29  →  269 freie Slots (9 Courts)
  Tag +10  2026-05-30  →  136 freie Slots (9 Courts)
  Tag +11  2026-05-31  →  31 freie Slots (8 Courts)
  Tag +12  2026-06-01  →  355 freie Slots (9 Courts)
  Tag +13  2026-06-02  →  428 freie Slots (9 Courts)
  Tag +14  2026-06-03  →  0 freie Slots (0 Courts)
  ✓ 2800 Zeilen → /root/padel-tracking/snapshots/snapshot_2026-05-20_0730.csv

Fertig. 2800 Zeilen gesamt.

[main ed788e6] snapshot: 2026-05-20 07:30
 1 file changed, 2801 insertions(+)
 create mode 100644 snapshots/snapshot_2026-05-20_0730.csv
Current branch main is up to date.
To https://github.com/JoelDoener/padel-tracking.git
   a3b8bf0..ed788e6  main -> main
Gepusht: 2026-05-20 07:30

Padel Tracker — 2026-05-20 07:31 Uhr
Scanne 15 Tage (2026-05-20 bis 2026-06-03)

  Tag +00  2026-05-20  →  232 freie Slots (9 Courts)
  Tag +01  2026-05-21  →  232 freie Slots (9 Courts)
  Tag +02  2026-05-22  →  91 freie Slots (9 Courts)
  Tag +03  2026-05-23  →  10 freie Slots (6 Courts)
  Tag +04  2026-05-24  →  18 freie Slots (7 Courts)
  Tag +05  2026-05-25  →  21 freie Slots (8 Courts)
  Tag +06  2026-05-26  →  218 freie Slots (9 Courts)
  Tag +07  2026-05-27  →  362 freie Slots (9 Courts)
  Tag +08  2026-05-28  →  397 freie Slots (9 Courts)
  Tag +09  2026-05-29  →  269 freie Slots (9 Courts)
  Tag +10  2026-05-30  →  136 freie Slots (9 Courts)
  Tag +11  2026-05-31  →  31 freie Slots (8 Courts)
  Tag +12  2026-06-01  →  355 freie Slots (9 Courts)
  Tag +13  2026-06-02  →  428 freie Slots (9 Courts)
  Tag +14  2026-06-03  →  0 freie Slots (0 Courts)
  ✓ 2800 Zeilen → /root/padel-tracking/snapshots/snapshot_2026-05-20_0731.csv

Fertig. 2800 Zeilen gesamt.

[main 95fc1b4] snapshot: 2026-05-20 07:31
 1 file changed, 2801 insertions(+)
 create mode 100644 snapshots/snapshot_2026-05-20_0731.csv
Current branch main is up to date.
To https://github.com/JoelDoener/padel-tracking.git
   ed788e6..95fc1b4  main -> main
Gepusht: 2026-05-20 07:31

Padel Tracker — 2026-05-20 07:55 Uhr
Scanne 15 Tage (2026-05-20 bis 2026-06-03)

  Tag +00  2026-05-20  →  229 freie Slots (8 Courts)
  Tag +01  2026-05-21  →  235 freie Slots (9 Courts)
  Tag +02  2026-05-22  →  91 freie Slots (9 Courts)
  Tag +03  2026-05-23  →  10 freie Slots (6 Courts)
  Tag +04  2026-05-24  →  18 freie Slots (7 Courts)
  Tag +05  2026-05-25  →  21 freie Slots (8 Courts)
  Tag +06  2026-05-26  →  218 freie Slots (9 Courts)
  Tag +07  2026-05-27  →  362 freie Slots (9 Courts)
  Tag +08  2026-05-28  →  397 freie Slots (9 Courts)
  Tag +09  2026-05-29  →  269 freie Slots (9 Courts)
  Tag +10  2026-05-30  →  136 freie Slots (9 Courts)
  Tag +11  2026-05-31  →  31 freie Slots (8 Courts)
  Tag +12  2026-06-01  →  355 freie Slots (9 Courts)
  Tag +13  2026-06-02  →  428 freie Slots (9 Courts)
  Tag +14  2026-06-03  →  0 freie Slots (0 Courts)
  ✓ 2800 Zeilen → /root/padel-tracking/snapshots/snapshot_2026-05-20_0755.csv

Fertig. 2800 Zeilen gesamt.

[main a2c3653] snapshot: 2026-05-20 07:55
 1 file changed, 2801 insertions(+)
 create mode 100644 snapshots/snapshot_2026-05-20_0755.csv
Current branch main is up to date.
To https://github.com/JoelDoener/padel-tracking.git
   95fc1b4..a2c3653  main -> main
Gepusht: 2026-05-20 07:55

Padel Tracker — 2026-05-20 07:59 Uhr
Scanne 15 Tage (2026-05-20 bis 2026-06-03)

  Tag +00  2026-05-20  →  229 freie Slots (8 Courts)
  Tag +01  2026-05-21  →  235 freie Slots (9 Courts)
  Tag +02  2026-05-22  →  91 freie Slots (9 Courts)
  Tag +03  2026-05-23  →  10 freie Slots (6 Courts)
  Tag +04  2026-05-24  →  18 freie Slots (7 Courts)
  Tag +05  2026-05-25  →  21 freie Slots (8 Courts)
  Tag +06  2026-05-26  →  218 freie Slots (9 Courts)
  Tag +07  2026-05-27  →  362 freie Slots (9 Courts)
  Tag +08  2026-05-28  →  397 freie Slots (9 Courts)
  Tag +09  2026-05-29  →  269 freie Slots (9 Courts)
  Tag +10  2026-05-30  →  136 freie Slots (9 Courts)
  Tag +11  2026-05-31  →  31 freie Slots (8 Courts)
  Tag +12  2026-06-01  →  355 freie Slots (9 Courts)
  Tag +13  2026-06-02  →  428 freie Slots (9 Courts)
  Tag +14  2026-06-03  →  0 freie Slots (0 Courts)
  ✓ 2800 Zeilen → /root/padel-tracking/snapshots/snapshot_2026-05-20_0759.csv

Fertig. 2800 Zeilen gesamt.

[main 6212254] snapshot: 2026-05-20 07:59
 1 file changed, 2801 insertions(+)
 create mode 100644 snapshots/snapshot_2026-05-20_0759.csv
Current branch main is up to date.
To https://github.com/JoelDoener/padel-tracking.git
   a2c3653..6212254  main -> main
Gepusht: 2026-05-20 07:59

Padel Tracker — 2026-05-20 08:00 Uhr
Scanne 15 Tage (2026-05-20 bis 2026-06-03)

  Tag +00  2026-05-20  →  192 freie Slots (8 Courts)
  Tag +01  2026-05-21  →  235 freie Slots (9 Courts)
  Tag +02  2026-05-22  →  91 freie Slots (9 Courts)
  Tag +03  2026-05-23  →  10 freie Slots (6 Courts)
  Tag +04  2026-05-24  →  18 freie Slots (7 Courts)
  Tag +05  2026-05-25  →  21 freie Slots (8 Courts)
  Tag +06  2026-05-26  →  218 freie Slots (9 Courts)
  Tag +07  2026-05-27  →  362 freie Slots (9 Courts)
  Tag +08  2026-05-28  →  397 freie Slots (9 Courts)
  Tag +09  2026-05-29  →  269 freie Slots (9 Courts)
  Tag +10  2026-05-30  →  136 freie Slots (9 Courts)
  Tag +11  2026-05-31  →  31 freie Slots (8 Courts)
  Tag +12  2026-06-01  →  355 freie Slots (9 Courts)
  Tag +13  2026-06-02  →  428 freie Slots (9 Courts)
  Tag +14  2026-06-03  →  11 freie Slots (9 Courts)
  ✓ 2774 Zeilen → /root/padel-tracking/snapshots/snapshot_2026-05-20_0800.csv

Fertig. 2774 Zeilen gesamt.

[main 5678126] snapshot: 2026-05-20 08:00
 1 file changed, 2775 insertions(+)
 create mode 100644 snapshots/snapshot_2026-05-20_0800.csv
Current branch main is up to date.
To https://github.com/JoelDoener/padel-tracking.git
   6212254..5678126  main -> main
Gepusht: 2026-05-20 08:00

Padel Tracker — 2026-05-20 08:01 Uhr
Scanne 15 Tage (2026-05-20 bis 2026-06-03)

  Tag +00  2026-05-20  →  192 freie Slots (8 Courts)
  Tag +01  2026-05-21  →  235 freie Slots (9 Courts)
  Tag +02  2026-05-22  →  91 freie Slots (9 Courts)
  Tag +03  2026-05-23  →  10 freie Slots (6 Courts)
  Tag +04  2026-05-24  →  18 freie Slots (7 Courts)
  Tag +05  2026-05-25  →  21 freie Slots (8 Courts)
  Tag +06  2026-05-26  →  218 freie Slots (9 Courts)
  Tag +07  2026-05-27  →  362 freie Slots (9 Courts)
  Tag +08  2026-05-28  →  397 freie Slots (9 Courts)
  Tag +09  2026-05-29  →  269 freie Slots (9 Courts)
  Tag +10  2026-05-30  →  136 freie Slots (9 Courts)
  Tag +11  2026-05-31  →  31 freie Slots (8 Courts)
  Tag +12  2026-06-01  →  355 freie Slots (9 Courts)
  Tag +13  2026-06-02  →  428 freie Slots (9 Courts)
  Tag +14  2026-06-03  →  11 freie Slots (9 Courts)
  ✓ 2774 Zeilen → /root/padel-tracking/snapshots/snapshot_2026-05-20_0801.csv

Fertig. 2774 Zeilen gesamt.

[main 2d7c5e0] snapshot: 2026-05-20 08:01
 1 file changed, 2775 insertions(+)
 create mode 100644 snapshots/snapshot_2026-05-20_0801.csv
Current branch main is up to date.
To https://github.com/JoelDoener/padel-tracking.git
   5678126..2d7c5e0  main -> main
Gepusht: 2026-05-20 08:01

Padel Tracker — 2026-05-20 08:25 Uhr
Scanne 15 Tage (2026-05-20 bis 2026-06-03)

  Tag +00  2026-05-20  →  192 freie Slots (8 Courts)
  Tag +01  2026-05-21  →  241 freie Slots (9 Courts)
  Tag +02  2026-05-22  →  91 freie Slots (9 Courts)
  Tag +03  2026-05-23  →  10 freie Slots (6 Courts)
  Tag +04  2026-05-24  →  18 freie Slots (7 Courts)
  Tag +05  2026-05-25  →  21 freie Slots (8 Courts)
  Tag +06  2026-05-26  →  218 freie Slots (9 Courts)
  Tag +07  2026-05-27  →  362 freie Slots (9 Courts)
  Tag +08  2026-05-28  →  397 freie Slots (9 Courts)
  Tag +09  2026-05-29  →  269 freie Slots (9 Courts)
  Tag +10  2026-05-30  →  136 freie Slots (9 Courts)
  Tag +11  2026-05-31  →  31 freie Slots (8 Courts)
  Tag +12  2026-06-01  →  355 freie Slots (9 Courts)
  Tag +13  2026-06-02  →  428 freie Slots (9 Courts)
  Tag +14  2026-06-03  →  11 freie Slots (9 Courts)
  ✓ 2780 Zeilen → /root/padel-tracking/snapshots/snapshot_2026-05-20_0825.csv

Fertig. 2780 Zeilen gesamt.

[main cf2e788] snapshot: 2026-05-20 08:25
 1 file changed, 2781 insertions(+)
 create mode 100644 snapshots/snapshot_2026-05-20_0825.csv
Current branch main is up to date.
To https://github.com/JoelDoener/padel-tracking.git
   2d7c5e0..cf2e788  main -> main
Gepusht: 2026-05-20 08:25

Padel Tracker — 2026-05-20 08:29 Uhr
Scanne 15 Tage (2026-05-20 bis 2026-06-03)

  Tag +00  2026-05-20  →  192 freie Slots (8 Courts)
  Tag +01  2026-05-21  →  241 freie Slots (9 Courts)
  Tag +02  2026-05-22  →  91 freie Slots (9 Courts)
  Tag +03  2026-05-23  →  10 freie Slots (6 Courts)
  Tag +04  2026-05-24  →  18 freie Slots (7 Courts)
  Tag +05  2026-05-25  →  21 freie Slots (8 Courts)
  Tag +06  2026-05-26  →  218 freie Slots (9 Courts)
  Tag +07  2026-05-27  →  362 freie Slots (9 Courts)
  Tag +08  2026-05-28  →  397 freie Slots (9 Courts)
  Tag +09  2026-05-29  →  269 freie Slots (9 Courts)
  Tag +10  2026-05-30  →  136 freie Slots (9 Courts)
  Tag +11  2026-05-31  →  31 freie Slots (8 Courts)
  Tag +12  2026-06-01  →  355 freie Slots (9 Courts)
  Tag +13  2026-06-02  →  428 freie Slots (9 Courts)
  Tag +14  2026-06-03  →  11 freie Slots (9 Courts)
  ✓ 2780 Zeilen → /root/padel-tracking/snapshots/snapshot_2026-05-20_0829.csv

Fertig. 2780 Zeilen gesamt.

[main 5fe2b59] snapshot: 2026-05-20 08:29
 1 file changed, 2781 insertions(+)
 create mode 100644 snapshots/snapshot_2026-05-20_0829.csv
Current branch main is up to date.
To https://github.com/JoelDoener/padel-tracking.git
   cf2e788..5fe2b59  main -> main
Gepusht: 2026-05-20 08:29

Padel Tracker — 2026-05-20 08:30 Uhr
Scanne 15 Tage (2026-05-20 bis 2026-06-03)

  Tag +00  2026-05-20  →  192 freie Slots (8 Courts)
  Tag +01  2026-05-21  →  241 freie Slots (9 Courts)
  Tag +02  2026-05-22  →  91 freie Slots (9 Courts)
  Tag +03  2026-05-23  →  10 freie Slots (6 Courts)
  Tag +04  2026-05-24  →  18 freie Slots (7 Courts)
  Tag +05  2026-05-25  →  21 freie Slots (8 Courts)
  Tag +06  2026-05-26  →  218 freie Slots (9 Courts)
  Tag +07  2026-05-27  →  362 freie Slots (9 Courts)
  Tag +08  2026-05-28  →  397 freie Slots (9 Courts)
  Tag +09  2026-05-29  →  269 freie Slots (9 Courts)
  Tag +10  2026-05-30  →  136 freie Slots (9 Courts)
  Tag +11  2026-05-31  →  31 freie Slots (8 Courts)
  Tag +12  2026-06-01  →  354 freie Slots (9 Courts)
  Tag +13  2026-06-02  →  428 freie Slots (9 Courts)
  Tag +14  2026-06-03  →  11 freie Slots (9 Courts)
  ✓ 2779 Zeilen → /root/padel-tracking/snapshots/snapshot_2026-05-20_0830.csv

Fertig. 2779 Zeilen gesamt.

[main ce6449a] snapshot: 2026-05-20 08:30
 1 file changed, 2780 insertions(+)
 create mode 100644 snapshots/snapshot_2026-05-20_0830.csv
Current branch main is up to date.
To https://github.com/JoelDoener/padel-tracking.git
   5fe2b59..ce6449a  main -> main
Gepusht: 2026-05-20 08:30

Padel Tracker — 2026-05-20 08:31 Uhr
Scanne 15 Tage (2026-05-20 bis 2026-06-03)

  Tag +00  2026-05-20  →  192 freie Slots (8 Courts)
  Tag +01  2026-05-21  →  241 freie Slots (9 Courts)
  Tag +02  2026-05-22  →  91 freie Slots (9 Courts)
  Tag +03  2026-05-23  →  10 freie Slots (6 Courts)
  Tag +04  2026-05-24  →  18 freie Slots (7 Courts)
  Tag +05  2026-05-25  →  21 freie Slots (8 Courts)
  Tag +06  2026-05-26  →  218 freie Slots (9 Courts)
  Tag +07  2026-05-27  →  362 freie Slots (9 Courts)
  Tag +08  2026-05-28  →  397 freie Slots (9 Courts)
  Tag +09  2026-05-29  →  269 freie Slots (9 Courts)
  Tag +10  2026-05-30  →  136 freie Slots (9 Courts)
  Tag +11  2026-05-31  →  31 freie Slots (8 Courts)
  Tag +12  2026-06-01  →  354 freie Slots (9 Courts)
  Tag +13  2026-06-02  →  428 freie Slots (9 Courts)
  Tag +14  2026-06-03  →  11 freie Slots (9 Courts)
  ✓ 2779 Zeilen → /root/padel-tracking/snapshots/snapshot_2026-05-20_0831.csv

Fertig. 2779 Zeilen gesamt.

[main 402ea16] snapshot: 2026-05-20 08:31
 1 file changed, 2780 insertions(+)
 create mode 100644 snapshots/snapshot_2026-05-20_0831.csv
Current branch main is up to date.
To https://github.com/JoelDoener/padel-tracking.git
   ce6449a..402ea16  main -> main
Gepusht: 2026-05-20 08:31

Padel Tracker — 2026-05-20 08:55 Uhr
Scanne 15 Tage (2026-05-20 bis 2026-06-03)

  Tag +00  2026-05-20  →  192 freie Slots (8 Courts)
  Tag +01  2026-05-21  →  241 freie Slots (9 Courts)
  Tag +02  2026-05-22  →  91 freie Slots (9 Courts)
  Tag +03  2026-05-23  →  10 freie Slots (6 Courts)
  Tag +04  2026-05-24  →  18 freie Slots (7 Courts)
  Tag +05  2026-05-25  →  21 freie Slots (8 Courts)
  Tag +06  2026-05-26  →  218 freie Slots (9 Courts)
  Tag +07  2026-05-27  →  362 freie Slots (9 Courts)
  Tag +08  2026-05-28  →  397 freie Slots (9 Courts)
  Tag +09  2026-05-29  →  269 freie Slots (9 Courts)
  Tag +10  2026-05-30  →  136 freie Slots (9 Courts)
  Tag +11  2026-05-31  →  31 freie Slots (8 Courts)
  Tag +12  2026-06-01  →  355 freie Slots (9 Courts)
  Tag +13  2026-06-02  →  428 freie Slots (9 Courts)
  Tag +14  2026-06-03  →  11 freie Slots (9 Courts)
  ✓ 2780 Zeilen → /root/padel-tracking/snapshots/snapshot_2026-05-20_0855.csv

Fertig. 2780 Zeilen gesamt.

[main 4c205be] snapshot: 2026-05-20 08:55
 1 file changed, 2781 insertions(+)
 create mode 100644 snapshots/snapshot_2026-05-20_0855.csv
Current branch main is up to date.
To https://github.com/JoelDoener/padel-tracking.git
   402ea16..4c205be  main -> main
Gepusht: 2026-05-20 08:55

Padel Tracker — 2026-05-20 08:59 Uhr
Scanne 15 Tage (2026-05-20 bis 2026-06-03)

  Tag +00  2026-05-20  →  192 freie Slots (8 Courts)
  Tag +01  2026-05-21  →  241 freie Slots (9 Courts)
  Tag +02  2026-05-22  →  91 freie Slots (9 Courts)
  Tag +03  2026-05-23  →  10 freie Slots (6 Courts)
  Tag +04  2026-05-24  →  18 freie Slots (7 Courts)
  Tag +05  2026-05-25  →  21 freie Slots (8 Courts)
  Tag +06  2026-05-26  →  218 freie Slots (9 Courts)
  Tag +07  2026-05-27  →  362 freie Slots (9 Courts)
  Tag +08  2026-05-28  →  397 freie Slots (9 Courts)
  Tag +09  2026-05-29  →  269 freie Slots (9 Courts)
  Tag +10  2026-05-30  →  136 freie Slots (9 Courts)
  Tag +11  2026-05-31  →  31 freie Slots (8 Courts)
  Tag +12  2026-06-01  →  355 freie Slots (9 Courts)
  Tag +13  2026-06-02  →  428 freie Slots (9 Courts)
  Tag +14  2026-06-03  →  11 freie Slots (9 Courts)
  ✓ 2780 Zeilen → /root/padel-tracking/snapshots/snapshot_2026-05-20_0859.csv

Fertig. 2780 Zeilen gesamt.

[main 1f2ae27] snapshot: 2026-05-20 08:59
 1 file changed, 2781 insertions(+)
 create mode 100644 snapshots/snapshot_2026-05-20_0859.csv
Current branch main is up to date.
To https://github.com/JoelDoener/padel-tracking.git
   4c205be..1f2ae27  main -> main
Gepusht: 2026-05-20 08:59

Padel Tracker — 2026-05-20 09:00 Uhr
Scanne 15 Tage (2026-05-20 bis 2026-06-03)

  Tag +00  2026-05-20  →  174 freie Slots (8 Courts)
  Tag +01  2026-05-21  →  241 freie Slots (9 Courts)
  Tag +02  2026-05-22  →  91 freie Slots (9 Courts)
  Tag +03  2026-05-23  →  10 freie Slots (6 Courts)
  Tag +04  2026-05-24  →  18 freie Slots (7 Courts)
  Tag +05  2026-05-25  →  21 freie Slots (8 Courts)
  Tag +06  2026-05-26  →  218 freie Slots (9 Courts)
  Tag +07  2026-05-27  →  362 freie Slots (9 Courts)
  Tag +08  2026-05-28  →  397 freie Slots (9 Courts)
  Tag +09  2026-05-29  →  269 freie Slots (9 Courts)
  Tag +10  2026-05-30  →  136 freie Slots (9 Courts)
  Tag +11  2026-05-31  →  31 freie Slots (8 Courts)
  Tag +12  2026-06-01  →  355 freie Slots (9 Courts)
  Tag +13  2026-06-02  →  428 freie Slots (9 Courts)
  Tag +14  2026-06-03  →  14 freie Slots (9 Courts)
  ✓ 2765 Zeilen → /root/padel-tracking/snapshots/snapshot_2026-05-20_0900.csv

Fertig. 2765 Zeilen gesamt.

[main 463c831] snapshot: 2026-05-20 09:00
 1 file changed, 2766 insertions(+)
 create mode 100644 snapshots/snapshot_2026-05-20_0900.csv
Current branch main is up to date.
To https://github.com/JoelDoener/padel-tracking.git
   1f2ae27..463c831  main -> main
Gepusht: 2026-05-20 09:00

Padel Tracker — 2026-05-20 09:01 Uhr
Scanne 15 Tage (2026-05-20 bis 2026-06-03)

  Tag +00  2026-05-20  →  174 freie Slots (8 Courts)
  Tag +01  2026-05-21  →  241 freie Slots (9 Courts)
  Tag +02  2026-05-22  →  91 freie Slots (9 Courts)
  Tag +03  2026-05-23  →  10 freie Slots (6 Courts)
  Tag +04  2026-05-24  →  18 freie Slots (7 Courts)
  Tag +05  2026-05-25  →  21 freie Slots (8 Courts)
  Tag +06  2026-05-26  →  218 freie Slots (9 Courts)
  Tag +07  2026-05-27  →  362 freie Slots (9 Courts)
  Tag +08  2026-05-28  →  397 freie Slots (9 Courts)
  Tag +09  2026-05-29  →  269 freie Slots (9 Courts)
  Tag +10  2026-05-30  →  136 freie Slots (9 Courts)
  Tag +11  2026-05-31  →  31 freie Slots (8 Courts)
  Tag +12  2026-06-01  →  355 freie Slots (9 Courts)
  Tag +13  2026-06-02  →  428 freie Slots (9 Courts)
  Tag +14  2026-06-03  →  14 freie Slots (9 Courts)
  ✓ 2765 Zeilen → /root/padel-tracking/snapshots/snapshot_2026-05-20_0901.csv

Fertig. 2765 Zeilen gesamt.

[main ec37b70] snapshot: 2026-05-20 09:01
 1 file changed, 2766 insertions(+)
 create mode 100644 snapshots/snapshot_2026-05-20_0901.csv
Current branch main is up to date.
To https://github.com/JoelDoener/padel-tracking.git
   463c831..ec37b70  main -> main
Gepusht: 2026-05-20 09:01

Padel Tracker — 2026-05-20 09:25 Uhr
Scanne 15 Tage (2026-05-20 bis 2026-06-03)

  Tag +00  2026-05-20  →  174 freie Slots (8 Courts)
  Tag +01  2026-05-21  →  259 freie Slots (9 Courts)
  Tag +02  2026-05-22  →  90 freie Slots (9 Courts)
  Tag +03  2026-05-23  →  10 freie Slots (6 Courts)
  Tag +04  2026-05-24  →  18 freie Slots (7 Courts)
  Tag +05  2026-05-25  →  21 freie Slots (8 Courts)
  Tag +06  2026-05-26  →  218 freie Slots (9 Courts)
  Tag +07  2026-05-27  →  362 freie Slots (9 Courts)
  Tag +08  2026-05-28  →  397 freie Slots (9 Courts)
  Tag +09  2026-05-29  →  269 freie Slots (9 Courts)
  Tag +10  2026-05-30  →  136 freie Slots (9 Courts)
  Tag +11  2026-05-31  →  31 freie Slots (8 Courts)
  Tag +12  2026-06-01  →  355 freie Slots (9 Courts)
  Tag +13  2026-06-02  →  428 freie Slots (9 Courts)
  Tag +14  2026-06-03  →  14 freie Slots (9 Courts)
  ✓ 2782 Zeilen → /root/padel-tracking/snapshots/snapshot_2026-05-20_0925.csv

Fertig. 2782 Zeilen gesamt.

[main 31ed7dc] snapshot: 2026-05-20 09:25
 1 file changed, 2783 insertions(+)
 create mode 100644 snapshots/snapshot_2026-05-20_0925.csv
Current branch main is up to date.
To https://github.com/JoelDoener/padel-tracking.git
   ec37b70..31ed7dc  main -> main
Gepusht: 2026-05-20 09:25

Padel Tracker — 2026-05-20 09:29 Uhr
Scanne 15 Tage (2026-05-20 bis 2026-06-03)

  Tag +00  2026-05-20  →  174 freie Slots (8 Courts)
  Tag +01  2026-05-21  →  259 freie Slots (9 Courts)
  Tag +02  2026-05-22  →  90 freie Slots (9 Courts)
  Tag +03  2026-05-23  →  10 freie Slots (6 Courts)
  Tag +04  2026-05-24  →  18 freie Slots (7 Courts)
  Tag +05  2026-05-25  →  21 freie Slots (8 Courts)
  Tag +06  2026-05-26  →  218 freie Slots (9 Courts)
  Tag +07  2026-05-27  →  362 freie Slots (9 Courts)
  Tag +08  2026-05-28  →  397 freie Slots (9 Courts)
  Tag +09  2026-05-29  →  269 freie Slots (9 Courts)
  Tag +10  2026-05-30  →  136 freie Slots (9 Courts)
  Tag +11  2026-05-31  →  31 freie Slots (8 Courts)
  Tag +12  2026-06-01  →  355 freie Slots (9 Courts)
  Tag +13  2026-06-02  →  428 freie Slots (9 Courts)
  Tag +14  2026-06-03  →  14 freie Slots (9 Courts)
  ✓ 2782 Zeilen → /root/padel-tracking/snapshots/snapshot_2026-05-20_0929.csv

Fertig. 2782 Zeilen gesamt.

[main 4b50a29] snapshot: 2026-05-20 09:29
 1 file changed, 2783 insertions(+)
 create mode 100644 snapshots/snapshot_2026-05-20_0929.csv
Current branch main is up to date.
To https://github.com/JoelDoener/padel-tracking.git
   31ed7dc..4b50a29  main -> main
Gepusht: 2026-05-20 09:29

Padel Tracker — 2026-05-20 09:30 Uhr
Scanne 15 Tage (2026-05-20 bis 2026-06-03)

  Tag +00  2026-05-20  →  156 freie Slots (8 Courts)
  Tag +01  2026-05-21  →  259 freie Slots (9 Courts)
  Tag +02  2026-05-22  →  90 freie Slots (9 Courts)
  Tag +03  2026-05-23  →  10 freie Slots (6 Courts)
  Tag +04  2026-05-24  →  18 freie Slots (7 Courts)
  Tag +05  2026-05-25  →  21 freie Slots (8 Courts)
  Tag +06  2026-05-26  →  218 freie Slots (9 Courts)
  Tag +07  2026-05-27  →  362 freie Slots (9 Courts)
  Tag +08  2026-05-28  →  397 freie Slots (9 Courts)
  Tag +09  2026-05-29  →  269 freie Slots (9 Courts)
  Tag +10  2026-05-30  →  136 freie Slots (9 Courts)
  Tag +11  2026-05-31  →  31 freie Slots (8 Courts)
  Tag +12  2026-06-01  →  355 freie Slots (9 Courts)
  Tag +13  2026-06-02  →  428 freie Slots (9 Courts)
  Tag +14  2026-06-03  →  17 freie Slots (9 Courts)
  ✓ 2767 Zeilen → /root/padel-tracking/snapshots/snapshot_2026-05-20_0930.csv

Fertig. 2767 Zeilen gesamt.

[main 82d78e8] snapshot: 2026-05-20 09:30
 1 file changed, 2768 insertions(+)
 create mode 100644 snapshots/snapshot_2026-05-20_0930.csv
Current branch main is up to date.
To https://github.com/JoelDoener/padel-tracking.git
   4b50a29..82d78e8  main -> main
Gepusht: 2026-05-20 09:30

Padel Tracker — 2026-05-20 09:31 Uhr
Scanne 15 Tage (2026-05-20 bis 2026-06-03)

  Tag +00  2026-05-20  →  156 freie Slots (8 Courts)
  Tag +01  2026-05-21  →  259 freie Slots (9 Courts)
  Tag +02  2026-05-22  →  90 freie Slots (9 Courts)
  Tag +03  2026-05-23  →  10 freie Slots (6 Courts)
  Tag +04  2026-05-24  →  18 freie Slots (7 Courts)
  Tag +05  2026-05-25  →  21 freie Slots (8 Courts)
  Tag +06  2026-05-26  →  218 freie Slots (9 Courts)
  Tag +07  2026-05-27  →  362 freie Slots (9 Courts)
  Tag +08  2026-05-28  →  397 freie Slots (9 Courts)
  Tag +09  2026-05-29  →  269 freie Slots (9 Courts)
  Tag +10  2026-05-30  →  136 freie Slots (9 Courts)
  Tag +11  2026-05-31  →  31 freie Slots (8 Courts)
  Tag +12  2026-06-01  →  355 freie Slots (9 Courts)
  Tag +13  2026-06-02  →  428 freie Slots (9 Courts)
  Tag +14  2026-06-03  →  17 freie Slots (9 Courts)
  ✓ 2767 Zeilen → /root/padel-tracking/snapshots/snapshot_2026-05-20_0931.csv

Fertig. 2767 Zeilen gesamt.

[main 71f1e3d] snapshot: 2026-05-20 09:31
 1 file changed, 2768 insertions(+)
 create mode 100644 snapshots/snapshot_2026-05-20_0931.csv
Current branch main is up to date.
To https://github.com/JoelDoener/padel-tracking.git
   82d78e8..71f1e3d  main -> main
Gepusht: 2026-05-20 09:31

Padel Tracker [jesteburg] — 2026-05-20 09:55 Uhr
Scanne 15 Tage (2026-05-20 bis 2026-06-03)

  Tag +00  2026-05-20  →  129 freie Slots (4 Courts)
  Tag +01  2026-05-21  →  238 freie Slots (4 Courts)
  Tag +02  2026-05-22  →  174 freie Slots (4 Courts)
  Tag +03  2026-05-23  →  234 freie Slots (4 Courts)
  Tag +04  2026-05-24  →  287 freie Slots (4 Courts)
  Tag +05  2026-05-25  →  262 freie Slots (4 Courts)
  Tag +06  2026-05-26  →  303 freie Slots (4 Courts)
  Tag +07  2026-05-27  →  217 freie Slots (4 Courts)
  Tag +08  2026-05-28  →  259 freie Slots (4 Courts)
  Tag +09  2026-05-29  →  202 freie Slots (4 Courts)
  Tag +10  2026-05-30  →  46 freie Slots (1 Courts)
  Tag +11  2026-05-31  →  303 freie Slots (4 Courts)
  Tag +12  2026-06-01  →  324 freie Slots (4 Courts)
  Tag +13  2026-06-02  →  270 freie Slots (4 Courts)
  Tag +14  2026-06-03  →  48 freie Slots (4 Courts)
  ✓ 3296 Zeilen → /root/padel-tracking/jesteburg/snapshots/snapshot_2026-05-20_0955.csv

Fertig. 3296 Zeilen gesamt.

[main 225768b] snapshot [jesteburg]: 2026-05-20 09:55
 1 file changed, 3297 insertions(+)
 create mode 100644 jesteburg/snapshots/snapshot_2026-05-20_0955.csv
Current branch main is up to date.

Padel Tracker [halstenbek] — 2026-05-20 09:55 Uhr
Scanne 15 Tage (2026-05-20 bis 2026-06-03)

  Tag +00  2026-05-20  →  156 freie Slots (8 Courts)
  Tag +01  2026-05-21  →  259 freie Slots (9 Courts)
  Tag +02  2026-05-22  →  90 freie Slots (9 Courts)
  Tag +03  2026-05-23  →  10 freie Slots (6 Courts)
  Tag +04  2026-05-24  →  15 freie Slots (7 Courts)
  Tag +05  2026-05-25  →  21 freie Slots (8 Courts)
  Tag +06  2026-05-26  →  218 freie Slots (9 Courts)
  Tag +07  2026-05-27  →  354 freie Slots (9 Courts)
  Tag +08  2026-05-28  →  397 freie Slots (9 Courts)
  Tag +09  2026-05-29  →  269 freie Slots (9 Courts)
  Tag +10  2026-05-30  →  136 freie Slots (9 Courts)
  Tag +11  2026-05-31  →  31 freie Slots (8 Courts)
  Tag +12  2026-06-01  →  355 freie Slots (9 Courts)
  Tag +13  2026-06-02  →  428 freie Slots (9 Courts)
  Tag +14  2026-06-03  →  17 freie Slots (9 Courts)
  ✓ 2756 Zeilen → /root/padel-tracking/halstenbek/snapshots/snapshot_2026-05-20_0955.csv

Fertig. 2756 Zeilen gesamt.

[main 4a32f36] snapshot [halstenbek]: 2026-05-20 09:55
 1 file changed, 2757 insertions(+)
 create mode 100644 halstenbek/snapshots/snapshot_2026-05-20_0955.csv
Current branch main is up to date.
To https://github.com/JoelDoener/padel-tracking.git
   3c1e8a4..225768b  main -> main
Gepusht [jesteburg]: 2026-05-20 09:55
To https://github.com/JoelDoener/padel-tracking.git
 ! [remote rejected] main -> main (cannot lock ref 'refs/heads/main': is at 4a32f3658078311ac691fffdc1c91acfc0ae8804 but expected 3c1e8a4b53f0d553338dd23220bacda25e81324b)
error: failed to push some refs to 'https://github.com/JoelDoener/padel-tracking.git'

Padel Tracker [jesteburg] — 2026-05-20 09:59 Uhr
Scanne 15 Tage (2026-05-20 bis 2026-06-03)

  Tag +00  2026-05-20  →  129 freie Slots (4 Courts)
  Tag +01  2026-05-21  →  238 freie Slots (4 Courts)
  Tag +02  2026-05-22  →  174 freie Slots (4 Courts)
  Tag +03  2026-05-23  →  234 freie Slots (4 Courts)
  Tag +04  2026-05-24  →  287 freie Slots (4 Courts)
  Tag +05  2026-05-25  →  262 freie Slots (4 Courts)
  Tag +06  2026-05-26  →  303 freie Slots (4 Courts)
  Tag +07  2026-05-27  →  217 freie Slots (4 Courts)
  Tag +08  2026-05-28  →  259 freie Slots (4 Courts)
  Tag +09  2026-05-29  →  202 freie Slots (4 Courts)
  Tag +10  2026-05-30  →  46 freie Slots (1 Courts)
  Tag +11  2026-05-31  →  303 freie Slots (4 Courts)
  Tag +12  2026-06-01  →  324 freie Slots (4 Courts)
  Tag +13  2026-06-02  →  270 freie Slots (4 Courts)
  Tag +14  2026-06-03  →  48 freie Slots (4 Courts)
  ✓ 3296 Zeilen → /root/padel-tracking/jesteburg/snapshots/snapshot_2026-05-20_0959.csv

Fertig. 3296 Zeilen gesamt.

[main c884ba5] snapshot [jesteburg]: 2026-05-20 09:59
 1 file changed, 3297 insertions(+)
 create mode 100644 jesteburg/snapshots/snapshot_2026-05-20_0959.csv

Padel Tracker [halstenbek] — 2026-05-20 09:59 Uhr
Scanne 15 Tage (2026-05-20 bis 2026-06-03)

  Tag +00  2026-05-20  →  156 freie Slots (8 Courts)
  Tag +01  2026-05-21  →  259 freie Slots (9 Courts)
  Tag +02  2026-05-22  →  90 freie Slots (9 Courts)
  Tag +03  2026-05-23  →  10 freie Slots (6 Courts)
  Tag +04  2026-05-24  →  15 freie Slots (7 Courts)
  Tag +05  2026-05-25  →  21 freie Slots (8 Courts)
  Tag +06  2026-05-26  →  218 freie Slots (9 Courts)
  Tag +07  2026-05-27  →  354 freie Slots (9 Courts)
  Tag +08  2026-05-28  →  397 freie Slots (9 Courts)
  Tag +09  2026-05-29  →  269 freie Slots (9 Courts)
  Tag +10  2026-05-30  →  136 freie Slots (9 Courts)
  Tag +11  2026-05-31  →  31 freie Slots (8 Courts)
  Tag +12  2026-06-01  →  355 freie Slots (9 Courts)
  Tag +13  2026-06-02  →  428 freie Slots (9 Courts)
  Tag +14  2026-06-03  →  17 freie Slots (9 Courts)
  ✓ 2756 Zeilen → /root/padel-tracking/halstenbek/snapshots/snapshot_2026-05-20_0959.csv

Fertig. 2756 Zeilen gesamt.

[main eef81cb] snapshot [halstenbek]: 2026-05-20 09:59
 1 file changed, 2757 insertions(+)
 create mode 100644 halstenbek/snapshots/snapshot_2026-05-20_0959.csv
From https://github.com/JoelDoener/padel-tracking
   225768b..4a32f36  main       -> origin/main
warning: fetch updated the current branch head.
fast-forwarding your working tree from
commit c884ba588200b8e522b5698ad0757026e12cec0d.
error: The following untracked working tree files would be overwritten by merge:
	halstenbek/snapshots/snapshot_2026-05-20_0959.csv
Please move or remove them before you merge.
Aborting
fatal: Cannot fast-forward your working tree.
After making sure that you saved anything precious from
$ git diff c884ba588200b8e522b5698ad0757026e12cec0d
output, run
$ git reset --hard
to recover.
fatal: Cannot rebase onto multiple branches.

Padel Tracker [jesteburg] — 2026-05-20 10:00 Uhr
Scanne 15 Tage (2026-05-20 bis 2026-06-03)

  Tag +00  2026-05-20  →  107 freie Slots (4 Courts)
  Tag +01  2026-05-21  →  238 freie Slots (4 Courts)
  Tag +02  2026-05-22  →  174 freie Slots (4 Courts)
  Tag +03  2026-05-23  →  234 freie Slots (4 Courts)
  Tag +04  2026-05-24  →  287 freie Slots (4 Courts)
  Tag +05  2026-05-25  →  262 freie Slots (4 Courts)
  Tag +06  2026-05-26  →  303 freie Slots (4 Courts)
  Tag +07  2026-05-27  →  217 freie Slots (4 Courts)
  Tag +08  2026-05-28  →  259 freie Slots (4 Courts)
  Tag +09  2026-05-29  →  202 freie Slots (4 Courts)
  Tag +10  2026-05-30  →  46 freie Slots (1 Courts)
  Tag +11  2026-05-31  →  303 freie Slots (4 Courts)
  Tag +12  2026-06-01  →  324 freie Slots (4 Courts)
  Tag +13  2026-06-02  →  270 freie Slots (4 Courts)
  Tag +14  2026-06-03  →  60 freie Slots (4 Courts)
  ✓ 3286 Zeilen → /root/padel-tracking/jesteburg/snapshots/snapshot_2026-05-20_1000.csv

Fertig. 3286 Zeilen gesamt.

[main cf5cd12] snapshot [jesteburg]: 2026-05-20 10:00
 1 file changed, 3287 insertions(+)
 create mode 100644 jesteburg/snapshots/snapshot_2026-05-20_1000.csv

Padel Tracker [halstenbek] — 2026-05-20 10:00 Uhr
Scanne 15 Tage (2026-05-20 bis 2026-06-03)

  Tag +00  2026-05-20  →  139 freie Slots (8 Courts)
  Tag +01  2026-05-21  →  259 freie Slots (9 Courts)
  Tag +02  2026-05-22  →  90 freie Slots (9 Courts)
  Tag +03  2026-05-23  →  10 freie Slots (6 Courts)
  Tag +04  2026-05-24  →  15 freie Slots (7 Courts)
  Tag +05  2026-05-25  →  21 freie Slots (8 Courts)
  Tag +06  2026-05-26  →  218 freie Slots (9 Courts)
  Tag +07  2026-05-27  →  354 freie Slots (9 Courts)
  Tag +08  2026-05-28  →  397 freie Slots (9 Courts)
  Tag +09  2026-05-29  →  269 freie Slots (9 Courts)
  Tag +10  2026-05-30  →  136 freie Slots (9 Courts)
  Tag +11  2026-05-31  →  31 freie Slots (8 Courts)
  Tag +12  2026-06-01  →  355 freie Slots (9 Courts)
  Tag +13  2026-06-02  →  428 freie Slots (9 Courts)
  Tag +14  2026-06-03  →  20 freie Slots (9 Courts)
  ✓ 2742 Zeilen → /root/padel-tracking/halstenbek/snapshots/snapshot_2026-05-20_1000.csv

Fertig. 2742 Zeilen gesamt.

[main 618010d] snapshot [halstenbek]: 2026-05-20 10:00
 1 file changed, 2743 insertions(+)
 create mode 100644 halstenbek/snapshots/snapshot_2026-05-20_1000.csv
warning: fetch updated the current branch head.
fast-forwarding your working tree from
commit cf5cd128d53365c875ecfbfb96312bbfca999532.
error: The following untracked working tree files would be overwritten by merge:
	halstenbek/snapshots/snapshot_2026-05-20_1000.csv
Please move or remove them before you merge.
Aborting
fatal: Cannot fast-forward your working tree.
After making sure that you saved anything precious from
$ git diff cf5cd128d53365c875ecfbfb96312bbfca999532
output, run
$ git reset --hard
to recover.
fatal: Cannot rebase onto multiple branches.

Padel Tracker [jesteburg] — 2026-05-20 10:01 Uhr
Scanne 15 Tage (2026-05-20 bis 2026-06-03)

  Tag +00  2026-05-20  →  107 freie Slots (4 Courts)
  Tag +01  2026-05-21  →  238 freie Slots (4 Courts)
  Tag +02  2026-05-22  →  174 freie Slots (4 Courts)
  Tag +03  2026-05-23  →  234 freie Slots (4 Courts)
  Tag +04  2026-05-24  →  287 freie Slots (4 Courts)
  Tag +05  2026-05-25  →  262 freie Slots (4 Courts)
  Tag +06  2026-05-26  →  303 freie Slots (4 Courts)
  Tag +07  2026-05-27  →  217 freie Slots (4 Courts)
  Tag +08  2026-05-28  →  259 freie Slots (4 Courts)
  Tag +09  2026-05-29  →  202 freie Slots (4 Courts)
  Tag +10  2026-05-30  →  46 freie Slots (1 Courts)
  Tag +11  2026-05-31  →  303 freie Slots (4 Courts)
  Tag +12  2026-06-01  →  324 freie Slots (4 Courts)
  Tag +13  2026-06-02  →  270 freie Slots (4 Courts)
  Tag +14  2026-06-03  →  60 freie Slots (4 Courts)
  ✓ 3286 Zeilen → /root/padel-tracking/jesteburg/snapshots/snapshot_2026-05-20_1001.csv

Fertig. 3286 Zeilen gesamt.

[main 9d8917a] snapshot [jesteburg]: 2026-05-20 10:01
 1 file changed, 3287 insertions(+)
 create mode 100644 jesteburg/snapshots/snapshot_2026-05-20_1001.csv
Current branch main is up to date.

Padel Tracker [halstenbek] — 2026-05-20 10:01 Uhr
Scanne 15 Tage (2026-05-20 bis 2026-06-03)

  Tag +00  2026-05-20  →  139 freie Slots (8 Courts)
  Tag +01  2026-05-21  →  259 freie Slots (9 Courts)
  Tag +02  2026-05-22  →  90 freie Slots (9 Courts)
  Tag +03  2026-05-23  →  10 freie Slots (6 Courts)
  Tag +04  2026-05-24  →  15 freie Slots (7 Courts)
  Tag +05  2026-05-25  →  21 freie Slots (8 Courts)
  Tag +06  2026-05-26  →  218 freie Slots (9 Courts)
  Tag +07  2026-05-27  →  354 freie Slots (9 Courts)
  Tag +08  2026-05-28  →  397 freie Slots (9 Courts)
  Tag +09  2026-05-29  →  269 freie Slots (9 Courts)
  Tag +10  2026-05-30  →  136 freie Slots (9 Courts)
  Tag +11  2026-05-31  →  31 freie Slots (8 Courts)
  Tag +12  2026-06-01  →  355 freie Slots (9 Courts)
  Tag +13  2026-06-02  →  428 freie Slots (9 Courts)
  Tag +14  2026-06-03  →  20 freie Slots (9 Courts)
  ✓ 2742 Zeilen → /root/padel-tracking/halstenbek/snapshots/snapshot_2026-05-20_1001.csv

Fertig. 2742 Zeilen gesamt.

[main 77185e1] snapshot [halstenbek]: 2026-05-20 10:01
 1 file changed, 2743 insertions(+)
 create mode 100644 halstenbek/snapshots/snapshot_2026-05-20_1001.csv
Current branch main is up to date.
To https://github.com/JoelDoener/padel-tracking.git
   4a32f36..9d8917a  main -> main
Gepusht [jesteburg]: 2026-05-20 10:01
To https://github.com/JoelDoener/padel-tracking.git
 ! [remote rejected] main -> main (cannot lock ref 'refs/heads/main': is at 77185e109aad6b219b49855ba1024ad1c1a93edc but expected 4a32f3658078311ac691fffdc1c91acfc0ae8804)
error: failed to push some refs to 'https://github.com/JoelDoener/padel-tracking.git'
