datum_snapshot,datum_slot,uhrzeit_slot,dauer_minuten,court,preis,status,tage_im_voraus
2026-05-20T09:53:59,2026-05-20,10:00,60,Court 1,24.0,frei,0
2026-05-20T09:53:59,2026-05-20,10:00,90,Court 1,36.0,frei,0
2026-05-20T09:53:59,2026-05-20,10:00,120,Court 1,48.0,frei,0
2026-05-20T09:53:59,2026-05-20,10:30,60,Court 1,24.0,frei,0
2026-05-20T09:53:59,2026-05-20,10:30,90,Court 1,36.0,frei,0
2026-05-20T09:53:59,2026-05-20,10:30,120,Court 1,48.0,frei,0
2026-05-20T09:53:59,2026-05-20,11:00,60,Court 1,24.0,frei,0
2026-05-20T09:53:59,2026-05-20,11:00,90,Court 1,36.0,frei,0
2026-05-20T09:53:59,2026-05-20,11:00,120,Court 1,48.0,frei,0
2026-05-20T09:53:59,2026-05-20,11:30,60,Court 1,24.0,frei,0
2026-05-20T09:53:59,2026-05-20,11:30,90,Court 1,36.0,frei,0
2026-05-20T09:53:59,2026-05-20,11:30,120,Court 1,48.0,frei,0
2026-05-20T09:53:59,2026-05-20,12:00,60,Court 1,24.0,frei,0
2026-05-20T09:53:59,2026-05-20,12:00,90,Court 1,36.0,frei,0
2026-05-20T09:53:59,2026-05-20,12:00,120,Court 1,48.0,frei,0
2026-05-20T09:53:59,2026-05-20,12:30,60,Court 1,24.0,frei,0
2026-05-20T09:53:59,2026-05-20,12:30,90,Court 1,36.0,frei,0
2026-05-20T09:53:59,2026-05-20,12:30,120,Court 1,48.0,frei,0
2026-05-20T09:53:59,2026-05-20,13:00,60,Court 1,24.0,frei,0
2026-05-20T09:53:59,2026-05-20,13:00,90,Court 1,36.0,frei,0
2026-05-20T09:53:59,2026-05-20,13:00,120,Court 1,48.0,frei,0
2026-05-20T09:53:59,2026-05-20,13:30,60,Court 1,24.0,frei,0
2026-05-20T09:53:59,2026-05-20,13:30,90,Court 1,36.0,frei,0
2026-05-20T09:53:59,2026-05-20,13:30,120,Court 1,48.0,frei,0
2026-05-20T09:53:59,2026-05-20,14:00,60,Court 1,24.0,frei,0
2026-05-20T09:53:59,2026-05-20,14:00,90,Court 1,36.0,frei,0
2026-05-20T09:53:59,2026-05-20,14:00,120,Court 1,48.0,frei,0
2026-05-20T09:53:59,2026-05-20,14:30,60,Court 1,24.0,frei,0
2026-05-20T09:53:59,2026-05-20,14:30,90,Court 1,36.0,frei,0
2026-05-20T09:53:59,2026-05-20,14:30,120,Court 1,56.0,frei,0
2026-05-20T09:53:59,2026-05-20,15:00,60,Court 1,24.0,frei,0
2026-05-20T09:53:59,2026-05-20,15:00,90,Court 1,44.0,frei,0
2026-05-20T09:53:59,2026-05-20,15:00,120,Court 1,64.0,frei,0
2026-05-20T09:53:59,2026-05-20,15:30,60,Court 1,32.0,frei,0
2026-05-20T09:53:59,2026-05-20,15:30,90,Court 1,52.0,frei,0
2026-05-20T09:53:59,2026-05-20,16:00,60,Court 1,40.0,frei,0
2026-05-20T09:53:59,2026-05-20,16:00,120,Court 1,80.0,frei,0
2026-05-20T09:53:59,2026-05-20,16:30,90,Court 1,60.0,frei,0
2026-05-20T09:53:59,2026-05-20,17:00,60,Court 1,40.0,frei,0
2026-05-20T09:53:59,2026-05-20,22:00,60,Court 1,40.0,frei,0
2026-05-20T09:53:59,2026-05-20,10:00,60,Court 2,24.0,frei,0
2026-05-20T09:53:59,2026-05-20,10:00,90,Court 2,36.0,frei,0
2026-05-20T09:53:59,2026-05-20,10:00,120,Court 2,48.0,frei,0
2026-05-20T09:53:59,2026-05-20,10:30,60,Court 2,24.0,frei,0
2026-05-20T09:53:59,2026-05-20,10:30,90,Court 2,36.0,frei,0
2026-05-20T09:53:59,2026-05-20,10:30,120,Court 2,48.0,frei,0
2026-05-20T09:53:59,2026-05-20,11:00,60,Court 2,24.0,frei,0
2026-05-20T09:53:59,2026-05-20,11:00,90,Court 2,36.0,frei,0
2026-05-20T09:53:59,2026-05-20,11:00,120,Court 2,48.0,frei,0
2026-05-20T09:53:59,2026-05-20,11:30,60,Court 2,24.0,frei,0
2026-05-20T09:53:59,2026-05-20,11:30,90,Court 2,36.0,frei,0
2026-05-20T09:53:59,2026-05-20,11:30,120,Court 2,48.0,frei,0
2026-05-20T09:53:59,2026-05-20,12:00,60,Court 2,24.0,frei,0
2026-05-20T09:53:59,2026-05-20,12:00,90,Court 2,36.0,frei,0
2026-05-20T09:53:59,2026-05-20,12:00,120,Court 2,48.0,frei,0
2026-05-20T09:53:59,2026-05-20,12:30,60,Court 2,24.0,frei,0
2026-05-20T09:53:59,2026-05-20,12:30,90,Court 2,36.0,frei,0
2026-05-20T09:53:59,2026-05-20,12:30,120,Court 2,48.0,frei,0
2026-05-20T09:53:59,2026-05-20,13:00,60,Court 2,24.0,frei,0
2026-05-20T09:53:59,2026-05-20,13:00,90,Court 2,36.0,frei,0
2026-05-20T09:53:59,2026-05-20,13:00,120,Court 2,48.0,frei,0
2026-05-20T09:53:59,2026-05-20,13:30,60,Court 2,24.0,frei,0
2026-05-20T09:53:59,2026-05-20,13:30,90,Court 2,36.0,frei,0
2026-05-20T09:53:59,2026-05-20,13:30,120,Court 2,48.0,frei,0
2026-05-20T09:53:59,2026-05-20,14:00,60,Court 2,24.0,frei,0
2026-05-20T09:53:59,2026-05-20,14:00,90,Court 2,36.0,frei,0
2026-05-20T09:53:59,2026-05-20,14:00,120,Court 2,48.0,frei,0
2026-05-20T09:53:59,2026-05-20,14:30,60,Court 2,24.0,frei,0
2026-05-20T09:53:59,2026-05-20,14:30,90,Court 2,36.0,frei,0
2026-05-20T09:53:59,2026-05-20,14:30,120,Court 2,56.0,frei,0
2026-05-20T09:53:59,2026-05-20,15:00,60,Court 2,24.0,frei,0
2026-05-20T09:53:59,2026-05-20,15:00,90,Court 2,44.0,frei,0
2026-05-20T09:53:59,2026-05-20,15:00,120,Court 2,64.0,frei,0
2026-05-20T09:53:59,2026-05-20,15:30,60,Court 2,32.0,frei,0
2026-05-20T09:53:59,2026-05-20,15:30,90,Court 2,52.0,frei,0
2026-05-20T09:53:59,2026-05-20,16:00,60,Court 2,40.0,frei,0
2026-05-20T09:53:59,2026-05-20,16:00,120,Court 2,80.0,frei,0
2026-05-20T09:53:59,2026-05-20,16:30,90,Court 2,60.0,frei,0
2026-05-20T09:53:59,2026-05-20,17:00,60,Court 2,40.0,frei,0
2026-05-20T09:53:59,2026-05-20,22:00,60,Court 2,40.0,frei,0
2026-05-20T09:53:59,2026-05-20,10:00,60,Court 3,24.0,frei,0
2026-05-20T09:53:59,2026-05-20,10:00,90,Court 3,36.0,frei,0
2026-05-20T09:53:59,2026-05-20,10:00,120,Court 3,48.0,frei,0
2026-05-20T09:53:59,2026-05-20,10:30,60,Court 3,24.0,frei,0
2026-05-20T09:53:59,2026-05-20,10:30,90,Court 3,36.0,frei,0
2026-05-20T09:53:59,2026-05-20,10:30,120,Court 3,48.0,frei,0
2026-05-20T09:53:59,2026-05-20,11:00,60,Court 3,24.0,frei,0
2026-05-20T09:53:59,2026-05-20,11:00,90,Court 3,36.0,frei,0
2026-05-20T09:53:59,2026-05-20,11:00,120,Court 3,48.0,frei,0
2026-05-20T09:53:59,2026-05-20,11:30,60,Court 3,24.0,frei,0
2026-05-20T09:53:59,2026-05-20,11:30,90,Court 3,36.0,frei,0
2026-05-20T09:53:59,2026-05-20,11:30,120,Court 3,48.0,frei,0
2026-05-20T09:53:59,2026-05-20,12:00,60,Court 3,24.0,frei,0
2026-05-20T09:53:59,2026-05-20,12:00,90,Court 3,36.0,frei,0
2026-05-20T09:53:59,2026-05-20,12:00,120,Court 3,48.0,frei,0
2026-05-20T09:53:59,2026-05-20,12:30,60,Court 3,24.0,frei,0
2026-05-20T09:53:59,2026-05-20,12:30,90,Court 3,36.0,frei,0
2026-05-20T09:53:59,2026-05-20,12:30,120,Court 3,48.0,frei,0
2026-05-20T09:53:59,2026-05-20,13:00,60,Court 3,24.0,frei,0
2026-05-20T09:53:59,2026-05-20,13:00,90,Court 3,36.0,frei,0
2026-05-20T09:53:59,2026-05-20,13:00,120,Court 3,48.0,frei,0
2026-05-20T09:53:59,2026-05-20,13:30,60,Court 3,24.0,frei,0
2026-05-20T09:53:59,2026-05-20,13:30,90,Court 3,36.0,frei,0
2026-05-20T09:53:59,2026-05-20,13:30,120,Court 3,48.0,frei,0
2026-05-20T09:53:59,2026-05-20,14:00,60,Court 3,24.0,frei,0
2026-05-20T09:53:59,2026-05-20,14:00,90,Court 3,36.0,frei,0
2026-05-20T09:53:59,2026-05-20,14:00,120,Court 3,48.0,frei,0
2026-05-20T09:53:59,2026-05-20,14:30,60,Court 3,24.0,frei,0
2026-05-20T09:53:59,2026-05-20,14:30,90,Court 3,36.0,frei,0
2026-05-20T09:53:59,2026-05-20,15:00,60,Court 3,24.0,frei,0
2026-05-20T09:53:59,2026-05-20,15:00,120,Court 3,64.0,frei,0
2026-05-20T09:53:59,2026-05-20,15:30,90,Court 3,52.0,frei,0
2026-05-20T09:53:59,2026-05-20,16:00,60,Court 3,40.0,frei,0
2026-05-20T09:53:59,2026-05-20,18:30,90,Court 3,60.0,frei,0
2026-05-20T09:53:59,2026-05-20,21:30,90,Court 3,60.0,frei,0
2026-05-20T09:53:59,2026-05-20,10:00,60,Court 4,24.0,frei,0
2026-05-20T09:53:59,2026-05-20,12:00,60,Court 4,24.0,frei,0
2026-05-20T09:53:59,2026-05-20,12:00,90,Court 4,36.0,frei,0
2026-05-20T09:53:59,2026-05-20,12:00,120,Court 4,48.0,frei,0
2026-05-20T09:53:59,2026-05-20,13:00,60,Court 4,24.0,frei,0
2026-05-20T09:53:59,2026-05-20,13:00,90,Court 4,36.0,frei,0
2026-05-20T09:53:59,2026-05-20,13:00,120,Court 4,48.0,frei,0
2026-05-20T09:53:59,2026-05-20,13:30,60,Court 4,24.0,frei,0
2026-05-20T09:53:59,2026-05-20,13:30,90,Court 4,36.0,frei,0
2026-05-20T09:53:59,2026-05-20,14:00,60,Court 4,24.0,frei,0
2026-05-20T09:53:59,2026-05-20,14:00,120,Court 4,48.0,frei,0
2026-05-20T09:53:59,2026-05-20,14:30,90,Court 4,36.0,frei,0
2026-05-20T09:53:59,2026-05-20,15:00,60,Court 4,24.0,frei,0
2026-05-20T09:53:59,2026-05-20,22:00,60,Court 4,40.0,frei,0
2026-05-20T09:53:59,2026-05-21,08:00,60,Court 2,24.0,frei,1
2026-05-20T09:53:59,2026-05-21,08:00,90,Court 2,36.0,frei,1
2026-05-20T09:53:59,2026-05-21,08:00,120,Court 2,48.0,frei,1
2026-05-20T09:53:59,2026-05-21,08:30,60,Court 2,24.0,frei,1
2026-05-20T09:53:59,2026-05-21,08:30,90,Court 2,36.0,frei,1
2026-05-20T09:53:59,2026-05-21,08:30,120,Court 2,48.0,frei,1
2026-05-20T09:53:59,2026-05-21,09:00,60,Court 2,24.0,frei,1
2026-05-20T09:53:59,2026-05-21,09:00,90,Court 2,36.0,frei,1
2026-05-20T09:53:59,2026-05-21,09:00,120,Court 2,48.0,frei,1
2026-05-20T09:53:59,2026-05-21,09:30,60,Court 2,24.0,frei,1
2026-05-20T09:53:59,2026-05-21,09:30,90,Court 2,36.0,frei,1
2026-05-20T09:53:59,2026-05-21,09:30,120,Court 2,48.0,frei,1
2026-05-20T09:53:59,2026-05-21,10:00,60,Court 2,24.0,frei,1
2026-05-20T09:53:59,2026-05-21,10:00,90,Court 2,36.0,frei,1
2026-05-20T09:53:59,2026-05-21,10:00,120,Court 2,48.0,frei,1
2026-05-20T09:53:59,2026-05-21,10:30,60,Court 2,24.0,frei,1
2026-05-20T09:53:59,2026-05-21,10:30,90,Court 2,36.0,frei,1
2026-05-20T09:53:59,2026-05-21,10:30,120,Court 2,48.0,frei,1
2026-05-20T09:53:59,2026-05-21,11:00,60,Court 2,24.0,frei,1
2026-05-20T09:53:59,2026-05-21,11:00,90,Court 2,36.0,frei,1
2026-05-20T09:53:59,2026-05-21,11:00,120,Court 2,48.0,frei,1
2026-05-20T09:53:59,2026-05-21,11:30,60,Court 2,24.0,frei,1
2026-05-20T09:53:59,2026-05-21,11:30,90,Court 2,36.0,frei,1
2026-05-20T09:53:59,2026-05-21,11:30,120,Court 2,48.0,frei,1
2026-05-20T09:53:59,2026-05-21,12:00,60,Court 2,24.0,frei,1
2026-05-20T09:53:59,2026-05-21,12:00,90,Court 2,36.0,frei,1
2026-05-20T09:53:59,2026-05-21,12:00,120,Court 2,48.0,frei,1
2026-05-20T09:53:59,2026-05-21,12:30,60,Court 2,24.0,frei,1
2026-05-20T09:53:59,2026-05-21,12:30,90,Court 2,36.0,frei,1
2026-05-20T09:53:59,2026-05-21,12:30,120,Court 2,48.0,frei,1
2026-05-20T09:53:59,2026-05-21,13:00,60,Court 2,24.0,frei,1
2026-05-20T09:53:59,2026-05-21,13:00,90,Court 2,36.0,frei,1
2026-05-20T09:53:59,2026-05-21,13:00,120,Court 2,48.0,frei,1
2026-05-20T09:53:59,2026-05-21,13:30,60,Court 2,24.0,frei,1
2026-05-20T09:53:59,2026-05-21,13:30,90,Court 2,36.0,frei,1
2026-05-20T09:53:59,2026-05-21,13:30,120,Court 2,48.0,frei,1
2026-05-20T09:53:59,2026-05-21,14:00,60,Court 2,24.0,frei,1
2026-05-20T09:53:59,2026-05-21,14:00,90,Court 2,36.0,frei,1
2026-05-20T09:53:59,2026-05-21,14:00,120,Court 2,48.0,frei,1
2026-05-20T09:53:59,2026-05-21,14:30,60,Court 2,24.0,frei,1
2026-05-20T09:53:59,2026-05-21,14:30,90,Court 2,36.0,frei,1
2026-05-20T09:53:59,2026-05-21,14:30,120,Court 2,56.0,frei,1
2026-05-20T09:53:59,2026-05-21,15:00,60,Court 2,24.0,frei,1
2026-05-20T09:53:59,2026-05-21,15:00,90,Court 2,44.0,frei,1
2026-05-20T09:53:59,2026-05-21,15:00,120,Court 2,64.0,frei,1
2026-05-20T09:53:59,2026-05-21,15:30,60,Court 2,32.0,frei,1
2026-05-20T09:53:59,2026-05-21,15:30,90,Court 2,52.0,frei,1
2026-05-20T09:53:59,2026-05-21,15:30,120,Court 2,72.0,frei,1
2026-05-20T09:53:59,2026-05-21,16:00,60,Court 2,40.0,frei,1
2026-05-20T09:53:59,2026-05-21,16:00,90,Court 2,60.0,frei,1
2026-05-20T09:53:59,2026-05-21,16:00,120,Court 2,80.0,frei,1
2026-05-20T09:53:59,2026-05-21,16:30,60,Court 2,40.0,frei,1
2026-05-20T09:53:59,2026-05-21,16:30,90,Court 2,60.0,frei,1
2026-05-20T09:53:59,2026-05-21,17:00,60,Court 2,40.0,frei,1
2026-05-20T09:53:59,2026-05-21,17:00,120,Court 2,80.0,frei,1
2026-05-20T09:53:59,2026-05-21,17:30,90,Court 2,60.0,frei,1
2026-05-20T09:53:59,2026-05-21,18:00,60,Court 2,40.0,frei,1
2026-05-20T09:53:59,2026-05-21,20:30,60,Court 2,40.0,frei,1
2026-05-20T09:53:59,2026-05-21,20:30,90,Court 2,60.0,frei,1
2026-05-20T09:53:59,2026-05-21,21:30,90,Court 2,60.0,frei,1
2026-05-20T09:53:59,2026-05-21,22:00,60,Court 2,40.0,frei,1
2026-05-20T09:53:59,2026-05-21,08:00,60,Court 3,24.0,frei,1
2026-05-20T09:53:59,2026-05-21,08:00,90,Court 3,36.0,frei,1
2026-05-20T09:53:59,2026-05-21,08:00,120,Court 3,48.0,frei,1
2026-05-20T09:53:59,2026-05-21,08:30,60,Court 3,24.0,frei,1
2026-05-20T09:53:59,2026-05-21,08:30,90,Court 3,36.0,frei,1
2026-05-20T09:53:59,2026-05-21,08:30,120,Court 3,48.0,frei,1
2026-05-20T09:53:59,2026-05-21,09:00,60,Court 3,24.0,frei,1
2026-05-20T09:53:59,2026-05-21,09:00,90,Court 3,36.0,frei,1
2026-05-20T09:53:59,2026-05-21,09:00,120,Court 3,48.0,frei,1
2026-05-20T09:53:59,2026-05-21,09:30,60,Court 3,24.0,frei,1
2026-05-20T09:53:59,2026-05-21,09:30,90,Court 3,36.0,frei,1
2026-05-20T09:53:59,2026-05-21,09:30,120,Court 3,48.0,frei,1
2026-05-20T09:53:59,2026-05-21,10:00,60,Court 3,24.0,frei,1
2026-05-20T09:53:59,2026-05-21,10:00,90,Court 3,36.0,frei,1
2026-05-20T09:53:59,2026-05-21,10:00,120,Court 3,48.0,frei,1
2026-05-20T09:53:59,2026-05-21,10:30,60,Court 3,24.0,frei,1
2026-05-20T09:53:59,2026-05-21,10:30,90,Court 3,36.0,frei,1
2026-05-20T09:53:59,2026-05-21,10:30,120,Court 3,48.0,frei,1
2026-05-20T09:53:59,2026-05-21,11:00,60,Court 3,24.0,frei,1
2026-05-20T09:53:59,2026-05-21,11:00,90,Court 3,36.0,frei,1
2026-05-20T09:53:59,2026-05-21,11:00,120,Court 3,48.0,frei,1
2026-05-20T09:53:59,2026-05-21,11:30,60,Court 3,24.0,frei,1
2026-05-20T09:53:59,2026-05-21,11:30,90,Court 3,36.0,frei,1
2026-05-20T09:53:59,2026-05-21,11:30,120,Court 3,48.0,frei,1
2026-05-20T09:53:59,2026-05-21,12:00,60,Court 3,24.0,frei,1
2026-05-20T09:53:59,2026-05-21,12:00,90,Court 3,36.0,frei,1
2026-05-20T09:53:59,2026-05-21,12:00,120,Court 3,48.0,frei,1
2026-05-20T09:53:59,2026-05-21,12:30,60,Court 3,24.0,frei,1
2026-05-20T09:53:59,2026-05-21,12:30,90,Court 3,36.0,frei,1
2026-05-20T09:53:59,2026-05-21,12:30,120,Court 3,48.0,frei,1
2026-05-20T09:53:59,2026-05-21,13:00,60,Court 3,24.0,frei,1
2026-05-20T09:53:59,2026-05-21,13:00,90,Court 3,36.0,frei,1
2026-05-20T09:53:59,2026-05-21,13:00,120,Court 3,48.0,frei,1
2026-05-20T09:53:59,2026-05-21,13:30,60,Court 3,24.0,frei,1
2026-05-20T09:53:59,2026-05-21,13:30,90,Court 3,36.0,frei,1
2026-05-20T09:53:59,2026-05-21,13:30,120,Court 3,48.0,frei,1
2026-05-20T09:53:59,2026-05-21,14:00,60,Court 3,24.0,frei,1
2026-05-20T09:53:59,2026-05-21,14:00,90,Court 3,36.0,frei,1
2026-05-20T09:53:59,2026-05-21,14:00,120,Court 3,48.0,frei,1
2026-05-20T09:53:59,2026-05-21,14:30,60,Court 3,24.0,frei,1
2026-05-20T09:53:59,2026-05-21,14:30,90,Court 3,36.0,frei,1
2026-05-20T09:53:59,2026-05-21,14:30,120,Court 3,56.0,frei,1
2026-05-20T09:53:59,2026-05-21,15:00,60,Court 3,24.0,frei,1
2026-05-20T09:53:59,2026-05-21,15:00,90,Court 3,44.0,frei,1
2026-05-20T09:53:59,2026-05-21,15:00,120,Court 3,64.0,frei,1
2026-05-20T09:53:59,2026-05-21,15:30,60,Court 3,32.0,frei,1
2026-05-20T09:53:59,2026-05-21,15:30,90,Court 3,52.0,frei,1
2026-05-20T09:53:59,2026-05-21,15:30,120,Court 3,72.0,frei,1
2026-05-20T09:53:59,2026-05-21,16:00,60,Court 3,40.0,frei,1
2026-05-20T09:53:59,2026-05-21,16:00,90,Court 3,60.0,frei,1
2026-05-20T09:53:59,2026-05-21,16:00,120,Court 3,80.0,frei,1
2026-05-20T09:53:59,2026-05-21,16:30,60,Court 3,40.0,frei,1
2026-05-20T09:53:59,2026-05-21,16:30,90,Court 3,60.0,frei,1
2026-05-20T09:53:59,2026-05-21,16:30,120,Court 3,80.0,frei,1
2026-05-20T09:53:59,2026-05-21,17:00,60,Court 3,40.0,frei,1
2026-05-20T09:53:59,2026-05-21,17:00,90,Court 3,60.0,frei,1
2026-05-20T09:53:59,2026-05-21,17:00,120,Court 3,80.0,frei,1
2026-05-20T09:53:59,2026-05-21,17:30,60,Court 3,40.0,frei,1
2026-05-20T09:53:59,2026-05-21,17:30,90,Court 3,60.0,frei,1
2026-05-20T09:53:59,2026-05-21,17:30,120,Court 3,80.0,frei,1
2026-05-20T09:53:59,2026-05-21,18:00,60,Court 3,40.0,frei,1
2026-05-20T09:53:59,2026-05-21,18:00,90,Court 3,60.0,frei,1
2026-05-20T09:53:59,2026-05-21,18:30,60,Court 3,40.0,frei,1
2026-05-20T09:53:59,2026-05-21,18:30,120,Court 3,80.0,frei,1
2026-05-20T09:53:59,2026-05-21,19:00,90,Court 3,60.0,frei,1
2026-05-20T09:53:59,2026-05-21,19:30,60,Court 3,40.0,frei,1
2026-05-20T09:53:59,2026-05-21,22:00,60,Court 3,40.0,frei,1
2026-05-20T09:53:59,2026-05-21,08:00,60,Court 4,24.0,frei,1
2026-05-20T09:53:59,2026-05-21,08:00,90,Court 4,36.0,frei,1
2026-05-20T09:53:59,2026-05-21,08:00,120,Court 4,48.0,frei,1
2026-05-20T09:53:59,2026-05-21,08:30,60,Court 4,24.0,frei,1
2026-05-20T09:53:59,2026-05-21,08:30,90,Court 4,36.0,frei,1
2026-05-20T09:53:59,2026-05-21,08:30,120,Court 4,48.0,frei,1
2026-05-20T09:53:59,2026-05-21,09:00,60,Court 4,24.0,frei,1
2026-05-20T09:53:59,2026-05-21,09:00,90,Court 4,36.0,frei,1
2026-05-20T09:53:59,2026-05-21,09:00,120,Court 4,48.0,frei,1
2026-05-20T09:53:59,2026-05-21,09:30,60,Court 4,24.0,frei,1
2026-05-20T09:53:59,2026-05-21,09:30,90,Court 4,36.0,frei,1
2026-05-20T09:53:59,2026-05-21,09:30,120,Court 4,48.0,frei,1
2026-05-20T09:53:59,2026-05-21,10:00,60,Court 4,24.0,frei,1
2026-05-20T09:53:59,2026-05-21,10:00,90,Court 4,36.0,frei,1
2026-05-20T09:53:59,2026-05-21,10:00,120,Court 4,48.0,frei,1
2026-05-20T09:53:59,2026-05-21,10:30,60,Court 4,24.0,frei,1
2026-05-20T09:53:59,2026-05-21,10:30,90,Court 4,36.0,frei,1
2026-05-20T09:53:59,2026-05-21,10:30,120,Court 4,48.0,frei,1
2026-05-20T09:53:59,2026-05-21,11:00,60,Court 4,24.0,frei,1
2026-05-20T09:53:59,2026-05-21,11:00,90,Court 4,36.0,frei,1
2026-05-20T09:53:59,2026-05-21,11:00,120,Court 4,48.0,frei,1
2026-05-20T09:53:59,2026-05-21,11:30,60,Court 4,24.0,frei,1
2026-05-20T09:53:59,2026-05-21,11:30,90,Court 4,36.0,frei,1
2026-05-20T09:53:59,2026-05-21,11:30,120,Court 4,48.0,frei,1
2026-05-20T09:53:59,2026-05-21,12:00,60,Court 4,24.0,frei,1
2026-05-20T09:53:59,2026-05-21,12:00,90,Court 4,36.0,frei,1
2026-05-20T09:53:59,2026-05-21,12:00,120,Court 4,48.0,frei,1
2026-05-20T09:53:59,2026-05-21,12:30,60,Court 4,24.0,frei,1
2026-05-20T09:53:59,2026-05-21,12:30,90,Court 4,36.0,frei,1
2026-05-20T09:53:59,2026-05-21,12:30,120,Court 4,48.0,frei,1
2026-05-20T09:53:59,2026-05-21,13:00,60,Court 4,24.0,frei,1
2026-05-20T09:53:59,2026-05-21,13:00,90,Court 4,36.0,frei,1
2026-05-20T09:53:59,2026-05-21,13:00,120,Court 4,48.0,frei,1
2026-05-20T09:53:59,2026-05-21,13:30,60,Court 4,24.0,frei,1
2026-05-20T09:53:59,2026-05-21,13:30,90,Court 4,36.0,frei,1
2026-05-20T09:53:59,2026-05-21,13:30,120,Court 4,48.0,frei,1
2026-05-20T09:53:59,2026-05-21,14:00,60,Court 4,24.0,frei,1
2026-05-20T09:53:59,2026-05-21,14:00,90,Court 4,36.0,frei,1
2026-05-20T09:53:59,2026-05-21,14:00,120,Court 4,48.0,frei,1
2026-05-20T09:53:59,2026-05-21,14:30,60,Court 4,24.0,frei,1
2026-05-20T09:53:59,2026-05-21,14:30,90,Court 4,36.0,frei,1
2026-05-20T09:53:59,2026-05-21,15:00,60,Court 4,24.0,frei,1
2026-05-20T09:53:59,2026-05-21,15:00,120,Court 4,64.0,frei,1
2026-05-20T09:53:59,2026-05-21,15:30,90,Court 4,52.0,frei,1
2026-05-20T09:53:59,2026-05-21,16:00,60,Court 4,40.0,frei,1
2026-05-20T09:53:59,2026-05-21,18:30,90,Court 4,60.0,frei,1
2026-05-20T09:53:59,2026-05-21,22:00,60,Court 4,40.0,frei,1
2026-05-20T09:53:59,2026-05-21,08:00,60,Court 1,24.0,frei,1
2026-05-20T09:53:59,2026-05-21,08:00,90,Court 1,36.0,frei,1
2026-05-20T09:53:59,2026-05-21,08:00,120,Court 1,48.0,frei,1
2026-05-20T09:53:59,2026-05-21,08:30,60,Court 1,24.0,frei,1
2026-05-20T09:53:59,2026-05-21,08:30,90,Court 1,36.0,frei,1
2026-05-20T09:53:59,2026-05-21,08:30,120,Court 1,48.0,frei,1
2026-05-20T09:53:59,2026-05-21,09:00,60,Court 1,24.0,frei,1
2026-05-20T09:53:59,2026-05-21,09:00,90,Court 1,36.0,frei,1
2026-05-20T09:53:59,2026-05-21,09:00,120,Court 1,48.0,frei,1
2026-05-20T09:53:59,2026-05-21,09:30,60,Court 1,24.0,frei,1
2026-05-20T09:53:59,2026-05-21,09:30,90,Court 1,36.0,frei,1
2026-05-20T09:53:59,2026-05-21,09:30,120,Court 1,48.0,frei,1
2026-05-20T09:53:59,2026-05-21,10:00,60,Court 1,24.0,frei,1
2026-05-20T09:53:59,2026-05-21,10:00,90,Court 1,36.0,frei,1
2026-05-20T09:53:59,2026-05-21,10:00,120,Court 1,48.0,frei,1
2026-05-20T09:53:59,2026-05-21,10:30,60,Court 1,24.0,frei,1
2026-05-20T09:53:59,2026-05-21,10:30,90,Court 1,36.0,frei,1
2026-05-20T09:53:59,2026-05-21,10:30,120,Court 1,48.0,frei,1
2026-05-20T09:53:59,2026-05-21,11:00,60,Court 1,24.0,frei,1
2026-05-20T09:53:59,2026-05-21,11:00,90,Court 1,36.0,frei,1
2026-05-20T09:53:59,2026-05-21,11:00,120,Court 1,48.0,frei,1
2026-05-20T09:53:59,2026-05-21,11:30,60,Court 1,24.0,frei,1
2026-05-20T09:53:59,2026-05-21,11:30,90,Court 1,36.0,frei,1
2026-05-20T09:53:59,2026-05-21,11:30,120,Court 1,48.0,frei,1
2026-05-20T09:53:59,2026-05-21,12:00,60,Court 1,24.0,frei,1
2026-05-20T09:53:59,2026-05-21,12:00,90,Court 1,36.0,frei,1
2026-05-20T09:53:59,2026-05-21,12:00,120,Court 1,48.0,frei,1
2026-05-20T09:53:59,2026-05-21,12:30,60,Court 1,24.0,frei,1
2026-05-20T09:53:59,2026-05-21,12:30,90,Court 1,36.0,frei,1
2026-05-20T09:53:59,2026-05-21,12:30,120,Court 1,48.0,frei,1
2026-05-20T09:53:59,2026-05-21,13:00,60,Court 1,24.0,frei,1
2026-05-20T09:53:59,2026-05-21,13:00,90,Court 1,36.0,frei,1
2026-05-20T09:53:59,2026-05-21,13:00,120,Court 1,48.0,frei,1
2026-05-20T09:53:59,2026-05-21,13:30,60,Court 1,24.0,frei,1
2026-05-20T09:53:59,2026-05-21,13:30,90,Court 1,36.0,frei,1
2026-05-20T09:53:59,2026-05-21,13:30,120,Court 1,48.0,frei,1
2026-05-20T09:53:59,2026-05-21,14:00,60,Court 1,24.0,frei,1
2026-05-20T09:53:59,2026-05-21,14:00,90,Court 1,36.0,frei,1
2026-05-20T09:53:59,2026-05-21,14:00,120,Court 1,48.0,frei,1
2026-05-20T09:53:59,2026-05-21,14:30,60,Court 1,24.0,frei,1
2026-05-20T09:53:59,2026-05-21,14:30,90,Court 1,36.0,frei,1
2026-05-20T09:53:59,2026-05-21,14:30,120,Court 1,56.0,frei,1
2026-05-20T09:53:59,2026-05-21,15:00,60,Court 1,24.0,frei,1
2026-05-20T09:53:59,2026-05-21,15:00,90,Court 1,44.0,frei,1
2026-05-20T09:53:59,2026-05-21,15:00,120,Court 1,64.0,frei,1
2026-05-20T09:53:59,2026-05-21,15:30,60,Court 1,32.0,frei,1
2026-05-20T09:53:59,2026-05-21,15:30,90,Court 1,52.0,frei,1
2026-05-20T09:53:59,2026-05-21,15:30,120,Court 1,72.0,frei,1
2026-05-20T09:53:59,2026-05-21,16:00,60,Court 1,40.0,frei,1
2026-05-20T09:53:59,2026-05-21,16:00,90,Court 1,60.0,frei,1
2026-05-20T09:53:59,2026-05-21,16:00,120,Court 1,80.0,frei,1
2026-05-20T09:53:59,2026-05-21,16:30,60,Court 1,40.0,frei,1
2026-05-20T09:53:59,2026-05-21,16:30,90,Court 1,60.0,frei,1
2026-05-20T09:53:59,2026-05-21,16:30,120,Court 1,80.0,frei,1
2026-05-20T09:53:59,2026-05-21,17:00,60,Court 1,40.0,frei,1
2026-05-20T09:53:59,2026-05-21,17:00,90,Court 1,60.0,frei,1
2026-05-20T09:53:59,2026-05-21,17:30,60,Court 1,40.0,frei,1
2026-05-20T09:53:59,2026-05-21,17:30,120,Court 1,80.0,frei,1
2026-05-20T09:53:59,2026-05-21,18:00,90,Court 1,60.0,frei,1
2026-05-20T09:53:59,2026-05-21,18:30,60,Court 1,40.0,frei,1
2026-05-20T09:53:59,2026-05-21,21:00,60,Court 1,40.0,frei,1
2026-05-20T09:53:59,2026-05-21,21:00,120,Court 1,80.0,frei,1
2026-05-20T09:53:59,2026-05-21,22:00,60,Court 1,40.0,frei,1
2026-05-20T09:53:59,2026-05-22,08:00,60,Court 2,24.0,frei,2
2026-05-20T09:53:59,2026-05-22,08:00,90,Court 2,36.0,frei,2
2026-05-20T09:53:59,2026-05-22,08:00,120,Court 2,48.0,frei,2
2026-05-20T09:53:59,2026-05-22,08:30,60,Court 2,24.0,frei,2
2026-05-20T09:53:59,2026-05-22,08:30,90,Court 2,36.0,frei,2
2026-05-20T09:53:59,2026-05-22,08:30,120,Court 2,48.0,frei,2
2026-05-20T09:53:59,2026-05-22,09:00,60,Court 2,24.0,frei,2
2026-05-20T09:53:59,2026-05-22,09:00,90,Court 2,36.0,frei,2
2026-05-20T09:53:59,2026-05-22,09:00,120,Court 2,48.0,frei,2
2026-05-20T09:53:59,2026-05-22,09:30,60,Court 2,24.0,frei,2
2026-05-20T09:53:59,2026-05-22,09:30,90,Court 2,36.0,frei,2
2026-05-20T09:53:59,2026-05-22,09:30,120,Court 2,48.0,frei,2
2026-05-20T09:53:59,2026-05-22,10:00,60,Court 2,24.0,frei,2
2026-05-20T09:53:59,2026-05-22,10:00,90,Court 2,36.0,frei,2
2026-05-20T09:53:59,2026-05-22,10:00,120,Court 2,48.0,frei,2
2026-05-20T09:53:59,2026-05-22,10:30,60,Court 2,24.0,frei,2
2026-05-20T09:53:59,2026-05-22,10:30,90,Court 2,36.0,frei,2
2026-05-20T09:53:59,2026-05-22,10:30,120,Court 2,48.0,frei,2
2026-05-20T09:53:59,2026-05-22,11:00,60,Court 2,24.0,frei,2
2026-05-20T09:53:59,2026-05-22,11:00,90,Court 2,36.0,frei,2
2026-05-20T09:53:59,2026-05-22,11:00,120,Court 2,48.0,frei,2
2026-05-20T09:53:59,2026-05-22,11:30,60,Court 2,24.0,frei,2
2026-05-20T09:53:59,2026-05-22,11:30,90,Court 2,36.0,frei,2
2026-05-20T09:53:59,2026-05-22,11:30,120,Court 2,48.0,frei,2
2026-05-20T09:53:59,2026-05-22,12:00,60,Court 2,24.0,frei,2
2026-05-20T09:53:59,2026-05-22,12:00,90,Court 2,36.0,frei,2
2026-05-20T09:53:59,2026-05-22,12:00,120,Court 2,48.0,frei,2
2026-05-20T09:53:59,2026-05-22,12:30,60,Court 2,24.0,frei,2
2026-05-20T09:53:59,2026-05-22,12:30,90,Court 2,36.0,frei,2
2026-05-20T09:53:59,2026-05-22,12:30,120,Court 2,48.0,frei,2
2026-05-20T09:53:59,2026-05-22,13:00,60,Court 2,24.0,frei,2
2026-05-20T09:53:59,2026-05-22,13:00,90,Court 2,36.0,frei,2
2026-05-20T09:53:59,2026-05-22,13:00,120,Court 2,48.0,frei,2
2026-05-20T09:53:59,2026-05-22,13:30,60,Court 2,24.0,frei,2
2026-05-20T09:53:59,2026-05-22,13:30,90,Court 2,36.0,frei,2
2026-05-20T09:53:59,2026-05-22,13:30,120,Court 2,48.0,frei,2
2026-05-20T09:53:59,2026-05-22,14:00,60,Court 2,24.0,frei,2
2026-05-20T09:53:59,2026-05-22,14:00,90,Court 2,36.0,frei,2
2026-05-20T09:53:59,2026-05-22,14:00,120,Court 2,48.0,frei,2
2026-05-20T09:53:59,2026-05-22,14:30,60,Court 2,24.0,frei,2
2026-05-20T09:53:59,2026-05-22,14:30,90,Court 2,36.0,frei,2
2026-05-20T09:53:59,2026-05-22,14:30,120,Court 2,56.0,frei,2
2026-05-20T09:53:59,2026-05-22,15:00,60,Court 2,24.0,frei,2
2026-05-20T09:53:59,2026-05-22,15:00,90,Court 2,44.0,frei,2
2026-05-20T09:53:59,2026-05-22,15:00,120,Court 2,64.0,frei,2
2026-05-20T09:53:59,2026-05-22,15:30,60,Court 2,32.0,frei,2
2026-05-20T09:53:59,2026-05-22,15:30,90,Court 2,52.0,frei,2
2026-05-20T09:53:59,2026-05-22,16:00,60,Court 2,40.0,frei,2
2026-05-20T09:53:59,2026-05-22,16:00,120,Court 2,80.0,frei,2
2026-05-20T09:53:59,2026-05-22,16:30,90,Court 2,60.0,frei,2
2026-05-20T09:53:59,2026-05-22,17:00,60,Court 2,40.0,frei,2
2026-05-20T09:53:59,2026-05-22,21:00,60,Court 2,40.0,frei,2
2026-05-20T09:53:59,2026-05-22,08:00,60,Court 3,24.0,frei,2
2026-05-20T09:53:59,2026-05-22,08:00,90,Court 3,36.0,frei,2
2026-05-20T09:53:59,2026-05-22,08:00,120,Court 3,48.0,frei,2
2026-05-20T09:53:59,2026-05-22,08:30,60,Court 3,24.0,frei,2
2026-05-20T09:53:59,2026-05-22,08:30,90,Court 3,36.0,frei,2
2026-05-20T09:53:59,2026-05-22,08:30,120,Court 3,48.0,frei,2
2026-05-20T09:53:59,2026-05-22,09:00,60,Court 3,24.0,frei,2
2026-05-20T09:53:59,2026-05-22,09:00,90,Court 3,36.0,frei,2
2026-05-20T09:53:59,2026-05-22,09:00,120,Court 3,48.0,frei,2
2026-05-20T09:53:59,2026-05-22,09:30,60,Court 3,24.0,frei,2
2026-05-20T09:53:59,2026-05-22,09:30,90,Court 3,36.0,frei,2
2026-05-20T09:53:59,2026-05-22,10:00,60,Court 3,24.0,frei,2
2026-05-20T09:53:59,2026-05-22,10:00,120,Court 3,48.0,frei,2
2026-05-20T09:53:59,2026-05-22,10:30,90,Court 3,36.0,frei,2
2026-05-20T09:53:59,2026-05-22,11:00,60,Court 3,24.0,frei,2
2026-05-20T09:53:59,2026-05-22,13:00,60,Court 3,24.0,frei,2
2026-05-20T09:53:59,2026-05-22,13:00,90,Court 3,36.0,frei,2
2026-05-20T09:53:59,2026-05-22,13:00,120,Court 3,48.0,frei,2
2026-05-20T09:53:59,2026-05-22,14:00,60,Court 3,24.0,frei,2
2026-05-20T09:53:59,2026-05-22,14:00,90,Court 3,36.0,frei,2
2026-05-20T09:53:59,2026-05-22,14:00,120,Court 3,48.0,frei,2
2026-05-20T09:53:59,2026-05-22,14:30,60,Court 3,24.0,frei,2
2026-05-20T09:53:59,2026-05-22,14:30,90,Court 3,36.0,frei,2
2026-05-20T09:53:59,2026-05-22,14:30,120,Court 3,56.0,frei,2
2026-05-20T09:53:59,2026-05-22,15:00,60,Court 3,24.0,frei,2
2026-05-20T09:53:59,2026-05-22,15:00,90,Court 3,44.0,frei,2
2026-05-20T09:53:59,2026-05-22,15:30,60,Court 3,32.0,frei,2
2026-05-20T09:53:59,2026-05-22,15:30,120,Court 3,72.0,frei,2
2026-05-20T09:53:59,2026-05-22,16:00,90,Court 3,60.0,frei,2
2026-05-20T09:53:59,2026-05-22,16:30,60,Court 3,40.0,frei,2
2026-05-20T09:53:59,2026-05-22,21:00,60,Court 3,40.0,frei,2
2026-05-20T09:53:59,2026-05-22,08:00,60,Court 4,24.0,frei,2
2026-05-20T09:53:59,2026-05-22,08:00,90,Court 4,36.0,frei,2
2026-05-20T09:53:59,2026-05-22,08:00,120,Court 4,48.0,frei,2
2026-05-20T09:53:59,2026-05-22,08:30,60,Court 4,24.0,frei,2
2026-05-20T09:53:59,2026-05-22,08:30,90,Court 4,36.0,frei,2
2026-05-20T09:53:59,2026-05-22,08:30,120,Court 4,48.0,frei,2
2026-05-20T09:53:59,2026-05-22,09:00,60,Court 4,24.0,frei,2
2026-05-20T09:53:59,2026-05-22,09:00,90,Court 4,36.0,frei,2
2026-05-20T09:53:59,2026-05-22,09:00,120,Court 4,48.0,frei,2
2026-05-20T09:53:59,2026-05-22,09:30,60,Court 4,24.0,frei,2
2026-05-20T09:53:59,2026-05-22,09:30,90,Court 4,36.0,frei,2
2026-05-20T09:53:59,2026-05-22,09:30,120,Court 4,48.0,frei,2
2026-05-20T09:53:59,2026-05-22,10:00,60,Court 4,24.0,frei,2
2026-05-20T09:53:59,2026-05-22,10:00,90,Court 4,36.0,frei,2
2026-05-20T09:53:59,2026-05-22,10:00,120,Court 4,48.0,frei,2
2026-05-20T09:53:59,2026-05-22,10:30,60,Court 4,24.0,frei,2
2026-05-20T09:53:59,2026-05-22,10:30,90,Court 4,36.0,frei,2
2026-05-20T09:53:59,2026-05-22,10:30,120,Court 4,48.0,frei,2
2026-05-20T09:53:59,2026-05-22,11:00,60,Court 4,24.0,frei,2
2026-05-20T09:53:59,2026-05-22,11:00,90,Court 4,36.0,frei,2
2026-05-20T09:53:59,2026-05-22,11:00,120,Court 4,48.0,frei,2
2026-05-20T09:53:59,2026-05-22,11:30,60,Court 4,24.0,frei,2
2026-05-20T09:53:59,2026-05-22,11:30,90,Court 4,36.0,frei,2
2026-05-20T09:53:59,2026-05-22,11:30,120,Court 4,48.0,frei,2
2026-05-20T09:53:59,2026-05-22,12:00,60,Court 4,24.0,frei,2
2026-05-20T09:53:59,2026-05-22,12:00,90,Court 4,36.0,frei,2
2026-05-20T09:53:59,2026-05-22,12:00,120,Court 4,48.0,frei,2
2026-05-20T09:53:59,2026-05-22,12:30,60,Court 4,24.0,frei,2
2026-05-20T09:53:59,2026-05-22,12:30,90,Court 4,36.0,frei,2
2026-05-20T09:53:59,2026-05-22,12:30,120,Court 4,48.0,frei,2
2026-05-20T09:53:59,2026-05-22,13:00,60,Court 4,24.0,frei,2
2026-05-20T09:53:59,2026-05-22,13:00,90,Court 4,36.0,frei,2
2026-05-20T09:53:59,2026-05-22,13:00,120,Court 4,48.0,frei,2
2026-05-20T09:53:59,2026-05-22,13:30,60,Court 4,24.0,frei,2
2026-05-20T09:53:59,2026-05-22,13:30,90,Court 4,36.0,frei,2
2026-05-20T09:53:59,2026-05-22,13:30,120,Court 4,48.0,frei,2
2026-05-20T09:53:59,2026-05-22,14:00,60,Court 4,24.0,frei,2
2026-05-20T09:53:59,2026-05-22,14:00,90,Court 4,36.0,frei,2
2026-05-20T09:53:59,2026-05-22,14:00,120,Court 4,48.0,frei,2
2026-05-20T09:53:59,2026-05-22,14:30,60,Court 4,24.0,frei,2
2026-05-20T09:53:59,2026-05-22,14:30,90,Court 4,36.0,frei,2
2026-05-20T09:53:59,2026-05-22,14:30,120,Court 4,56.0,frei,2
2026-05-20T09:53:59,2026-05-22,15:00,60,Court 4,24.0,frei,2
2026-05-20T09:53:59,2026-05-22,15:00,90,Court 4,44.0,frei,2
2026-05-20T09:53:59,2026-05-22,15:00,120,Court 4,64.0,frei,2
2026-05-20T09:53:59,2026-05-22,15:30,60,Court 4,32.0,frei,2
2026-05-20T09:53:59,2026-05-22,15:30,90,Court 4,52.0,frei,2
2026-05-20T09:53:59,2026-05-22,15:30,120,Court 4,72.0,frei,2
2026-05-20T09:53:59,2026-05-22,16:00,60,Court 4,40.0,frei,2
2026-05-20T09:53:59,2026-05-22,16:00,90,Court 4,60.0,frei,2
2026-05-20T09:53:59,2026-05-22,16:00,120,Court 4,80.0,frei,2
2026-05-20T09:53:59,2026-05-22,16:30,60,Court 4,40.0,frei,2
2026-05-20T09:53:59,2026-05-22,16:30,90,Court 4,60.0,frei,2
2026-05-20T09:53:59,2026-05-22,17:00,60,Court 4,40.0,frei,2
2026-05-20T09:53:59,2026-05-22,17:00,120,Court 4,80.0,frei,2
2026-05-20T09:53:59,2026-05-22,17:30,90,Court 4,60.0,frei,2
2026-05-20T09:53:59,2026-05-22,18:00,60,Court 4,40.0,frei,2
2026-05-20T09:53:59,2026-05-22,20:30,90,Court 4,60.0,frei,2
2026-05-20T09:53:59,2026-05-22,08:00,60,Court 1,24.0,frei,2
2026-05-20T09:53:59,2026-05-22,08:00,90,Court 1,36.0,frei,2
2026-05-20T09:53:59,2026-05-22,08:00,120,Court 1,48.0,frei,2
2026-05-20T09:53:59,2026-05-22,08:30,60,Court 1,24.0,frei,2
2026-05-20T09:53:59,2026-05-22,08:30,90,Court 1,36.0,frei,2
2026-05-20T09:53:59,2026-05-22,08:30,120,Court 1,48.0,frei,2
2026-05-20T09:53:59,2026-05-22,09:00,60,Court 1,24.0,frei,2
2026-05-20T09:53:59,2026-05-22,09:00,90,Court 1,36.0,frei,2
2026-05-20T09:53:59,2026-05-22,09:00,120,Court 1,48.0,frei,2
2026-05-20T09:53:59,2026-05-22,09:30,60,Court 1,24.0,frei,2
2026-05-20T09:53:59,2026-05-22,09:30,90,Court 1,36.0,frei,2
2026-05-20T09:53:59,2026-05-22,10:00,60,Court 1,24.0,frei,2
2026-05-20T09:53:59,2026-05-22,10:00,120,Court 1,48.0,frei,2
2026-05-20T09:53:59,2026-05-22,10:30,90,Court 1,36.0,frei,2
2026-05-20T09:53:59,2026-05-22,11:00,60,Court 1,24.0,frei,2
2026-05-20T09:53:59,2026-05-22,13:00,60,Court 1,24.0,frei,2
2026-05-20T09:53:59,2026-05-22,13:00,90,Court 1,36.0,frei,2
2026-05-20T09:53:59,2026-05-22,13:00,120,Court 1,48.0,frei,2
2026-05-20T09:53:59,2026-05-22,14:00,60,Court 1,24.0,frei,2
2026-05-20T09:53:59,2026-05-22,14:00,90,Court 1,36.0,frei,2
2026-05-20T09:53:59,2026-05-22,14:00,120,Court 1,48.0,frei,2
2026-05-20T09:53:59,2026-05-22,14:30,60,Court 1,24.0,frei,2
2026-05-20T09:53:59,2026-05-22,14:30,90,Court 1,36.0,frei,2
2026-05-20T09:53:59,2026-05-22,14:30,120,Court 1,56.0,frei,2
2026-05-20T09:53:59,2026-05-22,15:00,60,Court 1,24.0,frei,2
2026-05-20T09:53:59,2026-05-22,15:00,90,Court 1,44.0,frei,2
2026-05-20T09:53:59,2026-05-22,15:00,120,Court 1,64.0,frei,2
2026-05-20T09:53:59,2026-05-22,15:30,60,Court 1,32.0,frei,2
2026-05-20T09:53:59,2026-05-22,15:30,90,Court 1,52.0,frei,2
2026-05-20T09:53:59,2026-05-22,16:00,60,Court 1,40.0,frei,2
2026-05-20T09:53:59,2026-05-22,16:00,120,Court 1,80.0,frei,2
2026-05-20T09:53:59,2026-05-22,16:30,90,Court 1,60.0,frei,2
2026-05-20T09:53:59,2026-05-22,17:00,60,Court 1,40.0,frei,2
2026-05-20T09:53:59,2026-05-23,08:00,60,Court 3,40.0,frei,3
2026-05-20T09:53:59,2026-05-23,08:00,120,Court 3,80.0,frei,3
2026-05-20T09:53:59,2026-05-23,08:30,90,Court 3,60.0,frei,3
2026-05-20T09:53:59,2026-05-23,09:00,60,Court 3,40.0,frei,3
2026-05-20T09:53:59,2026-05-23,11:30,60,Court 3,40.0,frei,3
2026-05-20T09:53:59,2026-05-23,11:30,90,Court 3,60.0,frei,3
2026-05-20T09:53:59,2026-05-23,11:30,120,Court 3,80.0,frei,3
2026-05-20T09:53:59,2026-05-23,12:30,60,Court 3,40.0,frei,3
2026-05-20T09:53:59,2026-05-23,12:30,90,Court 3,60.0,frei,3
2026-05-20T09:53:59,2026-05-23,12:30,120,Court 3,80.0,frei,3
2026-05-20T09:53:59,2026-05-23,13:00,60,Court 3,40.0,frei,3
2026-05-20T09:53:59,2026-05-23,13:00,90,Court 3,60.0,frei,3
2026-05-20T09:53:59,2026-05-23,13:00,120,Court 3,80.0,frei,3
2026-05-20T09:53:59,2026-05-23,13:30,60,Court 3,40.0,frei,3
2026-05-20T09:53:59,2026-05-23,13:30,90,Court 3,60.0,frei,3
2026-05-20T09:53:59,2026-05-23,13:30,120,Court 3,80.0,frei,3
2026-05-20T09:53:59,2026-05-23,14:00,60,Court 3,40.0,frei,3
2026-05-20T09:53:59,2026-05-23,14:00,90,Court 3,60.0,frei,3
2026-05-20T09:53:59,2026-05-23,14:00,120,Court 3,80.0,frei,3
2026-05-20T09:53:59,2026-05-23,14:30,60,Court 3,40.0,frei,3
2026-05-20T09:53:59,2026-05-23,14:30,90,Court 3,60.0,frei,3
2026-05-20T09:53:59,2026-05-23,14:30,120,Court 3,80.0,frei,3
2026-05-20T09:53:59,2026-05-23,15:00,60,Court 3,40.0,frei,3
2026-05-20T09:53:59,2026-05-23,15:00,90,Court 3,60.0,frei,3
2026-05-20T09:53:59,2026-05-23,15:00,120,Court 3,80.0,frei,3
2026-05-20T09:53:59,2026-05-23,15:30,60,Court 3,40.0,frei,3
2026-05-20T09:53:59,2026-05-23,15:30,90,Court 3,60.0,frei,3
2026-05-20T09:53:59,2026-05-23,15:30,120,Court 3,80.0,frei,3
2026-05-20T09:53:59,2026-05-23,16:00,60,Court 3,40.0,frei,3
2026-05-20T09:53:59,2026-05-23,16:00,90,Court 3,60.0,frei,3
2026-05-20T09:53:59,2026-05-23,16:00,120,Court 3,80.0,frei,3
2026-05-20T09:53:59,2026-05-23,16:30,60,Court 3,40.0,frei,3
2026-05-20T09:53:59,2026-05-23,16:30,90,Court 3,60.0,frei,3
2026-05-20T09:53:59,2026-05-23,16:30,120,Court 3,80.0,frei,3
2026-05-20T09:53:59,2026-05-23,17:00,60,Court 3,40.0,frei,3
2026-05-20T09:53:59,2026-05-23,17:00,90,Court 3,60.0,frei,3
2026-05-20T09:53:59,2026-05-23,17:00,120,Court 3,80.0,frei,3
2026-05-20T09:53:59,2026-05-23,17:30,60,Court 3,40.0,frei,3
2026-05-20T09:53:59,2026-05-23,17:30,90,Court 3,60.0,frei,3
2026-05-20T09:53:59,2026-05-23,17:30,120,Court 3,80.0,frei,3
2026-05-20T09:53:59,2026-05-23,18:00,60,Court 3,40.0,frei,3
2026-05-20T09:53:59,2026-05-23,18:00,90,Court 3,60.0,frei,3
2026-05-20T09:53:59,2026-05-23,18:00,120,Court 3,80.0,frei,3
2026-05-20T09:53:59,2026-05-23,18:30,60,Court 3,40.0,frei,3
2026-05-20T09:53:59,2026-05-23,18:30,90,Court 3,60.0,frei,3
2026-05-20T09:53:59,2026-05-23,18:30,120,Court 3,80.0,frei,3
2026-05-20T09:53:59,2026-05-23,19:00,60,Court 3,40.0,frei,3
2026-05-20T09:53:59,2026-05-23,19:00,90,Court 3,60.0,frei,3
2026-05-20T09:53:59,2026-05-23,19:00,120,Court 3,80.0,frei,3
2026-05-20T09:53:59,2026-05-23,19:30,60,Court 3,40.0,frei,3
2026-05-20T09:53:59,2026-05-23,19:30,90,Court 3,60.0,frei,3
2026-05-20T09:53:59,2026-05-23,19:30,120,Court 3,80.0,frei,3
2026-05-20T09:53:59,2026-05-23,20:00,60,Court 3,40.0,frei,3
2026-05-20T09:53:59,2026-05-23,20:00,90,Court 3,60.0,frei,3
2026-05-20T09:53:59,2026-05-23,20:00,120,Court 3,80.0,frei,3
2026-05-20T09:53:59,2026-05-23,20:30,60,Court 3,40.0,frei,3
2026-05-20T09:53:59,2026-05-23,20:30,90,Court 3,60.0,frei,3
2026-05-20T09:53:59,2026-05-23,21:00,60,Court 3,40.0,frei,3
2026-05-20T09:53:59,2026-05-23,21:00,120,Court 3,80.0,frei,3
2026-05-20T09:53:59,2026-05-23,21:30,90,Court 3,60.0,frei,3
2026-05-20T09:53:59,2026-05-23,22:00,60,Court 3,40.0,frei,3
2026-05-20T09:53:59,2026-05-23,08:00,60,Court 4,40.0,frei,3
2026-05-20T09:53:59,2026-05-23,08:00,120,Court 4,80.0,frei,3
2026-05-20T09:53:59,2026-05-23,08:30,90,Court 4,60.0,frei,3
2026-05-20T09:53:59,2026-05-23,09:00,60,Court 4,40.0,frei,3
2026-05-20T09:53:59,2026-05-23,11:30,60,Court 4,40.0,frei,3
2026-05-20T09:53:59,2026-05-23,11:30,90,Court 4,60.0,frei,3
2026-05-20T09:53:59,2026-05-23,12:30,90,Court 4,60.0,frei,3
2026-05-20T09:53:59,2026-05-23,13:00,60,Court 4,40.0,frei,3
2026-05-20T09:53:59,2026-05-23,16:00,60,Court 4,40.0,frei,3
2026-05-20T09:53:59,2026-05-23,16:00,90,Court 4,60.0,frei,3
2026-05-20T09:53:59,2026-05-23,16:00,120,Court 4,80.0,frei,3
2026-05-20T09:53:59,2026-05-23,17:00,60,Court 4,40.0,frei,3
2026-05-20T09:53:59,2026-05-23,17:00,90,Court 4,60.0,frei,3
2026-05-20T09:53:59,2026-05-23,17:00,120,Court 4,80.0,frei,3
2026-05-20T09:53:59,2026-05-23,17:30,60,Court 4,40.0,frei,3
2026-05-20T09:53:59,2026-05-23,17:30,90,Court 4,60.0,frei,3
2026-05-20T09:53:59,2026-05-23,17:30,120,Court 4,80.0,frei,3
2026-05-20T09:53:59,2026-05-23,18:00,60,Court 4,40.0,frei,3
2026-05-20T09:53:59,2026-05-23,18:00,90,Court 4,60.0,frei,3
2026-05-20T09:53:59,2026-05-23,18:00,120,Court 4,80.0,frei,3
2026-05-20T09:53:59,2026-05-23,18:30,60,Court 4,40.0,frei,3
2026-05-20T09:53:59,2026-05-23,18:30,90,Court 4,60.0,frei,3
2026-05-20T09:53:59,2026-05-23,18:30,120,Court 4,80.0,frei,3
2026-05-20T09:53:59,2026-05-23,19:00,60,Court 4,40.0,frei,3
2026-05-20T09:53:59,2026-05-23,19:00,90,Court 4,60.0,frei,3
2026-05-20T09:53:59,2026-05-23,19:30,60,Court 4,40.0,frei,3
2026-05-20T09:53:59,2026-05-23,19:30,120,Court 4,80.0,frei,3
2026-05-20T09:53:59,2026-05-23,20:00,90,Court 4,60.0,frei,3
2026-05-20T09:53:59,2026-05-23,20:30,60,Court 4,40.0,frei,3
2026-05-20T09:53:59,2026-05-23,08:00,60,Court 1,40.0,frei,3
2026-05-20T09:53:59,2026-05-23,08:00,90,Court 1,60.0,frei,3
2026-05-20T09:53:59,2026-05-23,08:00,120,Court 1,80.0,frei,3
2026-05-20T09:53:59,2026-05-23,08:30,60,Court 1,40.0,frei,3
2026-05-20T09:53:59,2026-05-23,08:30,90,Court 1,60.0,frei,3
2026-05-20T09:53:59,2026-05-23,08:30,120,Court 1,80.0,frei,3
2026-05-20T09:53:59,2026-05-23,09:00,60,Court 1,40.0,frei,3
2026-05-20T09:53:59,2026-05-23,09:00,90,Court 1,60.0,frei,3
2026-05-20T09:53:59,2026-05-23,09:00,120,Court 1,80.0,frei,3
2026-05-20T09:53:59,2026-05-23,09:30,60,Court 1,40.0,frei,3
2026-05-20T09:53:59,2026-05-23,09:30,90,Court 1,60.0,frei,3
2026-05-20T09:53:59,2026-05-23,09:30,120,Court 1,80.0,frei,3
2026-05-20T09:53:59,2026-05-23,10:00,60,Court 1,40.0,frei,3
2026-05-20T09:53:59,2026-05-23,10:00,90,Court 1,60.0,frei,3
2026-05-20T09:53:59,2026-05-23,10:00,120,Court 1,80.0,frei,3
2026-05-20T09:53:59,2026-05-23,10:30,60,Court 1,40.0,frei,3
2026-05-20T09:53:59,2026-05-23,10:30,90,Court 1,60.0,frei,3
2026-05-20T09:53:59,2026-05-23,10:30,120,Court 1,80.0,frei,3
2026-05-20T09:53:59,2026-05-23,11:00,60,Court 1,40.0,frei,3
2026-05-20T09:53:59,2026-05-23,11:00,90,Court 1,60.0,frei,3
2026-05-20T09:53:59,2026-05-23,11:00,120,Court 1,80.0,frei,3
2026-05-20T09:53:59,2026-05-23,11:30,60,Court 1,40.0,frei,3
2026-05-20T09:53:59,2026-05-23,11:30,90,Court 1,60.0,frei,3
2026-05-20T09:53:59,2026-05-23,11:30,120,Court 1,80.0,frei,3
2026-05-20T09:53:59,2026-05-23,12:00,60,Court 1,40.0,frei,3
2026-05-20T09:53:59,2026-05-23,12:00,90,Court 1,60.0,frei,3
2026-05-20T09:53:59,2026-05-23,12:00,120,Court 1,80.0,frei,3
2026-05-20T09:53:59,2026-05-23,12:30,60,Court 1,40.0,frei,3
2026-05-20T09:53:59,2026-05-23,12:30,90,Court 1,60.0,frei,3
2026-05-20T09:53:59,2026-05-23,12:30,120,Court 1,80.0,frei,3
2026-05-20T09:53:59,2026-05-23,13:00,60,Court 1,40.0,frei,3
2026-05-20T09:53:59,2026-05-23,13:00,90,Court 1,60.0,frei,3
2026-05-20T09:53:59,2026-05-23,13:00,120,Court 1,80.0,frei,3
2026-05-20T09:53:59,2026-05-23,13:30,60,Court 1,40.0,frei,3
2026-05-20T09:53:59,2026-05-23,13:30,90,Court 1,60.0,frei,3
2026-05-20T09:53:59,2026-05-23,13:30,120,Court 1,80.0,frei,3
2026-05-20T09:53:59,2026-05-23,14:00,60,Court 1,40.0,frei,3
2026-05-20T09:53:59,2026-05-23,14:00,90,Court 1,60.0,frei,3
2026-05-20T09:53:59,2026-05-23,14:00,120,Court 1,80.0,frei,3
2026-05-20T09:53:59,2026-05-23,14:30,60,Court 1,40.0,frei,3
2026-05-20T09:53:59,2026-05-23,14:30,90,Court 1,60.0,frei,3
2026-05-20T09:53:59,2026-05-23,14:30,120,Court 1,80.0,frei,3
2026-05-20T09:53:59,2026-05-23,15:00,60,Court 1,40.0,frei,3
2026-05-20T09:53:59,2026-05-23,15:00,90,Court 1,60.0,frei,3
2026-05-20T09:53:59,2026-05-23,15:00,120,Court 1,80.0,frei,3
2026-05-20T09:53:59,2026-05-23,15:30,60,Court 1,40.0,frei,3
2026-05-20T09:53:59,2026-05-23,15:30,90,Court 1,60.0,frei,3
2026-05-20T09:53:59,2026-05-23,15:30,120,Court 1,80.0,frei,3
2026-05-20T09:53:59,2026-05-23,16:00,60,Court 1,40.0,frei,3
2026-05-20T09:53:59,2026-05-23,16:00,90,Court 1,60.0,frei,3
2026-05-20T09:53:59,2026-05-23,16:00,120,Court 1,80.0,frei,3
2026-05-20T09:53:59,2026-05-23,16:30,60,Court 1,40.0,frei,3
2026-05-20T09:53:59,2026-05-23,16:30,90,Court 1,60.0,frei,3
2026-05-20T09:53:59,2026-05-23,16:30,120,Court 1,80.0,frei,3
2026-05-20T09:53:59,2026-05-23,17:00,60,Court 1,40.0,frei,3
2026-05-20T09:53:59,2026-05-23,17:00,90,Court 1,60.0,frei,3
2026-05-20T09:53:59,2026-05-23,17:00,120,Court 1,80.0,frei,3
2026-05-20T09:53:59,2026-05-23,17:30,60,Court 1,40.0,frei,3
2026-05-20T09:53:59,2026-05-23,17:30,90,Court 1,60.0,frei,3
2026-05-20T09:53:59,2026-05-23,17:30,120,Court 1,80.0,frei,3
2026-05-20T09:53:59,2026-05-23,18:00,60,Court 1,40.0,frei,3
2026-05-20T09:53:59,2026-05-23,18:00,90,Court 1,60.0,frei,3
2026-05-20T09:53:59,2026-05-23,18:00,120,Court 1,80.0,frei,3
2026-05-20T09:53:59,2026-05-23,18:30,60,Court 1,40.0,frei,3
2026-05-20T09:53:59,2026-05-23,18:30,90,Court 1,60.0,frei,3
2026-05-20T09:53:59,2026-05-23,18:30,120,Court 1,80.0,frei,3
2026-05-20T09:53:59,2026-05-23,19:00,60,Court 1,40.0,frei,3
2026-05-20T09:53:59,2026-05-23,19:00,90,Court 1,60.0,frei,3
2026-05-20T09:53:59,2026-05-23,19:30,60,Court 1,40.0,frei,3
2026-05-20T09:53:59,2026-05-23,19:30,120,Court 1,80.0,frei,3
2026-05-20T09:53:59,2026-05-23,20:00,90,Court 1,60.0,frei,3
2026-05-20T09:53:59,2026-05-23,20:30,60,Court 1,40.0,frei,3
2026-05-20T09:53:59,2026-05-23,08:00,60,Court 2,40.0,frei,3
2026-05-20T09:53:59,2026-05-23,08:00,90,Court 2,60.0,frei,3
2026-05-20T09:53:59,2026-05-23,08:00,120,Court 2,80.0,frei,3
2026-05-20T09:53:59,2026-05-23,08:30,60,Court 2,40.0,frei,3
2026-05-20T09:53:59,2026-05-23,08:30,90,Court 2,60.0,frei,3
2026-05-20T09:53:59,2026-05-23,08:30,120,Court 2,80.0,frei,3
2026-05-20T09:53:59,2026-05-23,09:00,60,Court 2,40.0,frei,3
2026-05-20T09:53:59,2026-05-23,09:00,90,Court 2,60.0,frei,3
2026-05-20T09:53:59,2026-05-23,09:00,120,Court 2,80.0,frei,3
2026-05-20T09:53:59,2026-05-23,09:30,60,Court 2,40.0,frei,3
2026-05-20T09:53:59,2026-05-23,09:30,90,Court 2,60.0,frei,3
2026-05-20T09:53:59,2026-05-23,09:30,120,Court 2,80.0,frei,3
2026-05-20T09:53:59,2026-05-23,10:00,60,Court 2,40.0,frei,3
2026-05-20T09:53:59,2026-05-23,10:00,90,Court 2,60.0,frei,3
2026-05-20T09:53:59,2026-05-23,10:00,120,Court 2,80.0,frei,3
2026-05-20T09:53:59,2026-05-23,10:30,60,Court 2,40.0,frei,3
2026-05-20T09:53:59,2026-05-23,10:30,90,Court 2,60.0,frei,3
2026-05-20T09:53:59,2026-05-23,10:30,120,Court 2,80.0,frei,3
2026-05-20T09:53:59,2026-05-23,11:00,60,Court 2,40.0,frei,3
2026-05-20T09:53:59,2026-05-23,11:00,90,Court 2,60.0,frei,3
2026-05-20T09:53:59,2026-05-23,11:00,120,Court 2,80.0,frei,3
2026-05-20T09:53:59,2026-05-23,11:30,60,Court 2,40.0,frei,3
2026-05-20T09:53:59,2026-05-23,11:30,90,Court 2,60.0,frei,3
2026-05-20T09:53:59,2026-05-23,11:30,120,Court 2,80.0,frei,3
2026-05-20T09:53:59,2026-05-23,12:00,60,Court 2,40.0,frei,3
2026-05-20T09:53:59,2026-05-23,12:00,90,Court 2,60.0,frei,3
2026-05-20T09:53:59,2026-05-23,12:00,120,Court 2,80.0,frei,3
2026-05-20T09:53:59,2026-05-23,12:30,60,Court 2,40.0,frei,3
2026-05-20T09:53:59,2026-05-23,12:30,90,Court 2,60.0,frei,3
2026-05-20T09:53:59,2026-05-23,12:30,120,Court 2,80.0,frei,3
2026-05-20T09:53:59,2026-05-23,13:00,60,Court 2,40.0,frei,3
2026-05-20T09:53:59,2026-05-23,13:00,90,Court 2,60.0,frei,3
2026-05-20T09:53:59,2026-05-23,13:00,120,Court 2,80.0,frei,3
2026-05-20T09:53:59,2026-05-23,13:30,60,Court 2,40.0,frei,3
2026-05-20T09:53:59,2026-05-23,13:30,90,Court 2,60.0,frei,3
2026-05-20T09:53:59,2026-05-23,13:30,120,Court 2,80.0,frei,3
2026-05-20T09:53:59,2026-05-23,14:00,60,Court 2,40.0,frei,3
2026-05-20T09:53:59,2026-05-23,14:00,90,Court 2,60.0,frei,3
2026-05-20T09:53:59,2026-05-23,14:00,120,Court 2,80.0,frei,3
2026-05-20T09:53:59,2026-05-23,14:30,60,Court 2,40.0,frei,3
2026-05-20T09:53:59,2026-05-23,14:30,90,Court 2,60.0,frei,3
2026-05-20T09:53:59,2026-05-23,14:30,120,Court 2,80.0,frei,3
2026-05-20T09:53:59,2026-05-23,15:00,60,Court 2,40.0,frei,3
2026-05-20T09:53:59,2026-05-23,15:00,90,Court 2,60.0,frei,3
2026-05-20T09:53:59,2026-05-23,15:00,120,Court 2,80.0,frei,3
2026-05-20T09:53:59,2026-05-23,15:30,60,Court 2,40.0,frei,3
2026-05-20T09:53:59,2026-05-23,15:30,90,Court 2,60.0,frei,3
2026-05-20T09:53:59,2026-05-23,15:30,120,Court 2,80.0,frei,3
2026-05-20T09:53:59,2026-05-23,16:00,60,Court 2,40.0,frei,3
2026-05-20T09:53:59,2026-05-23,16:00,90,Court 2,60.0,frei,3
2026-05-20T09:53:59,2026-05-23,16:00,120,Court 2,80.0,frei,3
2026-05-20T09:53:59,2026-05-23,16:30,60,Court 2,40.0,frei,3
2026-05-20T09:53:59,2026-05-23,16:30,90,Court 2,60.0,frei,3
2026-05-20T09:53:59,2026-05-23,16:30,120,Court 2,80.0,frei,3
2026-05-20T09:53:59,2026-05-23,17:00,60,Court 2,40.0,frei,3
2026-05-20T09:53:59,2026-05-23,17:00,90,Court 2,60.0,frei,3
2026-05-20T09:53:59,2026-05-23,17:00,120,Court 2,80.0,frei,3
2026-05-20T09:53:59,2026-05-23,17:30,60,Court 2,40.0,frei,3
2026-05-20T09:53:59,2026-05-23,17:30,90,Court 2,60.0,frei,3
2026-05-20T09:53:59,2026-05-23,17:30,120,Court 2,80.0,frei,3
2026-05-20T09:53:59,2026-05-23,18:00,60,Court 2,40.0,frei,3
2026-05-20T09:53:59,2026-05-23,18:00,90,Court 2,60.0,frei,3
2026-05-20T09:53:59,2026-05-23,18:00,120,Court 2,80.0,frei,3
2026-05-20T09:53:59,2026-05-23,18:30,60,Court 2,40.0,frei,3
2026-05-20T09:53:59,2026-05-23,18:30,90,Court 2,60.0,frei,3
2026-05-20T09:53:59,2026-05-23,18:30,120,Court 2,80.0,frei,3
2026-05-20T09:53:59,2026-05-23,19:00,60,Court 2,40.0,frei,3
2026-05-20T09:53:59,2026-05-23,19:00,90,Court 2,60.0,frei,3
2026-05-20T09:53:59,2026-05-23,19:30,60,Court 2,40.0,frei,3
2026-05-20T09:53:59,2026-05-23,19:30,120,Court 2,80.0,frei,3
2026-05-20T09:53:59,2026-05-23,20:00,90,Court 2,60.0,frei,3
2026-05-20T09:53:59,2026-05-23,20:30,60,Court 2,40.0,frei,3
2026-05-20T09:53:59,2026-05-24,08:00,60,Court 3,40.0,frei,4
2026-05-20T09:53:59,2026-05-24,08:00,90,Court 3,60.0,frei,4
2026-05-20T09:53:59,2026-05-24,08:00,120,Court 3,80.0,frei,4
2026-05-20T09:53:59,2026-05-24,08:30,60,Court 3,40.0,frei,4
2026-05-20T09:53:59,2026-05-24,08:30,90,Court 3,60.0,frei,4
2026-05-20T09:53:59,2026-05-24,08:30,120,Court 3,80.0,frei,4
2026-05-20T09:53:59,2026-05-24,09:00,60,Court 3,40.0,frei,4
2026-05-20T09:53:59,2026-05-24,09:00,90,Court 3,60.0,frei,4
2026-05-20T09:53:59,2026-05-24,09:00,120,Court 3,80.0,frei,4
2026-05-20T09:53:59,2026-05-24,09:30,60,Court 3,40.0,frei,4
2026-05-20T09:53:59,2026-05-24,09:30,90,Court 3,60.0,frei,4
2026-05-20T09:53:59,2026-05-24,09:30,120,Court 3,80.0,frei,4
2026-05-20T09:53:59,2026-05-24,10:00,60,Court 3,40.0,frei,4
2026-05-20T09:53:59,2026-05-24,10:00,90,Court 3,60.0,frei,4
2026-05-20T09:53:59,2026-05-24,10:00,120,Court 3,80.0,frei,4
2026-05-20T09:53:59,2026-05-24,10:30,60,Court 3,40.0,frei,4
2026-05-20T09:53:59,2026-05-24,10:30,90,Court 3,60.0,frei,4
2026-05-20T09:53:59,2026-05-24,10:30,120,Court 3,80.0,frei,4
2026-05-20T09:53:59,2026-05-24,11:00,60,Court 3,40.0,frei,4
2026-05-20T09:53:59,2026-05-24,11:00,90,Court 3,60.0,frei,4
2026-05-20T09:53:59,2026-05-24,11:00,120,Court 3,80.0,frei,4
2026-05-20T09:53:59,2026-05-24,11:30,60,Court 3,40.0,frei,4
2026-05-20T09:53:59,2026-05-24,11:30,90,Court 3,60.0,frei,4
2026-05-20T09:53:59,2026-05-24,11:30,120,Court 3,80.0,frei,4
2026-05-20T09:53:59,2026-05-24,12:00,60,Court 3,40.0,frei,4
2026-05-20T09:53:59,2026-05-24,12:00,90,Court 3,60.0,frei,4
2026-05-20T09:53:59,2026-05-24,12:00,120,Court 3,80.0,frei,4
2026-05-20T09:53:59,2026-05-24,12:30,60,Court 3,40.0,frei,4
2026-05-20T09:53:59,2026-05-24,12:30,90,Court 3,60.0,frei,4
2026-05-20T09:53:59,2026-05-24,12:30,120,Court 3,80.0,frei,4
2026-05-20T09:53:59,2026-05-24,13:00,60,Court 3,40.0,frei,4
2026-05-20T09:53:59,2026-05-24,13:00,90,Court 3,60.0,frei,4
2026-05-20T09:53:59,2026-05-24,13:00,120,Court 3,80.0,frei,4
2026-05-20T09:53:59,2026-05-24,13:30,60,Court 3,40.0,frei,4
2026-05-20T09:53:59,2026-05-24,13:30,90,Court 3,60.0,frei,4
2026-05-20T09:53:59,2026-05-24,13:30,120,Court 3,80.0,frei,4
2026-05-20T09:53:59,2026-05-24,14:00,60,Court 3,40.0,frei,4
2026-05-20T09:53:59,2026-05-24,14:00,90,Court 3,60.0,frei,4
2026-05-20T09:53:59,2026-05-24,14:00,120,Court 3,80.0,frei,4
2026-05-20T09:53:59,2026-05-24,14:30,60,Court 3,40.0,frei,4
2026-05-20T09:53:59,2026-05-24,14:30,90,Court 3,60.0,frei,4
2026-05-20T09:53:59,2026-05-24,14:30,120,Court 3,80.0,frei,4
2026-05-20T09:53:59,2026-05-24,15:00,60,Court 3,40.0,frei,4
2026-05-20T09:53:59,2026-05-24,15:00,90,Court 3,60.0,frei,4
2026-05-20T09:53:59,2026-05-24,15:00,120,Court 3,80.0,frei,4
2026-05-20T09:53:59,2026-05-24,15:30,60,Court 3,40.0,frei,4
2026-05-20T09:53:59,2026-05-24,15:30,90,Court 3,60.0,frei,4
2026-05-20T09:53:59,2026-05-24,15:30,120,Court 3,80.0,frei,4
2026-05-20T09:53:59,2026-05-24,16:00,60,Court 3,40.0,frei,4
2026-05-20T09:53:59,2026-05-24,16:00,90,Court 3,60.0,frei,4
2026-05-20T09:53:59,2026-05-24,16:00,120,Court 3,80.0,frei,4
2026-05-20T09:53:59,2026-05-24,16:30,60,Court 3,40.0,frei,4
2026-05-20T09:53:59,2026-05-24,16:30,90,Court 3,60.0,frei,4
2026-05-20T09:53:59,2026-05-24,17:00,60,Court 3,40.0,frei,4
2026-05-20T09:53:59,2026-05-24,17:00,120,Court 3,80.0,frei,4
2026-05-20T09:53:59,2026-05-24,17:30,90,Court 3,60.0,frei,4
2026-05-20T09:53:59,2026-05-24,18:00,60,Court 3,40.0,frei,4
2026-05-20T09:53:59,2026-05-24,20:30,60,Court 3,40.0,frei,4
2026-05-20T09:53:59,2026-05-24,20:30,90,Court 3,60.0,frei,4
2026-05-20T09:53:59,2026-05-24,21:30,90,Court 3,60.0,frei,4
2026-05-20T09:53:59,2026-05-24,22:00,60,Court 3,40.0,frei,4
2026-05-20T09:53:59,2026-05-24,08:00,60,Court 4,40.0,frei,4
2026-05-20T09:53:59,2026-05-24,08:00,90,Court 4,60.0,frei,4
2026-05-20T09:53:59,2026-05-24,08:00,120,Court 4,80.0,frei,4
2026-05-20T09:53:59,2026-05-24,08:30,60,Court 4,40.0,frei,4
2026-05-20T09:53:59,2026-05-24,08:30,90,Court 4,60.0,frei,4
2026-05-20T09:53:59,2026-05-24,08:30,120,Court 4,80.0,frei,4
2026-05-20T09:53:59,2026-05-24,09:00,60,Court 4,40.0,frei,4
2026-05-20T09:53:59,2026-05-24,09:00,90,Court 4,60.0,frei,4
2026-05-20T09:53:59,2026-05-24,09:00,120,Court 4,80.0,frei,4
2026-05-20T09:53:59,2026-05-24,09:30,60,Court 4,40.0,frei,4
2026-05-20T09:53:59,2026-05-24,09:30,90,Court 4,60.0,frei,4
2026-05-20T09:53:59,2026-05-24,09:30,120,Court 4,80.0,frei,4
2026-05-20T09:53:59,2026-05-24,10:00,60,Court 4,40.0,frei,4
2026-05-20T09:53:59,2026-05-24,10:00,90,Court 4,60.0,frei,4
2026-05-20T09:53:59,2026-05-24,10:00,120,Court 4,80.0,frei,4
2026-05-20T09:53:59,2026-05-24,10:30,60,Court 4,40.0,frei,4
2026-05-20T09:53:59,2026-05-24,10:30,90,Court 4,60.0,frei,4
2026-05-20T09:53:59,2026-05-24,10:30,120,Court 4,80.0,frei,4
2026-05-20T09:53:59,2026-05-24,11:00,60,Court 4,40.0,frei,4
2026-05-20T09:53:59,2026-05-24,11:00,90,Court 4,60.0,frei,4
2026-05-20T09:53:59,2026-05-24,11:00,120,Court 4,80.0,frei,4
2026-05-20T09:53:59,2026-05-24,11:30,60,Court 4,40.0,frei,4
2026-05-20T09:53:59,2026-05-24,11:30,90,Court 4,60.0,frei,4
2026-05-20T09:53:59,2026-05-24,11:30,120,Court 4,80.0,frei,4
2026-05-20T09:53:59,2026-05-24,12:00,60,Court 4,40.0,frei,4
2026-05-20T09:53:59,2026-05-24,12:00,90,Court 4,60.0,frei,4
2026-05-20T09:53:59,2026-05-24,12:00,120,Court 4,80.0,frei,4
2026-05-20T09:53:59,2026-05-24,12:30,60,Court 4,40.0,frei,4
2026-05-20T09:53:59,2026-05-24,12:30,90,Court 4,60.0,frei,4
2026-05-20T09:53:59,2026-05-24,12:30,120,Court 4,80.0,frei,4
2026-05-20T09:53:59,2026-05-24,13:00,60,Court 4,40.0,frei,4
2026-05-20T09:53:59,2026-05-24,13:00,90,Court 4,60.0,frei,4
2026-05-20T09:53:59,2026-05-24,13:00,120,Court 4,80.0,frei,4
2026-05-20T09:53:59,2026-05-24,13:30,60,Court 4,40.0,frei,4
2026-05-20T09:53:59,2026-05-24,13:30,90,Court 4,60.0,frei,4
2026-05-20T09:53:59,2026-05-24,13:30,120,Court 4,80.0,frei,4
2026-05-20T09:53:59,2026-05-24,14:00,60,Court 4,40.0,frei,4
2026-05-20T09:53:59,2026-05-24,14:00,90,Court 4,60.0,frei,4
2026-05-20T09:53:59,2026-05-24,14:00,120,Court 4,80.0,frei,4
2026-05-20T09:53:59,2026-05-24,14:30,60,Court 4,40.0,frei,4
2026-05-20T09:53:59,2026-05-24,14:30,90,Court 4,60.0,frei,4
2026-05-20T09:53:59,2026-05-24,14:30,120,Court 4,80.0,frei,4
2026-05-20T09:53:59,2026-05-24,15:00,60,Court 4,40.0,frei,4
2026-05-20T09:53:59,2026-05-24,15:00,90,Court 4,60.0,frei,4
2026-05-20T09:53:59,2026-05-24,15:00,120,Court 4,80.0,frei,4
2026-05-20T09:53:59,2026-05-24,15:30,60,Court 4,40.0,frei,4
2026-05-20T09:53:59,2026-05-24,15:30,90,Court 4,60.0,frei,4
2026-05-20T09:53:59,2026-05-24,15:30,120,Court 4,80.0,frei,4
2026-05-20T09:53:59,2026-05-24,16:00,60,Court 4,40.0,frei,4
2026-05-20T09:53:59,2026-05-24,16:00,90,Court 4,60.0,frei,4
2026-05-20T09:53:59,2026-05-24,16:00,120,Court 4,80.0,frei,4
2026-05-20T09:53:59,2026-05-24,16:30,60,Court 4,40.0,frei,4
2026-05-20T09:53:59,2026-05-24,16:30,90,Court 4,60.0,frei,4
2026-05-20T09:53:59,2026-05-24,16:30,120,Court 4,80.0,frei,4
2026-05-20T09:53:59,2026-05-24,17:00,60,Court 4,40.0,frei,4
2026-05-20T09:53:59,2026-05-24,17:00,90,Court 4,60.0,frei,4
2026-05-20T09:53:59,2026-05-24,17:00,120,Court 4,80.0,frei,4
2026-05-20T09:53:59,2026-05-24,17:30,60,Court 4,40.0,frei,4
2026-05-20T09:53:59,2026-05-24,17:30,90,Court 4,60.0,frei,4
2026-05-20T09:53:59,2026-05-24,18:00,60,Court 4,40.0,frei,4
2026-05-20T09:53:59,2026-05-24,18:00,120,Court 4,80.0,frei,4
2026-05-20T09:53:59,2026-05-24,18:30,90,Court 4,60.0,frei,4
2026-05-20T09:53:59,2026-05-24,19:00,60,Court 4,40.0,frei,4
2026-05-20T09:53:59,2026-05-24,22:00,60,Court 4,40.0,frei,4
2026-05-20T09:53:59,2026-05-24,08:00,60,Court 1,40.0,frei,4
2026-05-20T09:53:59,2026-05-24,08:00,90,Court 1,60.0,frei,4
2026-05-20T09:53:59,2026-05-24,08:00,120,Court 1,80.0,frei,4
2026-05-20T09:53:59,2026-05-24,08:30,60,Court 1,40.0,frei,4
2026-05-20T09:53:59,2026-05-24,08:30,90,Court 1,60.0,frei,4
2026-05-20T09:53:59,2026-05-24,08:30,120,Court 1,80.0,frei,4
2026-05-20T09:53:59,2026-05-24,09:00,60,Court 1,40.0,frei,4
2026-05-20T09:53:59,2026-05-24,09:00,90,Court 1,60.0,frei,4
2026-05-20T09:53:59,2026-05-24,09:00,120,Court 1,80.0,frei,4
2026-05-20T09:53:59,2026-05-24,09:30,60,Court 1,40.0,frei,4
2026-05-20T09:53:59,2026-05-24,09:30,90,Court 1,60.0,frei,4
2026-05-20T09:53:59,2026-05-24,09:30,120,Court 1,80.0,frei,4
2026-05-20T09:53:59,2026-05-24,10:00,60,Court 1,40.0,frei,4
2026-05-20T09:53:59,2026-05-24,10:00,90,Court 1,60.0,frei,4
2026-05-20T09:53:59,2026-05-24,10:00,120,Court 1,80.0,frei,4
2026-05-20T09:53:59,2026-05-24,10:30,60,Court 1,40.0,frei,4
2026-05-20T09:53:59,2026-05-24,10:30,90,Court 1,60.0,frei,4
2026-05-20T09:53:59,2026-05-24,10:30,120,Court 1,80.0,frei,4
2026-05-20T09:53:59,2026-05-24,11:00,60,Court 1,40.0,frei,4
2026-05-20T09:53:59,2026-05-24,11:00,90,Court 1,60.0,frei,4
2026-05-20T09:53:59,2026-05-24,11:00,120,Court 1,80.0,frei,4
2026-05-20T09:53:59,2026-05-24,11:30,60,Court 1,40.0,frei,4
2026-05-20T09:53:59,2026-05-24,11:30,90,Court 1,60.0,frei,4
2026-05-20T09:53:59,2026-05-24,11:30,120,Court 1,80.0,frei,4
2026-05-20T09:53:59,2026-05-24,12:00,60,Court 1,40.0,frei,4
2026-05-20T09:53:59,2026-05-24,12:00,90,Court 1,60.0,frei,4
2026-05-20T09:53:59,2026-05-24,12:00,120,Court 1,80.0,frei,4
2026-05-20T09:53:59,2026-05-24,12:30,60,Court 1,40.0,frei,4
2026-05-20T09:53:59,2026-05-24,12:30,90,Court 1,60.0,frei,4
2026-05-20T09:53:59,2026-05-24,12:30,120,Court 1,80.0,frei,4
2026-05-20T09:53:59,2026-05-24,13:00,60,Court 1,40.0,frei,4
2026-05-20T09:53:59,2026-05-24,13:00,90,Court 1,60.0,frei,4
2026-05-20T09:53:59,2026-05-24,13:00,120,Court 1,80.0,frei,4
2026-05-20T09:53:59,2026-05-24,13:30,60,Court 1,40.0,frei,4
2026-05-20T09:53:59,2026-05-24,13:30,90,Court 1,60.0,frei,4
2026-05-20T09:53:59,2026-05-24,13:30,120,Court 1,80.0,frei,4
2026-05-20T09:53:59,2026-05-24,14:00,60,Court 1,40.0,frei,4
2026-05-20T09:53:59,2026-05-24,14:00,90,Court 1,60.0,frei,4
2026-05-20T09:53:59,2026-05-24,14:00,120,Court 1,80.0,frei,4
2026-05-20T09:53:59,2026-05-24,14:30,60,Court 1,40.0,frei,4
2026-05-20T09:53:59,2026-05-24,14:30,90,Court 1,60.0,frei,4
2026-05-20T09:53:59,2026-05-24,14:30,120,Court 1,80.0,frei,4
2026-05-20T09:53:59,2026-05-24,15:00,60,Court 1,40.0,frei,4
2026-05-20T09:53:59,2026-05-24,15:00,90,Court 1,60.0,frei,4
2026-05-20T09:53:59,2026-05-24,15:00,120,Court 1,80.0,frei,4
2026-05-20T09:53:59,2026-05-24,15:30,60,Court 1,40.0,frei,4
2026-05-20T09:53:59,2026-05-24,15:30,90,Court 1,60.0,frei,4
2026-05-20T09:53:59,2026-05-24,15:30,120,Court 1,80.0,frei,4
2026-05-20T09:53:59,2026-05-24,16:00,60,Court 1,40.0,frei,4
2026-05-20T09:53:59,2026-05-24,16:00,90,Court 1,60.0,frei,4
2026-05-20T09:53:59,2026-05-24,16:00,120,Court 1,80.0,frei,4
2026-05-20T09:53:59,2026-05-24,16:30,60,Court 1,40.0,frei,4
2026-05-20T09:53:59,2026-05-24,16:30,90,Court 1,60.0,frei,4
2026-05-20T09:53:59,2026-05-24,16:30,120,Court 1,80.0,frei,4
2026-05-20T09:53:59,2026-05-24,17:00,60,Court 1,40.0,frei,4
2026-05-20T09:53:59,2026-05-24,17:00,90,Court 1,60.0,frei,4
2026-05-20T09:53:59,2026-05-24,17:00,120,Court 1,80.0,frei,4
2026-05-20T09:53:59,2026-05-24,17:30,60,Court 1,40.0,frei,4
2026-05-20T09:53:59,2026-05-24,17:30,90,Court 1,60.0,frei,4
2026-05-20T09:53:59,2026-05-24,17:30,120,Court 1,80.0,frei,4
2026-05-20T09:53:59,2026-05-24,18:00,60,Court 1,40.0,frei,4
2026-05-20T09:53:59,2026-05-24,18:00,90,Court 1,60.0,frei,4
2026-05-20T09:53:59,2026-05-24,18:00,120,Court 1,80.0,frei,4
2026-05-20T09:53:59,2026-05-24,18:30,60,Court 1,40.0,frei,4
2026-05-20T09:53:59,2026-05-24,18:30,90,Court 1,60.0,frei,4
2026-05-20T09:53:59,2026-05-24,18:30,120,Court 1,80.0,frei,4
2026-05-20T09:53:59,2026-05-24,19:00,60,Court 1,40.0,frei,4
2026-05-20T09:53:59,2026-05-24,19:00,90,Court 1,60.0,frei,4
2026-05-20T09:53:59,2026-05-24,19:00,120,Court 1,80.0,frei,4
2026-05-20T09:53:59,2026-05-24,19:30,60,Court 1,40.0,frei,4
2026-05-20T09:53:59,2026-05-24,19:30,90,Court 1,60.0,frei,4
2026-05-20T09:53:59,2026-05-24,19:30,120,Court 1,80.0,frei,4
2026-05-20T09:53:59,2026-05-24,20:00,60,Court 1,40.0,frei,4
2026-05-20T09:53:59,2026-05-24,20:00,90,Court 1,60.0,frei,4
2026-05-20T09:53:59,2026-05-24,20:00,120,Court 1,80.0,frei,4
2026-05-20T09:53:59,2026-05-24,20:30,60,Court 1,40.0,frei,4
2026-05-20T09:53:59,2026-05-24,20:30,90,Court 1,60.0,frei,4
2026-05-20T09:53:59,2026-05-24,21:00,60,Court 1,40.0,frei,4
2026-05-20T09:53:59,2026-05-24,21:00,120,Court 1,80.0,frei,4
2026-05-20T09:53:59,2026-05-24,21:30,90,Court 1,60.0,frei,4
2026-05-20T09:53:59,2026-05-24,22:00,60,Court 1,40.0,frei,4
2026-05-20T09:53:59,2026-05-24,08:00,60,Court 2,40.0,frei,4
2026-05-20T09:53:59,2026-05-24,08:00,90,Court 2,60.0,frei,4
2026-05-20T09:53:59,2026-05-24,08:00,120,Court 2,80.0,frei,4
2026-05-20T09:53:59,2026-05-24,08:30,60,Court 2,40.0,frei,4
2026-05-20T09:53:59,2026-05-24,08:30,90,Court 2,60.0,frei,4
2026-05-20T09:53:59,2026-05-24,08:30,120,Court 2,80.0,frei,4
2026-05-20T09:53:59,2026-05-24,09:00,60,Court 2,40.0,frei,4
2026-05-20T09:53:59,2026-05-24,09:00,90,Court 2,60.0,frei,4
2026-05-20T09:53:59,2026-05-24,09:00,120,Court 2,80.0,frei,4
2026-05-20T09:53:59,2026-05-24,09:30,60,Court 2,40.0,frei,4
2026-05-20T09:53:59,2026-05-24,09:30,90,Court 2,60.0,frei,4
2026-05-20T09:53:59,2026-05-24,09:30,120,Court 2,80.0,frei,4
2026-05-20T09:53:59,2026-05-24,10:00,60,Court 2,40.0,frei,4
2026-05-20T09:53:59,2026-05-24,10:00,90,Court 2,60.0,frei,4
2026-05-20T09:53:59,2026-05-24,10:00,120,Court 2,80.0,frei,4
2026-05-20T09:53:59,2026-05-24,10:30,60,Court 2,40.0,frei,4
2026-05-20T09:53:59,2026-05-24,10:30,90,Court 2,60.0,frei,4
2026-05-20T09:53:59,2026-05-24,10:30,120,Court 2,80.0,frei,4
2026-05-20T09:53:59,2026-05-24,11:00,60,Court 2,40.0,frei,4
2026-05-20T09:53:59,2026-05-24,11:00,90,Court 2,60.0,frei,4
2026-05-20T09:53:59,2026-05-24,11:00,120,Court 2,80.0,frei,4
2026-05-20T09:53:59,2026-05-24,11:30,60,Court 2,40.0,frei,4
2026-05-20T09:53:59,2026-05-24,11:30,90,Court 2,60.0,frei,4
2026-05-20T09:53:59,2026-05-24,11:30,120,Court 2,80.0,frei,4
2026-05-20T09:53:59,2026-05-24,12:00,60,Court 2,40.0,frei,4
2026-05-20T09:53:59,2026-05-24,12:00,90,Court 2,60.0,frei,4
2026-05-20T09:53:59,2026-05-24,12:00,120,Court 2,80.0,frei,4
2026-05-20T09:53:59,2026-05-24,12:30,60,Court 2,40.0,frei,4
2026-05-20T09:53:59,2026-05-24,12:30,90,Court 2,60.0,frei,4
2026-05-20T09:53:59,2026-05-24,12:30,120,Court 2,80.0,frei,4
2026-05-20T09:53:59,2026-05-24,13:00,60,Court 2,40.0,frei,4
2026-05-20T09:53:59,2026-05-24,13:00,90,Court 2,60.0,frei,4
2026-05-20T09:53:59,2026-05-24,13:00,120,Court 2,80.0,frei,4
2026-05-20T09:53:59,2026-05-24,13:30,60,Court 2,40.0,frei,4
2026-05-20T09:53:59,2026-05-24,13:30,90,Court 2,60.0,frei,4
2026-05-20T09:53:59,2026-05-24,13:30,120,Court 2,80.0,frei,4
2026-05-20T09:53:59,2026-05-24,14:00,60,Court 2,40.0,frei,4
2026-05-20T09:53:59,2026-05-24,14:00,90,Court 2,60.0,frei,4
2026-05-20T09:53:59,2026-05-24,14:00,120,Court 2,80.0,frei,4
2026-05-20T09:53:59,2026-05-24,14:30,60,Court 2,40.0,frei,4
2026-05-20T09:53:59,2026-05-24,14:30,90,Court 2,60.0,frei,4
2026-05-20T09:53:59,2026-05-24,14:30,120,Court 2,80.0,frei,4
2026-05-20T09:53:59,2026-05-24,15:00,60,Court 2,40.0,frei,4
2026-05-20T09:53:59,2026-05-24,15:00,90,Court 2,60.0,frei,4
2026-05-20T09:53:59,2026-05-24,15:00,120,Court 2,80.0,frei,4
2026-05-20T09:53:59,2026-05-24,15:30,60,Court 2,40.0,frei,4
2026-05-20T09:53:59,2026-05-24,15:30,90,Court 2,60.0,frei,4
2026-05-20T09:53:59,2026-05-24,15:30,120,Court 2,80.0,frei,4
2026-05-20T09:53:59,2026-05-24,16:00,60,Court 2,40.0,frei,4
2026-05-20T09:53:59,2026-05-24,16:00,90,Court 2,60.0,frei,4
2026-05-20T09:53:59,2026-05-24,16:00,120,Court 2,80.0,frei,4
2026-05-20T09:53:59,2026-05-24,16:30,60,Court 2,40.0,frei,4
2026-05-20T09:53:59,2026-05-24,16:30,90,Court 2,60.0,frei,4
2026-05-20T09:53:59,2026-05-24,16:30,120,Court 2,80.0,frei,4
2026-05-20T09:53:59,2026-05-24,17:00,60,Court 2,40.0,frei,4
2026-05-20T09:53:59,2026-05-24,17:00,90,Court 2,60.0,frei,4
2026-05-20T09:53:59,2026-05-24,17:00,120,Court 2,80.0,frei,4
2026-05-20T09:53:59,2026-05-24,17:30,60,Court 2,40.0,frei,4
2026-05-20T09:53:59,2026-05-24,17:30,90,Court 2,60.0,frei,4
2026-05-20T09:53:59,2026-05-24,17:30,120,Court 2,80.0,frei,4
2026-05-20T09:53:59,2026-05-24,18:00,60,Court 2,40.0,frei,4
2026-05-20T09:53:59,2026-05-24,18:00,90,Court 2,60.0,frei,4
2026-05-20T09:53:59,2026-05-24,18:00,120,Court 2,80.0,frei,4
2026-05-20T09:53:59,2026-05-24,18:30,60,Court 2,40.0,frei,4
2026-05-20T09:53:59,2026-05-24,18:30,90,Court 2,60.0,frei,4
2026-05-20T09:53:59,2026-05-24,18:30,120,Court 2,80.0,frei,4
2026-05-20T09:53:59,2026-05-24,19:00,60,Court 2,40.0,frei,4
2026-05-20T09:53:59,2026-05-24,19:00,90,Court 2,60.0,frei,4
2026-05-20T09:53:59,2026-05-24,19:00,120,Court 2,80.0,frei,4
2026-05-20T09:53:59,2026-05-24,19:30,60,Court 2,40.0,frei,4
2026-05-20T09:53:59,2026-05-24,19:30,90,Court 2,60.0,frei,4
2026-05-20T09:53:59,2026-05-24,19:30,120,Court 2,80.0,frei,4
2026-05-20T09:53:59,2026-05-24,20:00,60,Court 2,40.0,frei,4
2026-05-20T09:53:59,2026-05-24,20:00,90,Court 2,60.0,frei,4
2026-05-20T09:53:59,2026-05-24,20:00,120,Court 2,80.0,frei,4
2026-05-20T09:53:59,2026-05-24,20:30,60,Court 2,40.0,frei,4
2026-05-20T09:53:59,2026-05-24,20:30,90,Court 2,60.0,frei,4
2026-05-20T09:53:59,2026-05-24,21:00,60,Court 2,40.0,frei,4
2026-05-20T09:53:59,2026-05-24,21:00,120,Court 2,80.0,frei,4
2026-05-20T09:53:59,2026-05-24,21:30,90,Court 2,60.0,frei,4
2026-05-20T09:53:59,2026-05-24,22:00,60,Court 2,40.0,frei,4
2026-05-20T09:53:59,2026-05-25,08:00,60,Court 4,40.0,frei,5
2026-05-20T09:53:59,2026-05-25,08:00,90,Court 4,60.0,frei,5
2026-05-20T09:53:59,2026-05-25,08:00,120,Court 4,80.0,frei,5
2026-05-20T09:53:59,2026-05-25,08:30,60,Court 4,40.0,frei,5
2026-05-20T09:53:59,2026-05-25,08:30,90,Court 4,60.0,frei,5
2026-05-20T09:53:59,2026-05-25,08:30,120,Court 4,80.0,frei,5
2026-05-20T09:53:59,2026-05-25,09:00,60,Court 4,40.0,frei,5
2026-05-20T09:53:59,2026-05-25,09:00,90,Court 4,60.0,frei,5
2026-05-20T09:53:59,2026-05-25,09:00,120,Court 4,80.0,frei,5
2026-05-20T09:53:59,2026-05-25,09:30,60,Court 4,40.0,frei,5
2026-05-20T09:53:59,2026-05-25,09:30,90,Court 4,60.0,frei,5
2026-05-20T09:53:59,2026-05-25,09:30,120,Court 4,80.0,frei,5
2026-05-20T09:53:59,2026-05-25,10:00,60,Court 4,40.0,frei,5
2026-05-20T09:53:59,2026-05-25,10:00,90,Court 4,60.0,frei,5
2026-05-20T09:53:59,2026-05-25,10:00,120,Court 4,80.0,frei,5
2026-05-20T09:53:59,2026-05-25,10:30,60,Court 4,40.0,frei,5
2026-05-20T09:53:59,2026-05-25,10:30,90,Court 4,60.0,frei,5
2026-05-20T09:53:59,2026-05-25,10:30,120,Court 4,80.0,frei,5
2026-05-20T09:53:59,2026-05-25,11:00,60,Court 4,40.0,frei,5
2026-05-20T09:53:59,2026-05-25,11:00,90,Court 4,60.0,frei,5
2026-05-20T09:53:59,2026-05-25,11:00,120,Court 4,80.0,frei,5
2026-05-20T09:53:59,2026-05-25,11:30,60,Court 4,40.0,frei,5
2026-05-20T09:53:59,2026-05-25,11:30,90,Court 4,60.0,frei,5
2026-05-20T09:53:59,2026-05-25,11:30,120,Court 4,80.0,frei,5
2026-05-20T09:53:59,2026-05-25,12:00,60,Court 4,40.0,frei,5
2026-05-20T09:53:59,2026-05-25,12:00,90,Court 4,60.0,frei,5
2026-05-20T09:53:59,2026-05-25,12:00,120,Court 4,80.0,frei,5
2026-05-20T09:53:59,2026-05-25,12:30,60,Court 4,40.0,frei,5
2026-05-20T09:53:59,2026-05-25,12:30,90,Court 4,60.0,frei,5
2026-05-20T09:53:59,2026-05-25,12:30,120,Court 4,80.0,frei,5
2026-05-20T09:53:59,2026-05-25,13:00,60,Court 4,40.0,frei,5
2026-05-20T09:53:59,2026-05-25,13:00,90,Court 4,60.0,frei,5
2026-05-20T09:53:59,2026-05-25,13:00,120,Court 4,80.0,frei,5
2026-05-20T09:53:59,2026-05-25,13:30,60,Court 4,40.0,frei,5
2026-05-20T09:53:59,2026-05-25,13:30,90,Court 4,60.0,frei,5
2026-05-20T09:53:59,2026-05-25,13:30,120,Court 4,80.0,frei,5
2026-05-20T09:53:59,2026-05-25,14:00,60,Court 4,40.0,frei,5
2026-05-20T09:53:59,2026-05-25,14:00,90,Court 4,60.0,frei,5
2026-05-20T09:53:59,2026-05-25,14:00,120,Court 4,80.0,frei,5
2026-05-20T09:53:59,2026-05-25,14:30,60,Court 4,40.0,frei,5
2026-05-20T09:53:59,2026-05-25,14:30,90,Court 4,60.0,frei,5
2026-05-20T09:53:59,2026-05-25,14:30,120,Court 4,80.0,frei,5
2026-05-20T09:53:59,2026-05-25,15:00,60,Court 4,40.0,frei,5
2026-05-20T09:53:59,2026-05-25,15:00,90,Court 4,60.0,frei,5
2026-05-20T09:53:59,2026-05-25,15:00,120,Court 4,80.0,frei,5
2026-05-20T09:53:59,2026-05-25,15:30,60,Court 4,40.0,frei,5
2026-05-20T09:53:59,2026-05-25,15:30,90,Court 4,60.0,frei,5
2026-05-20T09:53:59,2026-05-25,15:30,120,Court 4,80.0,frei,5
2026-05-20T09:53:59,2026-05-25,16:00,60,Court 4,40.0,frei,5
2026-05-20T09:53:59,2026-05-25,16:00,90,Court 4,60.0,frei,5
2026-05-20T09:53:59,2026-05-25,16:00,120,Court 4,80.0,frei,5
2026-05-20T09:53:59,2026-05-25,16:30,60,Court 4,40.0,frei,5
2026-05-20T09:53:59,2026-05-25,16:30,90,Court 4,60.0,frei,5
2026-05-20T09:53:59,2026-05-25,16:30,120,Court 4,80.0,frei,5
2026-05-20T09:53:59,2026-05-25,17:00,60,Court 4,40.0,frei,5
2026-05-20T09:53:59,2026-05-25,17:00,90,Court 4,60.0,frei,5
2026-05-20T09:53:59,2026-05-25,17:00,120,Court 4,80.0,frei,5
2026-05-20T09:53:59,2026-05-25,17:30,60,Court 4,40.0,frei,5
2026-05-20T09:53:59,2026-05-25,17:30,90,Court 4,60.0,frei,5
2026-05-20T09:53:59,2026-05-25,17:30,120,Court 4,80.0,frei,5
2026-05-20T09:53:59,2026-05-25,18:00,60,Court 4,40.0,frei,5
2026-05-20T09:53:59,2026-05-25,18:00,90,Court 4,60.0,frei,5
2026-05-20T09:53:59,2026-05-25,18:00,120,Court 4,80.0,frei,5
2026-05-20T09:53:59,2026-05-25,18:30,60,Court 4,40.0,frei,5
2026-05-20T09:53:59,2026-05-25,18:30,90,Court 4,60.0,frei,5
2026-05-20T09:53:59,2026-05-25,18:30,120,Court 4,80.0,frei,5
2026-05-20T09:53:59,2026-05-25,19:00,60,Court 4,40.0,frei,5
2026-05-20T09:53:59,2026-05-25,19:00,90,Court 4,60.0,frei,5
2026-05-20T09:53:59,2026-05-25,19:00,120,Court 4,80.0,frei,5
2026-05-20T09:53:59,2026-05-25,19:30,60,Court 4,40.0,frei,5
2026-05-20T09:53:59,2026-05-25,19:30,90,Court 4,60.0,frei,5
2026-05-20T09:53:59,2026-05-25,19:30,120,Court 4,80.0,frei,5
2026-05-20T09:53:59,2026-05-25,20:00,60,Court 4,40.0,frei,5
2026-05-20T09:53:59,2026-05-25,20:00,90,Court 4,60.0,frei,5
2026-05-20T09:53:59,2026-05-25,20:00,120,Court 4,80.0,frei,5
2026-05-20T09:53:59,2026-05-25,20:30,60,Court 4,40.0,frei,5
2026-05-20T09:53:59,2026-05-25,20:30,90,Court 4,60.0,frei,5
2026-05-20T09:53:59,2026-05-25,21:00,60,Court 4,40.0,frei,5
2026-05-20T09:53:59,2026-05-25,21:00,120,Court 4,80.0,frei,5
2026-05-20T09:53:59,2026-05-25,21:30,90,Court 4,60.0,frei,5
2026-05-20T09:53:59,2026-05-25,22:00,60,Court 4,40.0,frei,5
2026-05-20T09:53:59,2026-05-25,08:00,60,Court 1,40.0,frei,5
2026-05-20T09:53:59,2026-05-25,08:00,90,Court 1,60.0,frei,5
2026-05-20T09:53:59,2026-05-25,08:00,120,Court 1,80.0,frei,5
2026-05-20T09:53:59,2026-05-25,08:30,60,Court 1,40.0,frei,5
2026-05-20T09:53:59,2026-05-25,08:30,90,Court 1,60.0,frei,5
2026-05-20T09:53:59,2026-05-25,08:30,120,Court 1,80.0,frei,5
2026-05-20T09:53:59,2026-05-25,09:00,60,Court 1,40.0,frei,5
2026-05-20T09:53:59,2026-05-25,09:00,90,Court 1,60.0,frei,5
2026-05-20T09:53:59,2026-05-25,09:00,120,Court 1,80.0,frei,5
2026-05-20T09:53:59,2026-05-25,09:30,60,Court 1,40.0,frei,5
2026-05-20T09:53:59,2026-05-25,09:30,90,Court 1,60.0,frei,5
2026-05-20T09:53:59,2026-05-25,09:30,120,Court 1,80.0,frei,5
2026-05-20T09:53:59,2026-05-25,10:00,60,Court 1,40.0,frei,5
2026-05-20T09:53:59,2026-05-25,10:00,90,Court 1,60.0,frei,5
2026-05-20T09:53:59,2026-05-25,10:00,120,Court 1,80.0,frei,5
2026-05-20T09:53:59,2026-05-25,10:30,60,Court 1,40.0,frei,5
2026-05-20T09:53:59,2026-05-25,10:30,90,Court 1,60.0,frei,5
2026-05-20T09:53:59,2026-05-25,10:30,120,Court 1,80.0,frei,5
2026-05-20T09:53:59,2026-05-25,11:00,60,Court 1,40.0,frei,5
2026-05-20T09:53:59,2026-05-25,11:00,90,Court 1,60.0,frei,5
2026-05-20T09:53:59,2026-05-25,11:00,120,Court 1,80.0,frei,5
2026-05-20T09:53:59,2026-05-25,11:30,60,Court 1,40.0,frei,5
2026-05-20T09:53:59,2026-05-25,11:30,90,Court 1,60.0,frei,5
2026-05-20T09:53:59,2026-05-25,12:00,60,Court 1,40.0,frei,5
2026-05-20T09:53:59,2026-05-25,12:00,120,Court 1,80.0,frei,5
2026-05-20T09:53:59,2026-05-25,12:30,90,Court 1,60.0,frei,5
2026-05-20T09:53:59,2026-05-25,13:00,60,Court 1,40.0,frei,5
2026-05-20T09:53:59,2026-05-25,15:30,60,Court 1,40.0,frei,5
2026-05-20T09:53:59,2026-05-25,15:30,90,Court 1,60.0,frei,5
2026-05-20T09:53:59,2026-05-25,16:30,90,Court 1,60.0,frei,5
2026-05-20T09:53:59,2026-05-25,17:00,60,Court 1,40.0,frei,5
2026-05-20T09:53:59,2026-05-25,19:30,60,Court 1,40.0,frei,5
2026-05-20T09:53:59,2026-05-25,19:30,90,Court 1,60.0,frei,5
2026-05-20T09:53:59,2026-05-25,19:30,120,Court 1,80.0,frei,5
2026-05-20T09:53:59,2026-05-25,20:30,60,Court 1,40.0,frei,5
2026-05-20T09:53:59,2026-05-25,20:30,90,Court 1,60.0,frei,5
2026-05-20T09:53:59,2026-05-25,21:00,60,Court 1,40.0,frei,5
2026-05-20T09:53:59,2026-05-25,21:00,120,Court 1,80.0,frei,5
2026-05-20T09:53:59,2026-05-25,21:30,90,Court 1,60.0,frei,5
2026-05-20T09:53:59,2026-05-25,22:00,60,Court 1,40.0,frei,5
2026-05-20T09:53:59,2026-05-25,08:00,60,Court 2,40.0,frei,5
2026-05-20T09:53:59,2026-05-25,08:00,90,Court 2,60.0,frei,5
2026-05-20T09:53:59,2026-05-25,08:00,120,Court 2,80.0,frei,5
2026-05-20T09:53:59,2026-05-25,08:30,60,Court 2,40.0,frei,5
2026-05-20T09:53:59,2026-05-25,08:30,90,Court 2,60.0,frei,5
2026-05-20T09:53:59,2026-05-25,08:30,120,Court 2,80.0,frei,5
2026-05-20T09:53:59,2026-05-25,09:00,60,Court 2,40.0,frei,5
2026-05-20T09:53:59,2026-05-25,09:00,90,Court 2,60.0,frei,5
2026-05-20T09:53:59,2026-05-25,09:00,120,Court 2,80.0,frei,5
2026-05-20T09:53:59,2026-05-25,09:30,60,Court 2,40.0,frei,5
2026-05-20T09:53:59,2026-05-25,09:30,90,Court 2,60.0,frei,5
2026-05-20T09:53:59,2026-05-25,09:30,120,Court 2,80.0,frei,5
2026-05-20T09:53:59,2026-05-25,10:00,60,Court 2,40.0,frei,5
2026-05-20T09:53:59,2026-05-25,10:00,90,Court 2,60.0,frei,5
2026-05-20T09:53:59,2026-05-25,10:00,120,Court 2,80.0,frei,5
2026-05-20T09:53:59,2026-05-25,10:30,60,Court 2,40.0,frei,5
2026-05-20T09:53:59,2026-05-25,10:30,90,Court 2,60.0,frei,5
2026-05-20T09:53:59,2026-05-25,10:30,120,Court 2,80.0,frei,5
2026-05-20T09:53:59,2026-05-25,11:00,60,Court 2,40.0,frei,5
2026-05-20T09:53:59,2026-05-25,11:00,90,Court 2,60.0,frei,5
2026-05-20T09:53:59,2026-05-25,11:00,120,Court 2,80.0,frei,5
2026-05-20T09:53:59,2026-05-25,11:30,60,Court 2,40.0,frei,5
2026-05-20T09:53:59,2026-05-25,11:30,90,Court 2,60.0,frei,5
2026-05-20T09:53:59,2026-05-25,11:30,120,Court 2,80.0,frei,5
2026-05-20T09:53:59,2026-05-25,12:00,60,Court 2,40.0,frei,5
2026-05-20T09:53:59,2026-05-25,12:00,90,Court 2,60.0,frei,5
2026-05-20T09:53:59,2026-05-25,12:00,120,Court 2,80.0,frei,5
2026-05-20T09:53:59,2026-05-25,12:30,60,Court 2,40.0,frei,5
2026-05-20T09:53:59,2026-05-25,12:30,90,Court 2,60.0,frei,5
2026-05-20T09:53:59,2026-05-25,12:30,120,Court 2,80.0,frei,5
2026-05-20T09:53:59,2026-05-25,13:00,60,Court 2,40.0,frei,5
2026-05-20T09:53:59,2026-05-25,13:00,90,Court 2,60.0,frei,5
2026-05-20T09:53:59,2026-05-25,13:00,120,Court 2,80.0,frei,5
2026-05-20T09:53:59,2026-05-25,13:30,60,Court 2,40.0,frei,5
2026-05-20T09:53:59,2026-05-25,13:30,90,Court 2,60.0,frei,5
2026-05-20T09:53:59,2026-05-25,13:30,120,Court 2,80.0,frei,5
2026-05-20T09:53:59,2026-05-25,14:00,60,Court 2,40.0,frei,5
2026-05-20T09:53:59,2026-05-25,14:00,90,Court 2,60.0,frei,5
2026-05-20T09:53:59,2026-05-25,14:00,120,Court 2,80.0,frei,5
2026-05-20T09:53:59,2026-05-25,14:30,60,Court 2,40.0,frei,5
2026-05-20T09:53:59,2026-05-25,14:30,90,Court 2,60.0,frei,5
2026-05-20T09:53:59,2026-05-25,14:30,120,Court 2,80.0,frei,5
2026-05-20T09:53:59,2026-05-25,15:00,60,Court 2,40.0,frei,5
2026-05-20T09:53:59,2026-05-25,15:00,90,Court 2,60.0,frei,5
2026-05-20T09:53:59,2026-05-25,15:00,120,Court 2,80.0,frei,5
2026-05-20T09:53:59,2026-05-25,15:30,60,Court 2,40.0,frei,5
2026-05-20T09:53:59,2026-05-25,15:30,90,Court 2,60.0,frei,5
2026-05-20T09:53:59,2026-05-25,15:30,120,Court 2,80.0,frei,5
2026-05-20T09:53:59,2026-05-25,16:00,60,Court 2,40.0,frei,5
2026-05-20T09:53:59,2026-05-25,16:00,90,Court 2,60.0,frei,5
2026-05-20T09:53:59,2026-05-25,16:00,120,Court 2,80.0,frei,5
2026-05-20T09:53:59,2026-05-25,16:30,60,Court 2,40.0,frei,5
2026-05-20T09:53:59,2026-05-25,16:30,90,Court 2,60.0,frei,5
2026-05-20T09:53:59,2026-05-25,16:30,120,Court 2,80.0,frei,5
2026-05-20T09:53:59,2026-05-25,17:00,60,Court 2,40.0,frei,5
2026-05-20T09:53:59,2026-05-25,17:00,90,Court 2,60.0,frei,5
2026-05-20T09:53:59,2026-05-25,17:00,120,Court 2,80.0,frei,5
2026-05-20T09:53:59,2026-05-25,17:30,60,Court 2,40.0,frei,5
2026-05-20T09:53:59,2026-05-25,17:30,90,Court 2,60.0,frei,5
2026-05-20T09:53:59,2026-05-25,17:30,120,Court 2,80.0,frei,5
2026-05-20T09:53:59,2026-05-25,18:00,60,Court 2,40.0,frei,5
2026-05-20T09:53:59,2026-05-25,18:00,90,Court 2,60.0,frei,5
2026-05-20T09:53:59,2026-05-25,18:00,120,Court 2,80.0,frei,5
2026-05-20T09:53:59,2026-05-25,18:30,60,Court 2,40.0,frei,5
2026-05-20T09:53:59,2026-05-25,18:30,90,Court 2,60.0,frei,5
2026-05-20T09:53:59,2026-05-25,18:30,120,Court 2,80.0,frei,5
2026-05-20T09:53:59,2026-05-25,19:00,60,Court 2,40.0,frei,5
2026-05-20T09:53:59,2026-05-25,19:00,90,Court 2,60.0,frei,5
2026-05-20T09:53:59,2026-05-25,19:00,120,Court 2,80.0,frei,5
2026-05-20T09:53:59,2026-05-25,19:30,60,Court 2,40.0,frei,5
2026-05-20T09:53:59,2026-05-25,19:30,90,Court 2,60.0,frei,5
2026-05-20T09:53:59,2026-05-25,19:30,120,Court 2,80.0,frei,5
2026-05-20T09:53:59,2026-05-25,20:00,60,Court 2,40.0,frei,5
2026-05-20T09:53:59,2026-05-25,20:00,90,Court 2,60.0,frei,5
2026-05-20T09:53:59,2026-05-25,20:00,120,Court 2,80.0,frei,5
2026-05-20T09:53:59,2026-05-25,20:30,60,Court 2,40.0,frei,5
2026-05-20T09:53:59,2026-05-25,20:30,90,Court 2,60.0,frei,5
2026-05-20T09:53:59,2026-05-25,21:00,60,Court 2,40.0,frei,5
2026-05-20T09:53:59,2026-05-25,21:00,120,Court 2,80.0,frei,5
2026-05-20T09:53:59,2026-05-25,21:30,90,Court 2,60.0,frei,5
2026-05-20T09:53:59,2026-05-25,22:00,60,Court 2,40.0,frei,5
2026-05-20T09:53:59,2026-05-25,08:00,60,Court 3,40.0,frei,5
2026-05-20T09:53:59,2026-05-25,08:00,90,Court 3,60.0,frei,5
2026-05-20T09:53:59,2026-05-25,08:00,120,Court 3,80.0,frei,5
2026-05-20T09:53:59,2026-05-25,08:30,60,Court 3,40.0,frei,5
2026-05-20T09:53:59,2026-05-25,08:30,90,Court 3,60.0,frei,5
2026-05-20T09:53:59,2026-05-25,08:30,120,Court 3,80.0,frei,5
2026-05-20T09:53:59,2026-05-25,09:00,60,Court 3,40.0,frei,5
2026-05-20T09:53:59,2026-05-25,09:00,90,Court 3,60.0,frei,5
2026-05-20T09:53:59,2026-05-25,09:00,120,Court 3,80.0,frei,5
2026-05-20T09:53:59,2026-05-25,09:30,60,Court 3,40.0,frei,5
2026-05-20T09:53:59,2026-05-25,09:30,90,Court 3,60.0,frei,5
2026-05-20T09:53:59,2026-05-25,09:30,120,Court 3,80.0,frei,5
2026-05-20T09:53:59,2026-05-25,10:00,60,Court 3,40.0,frei,5
2026-05-20T09:53:59,2026-05-25,10:00,90,Court 3,60.0,frei,5
2026-05-20T09:53:59,2026-05-25,10:00,120,Court 3,80.0,frei,5
2026-05-20T09:53:59,2026-05-25,10:30,60,Court 3,40.0,frei,5
2026-05-20T09:53:59,2026-05-25,10:30,90,Court 3,60.0,frei,5
2026-05-20T09:53:59,2026-05-25,10:30,120,Court 3,80.0,frei,5
2026-05-20T09:53:59,2026-05-25,11:00,60,Court 3,40.0,frei,5
2026-05-20T09:53:59,2026-05-25,11:00,90,Court 3,60.0,frei,5
2026-05-20T09:53:59,2026-05-25,11:00,120,Court 3,80.0,frei,5
2026-05-20T09:53:59,2026-05-25,11:30,60,Court 3,40.0,frei,5
2026-05-20T09:53:59,2026-05-25,11:30,90,Court 3,60.0,frei,5
2026-05-20T09:53:59,2026-05-25,11:30,120,Court 3,80.0,frei,5
2026-05-20T09:53:59,2026-05-25,12:00,60,Court 3,40.0,frei,5
2026-05-20T09:53:59,2026-05-25,12:00,90,Court 3,60.0,frei,5
2026-05-20T09:53:59,2026-05-25,12:00,120,Court 3,80.0,frei,5
2026-05-20T09:53:59,2026-05-25,12:30,60,Court 3,40.0,frei,5
2026-05-20T09:53:59,2026-05-25,12:30,90,Court 3,60.0,frei,5
2026-05-20T09:53:59,2026-05-25,12:30,120,Court 3,80.0,frei,5
2026-05-20T09:53:59,2026-05-25,13:00,60,Court 3,40.0,frei,5
2026-05-20T09:53:59,2026-05-25,13:00,90,Court 3,60.0,frei,5
2026-05-20T09:53:59,2026-05-25,13:00,120,Court 3,80.0,frei,5
2026-05-20T09:53:59,2026-05-25,13:30,60,Court 3,40.0,frei,5
2026-05-20T09:53:59,2026-05-25,13:30,90,Court 3,60.0,frei,5
2026-05-20T09:53:59,2026-05-25,13:30,120,Court 3,80.0,frei,5
2026-05-20T09:53:59,2026-05-25,14:00,60,Court 3,40.0,frei,5
2026-05-20T09:53:59,2026-05-25,14:00,90,Court 3,60.0,frei,5
2026-05-20T09:53:59,2026-05-25,14:00,120,Court 3,80.0,frei,5
2026-05-20T09:53:59,2026-05-25,14:30,60,Court 3,40.0,frei,5
2026-05-20T09:53:59,2026-05-25,14:30,90,Court 3,60.0,frei,5
2026-05-20T09:53:59,2026-05-25,14:30,120,Court 3,80.0,frei,5
2026-05-20T09:53:59,2026-05-25,15:00,60,Court 3,40.0,frei,5
2026-05-20T09:53:59,2026-05-25,15:00,90,Court 3,60.0,frei,5
2026-05-20T09:53:59,2026-05-25,15:00,120,Court 3,80.0,frei,5
2026-05-20T09:53:59,2026-05-25,15:30,60,Court 3,40.0,frei,5
2026-05-20T09:53:59,2026-05-25,15:30,90,Court 3,60.0,frei,5
2026-05-20T09:53:59,2026-05-25,16:00,60,Court 3,40.0,frei,5
2026-05-20T09:53:59,2026-05-25,16:00,120,Court 3,80.0,frei,5
2026-05-20T09:53:59,2026-05-25,16:30,90,Court 3,60.0,frei,5
2026-05-20T09:53:59,2026-05-25,17:00,60,Court 3,40.0,frei,5
2026-05-20T09:53:59,2026-05-25,19:30,60,Court 3,40.0,frei,5
2026-05-20T09:53:59,2026-05-25,19:30,90,Court 3,60.0,frei,5
2026-05-20T09:53:59,2026-05-25,19:30,120,Court 3,80.0,frei,5
2026-05-20T09:53:59,2026-05-25,20:30,60,Court 3,40.0,frei,5
2026-05-20T09:53:59,2026-05-25,20:30,90,Court 3,60.0,frei,5
2026-05-20T09:53:59,2026-05-25,21:00,60,Court 3,40.0,frei,5
2026-05-20T09:53:59,2026-05-25,21:00,120,Court 3,80.0,frei,5
2026-05-20T09:53:59,2026-05-25,21:30,90,Court 3,60.0,frei,5
2026-05-20T09:53:59,2026-05-25,22:00,60,Court 3,40.0,frei,5
2026-05-20T09:53:59,2026-05-26,08:00,60,Court 4,24.0,frei,6
2026-05-20T09:53:59,2026-05-26,08:00,90,Court 4,36.0,frei,6
2026-05-20T09:53:59,2026-05-26,08:00,120,Court 4,48.0,frei,6
2026-05-20T09:53:59,2026-05-26,08:30,60,Court 4,24.0,frei,6
2026-05-20T09:53:59,2026-05-26,08:30,90,Court 4,36.0,frei,6
2026-05-20T09:53:59,2026-05-26,08:30,120,Court 4,48.0,frei,6
2026-05-20T09:53:59,2026-05-26,09:00,60,Court 4,24.0,frei,6
2026-05-20T09:53:59,2026-05-26,09:00,90,Court 4,36.0,frei,6
2026-05-20T09:53:59,2026-05-26,09:00,120,Court 4,48.0,frei,6
2026-05-20T09:53:59,2026-05-26,09:30,60,Court 4,24.0,frei,6
2026-05-20T09:53:59,2026-05-26,09:30,90,Court 4,36.0,frei,6
2026-05-20T09:53:59,2026-05-26,09:30,120,Court 4,48.0,frei,6
2026-05-20T09:53:59,2026-05-26,10:00,60,Court 4,24.0,frei,6
2026-05-20T09:53:59,2026-05-26,10:00,90,Court 4,36.0,frei,6
2026-05-20T09:53:59,2026-05-26,10:00,120,Court 4,48.0,frei,6
2026-05-20T09:53:59,2026-05-26,10:30,60,Court 4,24.0,frei,6
2026-05-20T09:53:59,2026-05-26,10:30,90,Court 4,36.0,frei,6
2026-05-20T09:53:59,2026-05-26,10:30,120,Court 4,48.0,frei,6
2026-05-20T09:53:59,2026-05-26,11:00,60,Court 4,24.0,frei,6
2026-05-20T09:53:59,2026-05-26,11:00,90,Court 4,36.0,frei,6
2026-05-20T09:53:59,2026-05-26,11:00,120,Court 4,48.0,frei,6
2026-05-20T09:53:59,2026-05-26,11:30,60,Court 4,24.0,frei,6
2026-05-20T09:53:59,2026-05-26,11:30,90,Court 4,36.0,frei,6
2026-05-20T09:53:59,2026-05-26,11:30,120,Court 4,48.0,frei,6
2026-05-20T09:53:59,2026-05-26,12:00,60,Court 4,24.0,frei,6
2026-05-20T09:53:59,2026-05-26,12:00,90,Court 4,36.0,frei,6
2026-05-20T09:53:59,2026-05-26,12:00,120,Court 4,48.0,frei,6
2026-05-20T09:53:59,2026-05-26,12:30,60,Court 4,24.0,frei,6
2026-05-20T09:53:59,2026-05-26,12:30,90,Court 4,36.0,frei,6
2026-05-20T09:53:59,2026-05-26,12:30,120,Court 4,48.0,frei,6
2026-05-20T09:53:59,2026-05-26,13:00,60,Court 4,24.0,frei,6
2026-05-20T09:53:59,2026-05-26,13:00,90,Court 4,36.0,frei,6
2026-05-20T09:53:59,2026-05-26,13:00,120,Court 4,48.0,frei,6
2026-05-20T09:53:59,2026-05-26,13:30,60,Court 4,24.0,frei,6
2026-05-20T09:53:59,2026-05-26,13:30,90,Court 4,36.0,frei,6
2026-05-20T09:53:59,2026-05-26,13:30,120,Court 4,48.0,frei,6
2026-05-20T09:53:59,2026-05-26,14:00,60,Court 4,24.0,frei,6
2026-05-20T09:53:59,2026-05-26,14:00,90,Court 4,36.0,frei,6
2026-05-20T09:53:59,2026-05-26,14:00,120,Court 4,48.0,frei,6
2026-05-20T09:53:59,2026-05-26,14:30,60,Court 4,24.0,frei,6
2026-05-20T09:53:59,2026-05-26,14:30,90,Court 4,36.0,frei,6
2026-05-20T09:53:59,2026-05-26,14:30,120,Court 4,56.0,frei,6
2026-05-20T09:53:59,2026-05-26,15:00,60,Court 4,24.0,frei,6
2026-05-20T09:53:59,2026-05-26,15:00,90,Court 4,44.0,frei,6
2026-05-20T09:53:59,2026-05-26,15:30,60,Court 4,32.0,frei,6
2026-05-20T09:53:59,2026-05-26,15:30,120,Court 4,72.0,frei,6
2026-05-20T09:53:59,2026-05-26,16:00,90,Court 4,60.0,frei,6
2026-05-20T09:53:59,2026-05-26,16:30,60,Court 4,40.0,frei,6
2026-05-20T09:53:59,2026-05-26,19:00,60,Court 4,40.0,frei,6
2026-05-20T09:53:59,2026-05-26,19:00,90,Court 4,60.0,frei,6
2026-05-20T09:53:59,2026-05-26,19:00,120,Court 4,80.0,frei,6
2026-05-20T09:53:59,2026-05-26,20:00,60,Court 4,40.0,frei,6
2026-05-20T09:53:59,2026-05-26,20:00,90,Court 4,60.0,frei,6
2026-05-20T09:53:59,2026-05-26,20:00,120,Court 4,80.0,frei,6
2026-05-20T09:53:59,2026-05-26,20:30,60,Court 4,40.0,frei,6
2026-05-20T09:53:59,2026-05-26,20:30,90,Court 4,60.0,frei,6
2026-05-20T09:53:59,2026-05-26,21:00,60,Court 4,40.0,frei,6
2026-05-20T09:53:59,2026-05-26,21:00,120,Court 4,80.0,frei,6
2026-05-20T09:53:59,2026-05-26,21:30,90,Court 4,60.0,frei,6
2026-05-20T09:53:59,2026-05-26,22:00,60,Court 4,40.0,frei,6
2026-05-20T09:53:59,2026-05-26,08:00,60,Court 1,24.0,frei,6
2026-05-20T09:53:59,2026-05-26,08:00,90,Court 1,36.0,frei,6
2026-05-20T09:53:59,2026-05-26,08:00,120,Court 1,48.0,frei,6
2026-05-20T09:53:59,2026-05-26,08:30,60,Court 1,24.0,frei,6
2026-05-20T09:53:59,2026-05-26,08:30,90,Court 1,36.0,frei,6
2026-05-20T09:53:59,2026-05-26,08:30,120,Court 1,48.0,frei,6
2026-05-20T09:53:59,2026-05-26,09:00,60,Court 1,24.0,frei,6
2026-05-20T09:53:59,2026-05-26,09:00,90,Court 1,36.0,frei,6
2026-05-20T09:53:59,2026-05-26,09:00,120,Court 1,48.0,frei,6
2026-05-20T09:53:59,2026-05-26,09:30,60,Court 1,24.0,frei,6
2026-05-20T09:53:59,2026-05-26,09:30,90,Court 1,36.0,frei,6
2026-05-20T09:53:59,2026-05-26,09:30,120,Court 1,48.0,frei,6
2026-05-20T09:53:59,2026-05-26,10:00,60,Court 1,24.0,frei,6
2026-05-20T09:53:59,2026-05-26,10:00,90,Court 1,36.0,frei,6
2026-05-20T09:53:59,2026-05-26,10:00,120,Court 1,48.0,frei,6
2026-05-20T09:53:59,2026-05-26,10:30,60,Court 1,24.0,frei,6
2026-05-20T09:53:59,2026-05-26,10:30,90,Court 1,36.0,frei,6
2026-05-20T09:53:59,2026-05-26,10:30,120,Court 1,48.0,frei,6
2026-05-20T09:53:59,2026-05-26,11:00,60,Court 1,24.0,frei,6
2026-05-20T09:53:59,2026-05-26,11:00,90,Court 1,36.0,frei,6
2026-05-20T09:53:59,2026-05-26,11:00,120,Court 1,48.0,frei,6
2026-05-20T09:53:59,2026-05-26,11:30,60,Court 1,24.0,frei,6
2026-05-20T09:53:59,2026-05-26,11:30,90,Court 1,36.0,frei,6
2026-05-20T09:53:59,2026-05-26,11:30,120,Court 1,48.0,frei,6
2026-05-20T09:53:59,2026-05-26,12:00,60,Court 1,24.0,frei,6
2026-05-20T09:53:59,2026-05-26,12:00,90,Court 1,36.0,frei,6
2026-05-20T09:53:59,2026-05-26,12:00,120,Court 1,48.0,frei,6
2026-05-20T09:53:59,2026-05-26,12:30,60,Court 1,24.0,frei,6
2026-05-20T09:53:59,2026-05-26,12:30,90,Court 1,36.0,frei,6
2026-05-20T09:53:59,2026-05-26,12:30,120,Court 1,48.0,frei,6
2026-05-20T09:53:59,2026-05-26,13:00,60,Court 1,24.0,frei,6
2026-05-20T09:53:59,2026-05-26,13:00,90,Court 1,36.0,frei,6
2026-05-20T09:53:59,2026-05-26,13:00,120,Court 1,48.0,frei,6
2026-05-20T09:53:59,2026-05-26,13:30,60,Court 1,24.0,frei,6
2026-05-20T09:53:59,2026-05-26,13:30,90,Court 1,36.0,frei,6
2026-05-20T09:53:59,2026-05-26,13:30,120,Court 1,48.0,frei,6
2026-05-20T09:53:59,2026-05-26,14:00,60,Court 1,24.0,frei,6
2026-05-20T09:53:59,2026-05-26,14:00,90,Court 1,36.0,frei,6
2026-05-20T09:53:59,2026-05-26,14:00,120,Court 1,48.0,frei,6
2026-05-20T09:53:59,2026-05-26,14:30,60,Court 1,24.0,frei,6
2026-05-20T09:53:59,2026-05-26,14:30,90,Court 1,36.0,frei,6
2026-05-20T09:53:59,2026-05-26,14:30,120,Court 1,56.0,frei,6
2026-05-20T09:53:59,2026-05-26,15:00,60,Court 1,24.0,frei,6
2026-05-20T09:53:59,2026-05-26,15:00,90,Court 1,44.0,frei,6
2026-05-20T09:53:59,2026-05-26,15:00,120,Court 1,64.0,frei,6
2026-05-20T09:53:59,2026-05-26,15:30,60,Court 1,32.0,frei,6
2026-05-20T09:53:59,2026-05-26,15:30,90,Court 1,52.0,frei,6
2026-05-20T09:53:59,2026-05-26,15:30,120,Court 1,72.0,frei,6
2026-05-20T09:53:59,2026-05-26,16:00,60,Court 1,40.0,frei,6
2026-05-20T09:53:59,2026-05-26,16:00,90,Court 1,60.0,frei,6
2026-05-20T09:53:59,2026-05-26,16:00,120,Court 1,80.0,frei,6
2026-05-20T09:53:59,2026-05-26,16:30,60,Court 1,40.0,frei,6
2026-05-20T09:53:59,2026-05-26,16:30,90,Court 1,60.0,frei,6
2026-05-20T09:53:59,2026-05-26,16:30,120,Court 1,80.0,frei,6
2026-05-20T09:53:59,2026-05-26,17:00,60,Court 1,40.0,frei,6
2026-05-20T09:53:59,2026-05-26,17:00,90,Court 1,60.0,frei,6
2026-05-20T09:53:59,2026-05-26,17:00,120,Court 1,80.0,frei,6
2026-05-20T09:53:59,2026-05-26,17:30,60,Court 1,40.0,frei,6
2026-05-20T09:53:59,2026-05-26,17:30,90,Court 1,60.0,frei,6
2026-05-20T09:53:59,2026-05-26,17:30,120,Court 1,80.0,frei,6
2026-05-20T09:53:59,2026-05-26,18:00,60,Court 1,40.0,frei,6
2026-05-20T09:53:59,2026-05-26,18:00,90,Court 1,60.0,frei,6
2026-05-20T09:53:59,2026-05-26,18:00,120,Court 1,80.0,frei,6
2026-05-20T09:53:59,2026-05-26,18:30,60,Court 1,40.0,frei,6
2026-05-20T09:53:59,2026-05-26,18:30,90,Court 1,60.0,frei,6
2026-05-20T09:53:59,2026-05-26,18:30,120,Court 1,80.0,frei,6
2026-05-20T09:53:59,2026-05-26,19:00,60,Court 1,40.0,frei,6
2026-05-20T09:53:59,2026-05-26,19:00,90,Court 1,60.0,frei,6
2026-05-20T09:53:59,2026-05-26,19:00,120,Court 1,80.0,frei,6
2026-05-20T09:53:59,2026-05-26,19:30,60,Court 1,40.0,frei,6
2026-05-20T09:53:59,2026-05-26,19:30,90,Court 1,60.0,frei,6
2026-05-20T09:53:59,2026-05-26,19:30,120,Court 1,80.0,frei,6
2026-05-20T09:53:59,2026-05-26,20:00,60,Court 1,40.0,frei,6
2026-05-20T09:53:59,2026-05-26,20:00,90,Court 1,60.0,frei,6
2026-05-20T09:53:59,2026-05-26,20:00,120,Court 1,80.0,frei,6
2026-05-20T09:53:59,2026-05-26,20:30,60,Court 1,40.0,frei,6
2026-05-20T09:53:59,2026-05-26,20:30,90,Court 1,60.0,frei,6
2026-05-20T09:53:59,2026-05-26,21:00,60,Court 1,40.0,frei,6
2026-05-20T09:53:59,2026-05-26,21:00,120,Court 1,80.0,frei,6
2026-05-20T09:53:59,2026-05-26,21:30,90,Court 1,60.0,frei,6
2026-05-20T09:53:59,2026-05-26,22:00,60,Court 1,40.0,frei,6
2026-05-20T09:53:59,2026-05-26,08:00,60,Court 2,24.0,frei,6
2026-05-20T09:53:59,2026-05-26,08:00,90,Court 2,36.0,frei,6
2026-05-20T09:53:59,2026-05-26,08:00,120,Court 2,48.0,frei,6
2026-05-20T09:53:59,2026-05-26,08:30,60,Court 2,24.0,frei,6
2026-05-20T09:53:59,2026-05-26,08:30,90,Court 2,36.0,frei,6
2026-05-20T09:53:59,2026-05-26,08:30,120,Court 2,48.0,frei,6
2026-05-20T09:53:59,2026-05-26,09:00,60,Court 2,24.0,frei,6
2026-05-20T09:53:59,2026-05-26,09:00,90,Court 2,36.0,frei,6
2026-05-20T09:53:59,2026-05-26,09:00,120,Court 2,48.0,frei,6
2026-05-20T09:53:59,2026-05-26,09:30,60,Court 2,24.0,frei,6
2026-05-20T09:53:59,2026-05-26,09:30,90,Court 2,36.0,frei,6
2026-05-20T09:53:59,2026-05-26,09:30,120,Court 2,48.0,frei,6
2026-05-20T09:53:59,2026-05-26,10:00,60,Court 2,24.0,frei,6
2026-05-20T09:53:59,2026-05-26,10:00,90,Court 2,36.0,frei,6
2026-05-20T09:53:59,2026-05-26,10:00,120,Court 2,48.0,frei,6
2026-05-20T09:53:59,2026-05-26,10:30,60,Court 2,24.0,frei,6
2026-05-20T09:53:59,2026-05-26,10:30,90,Court 2,36.0,frei,6
2026-05-20T09:53:59,2026-05-26,10:30,120,Court 2,48.0,frei,6
2026-05-20T09:53:59,2026-05-26,11:00,60,Court 2,24.0,frei,6
2026-05-20T09:53:59,2026-05-26,11:00,90,Court 2,36.0,frei,6
2026-05-20T09:53:59,2026-05-26,11:00,120,Court 2,48.0,frei,6
2026-05-20T09:53:59,2026-05-26,11:30,60,Court 2,24.0,frei,6
2026-05-20T09:53:59,2026-05-26,11:30,90,Court 2,36.0,frei,6
2026-05-20T09:53:59,2026-05-26,11:30,120,Court 2,48.0,frei,6
2026-05-20T09:53:59,2026-05-26,12:00,60,Court 2,24.0,frei,6
2026-05-20T09:53:59,2026-05-26,12:00,90,Court 2,36.0,frei,6
2026-05-20T09:53:59,2026-05-26,12:00,120,Court 2,48.0,frei,6
2026-05-20T09:53:59,2026-05-26,12:30,60,Court 2,24.0,frei,6
2026-05-20T09:53:59,2026-05-26,12:30,90,Court 2,36.0,frei,6
2026-05-20T09:53:59,2026-05-26,12:30,120,Court 2,48.0,frei,6
2026-05-20T09:53:59,2026-05-26,13:00,60,Court 2,24.0,frei,6
2026-05-20T09:53:59,2026-05-26,13:00,90,Court 2,36.0,frei,6
2026-05-20T09:53:59,2026-05-26,13:00,120,Court 2,48.0,frei,6
2026-05-20T09:53:59,2026-05-26,13:30,60,Court 2,24.0,frei,6
2026-05-20T09:53:59,2026-05-26,13:30,90,Court 2,36.0,frei,6
2026-05-20T09:53:59,2026-05-26,13:30,120,Court 2,48.0,frei,6
2026-05-20T09:53:59,2026-05-26,14:00,60,Court 2,24.0,frei,6
2026-05-20T09:53:59,2026-05-26,14:00,90,Court 2,36.0,frei,6
2026-05-20T09:53:59,2026-05-26,14:00,120,Court 2,48.0,frei,6
2026-05-20T09:53:59,2026-05-26,14:30,60,Court 2,24.0,frei,6
2026-05-20T09:53:59,2026-05-26,14:30,90,Court 2,36.0,frei,6
2026-05-20T09:53:59,2026-05-26,14:30,120,Court 2,56.0,frei,6
2026-05-20T09:53:59,2026-05-26,15:00,60,Court 2,24.0,frei,6
2026-05-20T09:53:59,2026-05-26,15:00,90,Court 2,44.0,frei,6
2026-05-20T09:53:59,2026-05-26,15:00,120,Court 2,64.0,frei,6
2026-05-20T09:53:59,2026-05-26,15:30,60,Court 2,32.0,frei,6
2026-05-20T09:53:59,2026-05-26,15:30,90,Court 2,52.0,frei,6
2026-05-20T09:53:59,2026-05-26,15:30,120,Court 2,72.0,frei,6
2026-05-20T09:53:59,2026-05-26,16:00,60,Court 2,40.0,frei,6
2026-05-20T09:53:59,2026-05-26,16:00,90,Court 2,60.0,frei,6
2026-05-20T09:53:59,2026-05-26,16:00,120,Court 2,80.0,frei,6
2026-05-20T09:53:59,2026-05-26,16:30,60,Court 2,40.0,frei,6
2026-05-20T09:53:59,2026-05-26,16:30,90,Court 2,60.0,frei,6
2026-05-20T09:53:59,2026-05-26,16:30,120,Court 2,80.0,frei,6
2026-05-20T09:53:59,2026-05-26,17:00,60,Court 2,40.0,frei,6
2026-05-20T09:53:59,2026-05-26,17:00,90,Court 2,60.0,frei,6
2026-05-20T09:53:59,2026-05-26,17:00,120,Court 2,80.0,frei,6
2026-05-20T09:53:59,2026-05-26,17:30,60,Court 2,40.0,frei,6
2026-05-20T09:53:59,2026-05-26,17:30,90,Court 2,60.0,frei,6
2026-05-20T09:53:59,2026-05-26,17:30,120,Court 2,80.0,frei,6
2026-05-20T09:53:59,2026-05-26,18:00,60,Court 2,40.0,frei,6
2026-05-20T09:53:59,2026-05-26,18:00,90,Court 2,60.0,frei,6
2026-05-20T09:53:59,2026-05-26,18:00,120,Court 2,80.0,frei,6
2026-05-20T09:53:59,2026-05-26,18:30,60,Court 2,40.0,frei,6
2026-05-20T09:53:59,2026-05-26,18:30,90,Court 2,60.0,frei,6
2026-05-20T09:53:59,2026-05-26,18:30,120,Court 2,80.0,frei,6
2026-05-20T09:53:59,2026-05-26,19:00,60,Court 2,40.0,frei,6
2026-05-20T09:53:59,2026-05-26,19:00,90,Court 2,60.0,frei,6
2026-05-20T09:53:59,2026-05-26,19:00,120,Court 2,80.0,frei,6
2026-05-20T09:53:59,2026-05-26,19:30,60,Court 2,40.0,frei,6
2026-05-20T09:53:59,2026-05-26,19:30,90,Court 2,60.0,frei,6
2026-05-20T09:53:59,2026-05-26,19:30,120,Court 2,80.0,frei,6
2026-05-20T09:53:59,2026-05-26,20:00,60,Court 2,40.0,frei,6
2026-05-20T09:53:59,2026-05-26,20:00,90,Court 2,60.0,frei,6
2026-05-20T09:53:59,2026-05-26,20:00,120,Court 2,80.0,frei,6
2026-05-20T09:53:59,2026-05-26,20:30,60,Court 2,40.0,frei,6
2026-05-20T09:53:59,2026-05-26,20:30,90,Court 2,60.0,frei,6
2026-05-20T09:53:59,2026-05-26,21:00,60,Court 2,40.0,frei,6
2026-05-20T09:53:59,2026-05-26,21:00,120,Court 2,80.0,frei,6
2026-05-20T09:53:59,2026-05-26,21:30,90,Court 2,60.0,frei,6
2026-05-20T09:53:59,2026-05-26,22:00,60,Court 2,40.0,frei,6
2026-05-20T09:53:59,2026-05-26,08:00,60,Court 3,24.0,frei,6
2026-05-20T09:53:59,2026-05-26,08:00,90,Court 3,36.0,frei,6
2026-05-20T09:53:59,2026-05-26,08:00,120,Court 3,48.0,frei,6
2026-05-20T09:53:59,2026-05-26,08:30,60,Court 3,24.0,frei,6
2026-05-20T09:53:59,2026-05-26,08:30,90,Court 3,36.0,frei,6
2026-05-20T09:53:59,2026-05-26,08:30,120,Court 3,48.0,frei,6
2026-05-20T09:53:59,2026-05-26,09:00,60,Court 3,24.0,frei,6
2026-05-20T09:53:59,2026-05-26,09:00,90,Court 3,36.0,frei,6
2026-05-20T09:53:59,2026-05-26,09:00,120,Court 3,48.0,frei,6
2026-05-20T09:53:59,2026-05-26,09:30,60,Court 3,24.0,frei,6
2026-05-20T09:53:59,2026-05-26,09:30,90,Court 3,36.0,frei,6
2026-05-20T09:53:59,2026-05-26,09:30,120,Court 3,48.0,frei,6
2026-05-20T09:53:59,2026-05-26,10:00,60,Court 3,24.0,frei,6
2026-05-20T09:53:59,2026-05-26,10:00,90,Court 3,36.0,frei,6
2026-05-20T09:53:59,2026-05-26,10:00,120,Court 3,48.0,frei,6
2026-05-20T09:53:59,2026-05-26,10:30,60,Court 3,24.0,frei,6
2026-05-20T09:53:59,2026-05-26,10:30,90,Court 3,36.0,frei,6
2026-05-20T09:53:59,2026-05-26,10:30,120,Court 3,48.0,frei,6
2026-05-20T09:53:59,2026-05-26,11:00,60,Court 3,24.0,frei,6
2026-05-20T09:53:59,2026-05-26,11:00,90,Court 3,36.0,frei,6
2026-05-20T09:53:59,2026-05-26,11:00,120,Court 3,48.0,frei,6
2026-05-20T09:53:59,2026-05-26,11:30,60,Court 3,24.0,frei,6
2026-05-20T09:53:59,2026-05-26,11:30,90,Court 3,36.0,frei,6
2026-05-20T09:53:59,2026-05-26,11:30,120,Court 3,48.0,frei,6
2026-05-20T09:53:59,2026-05-26,12:00,60,Court 3,24.0,frei,6
2026-05-20T09:53:59,2026-05-26,12:00,90,Court 3,36.0,frei,6
2026-05-20T09:53:59,2026-05-26,12:00,120,Court 3,48.0,frei,6
2026-05-20T09:53:59,2026-05-26,12:30,60,Court 3,24.0,frei,6
2026-05-20T09:53:59,2026-05-26,12:30,90,Court 3,36.0,frei,6
2026-05-20T09:53:59,2026-05-26,12:30,120,Court 3,48.0,frei,6
2026-05-20T09:53:59,2026-05-26,13:00,60,Court 3,24.0,frei,6
2026-05-20T09:53:59,2026-05-26,13:00,90,Court 3,36.0,frei,6
2026-05-20T09:53:59,2026-05-26,13:00,120,Court 3,48.0,frei,6
2026-05-20T09:53:59,2026-05-26,13:30,60,Court 3,24.0,frei,6
2026-05-20T09:53:59,2026-05-26,13:30,90,Court 3,36.0,frei,6
2026-05-20T09:53:59,2026-05-26,13:30,120,Court 3,48.0,frei,6
2026-05-20T09:53:59,2026-05-26,14:00,60,Court 3,24.0,frei,6
2026-05-20T09:53:59,2026-05-26,14:00,90,Court 3,36.0,frei,6
2026-05-20T09:53:59,2026-05-26,14:00,120,Court 3,48.0,frei,6
2026-05-20T09:53:59,2026-05-26,14:30,60,Court 3,24.0,frei,6
2026-05-20T09:53:59,2026-05-26,14:30,90,Court 3,36.0,frei,6
2026-05-20T09:53:59,2026-05-26,14:30,120,Court 3,56.0,frei,6
2026-05-20T09:53:59,2026-05-26,15:00,60,Court 3,24.0,frei,6
2026-05-20T09:53:59,2026-05-26,15:00,90,Court 3,44.0,frei,6
2026-05-20T09:53:59,2026-05-26,15:00,120,Court 3,64.0,frei,6
2026-05-20T09:53:59,2026-05-26,15:30,60,Court 3,32.0,frei,6
2026-05-20T09:53:59,2026-05-26,15:30,90,Court 3,52.0,frei,6
2026-05-20T09:53:59,2026-05-26,15:30,120,Court 3,72.0,frei,6
2026-05-20T09:53:59,2026-05-26,16:00,60,Court 3,40.0,frei,6
2026-05-20T09:53:59,2026-05-26,16:00,90,Court 3,60.0,frei,6
2026-05-20T09:53:59,2026-05-26,16:00,120,Court 3,80.0,frei,6
2026-05-20T09:53:59,2026-05-26,16:30,60,Court 3,40.0,frei,6
2026-05-20T09:53:59,2026-05-26,16:30,90,Court 3,60.0,frei,6
2026-05-20T09:53:59,2026-05-26,16:30,120,Court 3,80.0,frei,6
2026-05-20T09:53:59,2026-05-26,17:00,60,Court 3,40.0,frei,6
2026-05-20T09:53:59,2026-05-26,17:00,90,Court 3,60.0,frei,6
2026-05-20T09:53:59,2026-05-26,17:00,120,Court 3,80.0,frei,6
2026-05-20T09:53:59,2026-05-26,17:30,60,Court 3,40.0,frei,6
2026-05-20T09:53:59,2026-05-26,17:30,90,Court 3,60.0,frei,6
2026-05-20T09:53:59,2026-05-26,17:30,120,Court 3,80.0,frei,6
2026-05-20T09:53:59,2026-05-26,18:00,60,Court 3,40.0,frei,6
2026-05-20T09:53:59,2026-05-26,18:00,90,Court 3,60.0,frei,6
2026-05-20T09:53:59,2026-05-26,18:00,120,Court 3,80.0,frei,6
2026-05-20T09:53:59,2026-05-26,18:30,60,Court 3,40.0,frei,6
2026-05-20T09:53:59,2026-05-26,18:30,90,Court 3,60.0,frei,6
2026-05-20T09:53:59,2026-05-26,18:30,120,Court 3,80.0,frei,6
2026-05-20T09:53:59,2026-05-26,19:00,60,Court 3,40.0,frei,6
2026-05-20T09:53:59,2026-05-26,19:00,90,Court 3,60.0,frei,6
2026-05-20T09:53:59,2026-05-26,19:00,120,Court 3,80.0,frei,6
2026-05-20T09:53:59,2026-05-26,19:30,60,Court 3,40.0,frei,6
2026-05-20T09:53:59,2026-05-26,19:30,90,Court 3,60.0,frei,6
2026-05-20T09:53:59,2026-05-26,19:30,120,Court 3,80.0,frei,6
2026-05-20T09:53:59,2026-05-26,20:00,60,Court 3,40.0,frei,6
2026-05-20T09:53:59,2026-05-26,20:00,90,Court 3,60.0,frei,6
2026-05-20T09:53:59,2026-05-26,20:00,120,Court 3,80.0,frei,6
2026-05-20T09:53:59,2026-05-26,20:30,60,Court 3,40.0,frei,6
2026-05-20T09:53:59,2026-05-26,20:30,90,Court 3,60.0,frei,6
2026-05-20T09:53:59,2026-05-26,21:00,60,Court 3,40.0,frei,6
2026-05-20T09:53:59,2026-05-26,21:00,120,Court 3,80.0,frei,6
2026-05-20T09:53:59,2026-05-26,21:30,90,Court 3,60.0,frei,6
2026-05-20T09:53:59,2026-05-26,22:00,60,Court 3,40.0,frei,6
2026-05-20T09:53:59,2026-05-27,08:00,60,Court 4,24.0,frei,7
2026-05-20T09:53:59,2026-05-27,08:00,90,Court 4,36.0,frei,7
2026-05-20T09:53:59,2026-05-27,08:00,120,Court 4,48.0,frei,7
2026-05-20T09:53:59,2026-05-27,08:30,60,Court 4,24.0,frei,7
2026-05-20T09:53:59,2026-05-27,08:30,90,Court 4,36.0,frei,7
2026-05-20T09:53:59,2026-05-27,08:30,120,Court 4,48.0,frei,7
2026-05-20T09:53:59,2026-05-27,09:00,60,Court 4,24.0,frei,7
2026-05-20T09:53:59,2026-05-27,09:00,90,Court 4,36.0,frei,7
2026-05-20T09:53:59,2026-05-27,09:00,120,Court 4,48.0,frei,7
2026-05-20T09:53:59,2026-05-27,09:30,60,Court 4,24.0,frei,7
2026-05-20T09:53:59,2026-05-27,09:30,90,Court 4,36.0,frei,7
2026-05-20T09:53:59,2026-05-27,09:30,120,Court 4,48.0,frei,7
2026-05-20T09:53:59,2026-05-27,10:00,60,Court 4,24.0,frei,7
2026-05-20T09:53:59,2026-05-27,10:00,90,Court 4,36.0,frei,7
2026-05-20T09:53:59,2026-05-27,10:00,120,Court 4,48.0,frei,7
2026-05-20T09:53:59,2026-05-27,10:30,60,Court 4,24.0,frei,7
2026-05-20T09:53:59,2026-05-27,10:30,90,Court 4,36.0,frei,7
2026-05-20T09:53:59,2026-05-27,10:30,120,Court 4,48.0,frei,7
2026-05-20T09:53:59,2026-05-27,11:00,60,Court 4,24.0,frei,7
2026-05-20T09:53:59,2026-05-27,11:00,90,Court 4,36.0,frei,7
2026-05-20T09:53:59,2026-05-27,11:00,120,Court 4,48.0,frei,7
2026-05-20T09:53:59,2026-05-27,11:30,60,Court 4,24.0,frei,7
2026-05-20T09:53:59,2026-05-27,11:30,90,Court 4,36.0,frei,7
2026-05-20T09:53:59,2026-05-27,11:30,120,Court 4,48.0,frei,7
2026-05-20T09:53:59,2026-05-27,12:00,60,Court 4,24.0,frei,7
2026-05-20T09:53:59,2026-05-27,12:00,90,Court 4,36.0,frei,7
2026-05-20T09:53:59,2026-05-27,12:00,120,Court 4,48.0,frei,7
2026-05-20T09:53:59,2026-05-27,12:30,60,Court 4,24.0,frei,7
2026-05-20T09:53:59,2026-05-27,12:30,90,Court 4,36.0,frei,7
2026-05-20T09:53:59,2026-05-27,12:30,120,Court 4,48.0,frei,7
2026-05-20T09:53:59,2026-05-27,13:00,60,Court 4,24.0,frei,7
2026-05-20T09:53:59,2026-05-27,13:00,90,Court 4,36.0,frei,7
2026-05-20T09:53:59,2026-05-27,13:00,120,Court 4,48.0,frei,7
2026-05-20T09:53:59,2026-05-27,13:30,60,Court 4,24.0,frei,7
2026-05-20T09:53:59,2026-05-27,13:30,90,Court 4,36.0,frei,7
2026-05-20T09:53:59,2026-05-27,13:30,120,Court 4,48.0,frei,7
2026-05-20T09:53:59,2026-05-27,14:00,60,Court 4,24.0,frei,7
2026-05-20T09:53:59,2026-05-27,14:00,90,Court 4,36.0,frei,7
2026-05-20T09:53:59,2026-05-27,14:00,120,Court 4,48.0,frei,7
2026-05-20T09:53:59,2026-05-27,14:30,60,Court 4,24.0,frei,7
2026-05-20T09:53:59,2026-05-27,14:30,90,Court 4,36.0,frei,7
2026-05-20T09:53:59,2026-05-27,14:30,120,Court 4,56.0,frei,7
2026-05-20T09:53:59,2026-05-27,15:00,60,Court 4,24.0,frei,7
2026-05-20T09:53:59,2026-05-27,15:00,90,Court 4,44.0,frei,7
2026-05-20T09:53:59,2026-05-27,15:00,120,Court 4,64.0,frei,7
2026-05-20T09:53:59,2026-05-27,15:30,60,Court 4,32.0,frei,7
2026-05-20T09:53:59,2026-05-27,15:30,90,Court 4,52.0,frei,7
2026-05-20T09:53:59,2026-05-27,15:30,120,Court 4,72.0,frei,7
2026-05-20T09:53:59,2026-05-27,16:00,60,Court 4,40.0,frei,7
2026-05-20T09:53:59,2026-05-27,16:00,90,Court 4,60.0,frei,7
2026-05-20T09:53:59,2026-05-27,16:30,60,Court 4,40.0,frei,7
2026-05-20T09:53:59,2026-05-27,16:30,120,Court 4,80.0,frei,7
2026-05-20T09:53:59,2026-05-27,17:00,90,Court 4,60.0,frei,7
2026-05-20T09:53:59,2026-05-27,17:30,60,Court 4,40.0,frei,7
2026-05-20T09:53:59,2026-05-27,22:00,60,Court 4,40.0,frei,7
2026-05-20T09:53:59,2026-05-27,08:00,60,Court 1,24.0,frei,7
2026-05-20T09:53:59,2026-05-27,08:00,90,Court 1,36.0,frei,7
2026-05-20T09:53:59,2026-05-27,08:00,120,Court 1,48.0,frei,7
2026-05-20T09:53:59,2026-05-27,08:30,60,Court 1,24.0,frei,7
2026-05-20T09:53:59,2026-05-27,08:30,90,Court 1,36.0,frei,7
2026-05-20T09:53:59,2026-05-27,08:30,120,Court 1,48.0,frei,7
2026-05-20T09:53:59,2026-05-27,09:00,60,Court 1,24.0,frei,7
2026-05-20T09:53:59,2026-05-27,09:00,90,Court 1,36.0,frei,7
2026-05-20T09:53:59,2026-05-27,09:00,120,Court 1,48.0,frei,7
2026-05-20T09:53:59,2026-05-27,09:30,60,Court 1,24.0,frei,7
2026-05-20T09:53:59,2026-05-27,09:30,90,Court 1,36.0,frei,7
2026-05-20T09:53:59,2026-05-27,09:30,120,Court 1,48.0,frei,7
2026-05-20T09:53:59,2026-05-27,10:00,60,Court 1,24.0,frei,7
2026-05-20T09:53:59,2026-05-27,10:00,90,Court 1,36.0,frei,7
2026-05-20T09:53:59,2026-05-27,10:00,120,Court 1,48.0,frei,7
2026-05-20T09:53:59,2026-05-27,10:30,60,Court 1,24.0,frei,7
2026-05-20T09:53:59,2026-05-27,10:30,90,Court 1,36.0,frei,7
2026-05-20T09:53:59,2026-05-27,10:30,120,Court 1,48.0,frei,7
2026-05-20T09:53:59,2026-05-27,11:00,60,Court 1,24.0,frei,7
2026-05-20T09:53:59,2026-05-27,11:00,90,Court 1,36.0,frei,7
2026-05-20T09:53:59,2026-05-27,11:00,120,Court 1,48.0,frei,7
2026-05-20T09:53:59,2026-05-27,11:30,60,Court 1,24.0,frei,7
2026-05-20T09:53:59,2026-05-27,11:30,90,Court 1,36.0,frei,7
2026-05-20T09:53:59,2026-05-27,11:30,120,Court 1,48.0,frei,7
2026-05-20T09:53:59,2026-05-27,12:00,60,Court 1,24.0,frei,7
2026-05-20T09:53:59,2026-05-27,12:00,90,Court 1,36.0,frei,7
2026-05-20T09:53:59,2026-05-27,12:00,120,Court 1,48.0,frei,7
2026-05-20T09:53:59,2026-05-27,12:30,60,Court 1,24.0,frei,7
2026-05-20T09:53:59,2026-05-27,12:30,90,Court 1,36.0,frei,7
2026-05-20T09:53:59,2026-05-27,12:30,120,Court 1,48.0,frei,7
2026-05-20T09:53:59,2026-05-27,13:00,60,Court 1,24.0,frei,7
2026-05-20T09:53:59,2026-05-27,13:00,90,Court 1,36.0,frei,7
2026-05-20T09:53:59,2026-05-27,13:00,120,Court 1,48.0,frei,7
2026-05-20T09:53:59,2026-05-27,13:30,60,Court 1,24.0,frei,7
2026-05-20T09:53:59,2026-05-27,13:30,90,Court 1,36.0,frei,7
2026-05-20T09:53:59,2026-05-27,13:30,120,Court 1,48.0,frei,7
2026-05-20T09:53:59,2026-05-27,14:00,60,Court 1,24.0,frei,7
2026-05-20T09:53:59,2026-05-27,14:00,90,Court 1,36.0,frei,7
2026-05-20T09:53:59,2026-05-27,14:00,120,Court 1,48.0,frei,7
2026-05-20T09:53:59,2026-05-27,14:30,60,Court 1,24.0,frei,7
2026-05-20T09:53:59,2026-05-27,14:30,90,Court 1,36.0,frei,7
2026-05-20T09:53:59,2026-05-27,14:30,120,Court 1,56.0,frei,7
2026-05-20T09:53:59,2026-05-27,15:00,60,Court 1,24.0,frei,7
2026-05-20T09:53:59,2026-05-27,15:00,90,Court 1,44.0,frei,7
2026-05-20T09:53:59,2026-05-27,15:00,120,Court 1,64.0,frei,7
2026-05-20T09:53:59,2026-05-27,15:30,60,Court 1,32.0,frei,7
2026-05-20T09:53:59,2026-05-27,15:30,90,Court 1,52.0,frei,7
2026-05-20T09:53:59,2026-05-27,15:30,120,Court 1,72.0,frei,7
2026-05-20T09:53:59,2026-05-27,16:00,60,Court 1,40.0,frei,7
2026-05-20T09:53:59,2026-05-27,16:00,90,Court 1,60.0,frei,7
2026-05-20T09:53:59,2026-05-27,16:30,60,Court 1,40.0,frei,7
2026-05-20T09:53:59,2026-05-27,16:30,120,Court 1,80.0,frei,7
2026-05-20T09:53:59,2026-05-27,17:00,90,Court 1,60.0,frei,7
2026-05-20T09:53:59,2026-05-27,17:30,60,Court 1,40.0,frei,7
2026-05-20T09:53:59,2026-05-27,22:00,60,Court 1,40.0,frei,7
2026-05-20T09:53:59,2026-05-27,08:00,60,Court 2,24.0,frei,7
2026-05-20T09:53:59,2026-05-27,08:00,90,Court 2,36.0,frei,7
2026-05-20T09:53:59,2026-05-27,08:00,120,Court 2,48.0,frei,7
2026-05-20T09:53:59,2026-05-27,08:30,60,Court 2,24.0,frei,7
2026-05-20T09:53:59,2026-05-27,08:30,90,Court 2,36.0,frei,7
2026-05-20T09:53:59,2026-05-27,08:30,120,Court 2,48.0,frei,7
2026-05-20T09:53:59,2026-05-27,09:00,60,Court 2,24.0,frei,7
2026-05-20T09:53:59,2026-05-27,09:00,90,Court 2,36.0,frei,7
2026-05-20T09:53:59,2026-05-27,09:00,120,Court 2,48.0,frei,7
2026-05-20T09:53:59,2026-05-27,09:30,60,Court 2,24.0,frei,7
2026-05-20T09:53:59,2026-05-27,09:30,90,Court 2,36.0,frei,7
2026-05-20T09:53:59,2026-05-27,09:30,120,Court 2,48.0,frei,7
2026-05-20T09:53:59,2026-05-27,10:00,60,Court 2,24.0,frei,7
2026-05-20T09:53:59,2026-05-27,10:00,90,Court 2,36.0,frei,7
2026-05-20T09:53:59,2026-05-27,10:00,120,Court 2,48.0,frei,7
2026-05-20T09:53:59,2026-05-27,10:30,60,Court 2,24.0,frei,7
2026-05-20T09:53:59,2026-05-27,10:30,90,Court 2,36.0,frei,7
2026-05-20T09:53:59,2026-05-27,10:30,120,Court 2,48.0,frei,7
2026-05-20T09:53:59,2026-05-27,11:00,60,Court 2,24.0,frei,7
2026-05-20T09:53:59,2026-05-27,11:00,90,Court 2,36.0,frei,7
2026-05-20T09:53:59,2026-05-27,11:00,120,Court 2,48.0,frei,7
2026-05-20T09:53:59,2026-05-27,11:30,60,Court 2,24.0,frei,7
2026-05-20T09:53:59,2026-05-27,11:30,90,Court 2,36.0,frei,7
2026-05-20T09:53:59,2026-05-27,11:30,120,Court 2,48.0,frei,7
2026-05-20T09:53:59,2026-05-27,12:00,60,Court 2,24.0,frei,7
2026-05-20T09:53:59,2026-05-27,12:00,90,Court 2,36.0,frei,7
2026-05-20T09:53:59,2026-05-27,12:00,120,Court 2,48.0,frei,7
2026-05-20T09:53:59,2026-05-27,12:30,60,Court 2,24.0,frei,7
2026-05-20T09:53:59,2026-05-27,12:30,90,Court 2,36.0,frei,7
2026-05-20T09:53:59,2026-05-27,12:30,120,Court 2,48.0,frei,7
2026-05-20T09:53:59,2026-05-27,13:00,60,Court 2,24.0,frei,7
2026-05-20T09:53:59,2026-05-27,13:00,90,Court 2,36.0,frei,7
2026-05-20T09:53:59,2026-05-27,13:00,120,Court 2,48.0,frei,7
2026-05-20T09:53:59,2026-05-27,13:30,60,Court 2,24.0,frei,7
2026-05-20T09:53:59,2026-05-27,13:30,90,Court 2,36.0,frei,7
2026-05-20T09:53:59,2026-05-27,13:30,120,Court 2,48.0,frei,7
2026-05-20T09:53:59,2026-05-27,14:00,60,Court 2,24.0,frei,7
2026-05-20T09:53:59,2026-05-27,14:00,90,Court 2,36.0,frei,7
2026-05-20T09:53:59,2026-05-27,14:00,120,Court 2,48.0,frei,7
2026-05-20T09:53:59,2026-05-27,14:30,60,Court 2,24.0,frei,7
2026-05-20T09:53:59,2026-05-27,14:30,90,Court 2,36.0,frei,7
2026-05-20T09:53:59,2026-05-27,14:30,120,Court 2,56.0,frei,7
2026-05-20T09:53:59,2026-05-27,15:00,60,Court 2,24.0,frei,7
2026-05-20T09:53:59,2026-05-27,15:00,90,Court 2,44.0,frei,7
2026-05-20T09:53:59,2026-05-27,15:00,120,Court 2,64.0,frei,7
2026-05-20T09:53:59,2026-05-27,15:30,60,Court 2,32.0,frei,7
2026-05-20T09:53:59,2026-05-27,15:30,90,Court 2,52.0,frei,7
2026-05-20T09:53:59,2026-05-27,16:00,60,Court 2,40.0,frei,7
2026-05-20T09:53:59,2026-05-27,16:00,120,Court 2,80.0,frei,7
2026-05-20T09:53:59,2026-05-27,16:30,90,Court 2,60.0,frei,7
2026-05-20T09:53:59,2026-05-27,17:00,60,Court 2,40.0,frei,7
2026-05-20T09:53:59,2026-05-27,22:00,60,Court 2,40.0,frei,7
2026-05-20T09:53:59,2026-05-27,08:00,60,Court 3,24.0,frei,7
2026-05-20T09:53:59,2026-05-27,08:00,90,Court 3,36.0,frei,7
2026-05-20T09:53:59,2026-05-27,08:00,120,Court 3,48.0,frei,7
2026-05-20T09:53:59,2026-05-27,08:30,60,Court 3,24.0,frei,7
2026-05-20T09:53:59,2026-05-27,08:30,90,Court 3,36.0,frei,7
2026-05-20T09:53:59,2026-05-27,08:30,120,Court 3,48.0,frei,7
2026-05-20T09:53:59,2026-05-27,09:00,60,Court 3,24.0,frei,7
2026-05-20T09:53:59,2026-05-27,09:00,90,Court 3,36.0,frei,7
2026-05-20T09:53:59,2026-05-27,09:00,120,Court 3,48.0,frei,7
2026-05-20T09:53:59,2026-05-27,09:30,60,Court 3,24.0,frei,7
2026-05-20T09:53:59,2026-05-27,09:30,90,Court 3,36.0,frei,7
2026-05-20T09:53:59,2026-05-27,09:30,120,Court 3,48.0,frei,7
2026-05-20T09:53:59,2026-05-27,10:00,60,Court 3,24.0,frei,7
2026-05-20T09:53:59,2026-05-27,10:00,90,Court 3,36.0,frei,7
2026-05-20T09:53:59,2026-05-27,10:00,120,Court 3,48.0,frei,7
2026-05-20T09:53:59,2026-05-27,10:30,60,Court 3,24.0,frei,7
2026-05-20T09:53:59,2026-05-27,10:30,90,Court 3,36.0,frei,7
2026-05-20T09:53:59,2026-05-27,10:30,120,Court 3,48.0,frei,7
2026-05-20T09:53:59,2026-05-27,11:00,60,Court 3,24.0,frei,7
2026-05-20T09:53:59,2026-05-27,11:00,90,Court 3,36.0,frei,7
2026-05-20T09:53:59,2026-05-27,11:00,120,Court 3,48.0,frei,7
2026-05-20T09:53:59,2026-05-27,11:30,60,Court 3,24.0,frei,7
2026-05-20T09:53:59,2026-05-27,11:30,90,Court 3,36.0,frei,7
2026-05-20T09:53:59,2026-05-27,11:30,120,Court 3,48.0,frei,7
2026-05-20T09:53:59,2026-05-27,12:00,60,Court 3,24.0,frei,7
2026-05-20T09:53:59,2026-05-27,12:00,90,Court 3,36.0,frei,7
2026-05-20T09:53:59,2026-05-27,12:00,120,Court 3,48.0,frei,7
2026-05-20T09:53:59,2026-05-27,12:30,60,Court 3,24.0,frei,7
2026-05-20T09:53:59,2026-05-27,12:30,90,Court 3,36.0,frei,7
2026-05-20T09:53:59,2026-05-27,12:30,120,Court 3,48.0,frei,7
2026-05-20T09:53:59,2026-05-27,13:00,60,Court 3,24.0,frei,7
2026-05-20T09:53:59,2026-05-27,13:00,90,Court 3,36.0,frei,7
2026-05-20T09:53:59,2026-05-27,13:00,120,Court 3,48.0,frei,7
2026-05-20T09:53:59,2026-05-27,13:30,60,Court 3,24.0,frei,7
2026-05-20T09:53:59,2026-05-27,13:30,90,Court 3,36.0,frei,7
2026-05-20T09:53:59,2026-05-27,13:30,120,Court 3,48.0,frei,7
2026-05-20T09:53:59,2026-05-27,14:00,60,Court 3,24.0,frei,7
2026-05-20T09:53:59,2026-05-27,14:00,90,Court 3,36.0,frei,7
2026-05-20T09:53:59,2026-05-27,14:00,120,Court 3,48.0,frei,7
2026-05-20T09:53:59,2026-05-27,14:30,60,Court 3,24.0,frei,7
2026-05-20T09:53:59,2026-05-27,14:30,90,Court 3,36.0,frei,7
2026-05-20T09:53:59,2026-05-27,14:30,120,Court 3,56.0,frei,7
2026-05-20T09:53:59,2026-05-27,15:00,60,Court 3,24.0,frei,7
2026-05-20T09:53:59,2026-05-27,15:00,90,Court 3,44.0,frei,7
2026-05-20T09:53:59,2026-05-27,15:00,120,Court 3,64.0,frei,7
2026-05-20T09:53:59,2026-05-27,15:30,60,Court 3,32.0,frei,7
2026-05-20T09:53:59,2026-05-27,15:30,90,Court 3,52.0,frei,7
2026-05-20T09:53:59,2026-05-27,15:30,120,Court 3,72.0,frei,7
2026-05-20T09:53:59,2026-05-27,16:00,60,Court 3,40.0,frei,7
2026-05-20T09:53:59,2026-05-27,16:00,90,Court 3,60.0,frei,7
2026-05-20T09:53:59,2026-05-27,16:30,60,Court 3,40.0,frei,7
2026-05-20T09:53:59,2026-05-27,16:30,120,Court 3,80.0,frei,7
2026-05-20T09:53:59,2026-05-27,17:00,90,Court 3,60.0,frei,7
2026-05-20T09:53:59,2026-05-27,17:30,60,Court 3,40.0,frei,7
2026-05-20T09:53:59,2026-05-27,22:00,60,Court 3,40.0,frei,7
2026-05-20T09:53:59,2026-05-28,08:00,60,Court 4,24.0,frei,8
2026-05-20T09:53:59,2026-05-28,08:00,90,Court 4,36.0,frei,8
2026-05-20T09:53:59,2026-05-28,08:00,120,Court 4,48.0,frei,8
2026-05-20T09:53:59,2026-05-28,08:30,60,Court 4,24.0,frei,8
2026-05-20T09:53:59,2026-05-28,08:30,90,Court 4,36.0,frei,8
2026-05-20T09:53:59,2026-05-28,08:30,120,Court 4,48.0,frei,8
2026-05-20T09:53:59,2026-05-28,09:00,60,Court 4,24.0,frei,8
2026-05-20T09:53:59,2026-05-28,09:00,90,Court 4,36.0,frei,8
2026-05-20T09:53:59,2026-05-28,09:00,120,Court 4,48.0,frei,8
2026-05-20T09:53:59,2026-05-28,09:30,60,Court 4,24.0,frei,8
2026-05-20T09:53:59,2026-05-28,09:30,90,Court 4,36.0,frei,8
2026-05-20T09:53:59,2026-05-28,10:00,60,Court 4,24.0,frei,8
2026-05-20T09:53:59,2026-05-28,10:00,120,Court 4,48.0,frei,8
2026-05-20T09:53:59,2026-05-28,10:30,90,Court 4,36.0,frei,8
2026-05-20T09:53:59,2026-05-28,11:00,60,Court 4,24.0,frei,8
2026-05-20T09:53:59,2026-05-28,14:00,60,Court 4,24.0,frei,8
2026-05-20T09:53:59,2026-05-28,14:00,90,Court 4,36.0,frei,8
2026-05-20T09:53:59,2026-05-28,15:00,90,Court 4,44.0,frei,8
2026-05-20T09:53:59,2026-05-28,15:30,60,Court 4,32.0,frei,8
2026-05-20T09:53:59,2026-05-28,18:00,60,Court 4,40.0,frei,8
2026-05-20T09:53:59,2026-05-28,18:00,90,Court 4,60.0,frei,8
2026-05-20T09:53:59,2026-05-28,18:00,120,Court 4,80.0,frei,8
2026-05-20T09:53:59,2026-05-28,19:00,60,Court 4,40.0,frei,8
2026-05-20T09:53:59,2026-05-28,19:00,90,Court 4,60.0,frei,8
2026-05-20T09:53:59,2026-05-28,19:00,120,Court 4,80.0,frei,8
2026-05-20T09:53:59,2026-05-28,19:30,60,Court 4,40.0,frei,8
2026-05-20T09:53:59,2026-05-28,19:30,90,Court 4,60.0,frei,8
2026-05-20T09:53:59,2026-05-28,19:30,120,Court 4,80.0,frei,8
2026-05-20T09:53:59,2026-05-28,20:00,60,Court 4,40.0,frei,8
2026-05-20T09:53:59,2026-05-28,20:00,90,Court 4,60.0,frei,8
2026-05-20T09:53:59,2026-05-28,20:00,120,Court 4,80.0,frei,8
2026-05-20T09:53:59,2026-05-28,20:30,60,Court 4,40.0,frei,8
2026-05-20T09:53:59,2026-05-28,20:30,90,Court 4,60.0,frei,8
2026-05-20T09:53:59,2026-05-28,21:00,60,Court 4,40.0,frei,8
2026-05-20T09:53:59,2026-05-28,21:00,120,Court 4,80.0,frei,8
2026-05-20T09:53:59,2026-05-28,21:30,90,Court 4,60.0,frei,8
2026-05-20T09:53:59,2026-05-28,22:00,60,Court 4,40.0,frei,8
2026-05-20T09:53:59,2026-05-28,08:00,60,Court 1,24.0,frei,8
2026-05-20T09:53:59,2026-05-28,08:00,90,Court 1,36.0,frei,8
2026-05-20T09:53:59,2026-05-28,08:00,120,Court 1,48.0,frei,8
2026-05-20T09:53:59,2026-05-28,08:30,60,Court 1,24.0,frei,8
2026-05-20T09:53:59,2026-05-28,08:30,90,Court 1,36.0,frei,8
2026-05-20T09:53:59,2026-05-28,08:30,120,Court 1,48.0,frei,8
2026-05-20T09:53:59,2026-05-28,09:00,60,Court 1,24.0,frei,8
2026-05-20T09:53:59,2026-05-28,09:00,90,Court 1,36.0,frei,8
2026-05-20T09:53:59,2026-05-28,09:00,120,Court 1,48.0,frei,8
2026-05-20T09:53:59,2026-05-28,09:30,60,Court 1,24.0,frei,8
2026-05-20T09:53:59,2026-05-28,09:30,90,Court 1,36.0,frei,8
2026-05-20T09:53:59,2026-05-28,09:30,120,Court 1,48.0,frei,8
2026-05-20T09:53:59,2026-05-28,10:00,60,Court 1,24.0,frei,8
2026-05-20T09:53:59,2026-05-28,10:00,90,Court 1,36.0,frei,8
2026-05-20T09:53:59,2026-05-28,10:00,120,Court 1,48.0,frei,8
2026-05-20T09:53:59,2026-05-28,10:30,60,Court 1,24.0,frei,8
2026-05-20T09:53:59,2026-05-28,10:30,90,Court 1,36.0,frei,8
2026-05-20T09:53:59,2026-05-28,10:30,120,Court 1,48.0,frei,8
2026-05-20T09:53:59,2026-05-28,11:00,60,Court 1,24.0,frei,8
2026-05-20T09:53:59,2026-05-28,11:00,90,Court 1,36.0,frei,8
2026-05-20T09:53:59,2026-05-28,11:00,120,Court 1,48.0,frei,8
2026-05-20T09:53:59,2026-05-28,11:30,60,Court 1,24.0,frei,8
2026-05-20T09:53:59,2026-05-28,11:30,90,Court 1,36.0,frei,8
2026-05-20T09:53:59,2026-05-28,11:30,120,Court 1,48.0,frei,8
2026-05-20T09:53:59,2026-05-28,12:00,60,Court 1,24.0,frei,8
2026-05-20T09:53:59,2026-05-28,12:00,90,Court 1,36.0,frei,8
2026-05-20T09:53:59,2026-05-28,12:00,120,Court 1,48.0,frei,8
2026-05-20T09:53:59,2026-05-28,12:30,60,Court 1,24.0,frei,8
2026-05-20T09:53:59,2026-05-28,12:30,90,Court 1,36.0,frei,8
2026-05-20T09:53:59,2026-05-28,12:30,120,Court 1,48.0,frei,8
2026-05-20T09:53:59,2026-05-28,13:00,60,Court 1,24.0,frei,8
2026-05-20T09:53:59,2026-05-28,13:00,90,Court 1,36.0,frei,8
2026-05-20T09:53:59,2026-05-28,13:00,120,Court 1,48.0,frei,8
2026-05-20T09:53:59,2026-05-28,13:30,60,Court 1,24.0,frei,8
2026-05-20T09:53:59,2026-05-28,13:30,90,Court 1,36.0,frei,8
2026-05-20T09:53:59,2026-05-28,13:30,120,Court 1,48.0,frei,8
2026-05-20T09:53:59,2026-05-28,14:00,60,Court 1,24.0,frei,8
2026-05-20T09:53:59,2026-05-28,14:00,90,Court 1,36.0,frei,8
2026-05-20T09:53:59,2026-05-28,14:00,120,Court 1,48.0,frei,8
2026-05-20T09:53:59,2026-05-28,14:30,60,Court 1,24.0,frei,8
2026-05-20T09:53:59,2026-05-28,14:30,90,Court 1,36.0,frei,8
2026-05-20T09:53:59,2026-05-28,14:30,120,Court 1,56.0,frei,8
2026-05-20T09:53:59,2026-05-28,15:00,60,Court 1,24.0,frei,8
2026-05-20T09:53:59,2026-05-28,15:00,90,Court 1,44.0,frei,8
2026-05-20T09:53:59,2026-05-28,15:00,120,Court 1,64.0,frei,8
2026-05-20T09:53:59,2026-05-28,15:30,60,Court 1,32.0,frei,8
2026-05-20T09:53:59,2026-05-28,15:30,90,Court 1,52.0,frei,8
2026-05-20T09:53:59,2026-05-28,15:30,120,Court 1,72.0,frei,8
2026-05-20T09:53:59,2026-05-28,16:00,60,Court 1,40.0,frei,8
2026-05-20T09:53:59,2026-05-28,16:00,90,Court 1,60.0,frei,8
2026-05-20T09:53:59,2026-05-28,16:00,120,Court 1,80.0,frei,8
2026-05-20T09:53:59,2026-05-28,16:30,60,Court 1,40.0,frei,8
2026-05-20T09:53:59,2026-05-28,16:30,90,Court 1,60.0,frei,8
2026-05-20T09:53:59,2026-05-28,16:30,120,Court 1,80.0,frei,8
2026-05-20T09:53:59,2026-05-28,17:00,60,Court 1,40.0,frei,8
2026-05-20T09:53:59,2026-05-28,17:00,90,Court 1,60.0,frei,8
2026-05-20T09:53:59,2026-05-28,17:00,120,Court 1,80.0,frei,8
2026-05-20T09:53:59,2026-05-28,17:30,60,Court 1,40.0,frei,8
2026-05-20T09:53:59,2026-05-28,17:30,90,Court 1,60.0,frei,8
2026-05-20T09:53:59,2026-05-28,17:30,120,Court 1,80.0,frei,8
2026-05-20T09:53:59,2026-05-28,18:00,60,Court 1,40.0,frei,8
2026-05-20T09:53:59,2026-05-28,18:00,90,Court 1,60.0,frei,8
2026-05-20T09:53:59,2026-05-28,18:00,120,Court 1,80.0,frei,8
2026-05-20T09:53:59,2026-05-28,18:30,60,Court 1,40.0,frei,8
2026-05-20T09:53:59,2026-05-28,18:30,90,Court 1,60.0,frei,8
2026-05-20T09:53:59,2026-05-28,18:30,120,Court 1,80.0,frei,8
2026-05-20T09:53:59,2026-05-28,19:00,60,Court 1,40.0,frei,8
2026-05-20T09:53:59,2026-05-28,19:00,90,Court 1,60.0,frei,8
2026-05-20T09:53:59,2026-05-28,19:00,120,Court 1,80.0,frei,8
2026-05-20T09:53:59,2026-05-28,19:30,60,Court 1,40.0,frei,8
2026-05-20T09:53:59,2026-05-28,19:30,90,Court 1,60.0,frei,8
2026-05-20T09:53:59,2026-05-28,19:30,120,Court 1,80.0,frei,8
2026-05-20T09:53:59,2026-05-28,20:00,60,Court 1,40.0,frei,8
2026-05-20T09:53:59,2026-05-28,20:00,90,Court 1,60.0,frei,8
2026-05-20T09:53:59,2026-05-28,20:00,120,Court 1,80.0,frei,8
2026-05-20T09:53:59,2026-05-28,20:30,60,Court 1,40.0,frei,8
2026-05-20T09:53:59,2026-05-28,20:30,90,Court 1,60.0,frei,8
2026-05-20T09:53:59,2026-05-28,21:00,60,Court 1,40.0,frei,8
2026-05-20T09:53:59,2026-05-28,21:00,120,Court 1,80.0,frei,8
2026-05-20T09:53:59,2026-05-28,21:30,90,Court 1,60.0,frei,8
2026-05-20T09:53:59,2026-05-28,22:00,60,Court 1,40.0,frei,8
2026-05-20T09:53:59,2026-05-28,08:00,60,Court 2,24.0,frei,8
2026-05-20T09:53:59,2026-05-28,08:00,90,Court 2,36.0,frei,8
2026-05-20T09:53:59,2026-05-28,08:00,120,Court 2,48.0,frei,8
2026-05-20T09:53:59,2026-05-28,08:30,60,Court 2,24.0,frei,8
2026-05-20T09:53:59,2026-05-28,08:30,90,Court 2,36.0,frei,8
2026-05-20T09:53:59,2026-05-28,08:30,120,Court 2,48.0,frei,8
2026-05-20T09:53:59,2026-05-28,09:00,60,Court 2,24.0,frei,8
2026-05-20T09:53:59,2026-05-28,09:00,90,Court 2,36.0,frei,8
2026-05-20T09:53:59,2026-05-28,09:00,120,Court 2,48.0,frei,8
2026-05-20T09:53:59,2026-05-28,09:30,60,Court 2,24.0,frei,8
2026-05-20T09:53:59,2026-05-28,09:30,90,Court 2,36.0,frei,8
2026-05-20T09:53:59,2026-05-28,09:30,120,Court 2,48.0,frei,8
2026-05-20T09:53:59,2026-05-28,10:00,60,Court 2,24.0,frei,8
2026-05-20T09:53:59,2026-05-28,10:00,90,Court 2,36.0,frei,8
2026-05-20T09:53:59,2026-05-28,10:00,120,Court 2,48.0,frei,8
2026-05-20T09:53:59,2026-05-28,10:30,60,Court 2,24.0,frei,8
2026-05-20T09:53:59,2026-05-28,10:30,90,Court 2,36.0,frei,8
2026-05-20T09:53:59,2026-05-28,10:30,120,Court 2,48.0,frei,8
2026-05-20T09:53:59,2026-05-28,11:00,60,Court 2,24.0,frei,8
2026-05-20T09:53:59,2026-05-28,11:00,90,Court 2,36.0,frei,8
2026-05-20T09:53:59,2026-05-28,11:00,120,Court 2,48.0,frei,8
2026-05-20T09:53:59,2026-05-28,11:30,60,Court 2,24.0,frei,8
2026-05-20T09:53:59,2026-05-28,11:30,90,Court 2,36.0,frei,8
2026-05-20T09:53:59,2026-05-28,11:30,120,Court 2,48.0,frei,8
2026-05-20T09:53:59,2026-05-28,12:00,60,Court 2,24.0,frei,8
2026-05-20T09:53:59,2026-05-28,12:00,90,Court 2,36.0,frei,8
2026-05-20T09:53:59,2026-05-28,12:00,120,Court 2,48.0,frei,8
2026-05-20T09:53:59,2026-05-28,12:30,60,Court 2,24.0,frei,8
2026-05-20T09:53:59,2026-05-28,12:30,90,Court 2,36.0,frei,8
2026-05-20T09:53:59,2026-05-28,12:30,120,Court 2,48.0,frei,8
2026-05-20T09:53:59,2026-05-28,13:00,60,Court 2,24.0,frei,8
2026-05-20T09:53:59,2026-05-28,13:00,90,Court 2,36.0,frei,8
2026-05-20T09:53:59,2026-05-28,13:00,120,Court 2,48.0,frei,8
2026-05-20T09:53:59,2026-05-28,13:30,60,Court 2,24.0,frei,8
2026-05-20T09:53:59,2026-05-28,13:30,90,Court 2,36.0,frei,8
2026-05-20T09:53:59,2026-05-28,13:30,120,Court 2,48.0,frei,8
2026-05-20T09:53:59,2026-05-28,14:00,60,Court 2,24.0,frei,8
2026-05-20T09:53:59,2026-05-28,14:00,90,Court 2,36.0,frei,8
2026-05-20T09:53:59,2026-05-28,14:30,60,Court 2,24.0,frei,8
2026-05-20T09:53:59,2026-05-28,14:30,120,Court 2,56.0,frei,8
2026-05-20T09:53:59,2026-05-28,15:00,90,Court 2,44.0,frei,8
2026-05-20T09:53:59,2026-05-28,15:30,60,Court 2,32.0,frei,8
2026-05-20T09:53:59,2026-05-28,18:00,60,Court 2,40.0,frei,8
2026-05-20T09:53:59,2026-05-28,18:00,90,Court 2,60.0,frei,8
2026-05-20T09:53:59,2026-05-28,18:00,120,Court 2,80.0,frei,8
2026-05-20T09:53:59,2026-05-28,19:00,60,Court 2,40.0,frei,8
2026-05-20T09:53:59,2026-05-28,19:00,90,Court 2,60.0,frei,8
2026-05-20T09:53:59,2026-05-28,19:00,120,Court 2,80.0,frei,8
2026-05-20T09:53:59,2026-05-28,19:30,60,Court 2,40.0,frei,8
2026-05-20T09:53:59,2026-05-28,19:30,90,Court 2,60.0,frei,8
2026-05-20T09:53:59,2026-05-28,19:30,120,Court 2,80.0,frei,8
2026-05-20T09:53:59,2026-05-28,20:00,60,Court 2,40.0,frei,8
2026-05-20T09:53:59,2026-05-28,20:00,90,Court 2,60.0,frei,8
2026-05-20T09:53:59,2026-05-28,20:00,120,Court 2,80.0,frei,8
2026-05-20T09:53:59,2026-05-28,20:30,60,Court 2,40.0,frei,8
2026-05-20T09:53:59,2026-05-28,20:30,90,Court 2,60.0,frei,8
2026-05-20T09:53:59,2026-05-28,21:00,60,Court 2,40.0,frei,8
2026-05-20T09:53:59,2026-05-28,21:00,120,Court 2,80.0,frei,8
2026-05-20T09:53:59,2026-05-28,21:30,90,Court 2,60.0,frei,8
2026-05-20T09:53:59,2026-05-28,22:00,60,Court 2,40.0,frei,8
2026-05-20T09:53:59,2026-05-28,08:00,60,Court 3,24.0,frei,8
2026-05-20T09:53:59,2026-05-28,08:00,90,Court 3,36.0,frei,8
2026-05-20T09:53:59,2026-05-28,08:00,120,Court 3,48.0,frei,8
2026-05-20T09:53:59,2026-05-28,08:30,60,Court 3,24.0,frei,8
2026-05-20T09:53:59,2026-05-28,08:30,90,Court 3,36.0,frei,8
2026-05-20T09:53:59,2026-05-28,08:30,120,Court 3,48.0,frei,8
2026-05-20T09:53:59,2026-05-28,09:00,60,Court 3,24.0,frei,8
2026-05-20T09:53:59,2026-05-28,09:00,90,Court 3,36.0,frei,8
2026-05-20T09:53:59,2026-05-28,09:00,120,Court 3,48.0,frei,8
2026-05-20T09:53:59,2026-05-28,09:30,60,Court 3,24.0,frei,8
2026-05-20T09:53:59,2026-05-28,09:30,90,Court 3,36.0,frei,8
2026-05-20T09:53:59,2026-05-28,09:30,120,Court 3,48.0,frei,8
2026-05-20T09:53:59,2026-05-28,10:00,60,Court 3,24.0,frei,8
2026-05-20T09:53:59,2026-05-28,10:00,90,Court 3,36.0,frei,8
2026-05-20T09:53:59,2026-05-28,10:00,120,Court 3,48.0,frei,8
2026-05-20T09:53:59,2026-05-28,10:30,60,Court 3,24.0,frei,8
2026-05-20T09:53:59,2026-05-28,10:30,90,Court 3,36.0,frei,8
2026-05-20T09:53:59,2026-05-28,10:30,120,Court 3,48.0,frei,8
2026-05-20T09:53:59,2026-05-28,11:00,60,Court 3,24.0,frei,8
2026-05-20T09:53:59,2026-05-28,11:00,90,Court 3,36.0,frei,8
2026-05-20T09:53:59,2026-05-28,11:00,120,Court 3,48.0,frei,8
2026-05-20T09:53:59,2026-05-28,11:30,60,Court 3,24.0,frei,8
2026-05-20T09:53:59,2026-05-28,11:30,90,Court 3,36.0,frei,8
2026-05-20T09:53:59,2026-05-28,11:30,120,Court 3,48.0,frei,8
2026-05-20T09:53:59,2026-05-28,12:00,60,Court 3,24.0,frei,8
2026-05-20T09:53:59,2026-05-28,12:00,90,Court 3,36.0,frei,8
2026-05-20T09:53:59,2026-05-28,12:00,120,Court 3,48.0,frei,8
2026-05-20T09:53:59,2026-05-28,12:30,60,Court 3,24.0,frei,8
2026-05-20T09:53:59,2026-05-28,12:30,90,Court 3,36.0,frei,8
2026-05-20T09:53:59,2026-05-28,12:30,120,Court 3,48.0,frei,8
2026-05-20T09:53:59,2026-05-28,13:00,60,Court 3,24.0,frei,8
2026-05-20T09:53:59,2026-05-28,13:00,90,Court 3,36.0,frei,8
2026-05-20T09:53:59,2026-05-28,13:00,120,Court 3,48.0,frei,8
2026-05-20T09:53:59,2026-05-28,13:30,60,Court 3,24.0,frei,8
2026-05-20T09:53:59,2026-05-28,13:30,90,Court 3,36.0,frei,8
2026-05-20T09:53:59,2026-05-28,13:30,120,Court 3,48.0,frei,8
2026-05-20T09:53:59,2026-05-28,14:00,60,Court 3,24.0,frei,8
2026-05-20T09:53:59,2026-05-28,14:00,90,Court 3,36.0,frei,8
2026-05-20T09:53:59,2026-05-28,14:00,120,Court 3,48.0,frei,8
2026-05-20T09:53:59,2026-05-28,14:30,60,Court 3,24.0,frei,8
2026-05-20T09:53:59,2026-05-28,14:30,90,Court 3,36.0,frei,8
2026-05-20T09:53:59,2026-05-28,14:30,120,Court 3,56.0,frei,8
2026-05-20T09:53:59,2026-05-28,15:00,60,Court 3,24.0,frei,8
2026-05-20T09:53:59,2026-05-28,15:00,90,Court 3,44.0,frei,8
2026-05-20T09:53:59,2026-05-28,15:00,120,Court 3,64.0,frei,8
2026-05-20T09:53:59,2026-05-28,15:30,60,Court 3,32.0,frei,8
2026-05-20T09:53:59,2026-05-28,15:30,90,Court 3,52.0,frei,8
2026-05-20T09:53:59,2026-05-28,15:30,120,Court 3,72.0,frei,8
2026-05-20T09:53:59,2026-05-28,16:00,60,Court 3,40.0,frei,8
2026-05-20T09:53:59,2026-05-28,16:00,90,Court 3,60.0,frei,8
2026-05-20T09:53:59,2026-05-28,16:00,120,Court 3,80.0,frei,8
2026-05-20T09:53:59,2026-05-28,16:30,60,Court 3,40.0,frei,8
2026-05-20T09:53:59,2026-05-28,16:30,90,Court 3,60.0,frei,8
2026-05-20T09:53:59,2026-05-28,16:30,120,Court 3,80.0,frei,8
2026-05-20T09:53:59,2026-05-28,17:00,60,Court 3,40.0,frei,8
2026-05-20T09:53:59,2026-05-28,17:00,90,Court 3,60.0,frei,8
2026-05-20T09:53:59,2026-05-28,17:00,120,Court 3,80.0,frei,8
2026-05-20T09:53:59,2026-05-28,17:30,60,Court 3,40.0,frei,8
2026-05-20T09:53:59,2026-05-28,17:30,90,Court 3,60.0,frei,8
2026-05-20T09:53:59,2026-05-28,17:30,120,Court 3,80.0,frei,8
2026-05-20T09:53:59,2026-05-28,18:00,60,Court 3,40.0,frei,8
2026-05-20T09:53:59,2026-05-28,18:00,90,Court 3,60.0,frei,8
2026-05-20T09:53:59,2026-05-28,18:00,120,Court 3,80.0,frei,8
2026-05-20T09:53:59,2026-05-28,18:30,60,Court 3,40.0,frei,8
2026-05-20T09:53:59,2026-05-28,18:30,90,Court 3,60.0,frei,8
2026-05-20T09:53:59,2026-05-28,18:30,120,Court 3,80.0,frei,8
2026-05-20T09:53:59,2026-05-28,19:00,60,Court 3,40.0,frei,8
2026-05-20T09:53:59,2026-05-28,19:00,90,Court 3,60.0,frei,8
2026-05-20T09:53:59,2026-05-28,19:00,120,Court 3,80.0,frei,8
2026-05-20T09:53:59,2026-05-28,19:30,60,Court 3,40.0,frei,8
2026-05-20T09:53:59,2026-05-28,19:30,90,Court 3,60.0,frei,8
2026-05-20T09:53:59,2026-05-28,19:30,120,Court 3,80.0,frei,8
2026-05-20T09:53:59,2026-05-28,20:00,60,Court 3,40.0,frei,8
2026-05-20T09:53:59,2026-05-28,20:00,90,Court 3,60.0,frei,8
2026-05-20T09:53:59,2026-05-28,20:00,120,Court 3,80.0,frei,8
2026-05-20T09:53:59,2026-05-28,20:30,60,Court 3,40.0,frei,8
2026-05-20T09:53:59,2026-05-28,20:30,90,Court 3,60.0,frei,8
2026-05-20T09:53:59,2026-05-28,21:00,60,Court 3,40.0,frei,8
2026-05-20T09:53:59,2026-05-28,21:00,120,Court 3,80.0,frei,8
2026-05-20T09:53:59,2026-05-28,21:30,90,Court 3,60.0,frei,8
2026-05-20T09:53:59,2026-05-28,22:00,60,Court 3,40.0,frei,8
2026-05-20T09:53:59,2026-05-29,08:00,60,Court 1,24.0,frei,9
2026-05-20T09:53:59,2026-05-29,08:00,90,Court 1,36.0,frei,9
2026-05-20T09:53:59,2026-05-29,08:00,120,Court 1,48.0,frei,9
2026-05-20T09:53:59,2026-05-29,08:30,60,Court 1,24.0,frei,9
2026-05-20T09:53:59,2026-05-29,08:30,90,Court 1,36.0,frei,9
2026-05-20T09:53:59,2026-05-29,08:30,120,Court 1,48.0,frei,9
2026-05-20T09:53:59,2026-05-29,09:00,60,Court 1,24.0,frei,9
2026-05-20T09:53:59,2026-05-29,09:00,90,Court 1,36.0,frei,9
2026-05-20T09:53:59,2026-05-29,09:00,120,Court 1,48.0,frei,9
2026-05-20T09:53:59,2026-05-29,09:30,60,Court 1,24.0,frei,9
2026-05-20T09:53:59,2026-05-29,09:30,90,Court 1,36.0,frei,9
2026-05-20T09:53:59,2026-05-29,10:00,60,Court 1,24.0,frei,9
2026-05-20T09:53:59,2026-05-29,10:00,120,Court 1,48.0,frei,9
2026-05-20T09:53:59,2026-05-29,10:30,90,Court 1,36.0,frei,9
2026-05-20T09:53:59,2026-05-29,11:00,60,Court 1,24.0,frei,9
2026-05-20T09:53:59,2026-05-29,13:00,60,Court 1,24.0,frei,9
2026-05-20T09:53:59,2026-05-29,13:00,90,Court 1,36.0,frei,9
2026-05-20T09:53:59,2026-05-29,13:00,120,Court 1,48.0,frei,9
2026-05-20T09:53:59,2026-05-29,14:00,60,Court 1,24.0,frei,9
2026-05-20T09:53:59,2026-05-29,14:00,90,Court 1,36.0,frei,9
2026-05-20T09:53:59,2026-05-29,14:00,120,Court 1,48.0,frei,9
2026-05-20T09:53:59,2026-05-29,14:30,60,Court 1,24.0,frei,9
2026-05-20T09:53:59,2026-05-29,14:30,90,Court 1,36.0,frei,9
2026-05-20T09:53:59,2026-05-29,14:30,120,Court 1,56.0,frei,9
2026-05-20T09:53:59,2026-05-29,15:00,60,Court 1,24.0,frei,9
2026-05-20T09:53:59,2026-05-29,15:00,90,Court 1,44.0,frei,9
2026-05-20T09:53:59,2026-05-29,15:00,120,Court 1,64.0,frei,9
2026-05-20T09:53:59,2026-05-29,15:30,60,Court 1,32.0,frei,9
2026-05-20T09:53:59,2026-05-29,15:30,90,Court 1,52.0,frei,9
2026-05-20T09:53:59,2026-05-29,15:30,120,Court 1,72.0,frei,9
2026-05-20T09:53:59,2026-05-29,16:00,60,Court 1,40.0,frei,9
2026-05-20T09:53:59,2026-05-29,16:00,90,Court 1,60.0,frei,9
2026-05-20T09:53:59,2026-05-29,16:00,120,Court 1,80.0,frei,9
2026-05-20T09:53:59,2026-05-29,16:30,60,Court 1,40.0,frei,9
2026-05-20T09:53:59,2026-05-29,16:30,90,Court 1,60.0,frei,9
2026-05-20T09:53:59,2026-05-29,16:30,120,Court 1,80.0,frei,9
2026-05-20T09:53:59,2026-05-29,17:00,60,Court 1,40.0,frei,9
2026-05-20T09:53:59,2026-05-29,17:00,90,Court 1,60.0,frei,9
2026-05-20T09:53:59,2026-05-29,17:00,120,Court 1,80.0,frei,9
2026-05-20T09:53:59,2026-05-29,17:30,60,Court 1,40.0,frei,9
2026-05-20T09:53:59,2026-05-29,17:30,90,Court 1,60.0,frei,9
2026-05-20T09:53:59,2026-05-29,17:30,120,Court 1,80.0,frei,9
2026-05-20T09:53:59,2026-05-29,18:00,60,Court 1,40.0,frei,9
2026-05-20T09:53:59,2026-05-29,18:00,90,Court 1,60.0,frei,9
2026-05-20T09:53:59,2026-05-29,18:00,120,Court 1,80.0,frei,9
2026-05-20T09:53:59,2026-05-29,18:30,60,Court 1,40.0,frei,9
2026-05-20T09:53:59,2026-05-29,18:30,90,Court 1,60.0,frei,9
2026-05-20T09:53:59,2026-05-29,18:30,120,Court 1,80.0,frei,9
2026-05-20T09:53:59,2026-05-29,19:00,60,Court 1,40.0,frei,9
2026-05-20T09:53:59,2026-05-29,19:00,90,Court 1,60.0,frei,9
2026-05-20T09:53:59,2026-05-29,19:00,120,Court 1,80.0,frei,9
2026-05-20T09:53:59,2026-05-29,19:30,60,Court 1,40.0,frei,9
2026-05-20T09:53:59,2026-05-29,19:30,90,Court 1,60.0,frei,9
2026-05-20T09:53:59,2026-05-29,20:00,60,Court 1,40.0,frei,9
2026-05-20T09:53:59,2026-05-29,20:00,120,Court 1,80.0,frei,9
2026-05-20T09:53:59,2026-05-29,20:30,90,Court 1,60.0,frei,9
2026-05-20T09:53:59,2026-05-29,21:00,60,Court 1,40.0,frei,9
2026-05-20T09:53:59,2026-05-29,08:00,60,Court 2,24.0,frei,9
2026-05-20T09:53:59,2026-05-29,08:00,90,Court 2,36.0,frei,9
2026-05-20T09:53:59,2026-05-29,08:00,120,Court 2,48.0,frei,9
2026-05-20T09:53:59,2026-05-29,08:30,60,Court 2,24.0,frei,9
2026-05-20T09:53:59,2026-05-29,08:30,90,Court 2,36.0,frei,9
2026-05-20T09:53:59,2026-05-29,08:30,120,Court 2,48.0,frei,9
2026-05-20T09:53:59,2026-05-29,09:00,60,Court 2,24.0,frei,9
2026-05-20T09:53:59,2026-05-29,09:00,90,Court 2,36.0,frei,9
2026-05-20T09:53:59,2026-05-29,09:00,120,Court 2,48.0,frei,9
2026-05-20T09:53:59,2026-05-29,09:30,60,Court 2,24.0,frei,9
2026-05-20T09:53:59,2026-05-29,09:30,90,Court 2,36.0,frei,9
2026-05-20T09:53:59,2026-05-29,09:30,120,Court 2,48.0,frei,9
2026-05-20T09:53:59,2026-05-29,10:00,60,Court 2,24.0,frei,9
2026-05-20T09:53:59,2026-05-29,10:00,90,Court 2,36.0,frei,9
2026-05-20T09:53:59,2026-05-29,10:00,120,Court 2,48.0,frei,9
2026-05-20T09:53:59,2026-05-29,10:30,60,Court 2,24.0,frei,9
2026-05-20T09:53:59,2026-05-29,10:30,90,Court 2,36.0,frei,9
2026-05-20T09:53:59,2026-05-29,10:30,120,Court 2,48.0,frei,9
2026-05-20T09:53:59,2026-05-29,11:00,60,Court 2,24.0,frei,9
2026-05-20T09:53:59,2026-05-29,11:00,90,Court 2,36.0,frei,9
2026-05-20T09:53:59,2026-05-29,11:00,120,Court 2,48.0,frei,9
2026-05-20T09:53:59,2026-05-29,11:30,60,Court 2,24.0,frei,9
2026-05-20T09:53:59,2026-05-29,11:30,90,Court 2,36.0,frei,9
2026-05-20T09:53:59,2026-05-29,11:30,120,Court 2,48.0,frei,9
2026-05-20T09:53:59,2026-05-29,12:00,60,Court 2,24.0,frei,9
2026-05-20T09:53:59,2026-05-29,12:00,90,Court 2,36.0,frei,9
2026-05-20T09:53:59,2026-05-29,12:00,120,Court 2,48.0,frei,9
2026-05-20T09:53:59,2026-05-29,12:30,60,Court 2,24.0,frei,9
2026-05-20T09:53:59,2026-05-29,12:30,90,Court 2,36.0,frei,9
2026-05-20T09:53:59,2026-05-29,13:00,60,Court 2,24.0,frei,9
2026-05-20T09:53:59,2026-05-29,13:00,120,Court 2,48.0,frei,9
2026-05-20T09:53:59,2026-05-29,13:30,90,Court 2,36.0,frei,9
2026-05-20T09:53:59,2026-05-29,14:00,60,Court 2,24.0,frei,9
2026-05-20T09:53:59,2026-05-29,17:00,90,Court 2,60.0,frei,9
2026-05-20T09:53:59,2026-05-29,20:00,60,Court 2,40.0,frei,9
2026-05-20T09:53:59,2026-05-29,20:00,120,Court 2,80.0,frei,9
2026-05-20T09:53:59,2026-05-29,21:00,60,Court 2,40.0,frei,9
2026-05-20T09:53:59,2026-05-29,08:00,60,Court 3,24.0,frei,9
2026-05-20T09:53:59,2026-05-29,08:00,90,Court 3,36.0,frei,9
2026-05-20T09:53:59,2026-05-29,08:00,120,Court 3,48.0,frei,9
2026-05-20T09:53:59,2026-05-29,08:30,60,Court 3,24.0,frei,9
2026-05-20T09:53:59,2026-05-29,08:30,90,Court 3,36.0,frei,9
2026-05-20T09:53:59,2026-05-29,08:30,120,Court 3,48.0,frei,9
2026-05-20T09:53:59,2026-05-29,09:00,60,Court 3,24.0,frei,9
2026-05-20T09:53:59,2026-05-29,09:00,90,Court 3,36.0,frei,9
2026-05-20T09:53:59,2026-05-29,09:00,120,Court 3,48.0,frei,9
2026-05-20T09:53:59,2026-05-29,09:30,60,Court 3,24.0,frei,9
2026-05-20T09:53:59,2026-05-29,09:30,90,Court 3,36.0,frei,9
2026-05-20T09:53:59,2026-05-29,10:00,60,Court 3,24.0,frei,9
2026-05-20T09:53:59,2026-05-29,10:00,120,Court 3,48.0,frei,9
2026-05-20T09:53:59,2026-05-29,10:30,90,Court 3,36.0,frei,9
2026-05-20T09:53:59,2026-05-29,11:00,60,Court 3,24.0,frei,9
2026-05-20T09:53:59,2026-05-29,13:00,60,Court 3,24.0,frei,9
2026-05-20T09:53:59,2026-05-29,13:00,90,Court 3,36.0,frei,9
2026-05-20T09:53:59,2026-05-29,13:00,120,Court 3,48.0,frei,9
2026-05-20T09:53:59,2026-05-29,14:00,60,Court 3,24.0,frei,9
2026-05-20T09:53:59,2026-05-29,14:00,90,Court 3,36.0,frei,9
2026-05-20T09:53:59,2026-05-29,14:00,120,Court 3,48.0,frei,9
2026-05-20T09:53:59,2026-05-29,14:30,60,Court 3,24.0,frei,9
2026-05-20T09:53:59,2026-05-29,14:30,90,Court 3,36.0,frei,9
2026-05-20T09:53:59,2026-05-29,14:30,120,Court 3,56.0,frei,9
2026-05-20T09:53:59,2026-05-29,15:00,60,Court 3,24.0,frei,9
2026-05-20T09:53:59,2026-05-29,15:00,90,Court 3,44.0,frei,9
2026-05-20T09:53:59,2026-05-29,15:00,120,Court 3,64.0,frei,9
2026-05-20T09:53:59,2026-05-29,15:30,60,Court 3,32.0,frei,9
2026-05-20T09:53:59,2026-05-29,15:30,90,Court 3,52.0,frei,9
2026-05-20T09:53:59,2026-05-29,15:30,120,Court 3,72.0,frei,9
2026-05-20T09:53:59,2026-05-29,16:00,60,Court 3,40.0,frei,9
2026-05-20T09:53:59,2026-05-29,16:00,90,Court 3,60.0,frei,9
2026-05-20T09:53:59,2026-05-29,16:00,120,Court 3,80.0,frei,9
2026-05-20T09:53:59,2026-05-29,16:30,60,Court 3,40.0,frei,9
2026-05-20T09:53:59,2026-05-29,16:30,90,Court 3,60.0,frei,9
2026-05-20T09:53:59,2026-05-29,16:30,120,Court 3,80.0,frei,9
2026-05-20T09:53:59,2026-05-29,17:00,60,Court 3,40.0,frei,9
2026-05-20T09:53:59,2026-05-29,17:00,90,Court 3,60.0,frei,9
2026-05-20T09:53:59,2026-05-29,17:00,120,Court 3,80.0,frei,9
2026-05-20T09:53:59,2026-05-29,17:30,60,Court 3,40.0,frei,9
2026-05-20T09:53:59,2026-05-29,17:30,90,Court 3,60.0,frei,9
2026-05-20T09:53:59,2026-05-29,17:30,120,Court 3,80.0,frei,9
2026-05-20T09:53:59,2026-05-29,18:00,60,Court 3,40.0,frei,9
2026-05-20T09:53:59,2026-05-29,18:00,90,Court 3,60.0,frei,9
2026-05-20T09:53:59,2026-05-29,18:00,120,Court 3,80.0,frei,9
2026-05-20T09:53:59,2026-05-29,18:30,60,Court 3,40.0,frei,9
2026-05-20T09:53:59,2026-05-29,18:30,90,Court 3,60.0,frei,9
2026-05-20T09:53:59,2026-05-29,18:30,120,Court 3,80.0,frei,9
2026-05-20T09:53:59,2026-05-29,19:00,60,Court 3,40.0,frei,9
2026-05-20T09:53:59,2026-05-29,19:00,90,Court 3,60.0,frei,9
2026-05-20T09:53:59,2026-05-29,19:00,120,Court 3,80.0,frei,9
2026-05-20T09:53:59,2026-05-29,19:30,60,Court 3,40.0,frei,9
2026-05-20T09:53:59,2026-05-29,19:30,90,Court 3,60.0,frei,9
2026-05-20T09:53:59,2026-05-29,20:00,60,Court 3,40.0,frei,9
2026-05-20T09:53:59,2026-05-29,20:00,120,Court 3,80.0,frei,9
2026-05-20T09:53:59,2026-05-29,20:30,90,Court 3,60.0,frei,9
2026-05-20T09:53:59,2026-05-29,21:00,60,Court 3,40.0,frei,9
2026-05-20T09:53:59,2026-05-29,08:00,60,Court 4,24.0,frei,9
2026-05-20T09:53:59,2026-05-29,08:00,90,Court 4,36.0,frei,9
2026-05-20T09:53:59,2026-05-29,08:00,120,Court 4,48.0,frei,9
2026-05-20T09:53:59,2026-05-29,08:30,60,Court 4,24.0,frei,9
2026-05-20T09:53:59,2026-05-29,08:30,90,Court 4,36.0,frei,9
2026-05-20T09:53:59,2026-05-29,08:30,120,Court 4,48.0,frei,9
2026-05-20T09:53:59,2026-05-29,09:00,60,Court 4,24.0,frei,9
2026-05-20T09:53:59,2026-05-29,09:00,90,Court 4,36.0,frei,9
2026-05-20T09:53:59,2026-05-29,09:00,120,Court 4,48.0,frei,9
2026-05-20T09:53:59,2026-05-29,09:30,60,Court 4,24.0,frei,9
2026-05-20T09:53:59,2026-05-29,09:30,90,Court 4,36.0,frei,9
2026-05-20T09:53:59,2026-05-29,09:30,120,Court 4,48.0,frei,9
2026-05-20T09:53:59,2026-05-29,10:00,60,Court 4,24.0,frei,9
2026-05-20T09:53:59,2026-05-29,10:00,90,Court 4,36.0,frei,9
2026-05-20T09:53:59,2026-05-29,10:00,120,Court 4,48.0,frei,9
2026-05-20T09:53:59,2026-05-29,10:30,60,Court 4,24.0,frei,9
2026-05-20T09:53:59,2026-05-29,10:30,90,Court 4,36.0,frei,9
2026-05-20T09:53:59,2026-05-29,10:30,120,Court 4,48.0,frei,9
2026-05-20T09:53:59,2026-05-29,11:00,60,Court 4,24.0,frei,9
2026-05-20T09:53:59,2026-05-29,11:00,90,Court 4,36.0,frei,9
2026-05-20T09:53:59,2026-05-29,11:00,120,Court 4,48.0,frei,9
2026-05-20T09:53:59,2026-05-29,11:30,60,Court 4,24.0,frei,9
2026-05-20T09:53:59,2026-05-29,11:30,90,Court 4,36.0,frei,9
2026-05-20T09:53:59,2026-05-29,11:30,120,Court 4,48.0,frei,9
2026-05-20T09:53:59,2026-05-29,12:00,60,Court 4,24.0,frei,9
2026-05-20T09:53:59,2026-05-29,12:00,90,Court 4,36.0,frei,9
2026-05-20T09:53:59,2026-05-29,12:00,120,Court 4,48.0,frei,9
2026-05-20T09:53:59,2026-05-29,12:30,60,Court 4,24.0,frei,9
2026-05-20T09:53:59,2026-05-29,12:30,90,Court 4,36.0,frei,9
2026-05-20T09:53:59,2026-05-29,13:00,60,Court 4,24.0,frei,9
2026-05-20T09:53:59,2026-05-29,13:00,120,Court 4,48.0,frei,9
2026-05-20T09:53:59,2026-05-29,13:30,90,Court 4,36.0,frei,9
2026-05-20T09:53:59,2026-05-29,14:00,60,Court 4,24.0,frei,9
2026-05-20T09:53:59,2026-05-29,17:00,60,Court 4,40.0,frei,9
2026-05-20T09:53:59,2026-05-29,17:00,90,Court 4,60.0,frei,9
2026-05-20T09:53:59,2026-05-29,17:00,120,Court 4,80.0,frei,9
2026-05-20T09:53:59,2026-05-29,18:00,60,Court 4,40.0,frei,9
2026-05-20T09:53:59,2026-05-29,18:00,90,Court 4,60.0,frei,9
2026-05-20T09:53:59,2026-05-29,18:00,120,Court 4,80.0,frei,9
2026-05-20T09:53:59,2026-05-29,18:30,60,Court 4,40.0,frei,9
2026-05-20T09:53:59,2026-05-29,18:30,90,Court 4,60.0,frei,9
2026-05-20T09:53:59,2026-05-29,18:30,120,Court 4,80.0,frei,9
2026-05-20T09:53:59,2026-05-29,19:00,60,Court 4,40.0,frei,9
2026-05-20T09:53:59,2026-05-29,19:00,90,Court 4,60.0,frei,9
2026-05-20T09:53:59,2026-05-29,19:00,120,Court 4,80.0,frei,9
2026-05-20T09:53:59,2026-05-29,19:30,60,Court 4,40.0,frei,9
2026-05-20T09:53:59,2026-05-29,19:30,90,Court 4,60.0,frei,9
2026-05-20T09:53:59,2026-05-29,20:00,60,Court 4,40.0,frei,9
2026-05-20T09:53:59,2026-05-29,20:00,120,Court 4,80.0,frei,9
2026-05-20T09:53:59,2026-05-29,20:30,90,Court 4,60.0,frei,9
2026-05-20T09:53:59,2026-05-29,21:00,60,Court 4,40.0,frei,9
2026-05-20T09:53:59,2026-05-30,08:00,60,Court 3,40.0,frei,10
2026-05-20T09:53:59,2026-05-30,08:00,90,Court 3,60.0,frei,10
2026-05-20T09:53:59,2026-05-30,08:00,120,Court 3,80.0,frei,10
2026-05-20T09:53:59,2026-05-30,08:30,60,Court 3,40.0,frei,10
2026-05-20T09:53:59,2026-05-30,08:30,90,Court 3,60.0,frei,10
2026-05-20T09:53:59,2026-05-30,08:30,120,Court 3,80.0,frei,10
2026-05-20T09:53:59,2026-05-30,09:00,60,Court 3,40.0,frei,10
2026-05-20T09:53:59,2026-05-30,09:00,90,Court 3,60.0,frei,10
2026-05-20T09:53:59,2026-05-30,09:00,120,Court 3,80.0,frei,10
2026-05-20T09:53:59,2026-05-30,09:30,60,Court 3,40.0,frei,10
2026-05-20T09:53:59,2026-05-30,09:30,90,Court 3,60.0,frei,10
2026-05-20T09:53:59,2026-05-30,09:30,120,Court 3,80.0,frei,10
2026-05-20T09:53:59,2026-05-30,10:00,60,Court 3,40.0,frei,10
2026-05-20T09:53:59,2026-05-30,10:00,90,Court 3,60.0,frei,10
2026-05-20T09:53:59,2026-05-30,10:00,120,Court 3,80.0,frei,10
2026-05-20T09:53:59,2026-05-30,10:30,60,Court 3,40.0,frei,10
2026-05-20T09:53:59,2026-05-30,10:30,90,Court 3,60.0,frei,10
2026-05-20T09:53:59,2026-05-30,11:00,60,Court 3,40.0,frei,10
2026-05-20T09:53:59,2026-05-30,11:00,120,Court 3,80.0,frei,10
2026-05-20T09:53:59,2026-05-30,11:30,90,Court 3,60.0,frei,10
2026-05-20T09:53:59,2026-05-30,12:00,60,Court 3,40.0,frei,10
2026-05-20T09:53:59,2026-05-30,15:00,60,Court 3,40.0,frei,10
2026-05-20T09:53:59,2026-05-30,17:00,60,Court 3,40.0,frei,10
2026-05-20T09:53:59,2026-05-30,17:00,90,Court 3,60.0,frei,10
2026-05-20T09:53:59,2026-05-30,17:00,120,Court 3,80.0,frei,10
2026-05-20T09:53:59,2026-05-30,18:00,60,Court 3,40.0,frei,10
2026-05-20T09:53:59,2026-05-30,18:00,90,Court 3,60.0,frei,10
2026-05-20T09:53:59,2026-05-30,18:00,120,Court 3,80.0,frei,10
2026-05-20T09:53:59,2026-05-30,18:30,60,Court 3,40.0,frei,10
2026-05-20T09:53:59,2026-05-30,18:30,90,Court 3,60.0,frei,10
2026-05-20T09:53:59,2026-05-30,18:30,120,Court 3,80.0,frei,10
2026-05-20T09:53:59,2026-05-30,19:00,60,Court 3,40.0,frei,10
2026-05-20T09:53:59,2026-05-30,19:00,90,Court 3,60.0,frei,10
2026-05-20T09:53:59,2026-05-30,19:00,120,Court 3,80.0,frei,10
2026-05-20T09:53:59,2026-05-30,19:30,60,Court 3,40.0,frei,10
2026-05-20T09:53:59,2026-05-30,19:30,90,Court 3,60.0,frei,10
2026-05-20T09:53:59,2026-05-30,19:30,120,Court 3,80.0,frei,10
2026-05-20T09:53:59,2026-05-30,20:00,60,Court 3,40.0,frei,10
2026-05-20T09:53:59,2026-05-30,20:00,90,Court 3,60.0,frei,10
2026-05-20T09:53:59,2026-05-30,20:00,120,Court 3,80.0,frei,10
2026-05-20T09:53:59,2026-05-30,20:30,60,Court 3,40.0,frei,10
2026-05-20T09:53:59,2026-05-30,20:30,90,Court 3,60.0,frei,10
2026-05-20T09:53:59,2026-05-30,21:00,60,Court 3,40.0,frei,10
2026-05-20T09:53:59,2026-05-30,21:00,120,Court 3,80.0,frei,10
2026-05-20T09:53:59,2026-05-30,21:30,90,Court 3,60.0,frei,10
2026-05-20T09:53:59,2026-05-30,22:00,60,Court 3,40.0,frei,10
2026-05-20T09:53:59,2026-05-31,08:00,60,Court 1,40.0,frei,11
2026-05-20T09:53:59,2026-05-31,08:00,90,Court 1,60.0,frei,11
2026-05-20T09:53:59,2026-05-31,08:00,120,Court 1,80.0,frei,11
2026-05-20T09:53:59,2026-05-31,08:30,60,Court 1,40.0,frei,11
2026-05-20T09:53:59,2026-05-31,08:30,90,Court 1,60.0,frei,11
2026-05-20T09:53:59,2026-05-31,08:30,120,Court 1,80.0,frei,11
2026-05-20T09:53:59,2026-05-31,09:00,60,Court 1,40.0,frei,11
2026-05-20T09:53:59,2026-05-31,09:00,90,Court 1,60.0,frei,11
2026-05-20T09:53:59,2026-05-31,09:00,120,Court 1,80.0,frei,11
2026-05-20T09:53:59,2026-05-31,09:30,60,Court 1,40.0,frei,11
2026-05-20T09:53:59,2026-05-31,09:30,90,Court 1,60.0,frei,11
2026-05-20T09:53:59,2026-05-31,09:30,120,Court 1,80.0,frei,11
2026-05-20T09:53:59,2026-05-31,10:00,60,Court 1,40.0,frei,11
2026-05-20T09:53:59,2026-05-31,10:00,90,Court 1,60.0,frei,11
2026-05-20T09:53:59,2026-05-31,10:00,120,Court 1,80.0,frei,11
2026-05-20T09:53:59,2026-05-31,10:30,60,Court 1,40.0,frei,11
2026-05-20T09:53:59,2026-05-31,10:30,90,Court 1,60.0,frei,11
2026-05-20T09:53:59,2026-05-31,10:30,120,Court 1,80.0,frei,11
2026-05-20T09:53:59,2026-05-31,11:00,60,Court 1,40.0,frei,11
2026-05-20T09:53:59,2026-05-31,11:00,90,Court 1,60.0,frei,11
2026-05-20T09:53:59,2026-05-31,11:00,120,Court 1,80.0,frei,11
2026-05-20T09:53:59,2026-05-31,11:30,60,Court 1,40.0,frei,11
2026-05-20T09:53:59,2026-05-31,11:30,90,Court 1,60.0,frei,11
2026-05-20T09:53:59,2026-05-31,11:30,120,Court 1,80.0,frei,11
2026-05-20T09:53:59,2026-05-31,12:00,60,Court 1,40.0,frei,11
2026-05-20T09:53:59,2026-05-31,12:00,90,Court 1,60.0,frei,11
2026-05-20T09:53:59,2026-05-31,12:00,120,Court 1,80.0,frei,11
2026-05-20T09:53:59,2026-05-31,12:30,60,Court 1,40.0,frei,11
2026-05-20T09:53:59,2026-05-31,12:30,90,Court 1,60.0,frei,11
2026-05-20T09:53:59,2026-05-31,12:30,120,Court 1,80.0,frei,11
2026-05-20T09:53:59,2026-05-31,13:00,60,Court 1,40.0,frei,11
2026-05-20T09:53:59,2026-05-31,13:00,90,Court 1,60.0,frei,11
2026-05-20T09:53:59,2026-05-31,13:00,120,Court 1,80.0,frei,11
2026-05-20T09:53:59,2026-05-31,13:30,60,Court 1,40.0,frei,11
2026-05-20T09:53:59,2026-05-31,13:30,90,Court 1,60.0,frei,11
2026-05-20T09:53:59,2026-05-31,13:30,120,Court 1,80.0,frei,11
2026-05-20T09:53:59,2026-05-31,14:00,60,Court 1,40.0,frei,11
2026-05-20T09:53:59,2026-05-31,14:00,90,Court 1,60.0,frei,11
2026-05-20T09:53:59,2026-05-31,14:00,120,Court 1,80.0,frei,11
2026-05-20T09:53:59,2026-05-31,14:30,60,Court 1,40.0,frei,11
2026-05-20T09:53:59,2026-05-31,14:30,90,Court 1,60.0,frei,11
2026-05-20T09:53:59,2026-05-31,14:30,120,Court 1,80.0,frei,11
2026-05-20T09:53:59,2026-05-31,15:00,60,Court 1,40.0,frei,11
2026-05-20T09:53:59,2026-05-31,15:00,90,Court 1,60.0,frei,11
2026-05-20T09:53:59,2026-05-31,15:00,120,Court 1,80.0,frei,11
2026-05-20T09:53:59,2026-05-31,15:30,60,Court 1,40.0,frei,11
2026-05-20T09:53:59,2026-05-31,15:30,90,Court 1,60.0,frei,11
2026-05-20T09:53:59,2026-05-31,15:30,120,Court 1,80.0,frei,11
2026-05-20T09:53:59,2026-05-31,16:00,60,Court 1,40.0,frei,11
2026-05-20T09:53:59,2026-05-31,16:00,90,Court 1,60.0,frei,11
2026-05-20T09:53:59,2026-05-31,16:00,120,Court 1,80.0,frei,11
2026-05-20T09:53:59,2026-05-31,16:30,60,Court 1,40.0,frei,11
2026-05-20T09:53:59,2026-05-31,16:30,90,Court 1,60.0,frei,11
2026-05-20T09:53:59,2026-05-31,16:30,120,Court 1,80.0,frei,11
2026-05-20T09:53:59,2026-05-31,17:00,60,Court 1,40.0,frei,11
2026-05-20T09:53:59,2026-05-31,17:00,90,Court 1,60.0,frei,11
2026-05-20T09:53:59,2026-05-31,17:00,120,Court 1,80.0,frei,11
2026-05-20T09:53:59,2026-05-31,17:30,60,Court 1,40.0,frei,11
2026-05-20T09:53:59,2026-05-31,17:30,90,Court 1,60.0,frei,11
2026-05-20T09:53:59,2026-05-31,17:30,120,Court 1,80.0,frei,11
2026-05-20T09:53:59,2026-05-31,18:00,60,Court 1,40.0,frei,11
2026-05-20T09:53:59,2026-05-31,18:00,90,Court 1,60.0,frei,11
2026-05-20T09:53:59,2026-05-31,18:00,120,Court 1,80.0,frei,11
2026-05-20T09:53:59,2026-05-31,18:30,60,Court 1,40.0,frei,11
2026-05-20T09:53:59,2026-05-31,18:30,90,Court 1,60.0,frei,11
2026-05-20T09:53:59,2026-05-31,18:30,120,Court 1,80.0,frei,11
2026-05-20T09:53:59,2026-05-31,19:00,60,Court 1,40.0,frei,11
2026-05-20T09:53:59,2026-05-31,19:00,90,Court 1,60.0,frei,11
2026-05-20T09:53:59,2026-05-31,19:00,120,Court 1,80.0,frei,11
2026-05-20T09:53:59,2026-05-31,19:30,60,Court 1,40.0,frei,11
2026-05-20T09:53:59,2026-05-31,19:30,90,Court 1,60.0,frei,11
2026-05-20T09:53:59,2026-05-31,19:30,120,Court 1,80.0,frei,11
2026-05-20T09:53:59,2026-05-31,20:00,60,Court 1,40.0,frei,11
2026-05-20T09:53:59,2026-05-31,20:00,90,Court 1,60.0,frei,11
2026-05-20T09:53:59,2026-05-31,20:00,120,Court 1,80.0,frei,11
2026-05-20T09:53:59,2026-05-31,20:30,60,Court 1,40.0,frei,11
2026-05-20T09:53:59,2026-05-31,20:30,90,Court 1,60.0,frei,11
2026-05-20T09:53:59,2026-05-31,21:00,60,Court 1,40.0,frei,11
2026-05-20T09:53:59,2026-05-31,21:00,120,Court 1,80.0,frei,11
2026-05-20T09:53:59,2026-05-31,21:30,90,Court 1,60.0,frei,11
2026-05-20T09:53:59,2026-05-31,22:00,60,Court 1,40.0,frei,11
2026-05-20T09:53:59,2026-05-31,08:00,60,Court 2,40.0,frei,11
2026-05-20T09:53:59,2026-05-31,08:00,90,Court 2,60.0,frei,11
2026-05-20T09:53:59,2026-05-31,08:00,120,Court 2,80.0,frei,11
2026-05-20T09:53:59,2026-05-31,08:30,60,Court 2,40.0,frei,11
2026-05-20T09:53:59,2026-05-31,08:30,90,Court 2,60.0,frei,11
2026-05-20T09:53:59,2026-05-31,08:30,120,Court 2,80.0,frei,11
2026-05-20T09:53:59,2026-05-31,09:00,60,Court 2,40.0,frei,11
2026-05-20T09:53:59,2026-05-31,09:00,90,Court 2,60.0,frei,11
2026-05-20T09:53:59,2026-05-31,09:00,120,Court 2,80.0,frei,11
2026-05-20T09:53:59,2026-05-31,09:30,60,Court 2,40.0,frei,11
2026-05-20T09:53:59,2026-05-31,09:30,90,Court 2,60.0,frei,11
2026-05-20T09:53:59,2026-05-31,09:30,120,Court 2,80.0,frei,11
2026-05-20T09:53:59,2026-05-31,10:00,60,Court 2,40.0,frei,11
2026-05-20T09:53:59,2026-05-31,10:00,90,Court 2,60.0,frei,11
2026-05-20T09:53:59,2026-05-31,10:00,120,Court 2,80.0,frei,11
2026-05-20T09:53:59,2026-05-31,10:30,60,Court 2,40.0,frei,11
2026-05-20T09:53:59,2026-05-31,10:30,90,Court 2,60.0,frei,11
2026-05-20T09:53:59,2026-05-31,10:30,120,Court 2,80.0,frei,11
2026-05-20T09:53:59,2026-05-31,11:00,60,Court 2,40.0,frei,11
2026-05-20T09:53:59,2026-05-31,11:00,90,Court 2,60.0,frei,11
2026-05-20T09:53:59,2026-05-31,11:00,120,Court 2,80.0,frei,11
2026-05-20T09:53:59,2026-05-31,11:30,60,Court 2,40.0,frei,11
2026-05-20T09:53:59,2026-05-31,11:30,90,Court 2,60.0,frei,11
2026-05-20T09:53:59,2026-05-31,11:30,120,Court 2,80.0,frei,11
2026-05-20T09:53:59,2026-05-31,12:00,60,Court 2,40.0,frei,11
2026-05-20T09:53:59,2026-05-31,12:00,90,Court 2,60.0,frei,11
2026-05-20T09:53:59,2026-05-31,12:00,120,Court 2,80.0,frei,11
2026-05-20T09:53:59,2026-05-31,12:30,60,Court 2,40.0,frei,11
2026-05-20T09:53:59,2026-05-31,12:30,90,Court 2,60.0,frei,11
2026-05-20T09:53:59,2026-05-31,12:30,120,Court 2,80.0,frei,11
2026-05-20T09:53:59,2026-05-31,13:00,60,Court 2,40.0,frei,11
2026-05-20T09:53:59,2026-05-31,13:00,90,Court 2,60.0,frei,11
2026-05-20T09:53:59,2026-05-31,13:00,120,Court 2,80.0,frei,11
2026-05-20T09:53:59,2026-05-31,13:30,60,Court 2,40.0,frei,11
2026-05-20T09:53:59,2026-05-31,13:30,90,Court 2,60.0,frei,11
2026-05-20T09:53:59,2026-05-31,13:30,120,Court 2,80.0,frei,11
2026-05-20T09:53:59,2026-05-31,14:00,60,Court 2,40.0,frei,11
2026-05-20T09:53:59,2026-05-31,14:00,90,Court 2,60.0,frei,11
2026-05-20T09:53:59,2026-05-31,14:00,120,Court 2,80.0,frei,11
2026-05-20T09:53:59,2026-05-31,14:30,60,Court 2,40.0,frei,11
2026-05-20T09:53:59,2026-05-31,14:30,90,Court 2,60.0,frei,11
2026-05-20T09:53:59,2026-05-31,14:30,120,Court 2,80.0,frei,11
2026-05-20T09:53:59,2026-05-31,15:00,60,Court 2,40.0,frei,11
2026-05-20T09:53:59,2026-05-31,15:00,90,Court 2,60.0,frei,11
2026-05-20T09:53:59,2026-05-31,15:00,120,Court 2,80.0,frei,11
2026-05-20T09:53:59,2026-05-31,15:30,60,Court 2,40.0,frei,11
2026-05-20T09:53:59,2026-05-31,15:30,90,Court 2,60.0,frei,11
2026-05-20T09:53:59,2026-05-31,15:30,120,Court 2,80.0,frei,11
2026-05-20T09:53:59,2026-05-31,16:00,60,Court 2,40.0,frei,11
2026-05-20T09:53:59,2026-05-31,16:00,90,Court 2,60.0,frei,11
2026-05-20T09:53:59,2026-05-31,16:00,120,Court 2,80.0,frei,11
2026-05-20T09:53:59,2026-05-31,16:30,60,Court 2,40.0,frei,11
2026-05-20T09:53:59,2026-05-31,16:30,90,Court 2,60.0,frei,11
2026-05-20T09:53:59,2026-05-31,16:30,120,Court 2,80.0,frei,11
2026-05-20T09:53:59,2026-05-31,17:00,60,Court 2,40.0,frei,11
2026-05-20T09:53:59,2026-05-31,17:00,90,Court 2,60.0,frei,11
2026-05-20T09:53:59,2026-05-31,17:00,120,Court 2,80.0,frei,11
2026-05-20T09:53:59,2026-05-31,17:30,60,Court 2,40.0,frei,11
2026-05-20T09:53:59,2026-05-31,17:30,90,Court 2,60.0,frei,11
2026-05-20T09:53:59,2026-05-31,17:30,120,Court 2,80.0,frei,11
2026-05-20T09:53:59,2026-05-31,18:00,60,Court 2,40.0,frei,11
2026-05-20T09:53:59,2026-05-31,18:00,90,Court 2,60.0,frei,11
2026-05-20T09:53:59,2026-05-31,18:00,120,Court 2,80.0,frei,11
2026-05-20T09:53:59,2026-05-31,18:30,60,Court 2,40.0,frei,11
2026-05-20T09:53:59,2026-05-31,18:30,90,Court 2,60.0,frei,11
2026-05-20T09:53:59,2026-05-31,18:30,120,Court 2,80.0,frei,11
2026-05-20T09:53:59,2026-05-31,19:00,60,Court 2,40.0,frei,11
2026-05-20T09:53:59,2026-05-31,19:00,90,Court 2,60.0,frei,11
2026-05-20T09:53:59,2026-05-31,19:00,120,Court 2,80.0,frei,11
2026-05-20T09:53:59,2026-05-31,19:30,60,Court 2,40.0,frei,11
2026-05-20T09:53:59,2026-05-31,19:30,90,Court 2,60.0,frei,11
2026-05-20T09:53:59,2026-05-31,19:30,120,Court 2,80.0,frei,11
2026-05-20T09:53:59,2026-05-31,20:00,60,Court 2,40.0,frei,11
2026-05-20T09:53:59,2026-05-31,20:00,90,Court 2,60.0,frei,11
2026-05-20T09:53:59,2026-05-31,20:00,120,Court 2,80.0,frei,11
2026-05-20T09:53:59,2026-05-31,20:30,60,Court 2,40.0,frei,11
2026-05-20T09:53:59,2026-05-31,20:30,90,Court 2,60.0,frei,11
2026-05-20T09:53:59,2026-05-31,21:00,60,Court 2,40.0,frei,11
2026-05-20T09:53:59,2026-05-31,21:00,120,Court 2,80.0,frei,11
2026-05-20T09:53:59,2026-05-31,21:30,90,Court 2,60.0,frei,11
2026-05-20T09:53:59,2026-05-31,22:00,60,Court 2,40.0,frei,11
2026-05-20T09:53:59,2026-05-31,08:00,60,Court 3,40.0,frei,11
2026-05-20T09:53:59,2026-05-31,08:00,90,Court 3,60.0,frei,11
2026-05-20T09:53:59,2026-05-31,08:00,120,Court 3,80.0,frei,11
2026-05-20T09:53:59,2026-05-31,08:30,60,Court 3,40.0,frei,11
2026-05-20T09:53:59,2026-05-31,08:30,90,Court 3,60.0,frei,11
2026-05-20T09:53:59,2026-05-31,08:30,120,Court 3,80.0,frei,11
2026-05-20T09:53:59,2026-05-31,09:00,60,Court 3,40.0,frei,11
2026-05-20T09:53:59,2026-05-31,09:00,90,Court 3,60.0,frei,11
2026-05-20T09:53:59,2026-05-31,09:00,120,Court 3,80.0,frei,11
2026-05-20T09:53:59,2026-05-31,09:30,60,Court 3,40.0,frei,11
2026-05-20T09:53:59,2026-05-31,09:30,90,Court 3,60.0,frei,11
2026-05-20T09:53:59,2026-05-31,09:30,120,Court 3,80.0,frei,11
2026-05-20T09:53:59,2026-05-31,10:00,60,Court 3,40.0,frei,11
2026-05-20T09:53:59,2026-05-31,10:00,90,Court 3,60.0,frei,11
2026-05-20T09:53:59,2026-05-31,10:00,120,Court 3,80.0,frei,11
2026-05-20T09:53:59,2026-05-31,10:30,60,Court 3,40.0,frei,11
2026-05-20T09:53:59,2026-05-31,10:30,90,Court 3,60.0,frei,11
2026-05-20T09:53:59,2026-05-31,10:30,120,Court 3,80.0,frei,11
2026-05-20T09:53:59,2026-05-31,11:00,60,Court 3,40.0,frei,11
2026-05-20T09:53:59,2026-05-31,11:00,90,Court 3,60.0,frei,11
2026-05-20T09:53:59,2026-05-31,11:00,120,Court 3,80.0,frei,11
2026-05-20T09:53:59,2026-05-31,11:30,60,Court 3,40.0,frei,11
2026-05-20T09:53:59,2026-05-31,11:30,90,Court 3,60.0,frei,11
2026-05-20T09:53:59,2026-05-31,11:30,120,Court 3,80.0,frei,11
2026-05-20T09:53:59,2026-05-31,12:00,60,Court 3,40.0,frei,11
2026-05-20T09:53:59,2026-05-31,12:00,90,Court 3,60.0,frei,11
2026-05-20T09:53:59,2026-05-31,12:00,120,Court 3,80.0,frei,11
2026-05-20T09:53:59,2026-05-31,12:30,60,Court 3,40.0,frei,11
2026-05-20T09:53:59,2026-05-31,12:30,90,Court 3,60.0,frei,11
2026-05-20T09:53:59,2026-05-31,12:30,120,Court 3,80.0,frei,11
2026-05-20T09:53:59,2026-05-31,13:00,60,Court 3,40.0,frei,11
2026-05-20T09:53:59,2026-05-31,13:00,90,Court 3,60.0,frei,11
2026-05-20T09:53:59,2026-05-31,13:00,120,Court 3,80.0,frei,11
2026-05-20T09:53:59,2026-05-31,13:30,60,Court 3,40.0,frei,11
2026-05-20T09:53:59,2026-05-31,13:30,90,Court 3,60.0,frei,11
2026-05-20T09:53:59,2026-05-31,13:30,120,Court 3,80.0,frei,11
2026-05-20T09:53:59,2026-05-31,14:00,60,Court 3,40.0,frei,11
2026-05-20T09:53:59,2026-05-31,14:00,90,Court 3,60.0,frei,11
2026-05-20T09:53:59,2026-05-31,14:00,120,Court 3,80.0,frei,11
2026-05-20T09:53:59,2026-05-31,14:30,60,Court 3,40.0,frei,11
2026-05-20T09:53:59,2026-05-31,14:30,90,Court 3,60.0,frei,11
2026-05-20T09:53:59,2026-05-31,14:30,120,Court 3,80.0,frei,11
2026-05-20T09:53:59,2026-05-31,15:00,60,Court 3,40.0,frei,11
2026-05-20T09:53:59,2026-05-31,15:00,90,Court 3,60.0,frei,11
2026-05-20T09:53:59,2026-05-31,15:00,120,Court 3,80.0,frei,11
2026-05-20T09:53:59,2026-05-31,15:30,60,Court 3,40.0,frei,11
2026-05-20T09:53:59,2026-05-31,15:30,90,Court 3,60.0,frei,11
2026-05-20T09:53:59,2026-05-31,15:30,120,Court 3,80.0,frei,11
2026-05-20T09:53:59,2026-05-31,16:00,60,Court 3,40.0,frei,11
2026-05-20T09:53:59,2026-05-31,16:00,90,Court 3,60.0,frei,11
2026-05-20T09:53:59,2026-05-31,16:00,120,Court 3,80.0,frei,11
2026-05-20T09:53:59,2026-05-31,16:30,60,Court 3,40.0,frei,11
2026-05-20T09:53:59,2026-05-31,16:30,90,Court 3,60.0,frei,11
2026-05-20T09:53:59,2026-05-31,16:30,120,Court 3,80.0,frei,11
2026-05-20T09:53:59,2026-05-31,17:00,60,Court 3,40.0,frei,11
2026-05-20T09:53:59,2026-05-31,17:00,90,Court 3,60.0,frei,11
2026-05-20T09:53:59,2026-05-31,17:00,120,Court 3,80.0,frei,11
2026-05-20T09:53:59,2026-05-31,17:30,60,Court 3,40.0,frei,11
2026-05-20T09:53:59,2026-05-31,17:30,90,Court 3,60.0,frei,11
2026-05-20T09:53:59,2026-05-31,17:30,120,Court 3,80.0,frei,11
2026-05-20T09:53:59,2026-05-31,18:00,60,Court 3,40.0,frei,11
2026-05-20T09:53:59,2026-05-31,18:00,90,Court 3,60.0,frei,11
2026-05-20T09:53:59,2026-05-31,18:00,120,Court 3,80.0,frei,11
2026-05-20T09:53:59,2026-05-31,18:30,60,Court 3,40.0,frei,11
2026-05-20T09:53:59,2026-05-31,18:30,90,Court 3,60.0,frei,11
2026-05-20T09:53:59,2026-05-31,18:30,120,Court 3,80.0,frei,11
2026-05-20T09:53:59,2026-05-31,19:00,60,Court 3,40.0,frei,11
2026-05-20T09:53:59,2026-05-31,19:00,90,Court 3,60.0,frei,11
2026-05-20T09:53:59,2026-05-31,19:00,120,Court 3,80.0,frei,11
2026-05-20T09:53:59,2026-05-31,19:30,60,Court 3,40.0,frei,11
2026-05-20T09:53:59,2026-05-31,19:30,90,Court 3,60.0,frei,11
2026-05-20T09:53:59,2026-05-31,19:30,120,Court 3,80.0,frei,11
2026-05-20T09:53:59,2026-05-31,20:00,60,Court 3,40.0,frei,11
2026-05-20T09:53:59,2026-05-31,20:00,90,Court 3,60.0,frei,11
2026-05-20T09:53:59,2026-05-31,20:00,120,Court 3,80.0,frei,11
2026-05-20T09:53:59,2026-05-31,20:30,60,Court 3,40.0,frei,11
2026-05-20T09:53:59,2026-05-31,20:30,90,Court 3,60.0,frei,11
2026-05-20T09:53:59,2026-05-31,21:00,60,Court 3,40.0,frei,11
2026-05-20T09:53:59,2026-05-31,21:00,120,Court 3,80.0,frei,11
2026-05-20T09:53:59,2026-05-31,21:30,90,Court 3,60.0,frei,11
2026-05-20T09:53:59,2026-05-31,22:00,60,Court 3,40.0,frei,11
2026-05-20T09:53:59,2026-05-31,08:00,60,Court 4,40.0,frei,11
2026-05-20T09:53:59,2026-05-31,08:00,90,Court 4,60.0,frei,11
2026-05-20T09:53:59,2026-05-31,08:00,120,Court 4,80.0,frei,11
2026-05-20T09:53:59,2026-05-31,08:30,60,Court 4,40.0,frei,11
2026-05-20T09:53:59,2026-05-31,08:30,90,Court 4,60.0,frei,11
2026-05-20T09:53:59,2026-05-31,08:30,120,Court 4,80.0,frei,11
2026-05-20T09:53:59,2026-05-31,09:00,60,Court 4,40.0,frei,11
2026-05-20T09:53:59,2026-05-31,09:00,90,Court 4,60.0,frei,11
2026-05-20T09:53:59,2026-05-31,09:00,120,Court 4,80.0,frei,11
2026-05-20T09:53:59,2026-05-31,09:30,60,Court 4,40.0,frei,11
2026-05-20T09:53:59,2026-05-31,09:30,90,Court 4,60.0,frei,11
2026-05-20T09:53:59,2026-05-31,09:30,120,Court 4,80.0,frei,11
2026-05-20T09:53:59,2026-05-31,10:00,60,Court 4,40.0,frei,11
2026-05-20T09:53:59,2026-05-31,10:00,90,Court 4,60.0,frei,11
2026-05-20T09:53:59,2026-05-31,10:00,120,Court 4,80.0,frei,11
2026-05-20T09:53:59,2026-05-31,10:30,60,Court 4,40.0,frei,11
2026-05-20T09:53:59,2026-05-31,10:30,90,Court 4,60.0,frei,11
2026-05-20T09:53:59,2026-05-31,10:30,120,Court 4,80.0,frei,11
2026-05-20T09:53:59,2026-05-31,11:00,60,Court 4,40.0,frei,11
2026-05-20T09:53:59,2026-05-31,11:00,90,Court 4,60.0,frei,11
2026-05-20T09:53:59,2026-05-31,11:00,120,Court 4,80.0,frei,11
2026-05-20T09:53:59,2026-05-31,11:30,60,Court 4,40.0,frei,11
2026-05-20T09:53:59,2026-05-31,11:30,90,Court 4,60.0,frei,11
2026-05-20T09:53:59,2026-05-31,12:00,60,Court 4,40.0,frei,11
2026-05-20T09:53:59,2026-05-31,12:00,120,Court 4,80.0,frei,11
2026-05-20T09:53:59,2026-05-31,12:30,90,Court 4,60.0,frei,11
2026-05-20T09:53:59,2026-05-31,13:00,60,Court 4,40.0,frei,11
2026-05-20T09:53:59,2026-05-31,15:30,60,Court 4,40.0,frei,11
2026-05-20T09:53:59,2026-05-31,15:30,90,Court 4,60.0,frei,11
2026-05-20T09:53:59,2026-05-31,15:30,120,Court 4,80.0,frei,11
2026-05-20T09:53:59,2026-05-31,16:30,60,Court 4,40.0,frei,11
2026-05-20T09:53:59,2026-05-31,16:30,90,Court 4,60.0,frei,11
2026-05-20T09:53:59,2026-05-31,16:30,120,Court 4,80.0,frei,11
2026-05-20T09:53:59,2026-05-31,17:00,60,Court 4,40.0,frei,11
2026-05-20T09:53:59,2026-05-31,17:00,90,Court 4,60.0,frei,11
2026-05-20T09:53:59,2026-05-31,17:00,120,Court 4,80.0,frei,11
2026-05-20T09:53:59,2026-05-31,17:30,60,Court 4,40.0,frei,11
2026-05-20T09:53:59,2026-05-31,17:30,90,Court 4,60.0,frei,11
2026-05-20T09:53:59,2026-05-31,17:30,120,Court 4,80.0,frei,11
2026-05-20T09:53:59,2026-05-31,18:00,60,Court 4,40.0,frei,11
2026-05-20T09:53:59,2026-05-31,18:00,90,Court 4,60.0,frei,11
2026-05-20T09:53:59,2026-05-31,18:00,120,Court 4,80.0,frei,11
2026-05-20T09:53:59,2026-05-31,18:30,60,Court 4,40.0,frei,11
2026-05-20T09:53:59,2026-05-31,18:30,90,Court 4,60.0,frei,11
2026-05-20T09:53:59,2026-05-31,18:30,120,Court 4,80.0,frei,11
2026-05-20T09:53:59,2026-05-31,19:00,60,Court 4,40.0,frei,11
2026-05-20T09:53:59,2026-05-31,19:00,90,Court 4,60.0,frei,11
2026-05-20T09:53:59,2026-05-31,19:00,120,Court 4,80.0,frei,11
2026-05-20T09:53:59,2026-05-31,19:30,60,Court 4,40.0,frei,11
2026-05-20T09:53:59,2026-05-31,19:30,90,Court 4,60.0,frei,11
2026-05-20T09:53:59,2026-05-31,19:30,120,Court 4,80.0,frei,11
2026-05-20T09:53:59,2026-05-31,20:00,60,Court 4,40.0,frei,11
2026-05-20T09:53:59,2026-05-31,20:00,90,Court 4,60.0,frei,11
2026-05-20T09:53:59,2026-05-31,20:00,120,Court 4,80.0,frei,11
2026-05-20T09:53:59,2026-05-31,20:30,60,Court 4,40.0,frei,11
2026-05-20T09:53:59,2026-05-31,20:30,90,Court 4,60.0,frei,11
2026-05-20T09:53:59,2026-05-31,21:00,60,Court 4,40.0,frei,11
2026-05-20T09:53:59,2026-05-31,21:00,120,Court 4,80.0,frei,11
2026-05-20T09:53:59,2026-05-31,21:30,90,Court 4,60.0,frei,11
2026-05-20T09:53:59,2026-05-31,22:00,60,Court 4,40.0,frei,11
2026-05-20T09:53:59,2026-06-01,08:00,60,Court 1,24.0,frei,12
2026-05-20T09:53:59,2026-06-01,08:00,90,Court 1,36.0,frei,12
2026-05-20T09:53:59,2026-06-01,08:00,120,Court 1,48.0,frei,12
2026-05-20T09:53:59,2026-06-01,08:30,60,Court 1,24.0,frei,12
2026-05-20T09:53:59,2026-06-01,08:30,90,Court 1,36.0,frei,12
2026-05-20T09:53:59,2026-06-01,08:30,120,Court 1,48.0,frei,12
2026-05-20T09:53:59,2026-06-01,09:00,60,Court 1,24.0,frei,12
2026-05-20T09:53:59,2026-06-01,09:00,90,Court 1,36.0,frei,12
2026-05-20T09:53:59,2026-06-01,09:00,120,Court 1,48.0,frei,12
2026-05-20T09:53:59,2026-06-01,09:30,60,Court 1,24.0,frei,12
2026-05-20T09:53:59,2026-06-01,09:30,90,Court 1,36.0,frei,12
2026-05-20T09:53:59,2026-06-01,09:30,120,Court 1,48.0,frei,12
2026-05-20T09:53:59,2026-06-01,10:00,60,Court 1,24.0,frei,12
2026-05-20T09:53:59,2026-06-01,10:00,90,Court 1,36.0,frei,12
2026-05-20T09:53:59,2026-06-01,10:00,120,Court 1,48.0,frei,12
2026-05-20T09:53:59,2026-06-01,10:30,60,Court 1,24.0,frei,12
2026-05-20T09:53:59,2026-06-01,10:30,90,Court 1,36.0,frei,12
2026-05-20T09:53:59,2026-06-01,10:30,120,Court 1,48.0,frei,12
2026-05-20T09:53:59,2026-06-01,11:00,60,Court 1,24.0,frei,12
2026-05-20T09:53:59,2026-06-01,11:00,90,Court 1,36.0,frei,12
2026-05-20T09:53:59,2026-06-01,11:00,120,Court 1,48.0,frei,12
2026-05-20T09:53:59,2026-06-01,11:30,60,Court 1,24.0,frei,12
2026-05-20T09:53:59,2026-06-01,11:30,90,Court 1,36.0,frei,12
2026-05-20T09:53:59,2026-06-01,11:30,120,Court 1,48.0,frei,12
2026-05-20T09:53:59,2026-06-01,12:00,60,Court 1,24.0,frei,12
2026-05-20T09:53:59,2026-06-01,12:00,90,Court 1,36.0,frei,12
2026-05-20T09:53:59,2026-06-01,12:00,120,Court 1,48.0,frei,12
2026-05-20T09:53:59,2026-06-01,12:30,60,Court 1,24.0,frei,12
2026-05-20T09:53:59,2026-06-01,12:30,90,Court 1,36.0,frei,12
2026-05-20T09:53:59,2026-06-01,12:30,120,Court 1,48.0,frei,12
2026-05-20T09:53:59,2026-06-01,13:00,60,Court 1,24.0,frei,12
2026-05-20T09:53:59,2026-06-01,13:00,90,Court 1,36.0,frei,12
2026-05-20T09:53:59,2026-06-01,13:00,120,Court 1,48.0,frei,12
2026-05-20T09:53:59,2026-06-01,13:30,60,Court 1,24.0,frei,12
2026-05-20T09:53:59,2026-06-01,13:30,90,Court 1,36.0,frei,12
2026-05-20T09:53:59,2026-06-01,13:30,120,Court 1,48.0,frei,12
2026-05-20T09:53:59,2026-06-01,14:00,60,Court 1,24.0,frei,12
2026-05-20T09:53:59,2026-06-01,14:00,90,Court 1,36.0,frei,12
2026-05-20T09:53:59,2026-06-01,14:00,120,Court 1,48.0,frei,12
2026-05-20T09:53:59,2026-06-01,14:30,60,Court 1,24.0,frei,12
2026-05-20T09:53:59,2026-06-01,14:30,90,Court 1,36.0,frei,12
2026-05-20T09:53:59,2026-06-01,14:30,120,Court 1,56.0,frei,12
2026-05-20T09:53:59,2026-06-01,15:00,60,Court 1,24.0,frei,12
2026-05-20T09:53:59,2026-06-01,15:00,90,Court 1,44.0,frei,12
2026-05-20T09:53:59,2026-06-01,15:00,120,Court 1,64.0,frei,12
2026-05-20T09:53:59,2026-06-01,15:30,60,Court 1,32.0,frei,12
2026-05-20T09:53:59,2026-06-01,15:30,90,Court 1,52.0,frei,12
2026-05-20T09:53:59,2026-06-01,15:30,120,Court 1,72.0,frei,12
2026-05-20T09:53:59,2026-06-01,16:00,60,Court 1,40.0,frei,12
2026-05-20T09:53:59,2026-06-01,16:00,90,Court 1,60.0,frei,12
2026-05-20T09:53:59,2026-06-01,16:00,120,Court 1,80.0,frei,12
2026-05-20T09:53:59,2026-06-01,16:30,60,Court 1,40.0,frei,12
2026-05-20T09:53:59,2026-06-01,16:30,90,Court 1,60.0,frei,12
2026-05-20T09:53:59,2026-06-01,16:30,120,Court 1,80.0,frei,12
2026-05-20T09:53:59,2026-06-01,17:00,60,Court 1,40.0,frei,12
2026-05-20T09:53:59,2026-06-01,17:00,90,Court 1,60.0,frei,12
2026-05-20T09:53:59,2026-06-01,17:00,120,Court 1,80.0,frei,12
2026-05-20T09:53:59,2026-06-01,17:30,60,Court 1,40.0,frei,12
2026-05-20T09:53:59,2026-06-01,17:30,90,Court 1,60.0,frei,12
2026-05-20T09:53:59,2026-06-01,17:30,120,Court 1,80.0,frei,12
2026-05-20T09:53:59,2026-06-01,18:00,60,Court 1,40.0,frei,12
2026-05-20T09:53:59,2026-06-01,18:00,90,Court 1,60.0,frei,12
2026-05-20T09:53:59,2026-06-01,18:00,120,Court 1,80.0,frei,12
2026-05-20T09:53:59,2026-06-01,18:30,60,Court 1,40.0,frei,12
2026-05-20T09:53:59,2026-06-01,18:30,90,Court 1,60.0,frei,12
2026-05-20T09:53:59,2026-06-01,18:30,120,Court 1,80.0,frei,12
2026-05-20T09:53:59,2026-06-01,19:00,60,Court 1,40.0,frei,12
2026-05-20T09:53:59,2026-06-01,19:00,90,Court 1,60.0,frei,12
2026-05-20T09:53:59,2026-06-01,19:00,120,Court 1,80.0,frei,12
2026-05-20T09:53:59,2026-06-01,19:30,60,Court 1,40.0,frei,12
2026-05-20T09:53:59,2026-06-01,19:30,90,Court 1,60.0,frei,12
2026-05-20T09:53:59,2026-06-01,19:30,120,Court 1,80.0,frei,12
2026-05-20T09:53:59,2026-06-01,20:00,60,Court 1,40.0,frei,12
2026-05-20T09:53:59,2026-06-01,20:00,90,Court 1,60.0,frei,12
2026-05-20T09:53:59,2026-06-01,20:00,120,Court 1,80.0,frei,12
2026-05-20T09:53:59,2026-06-01,20:30,60,Court 1,40.0,frei,12
2026-05-20T09:53:59,2026-06-01,20:30,90,Court 1,60.0,frei,12
2026-05-20T09:53:59,2026-06-01,21:00,60,Court 1,40.0,frei,12
2026-05-20T09:53:59,2026-06-01,21:00,120,Court 1,80.0,frei,12
2026-05-20T09:53:59,2026-06-01,21:30,90,Court 1,60.0,frei,12
2026-05-20T09:53:59,2026-06-01,22:00,60,Court 1,40.0,frei,12
2026-05-20T09:53:59,2026-06-01,08:00,60,Court 2,24.0,frei,12
2026-05-20T09:53:59,2026-06-01,08:00,90,Court 2,36.0,frei,12
2026-05-20T09:53:59,2026-06-01,08:00,120,Court 2,48.0,frei,12
2026-05-20T09:53:59,2026-06-01,08:30,60,Court 2,24.0,frei,12
2026-05-20T09:53:59,2026-06-01,08:30,90,Court 2,36.0,frei,12
2026-05-20T09:53:59,2026-06-01,08:30,120,Court 2,48.0,frei,12
2026-05-20T09:53:59,2026-06-01,09:00,60,Court 2,24.0,frei,12
2026-05-20T09:53:59,2026-06-01,09:00,90,Court 2,36.0,frei,12
2026-05-20T09:53:59,2026-06-01,09:00,120,Court 2,48.0,frei,12
2026-05-20T09:53:59,2026-06-01,09:30,60,Court 2,24.0,frei,12
2026-05-20T09:53:59,2026-06-01,09:30,90,Court 2,36.0,frei,12
2026-05-20T09:53:59,2026-06-01,09:30,120,Court 2,48.0,frei,12
2026-05-20T09:53:59,2026-06-01,10:00,60,Court 2,24.0,frei,12
2026-05-20T09:53:59,2026-06-01,10:00,90,Court 2,36.0,frei,12
2026-05-20T09:53:59,2026-06-01,10:00,120,Court 2,48.0,frei,12
2026-05-20T09:53:59,2026-06-01,10:30,60,Court 2,24.0,frei,12
2026-05-20T09:53:59,2026-06-01,10:30,90,Court 2,36.0,frei,12
2026-05-20T09:53:59,2026-06-01,10:30,120,Court 2,48.0,frei,12
2026-05-20T09:53:59,2026-06-01,11:00,60,Court 2,24.0,frei,12
2026-05-20T09:53:59,2026-06-01,11:00,90,Court 2,36.0,frei,12
2026-05-20T09:53:59,2026-06-01,11:00,120,Court 2,48.0,frei,12
2026-05-20T09:53:59,2026-06-01,11:30,60,Court 2,24.0,frei,12
2026-05-20T09:53:59,2026-06-01,11:30,90,Court 2,36.0,frei,12
2026-05-20T09:53:59,2026-06-01,11:30,120,Court 2,48.0,frei,12
2026-05-20T09:53:59,2026-06-01,12:00,60,Court 2,24.0,frei,12
2026-05-20T09:53:59,2026-06-01,12:00,90,Court 2,36.0,frei,12
2026-05-20T09:53:59,2026-06-01,12:00,120,Court 2,48.0,frei,12
2026-05-20T09:53:59,2026-06-01,12:30,60,Court 2,24.0,frei,12
2026-05-20T09:53:59,2026-06-01,12:30,90,Court 2,36.0,frei,12
2026-05-20T09:53:59,2026-06-01,12:30,120,Court 2,48.0,frei,12
2026-05-20T09:53:59,2026-06-01,13:00,60,Court 2,24.0,frei,12
2026-05-20T09:53:59,2026-06-01,13:00,90,Court 2,36.0,frei,12
2026-05-20T09:53:59,2026-06-01,13:00,120,Court 2,48.0,frei,12
2026-05-20T09:53:59,2026-06-01,13:30,60,Court 2,24.0,frei,12
2026-05-20T09:53:59,2026-06-01,13:30,90,Court 2,36.0,frei,12
2026-05-20T09:53:59,2026-06-01,13:30,120,Court 2,48.0,frei,12
2026-05-20T09:53:59,2026-06-01,14:00,60,Court 2,24.0,frei,12
2026-05-20T09:53:59,2026-06-01,14:00,90,Court 2,36.0,frei,12
2026-05-20T09:53:59,2026-06-01,14:00,120,Court 2,48.0,frei,12
2026-05-20T09:53:59,2026-06-01,14:30,60,Court 2,24.0,frei,12
2026-05-20T09:53:59,2026-06-01,14:30,90,Court 2,36.0,frei,12
2026-05-20T09:53:59,2026-06-01,14:30,120,Court 2,56.0,frei,12
2026-05-20T09:53:59,2026-06-01,15:00,60,Court 2,24.0,frei,12
2026-05-20T09:53:59,2026-06-01,15:00,90,Court 2,44.0,frei,12
2026-05-20T09:53:59,2026-06-01,15:00,120,Court 2,64.0,frei,12
2026-05-20T09:53:59,2026-06-01,15:30,60,Court 2,32.0,frei,12
2026-05-20T09:53:59,2026-06-01,15:30,90,Court 2,52.0,frei,12
2026-05-20T09:53:59,2026-06-01,15:30,120,Court 2,72.0,frei,12
2026-05-20T09:53:59,2026-06-01,16:00,60,Court 2,40.0,frei,12
2026-05-20T09:53:59,2026-06-01,16:00,90,Court 2,60.0,frei,12
2026-05-20T09:53:59,2026-06-01,16:00,120,Court 2,80.0,frei,12
2026-05-20T09:53:59,2026-06-01,16:30,60,Court 2,40.0,frei,12
2026-05-20T09:53:59,2026-06-01,16:30,90,Court 2,60.0,frei,12
2026-05-20T09:53:59,2026-06-01,16:30,120,Court 2,80.0,frei,12
2026-05-20T09:53:59,2026-06-01,17:00,60,Court 2,40.0,frei,12
2026-05-20T09:53:59,2026-06-01,17:00,90,Court 2,60.0,frei,12
2026-05-20T09:53:59,2026-06-01,17:00,120,Court 2,80.0,frei,12
2026-05-20T09:53:59,2026-06-01,17:30,60,Court 2,40.0,frei,12
2026-05-20T09:53:59,2026-06-01,17:30,90,Court 2,60.0,frei,12
2026-05-20T09:53:59,2026-06-01,17:30,120,Court 2,80.0,frei,12
2026-05-20T09:53:59,2026-06-01,18:00,60,Court 2,40.0,frei,12
2026-05-20T09:53:59,2026-06-01,18:00,90,Court 2,60.0,frei,12
2026-05-20T09:53:59,2026-06-01,18:00,120,Court 2,80.0,frei,12
2026-05-20T09:53:59,2026-06-01,18:30,60,Court 2,40.0,frei,12
2026-05-20T09:53:59,2026-06-01,18:30,90,Court 2,60.0,frei,12
2026-05-20T09:53:59,2026-06-01,18:30,120,Court 2,80.0,frei,12
2026-05-20T09:53:59,2026-06-01,19:00,60,Court 2,40.0,frei,12
2026-05-20T09:53:59,2026-06-01,19:00,90,Court 2,60.0,frei,12
2026-05-20T09:53:59,2026-06-01,19:00,120,Court 2,80.0,frei,12
2026-05-20T09:53:59,2026-06-01,19:30,60,Court 2,40.0,frei,12
2026-05-20T09:53:59,2026-06-01,19:30,90,Court 2,60.0,frei,12
2026-05-20T09:53:59,2026-06-01,19:30,120,Court 2,80.0,frei,12
2026-05-20T09:53:59,2026-06-01,20:00,60,Court 2,40.0,frei,12
2026-05-20T09:53:59,2026-06-01,20:00,90,Court 2,60.0,frei,12
2026-05-20T09:53:59,2026-06-01,20:00,120,Court 2,80.0,frei,12
2026-05-20T09:53:59,2026-06-01,20:30,60,Court 2,40.0,frei,12
2026-05-20T09:53:59,2026-06-01,20:30,90,Court 2,60.0,frei,12
2026-05-20T09:53:59,2026-06-01,21:00,60,Court 2,40.0,frei,12
2026-05-20T09:53:59,2026-06-01,21:00,120,Court 2,80.0,frei,12
2026-05-20T09:53:59,2026-06-01,21:30,90,Court 2,60.0,frei,12
2026-05-20T09:53:59,2026-06-01,22:00,60,Court 2,40.0,frei,12
2026-05-20T09:53:59,2026-06-01,08:00,60,Court 3,24.0,frei,12
2026-05-20T09:53:59,2026-06-01,08:00,90,Court 3,36.0,frei,12
2026-05-20T09:53:59,2026-06-01,08:00,120,Court 3,48.0,frei,12
2026-05-20T09:53:59,2026-06-01,08:30,60,Court 3,24.0,frei,12
2026-05-20T09:53:59,2026-06-01,08:30,90,Court 3,36.0,frei,12
2026-05-20T09:53:59,2026-06-01,08:30,120,Court 3,48.0,frei,12
2026-05-20T09:53:59,2026-06-01,09:00,60,Court 3,24.0,frei,12
2026-05-20T09:53:59,2026-06-01,09:00,90,Court 3,36.0,frei,12
2026-05-20T09:53:59,2026-06-01,09:00,120,Court 3,48.0,frei,12
2026-05-20T09:53:59,2026-06-01,09:30,60,Court 3,24.0,frei,12
2026-05-20T09:53:59,2026-06-01,09:30,90,Court 3,36.0,frei,12
2026-05-20T09:53:59,2026-06-01,09:30,120,Court 3,48.0,frei,12
2026-05-20T09:53:59,2026-06-01,10:00,60,Court 3,24.0,frei,12
2026-05-20T09:53:59,2026-06-01,10:00,90,Court 3,36.0,frei,12
2026-05-20T09:53:59,2026-06-01,10:00,120,Court 3,48.0,frei,12
2026-05-20T09:53:59,2026-06-01,10:30,60,Court 3,24.0,frei,12
2026-05-20T09:53:59,2026-06-01,10:30,90,Court 3,36.0,frei,12
2026-05-20T09:53:59,2026-06-01,10:30,120,Court 3,48.0,frei,12
2026-05-20T09:53:59,2026-06-01,11:00,60,Court 3,24.0,frei,12
2026-05-20T09:53:59,2026-06-01,11:00,90,Court 3,36.0,frei,12
2026-05-20T09:53:59,2026-06-01,11:00,120,Court 3,48.0,frei,12
2026-05-20T09:53:59,2026-06-01,11:30,60,Court 3,24.0,frei,12
2026-05-20T09:53:59,2026-06-01,11:30,90,Court 3,36.0,frei,12
2026-05-20T09:53:59,2026-06-01,11:30,120,Court 3,48.0,frei,12
2026-05-20T09:53:59,2026-06-01,12:00,60,Court 3,24.0,frei,12
2026-05-20T09:53:59,2026-06-01,12:00,90,Court 3,36.0,frei,12
2026-05-20T09:53:59,2026-06-01,12:00,120,Court 3,48.0,frei,12
2026-05-20T09:53:59,2026-06-01,12:30,60,Court 3,24.0,frei,12
2026-05-20T09:53:59,2026-06-01,12:30,90,Court 3,36.0,frei,12
2026-05-20T09:53:59,2026-06-01,12:30,120,Court 3,48.0,frei,12
2026-05-20T09:53:59,2026-06-01,13:00,60,Court 3,24.0,frei,12
2026-05-20T09:53:59,2026-06-01,13:00,90,Court 3,36.0,frei,12
2026-05-20T09:53:59,2026-06-01,13:00,120,Court 3,48.0,frei,12
2026-05-20T09:53:59,2026-06-01,13:30,60,Court 3,24.0,frei,12
2026-05-20T09:53:59,2026-06-01,13:30,90,Court 3,36.0,frei,12
2026-05-20T09:53:59,2026-06-01,13:30,120,Court 3,48.0,frei,12
2026-05-20T09:53:59,2026-06-01,14:00,60,Court 3,24.0,frei,12
2026-05-20T09:53:59,2026-06-01,14:00,90,Court 3,36.0,frei,12
2026-05-20T09:53:59,2026-06-01,14:00,120,Court 3,48.0,frei,12
2026-05-20T09:53:59,2026-06-01,14:30,60,Court 3,24.0,frei,12
2026-05-20T09:53:59,2026-06-01,14:30,90,Court 3,36.0,frei,12
2026-05-20T09:53:59,2026-06-01,14:30,120,Court 3,56.0,frei,12
2026-05-20T09:53:59,2026-06-01,15:00,60,Court 3,24.0,frei,12
2026-05-20T09:53:59,2026-06-01,15:00,90,Court 3,44.0,frei,12
2026-05-20T09:53:59,2026-06-01,15:00,120,Court 3,64.0,frei,12
2026-05-20T09:53:59,2026-06-01,15:30,60,Court 3,32.0,frei,12
2026-05-20T09:53:59,2026-06-01,15:30,90,Court 3,52.0,frei,12
2026-05-20T09:53:59,2026-06-01,15:30,120,Court 3,72.0,frei,12
2026-05-20T09:53:59,2026-06-01,16:00,60,Court 3,40.0,frei,12
2026-05-20T09:53:59,2026-06-01,16:00,90,Court 3,60.0,frei,12
2026-05-20T09:53:59,2026-06-01,16:00,120,Court 3,80.0,frei,12
2026-05-20T09:53:59,2026-06-01,16:30,60,Court 3,40.0,frei,12
2026-05-20T09:53:59,2026-06-01,16:30,90,Court 3,60.0,frei,12
2026-05-20T09:53:59,2026-06-01,16:30,120,Court 3,80.0,frei,12
2026-05-20T09:53:59,2026-06-01,17:00,60,Court 3,40.0,frei,12
2026-05-20T09:53:59,2026-06-01,17:00,90,Court 3,60.0,frei,12
2026-05-20T09:53:59,2026-06-01,17:00,120,Court 3,80.0,frei,12
2026-05-20T09:53:59,2026-06-01,17:30,60,Court 3,40.0,frei,12
2026-05-20T09:53:59,2026-06-01,17:30,90,Court 3,60.0,frei,12
2026-05-20T09:53:59,2026-06-01,17:30,120,Court 3,80.0,frei,12
2026-05-20T09:53:59,2026-06-01,18:00,60,Court 3,40.0,frei,12
2026-05-20T09:53:59,2026-06-01,18:00,90,Court 3,60.0,frei,12
2026-05-20T09:53:59,2026-06-01,18:00,120,Court 3,80.0,frei,12
2026-05-20T09:53:59,2026-06-01,18:30,60,Court 3,40.0,frei,12
2026-05-20T09:53:59,2026-06-01,18:30,90,Court 3,60.0,frei,12
2026-05-20T09:53:59,2026-06-01,18:30,120,Court 3,80.0,frei,12
2026-05-20T09:53:59,2026-06-01,19:00,60,Court 3,40.0,frei,12
2026-05-20T09:53:59,2026-06-01,19:00,90,Court 3,60.0,frei,12
2026-05-20T09:53:59,2026-06-01,19:00,120,Court 3,80.0,frei,12
2026-05-20T09:53:59,2026-06-01,19:30,60,Court 3,40.0,frei,12
2026-05-20T09:53:59,2026-06-01,19:30,90,Court 3,60.0,frei,12
2026-05-20T09:53:59,2026-06-01,19:30,120,Court 3,80.0,frei,12
2026-05-20T09:53:59,2026-06-01,20:00,60,Court 3,40.0,frei,12
2026-05-20T09:53:59,2026-06-01,20:00,90,Court 3,60.0,frei,12
2026-05-20T09:53:59,2026-06-01,20:00,120,Court 3,80.0,frei,12
2026-05-20T09:53:59,2026-06-01,20:30,60,Court 3,40.0,frei,12
2026-05-20T09:53:59,2026-06-01,20:30,90,Court 3,60.0,frei,12
2026-05-20T09:53:59,2026-06-01,21:00,60,Court 3,40.0,frei,12
2026-05-20T09:53:59,2026-06-01,21:00,120,Court 3,80.0,frei,12
2026-05-20T09:53:59,2026-06-01,21:30,90,Court 3,60.0,frei,12
2026-05-20T09:53:59,2026-06-01,22:00,60,Court 3,40.0,frei,12
2026-05-20T09:53:59,2026-06-01,08:00,60,Court 4,24.0,frei,12
2026-05-20T09:53:59,2026-06-01,08:00,90,Court 4,36.0,frei,12
2026-05-20T09:53:59,2026-06-01,08:00,120,Court 4,48.0,frei,12
2026-05-20T09:53:59,2026-06-01,08:30,60,Court 4,24.0,frei,12
2026-05-20T09:53:59,2026-06-01,08:30,90,Court 4,36.0,frei,12
2026-05-20T09:53:59,2026-06-01,08:30,120,Court 4,48.0,frei,12
2026-05-20T09:53:59,2026-06-01,09:00,60,Court 4,24.0,frei,12
2026-05-20T09:53:59,2026-06-01,09:00,90,Court 4,36.0,frei,12
2026-05-20T09:53:59,2026-06-01,09:00,120,Court 4,48.0,frei,12
2026-05-20T09:53:59,2026-06-01,09:30,60,Court 4,24.0,frei,12
2026-05-20T09:53:59,2026-06-01,09:30,90,Court 4,36.0,frei,12
2026-05-20T09:53:59,2026-06-01,09:30,120,Court 4,48.0,frei,12
2026-05-20T09:53:59,2026-06-01,10:00,60,Court 4,24.0,frei,12
2026-05-20T09:53:59,2026-06-01,10:00,90,Court 4,36.0,frei,12
2026-05-20T09:53:59,2026-06-01,10:00,120,Court 4,48.0,frei,12
2026-05-20T09:53:59,2026-06-01,10:30,60,Court 4,24.0,frei,12
2026-05-20T09:53:59,2026-06-01,10:30,90,Court 4,36.0,frei,12
2026-05-20T09:53:59,2026-06-01,10:30,120,Court 4,48.0,frei,12
2026-05-20T09:53:59,2026-06-01,11:00,60,Court 4,24.0,frei,12
2026-05-20T09:53:59,2026-06-01,11:00,90,Court 4,36.0,frei,12
2026-05-20T09:53:59,2026-06-01,11:00,120,Court 4,48.0,frei,12
2026-05-20T09:53:59,2026-06-01,11:30,60,Court 4,24.0,frei,12
2026-05-20T09:53:59,2026-06-01,11:30,90,Court 4,36.0,frei,12
2026-05-20T09:53:59,2026-06-01,11:30,120,Court 4,48.0,frei,12
2026-05-20T09:53:59,2026-06-01,12:00,60,Court 4,24.0,frei,12
2026-05-20T09:53:59,2026-06-01,12:00,90,Court 4,36.0,frei,12
2026-05-20T09:53:59,2026-06-01,12:00,120,Court 4,48.0,frei,12
2026-05-20T09:53:59,2026-06-01,12:30,60,Court 4,24.0,frei,12
2026-05-20T09:53:59,2026-06-01,12:30,90,Court 4,36.0,frei,12
2026-05-20T09:53:59,2026-06-01,12:30,120,Court 4,48.0,frei,12
2026-05-20T09:53:59,2026-06-01,13:00,60,Court 4,24.0,frei,12
2026-05-20T09:53:59,2026-06-01,13:00,90,Court 4,36.0,frei,12
2026-05-20T09:53:59,2026-06-01,13:00,120,Court 4,48.0,frei,12
2026-05-20T09:53:59,2026-06-01,13:30,60,Court 4,24.0,frei,12
2026-05-20T09:53:59,2026-06-01,13:30,90,Court 4,36.0,frei,12
2026-05-20T09:53:59,2026-06-01,13:30,120,Court 4,48.0,frei,12
2026-05-20T09:53:59,2026-06-01,14:00,60,Court 4,24.0,frei,12
2026-05-20T09:53:59,2026-06-01,14:00,90,Court 4,36.0,frei,12
2026-05-20T09:53:59,2026-06-01,14:00,120,Court 4,48.0,frei,12
2026-05-20T09:53:59,2026-06-01,14:30,60,Court 4,24.0,frei,12
2026-05-20T09:53:59,2026-06-01,14:30,90,Court 4,36.0,frei,12
2026-05-20T09:53:59,2026-06-01,14:30,120,Court 4,56.0,frei,12
2026-05-20T09:53:59,2026-06-01,15:00,60,Court 4,24.0,frei,12
2026-05-20T09:53:59,2026-06-01,15:00,90,Court 4,44.0,frei,12
2026-05-20T09:53:59,2026-06-01,15:00,120,Court 4,64.0,frei,12
2026-05-20T09:53:59,2026-06-01,15:30,60,Court 4,32.0,frei,12
2026-05-20T09:53:59,2026-06-01,15:30,90,Court 4,52.0,frei,12
2026-05-20T09:53:59,2026-06-01,15:30,120,Court 4,72.0,frei,12
2026-05-20T09:53:59,2026-06-01,16:00,60,Court 4,40.0,frei,12
2026-05-20T09:53:59,2026-06-01,16:00,90,Court 4,60.0,frei,12
2026-05-20T09:53:59,2026-06-01,16:00,120,Court 4,80.0,frei,12
2026-05-20T09:53:59,2026-06-01,16:30,60,Court 4,40.0,frei,12
2026-05-20T09:53:59,2026-06-01,16:30,90,Court 4,60.0,frei,12
2026-05-20T09:53:59,2026-06-01,16:30,120,Court 4,80.0,frei,12
2026-05-20T09:53:59,2026-06-01,17:00,60,Court 4,40.0,frei,12
2026-05-20T09:53:59,2026-06-01,17:00,90,Court 4,60.0,frei,12
2026-05-20T09:53:59,2026-06-01,17:00,120,Court 4,80.0,frei,12
2026-05-20T09:53:59,2026-06-01,17:30,60,Court 4,40.0,frei,12
2026-05-20T09:53:59,2026-06-01,17:30,90,Court 4,60.0,frei,12
2026-05-20T09:53:59,2026-06-01,17:30,120,Court 4,80.0,frei,12
2026-05-20T09:53:59,2026-06-01,18:00,60,Court 4,40.0,frei,12
2026-05-20T09:53:59,2026-06-01,18:00,90,Court 4,60.0,frei,12
2026-05-20T09:53:59,2026-06-01,18:00,120,Court 4,80.0,frei,12
2026-05-20T09:53:59,2026-06-01,18:30,60,Court 4,40.0,frei,12
2026-05-20T09:53:59,2026-06-01,18:30,90,Court 4,60.0,frei,12
2026-05-20T09:53:59,2026-06-01,18:30,120,Court 4,80.0,frei,12
2026-05-20T09:53:59,2026-06-01,19:00,60,Court 4,40.0,frei,12
2026-05-20T09:53:59,2026-06-01,19:00,90,Court 4,60.0,frei,12
2026-05-20T09:53:59,2026-06-01,19:00,120,Court 4,80.0,frei,12
2026-05-20T09:53:59,2026-06-01,19:30,60,Court 4,40.0,frei,12
2026-05-20T09:53:59,2026-06-01,19:30,90,Court 4,60.0,frei,12
2026-05-20T09:53:59,2026-06-01,19:30,120,Court 4,80.0,frei,12
2026-05-20T09:53:59,2026-06-01,20:00,60,Court 4,40.0,frei,12
2026-05-20T09:53:59,2026-06-01,20:00,90,Court 4,60.0,frei,12
2026-05-20T09:53:59,2026-06-01,20:00,120,Court 4,80.0,frei,12
2026-05-20T09:53:59,2026-06-01,20:30,60,Court 4,40.0,frei,12
2026-05-20T09:53:59,2026-06-01,20:30,90,Court 4,60.0,frei,12
2026-05-20T09:53:59,2026-06-01,21:00,60,Court 4,40.0,frei,12
2026-05-20T09:53:59,2026-06-01,21:00,120,Court 4,80.0,frei,12
2026-05-20T09:53:59,2026-06-01,21:30,90,Court 4,60.0,frei,12
2026-05-20T09:53:59,2026-06-01,22:00,60,Court 4,40.0,frei,12
2026-05-20T09:53:59,2026-06-02,08:00,60,Court 1,24.0,frei,13
2026-05-20T09:53:59,2026-06-02,08:00,90,Court 1,36.0,frei,13
2026-05-20T09:53:59,2026-06-02,08:00,120,Court 1,48.0,frei,13
2026-05-20T09:53:59,2026-06-02,08:30,60,Court 1,24.0,frei,13
2026-05-20T09:53:59,2026-06-02,08:30,90,Court 1,36.0,frei,13
2026-05-20T09:53:59,2026-06-02,08:30,120,Court 1,48.0,frei,13
2026-05-20T09:53:59,2026-06-02,09:00,60,Court 1,24.0,frei,13
2026-05-20T09:53:59,2026-06-02,09:00,90,Court 1,36.0,frei,13
2026-05-20T09:53:59,2026-06-02,09:00,120,Court 1,48.0,frei,13
2026-05-20T09:53:59,2026-06-02,09:30,60,Court 1,24.0,frei,13
2026-05-20T09:53:59,2026-06-02,09:30,90,Court 1,36.0,frei,13
2026-05-20T09:53:59,2026-06-02,09:30,120,Court 1,48.0,frei,13
2026-05-20T09:53:59,2026-06-02,10:00,60,Court 1,24.0,frei,13
2026-05-20T09:53:59,2026-06-02,10:00,90,Court 1,36.0,frei,13
2026-05-20T09:53:59,2026-06-02,10:00,120,Court 1,48.0,frei,13
2026-05-20T09:53:59,2026-06-02,10:30,60,Court 1,24.0,frei,13
2026-05-20T09:53:59,2026-06-02,10:30,90,Court 1,36.0,frei,13
2026-05-20T09:53:59,2026-06-02,10:30,120,Court 1,48.0,frei,13
2026-05-20T09:53:59,2026-06-02,11:00,60,Court 1,24.0,frei,13
2026-05-20T09:53:59,2026-06-02,11:00,90,Court 1,36.0,frei,13
2026-05-20T09:53:59,2026-06-02,11:00,120,Court 1,48.0,frei,13
2026-05-20T09:53:59,2026-06-02,11:30,60,Court 1,24.0,frei,13
2026-05-20T09:53:59,2026-06-02,11:30,90,Court 1,36.0,frei,13
2026-05-20T09:53:59,2026-06-02,11:30,120,Court 1,48.0,frei,13
2026-05-20T09:53:59,2026-06-02,12:00,60,Court 1,24.0,frei,13
2026-05-20T09:53:59,2026-06-02,12:00,90,Court 1,36.0,frei,13
2026-05-20T09:53:59,2026-06-02,12:30,60,Court 1,24.0,frei,13
2026-05-20T09:53:59,2026-06-02,12:30,120,Court 1,48.0,frei,13
2026-05-20T09:53:59,2026-06-02,13:00,90,Court 1,36.0,frei,13
2026-05-20T09:53:59,2026-06-02,13:30,60,Court 1,24.0,frei,13
2026-05-20T09:53:59,2026-06-02,15:30,60,Court 1,32.0,frei,13
2026-05-20T09:53:59,2026-06-02,15:30,90,Court 1,52.0,frei,13
2026-05-20T09:53:59,2026-06-02,15:30,120,Court 1,72.0,frei,13
2026-05-20T09:53:59,2026-06-02,16:30,60,Court 1,40.0,frei,13
2026-05-20T09:53:59,2026-06-02,16:30,90,Court 1,60.0,frei,13
2026-05-20T09:53:59,2026-06-02,16:30,120,Court 1,80.0,frei,13
2026-05-20T09:53:59,2026-06-02,17:00,60,Court 1,40.0,frei,13
2026-05-20T09:53:59,2026-06-02,17:00,90,Court 1,60.0,frei,13
2026-05-20T09:53:59,2026-06-02,17:00,120,Court 1,80.0,frei,13
2026-05-20T09:53:59,2026-06-02,17:30,60,Court 1,40.0,frei,13
2026-05-20T09:53:59,2026-06-02,17:30,90,Court 1,60.0,frei,13
2026-05-20T09:53:59,2026-06-02,17:30,120,Court 1,80.0,frei,13
2026-05-20T09:53:59,2026-06-02,18:00,60,Court 1,40.0,frei,13
2026-05-20T09:53:59,2026-06-02,18:00,90,Court 1,60.0,frei,13
2026-05-20T09:53:59,2026-06-02,18:00,120,Court 1,80.0,frei,13
2026-05-20T09:53:59,2026-06-02,18:30,60,Court 1,40.0,frei,13
2026-05-20T09:53:59,2026-06-02,18:30,90,Court 1,60.0,frei,13
2026-05-20T09:53:59,2026-06-02,18:30,120,Court 1,80.0,frei,13
2026-05-20T09:53:59,2026-06-02,19:00,60,Court 1,40.0,frei,13
2026-05-20T09:53:59,2026-06-02,19:00,90,Court 1,60.0,frei,13
2026-05-20T09:53:59,2026-06-02,19:00,120,Court 1,80.0,frei,13
2026-05-20T09:53:59,2026-06-02,19:30,60,Court 1,40.0,frei,13
2026-05-20T09:53:59,2026-06-02,19:30,90,Court 1,60.0,frei,13
2026-05-20T09:53:59,2026-06-02,19:30,120,Court 1,80.0,frei,13
2026-05-20T09:53:59,2026-06-02,20:00,60,Court 1,40.0,frei,13
2026-05-20T09:53:59,2026-06-02,20:00,90,Court 1,60.0,frei,13
2026-05-20T09:53:59,2026-06-02,20:00,120,Court 1,80.0,frei,13
2026-05-20T09:53:59,2026-06-02,20:30,60,Court 1,40.0,frei,13
2026-05-20T09:53:59,2026-06-02,20:30,90,Court 1,60.0,frei,13
2026-05-20T09:53:59,2026-06-02,21:00,60,Court 1,40.0,frei,13
2026-05-20T09:53:59,2026-06-02,21:00,120,Court 1,80.0,frei,13
2026-05-20T09:53:59,2026-06-02,21:30,90,Court 1,60.0,frei,13
2026-05-20T09:53:59,2026-06-02,22:00,60,Court 1,40.0,frei,13
2026-05-20T09:53:59,2026-06-02,08:00,60,Court 2,24.0,frei,13
2026-05-20T09:53:59,2026-06-02,08:00,90,Court 2,36.0,frei,13
2026-05-20T09:53:59,2026-06-02,08:00,120,Court 2,48.0,frei,13
2026-05-20T09:53:59,2026-06-02,08:30,60,Court 2,24.0,frei,13
2026-05-20T09:53:59,2026-06-02,08:30,90,Court 2,36.0,frei,13
2026-05-20T09:53:59,2026-06-02,08:30,120,Court 2,48.0,frei,13
2026-05-20T09:53:59,2026-06-02,09:00,60,Court 2,24.0,frei,13
2026-05-20T09:53:59,2026-06-02,09:00,90,Court 2,36.0,frei,13
2026-05-20T09:53:59,2026-06-02,09:00,120,Court 2,48.0,frei,13
2026-05-20T09:53:59,2026-06-02,09:30,60,Court 2,24.0,frei,13
2026-05-20T09:53:59,2026-06-02,09:30,90,Court 2,36.0,frei,13
2026-05-20T09:53:59,2026-06-02,09:30,120,Court 2,48.0,frei,13
2026-05-20T09:53:59,2026-06-02,10:00,60,Court 2,24.0,frei,13
2026-05-20T09:53:59,2026-06-02,10:00,90,Court 2,36.0,frei,13
2026-05-20T09:53:59,2026-06-02,10:00,120,Court 2,48.0,frei,13
2026-05-20T09:53:59,2026-06-02,10:30,60,Court 2,24.0,frei,13
2026-05-20T09:53:59,2026-06-02,10:30,90,Court 2,36.0,frei,13
2026-05-20T09:53:59,2026-06-02,10:30,120,Court 2,48.0,frei,13
2026-05-20T09:53:59,2026-06-02,11:00,60,Court 2,24.0,frei,13
2026-05-20T09:53:59,2026-06-02,11:00,90,Court 2,36.0,frei,13
2026-05-20T09:53:59,2026-06-02,11:00,120,Court 2,48.0,frei,13
2026-05-20T09:53:59,2026-06-02,11:30,60,Court 2,24.0,frei,13
2026-05-20T09:53:59,2026-06-02,11:30,90,Court 2,36.0,frei,13
2026-05-20T09:53:59,2026-06-02,11:30,120,Court 2,48.0,frei,13
2026-05-20T09:53:59,2026-06-02,12:00,60,Court 2,24.0,frei,13
2026-05-20T09:53:59,2026-06-02,12:00,90,Court 2,36.0,frei,13
2026-05-20T09:53:59,2026-06-02,12:30,60,Court 2,24.0,frei,13
2026-05-20T09:53:59,2026-06-02,12:30,120,Court 2,48.0,frei,13
2026-05-20T09:53:59,2026-06-02,13:00,90,Court 2,36.0,frei,13
2026-05-20T09:53:59,2026-06-02,13:30,60,Court 2,24.0,frei,13
2026-05-20T09:53:59,2026-06-02,15:30,60,Court 2,32.0,frei,13
2026-05-20T09:53:59,2026-06-02,15:30,90,Court 2,52.0,frei,13
2026-05-20T09:53:59,2026-06-02,15:30,120,Court 2,72.0,frei,13
2026-05-20T09:53:59,2026-06-02,16:30,60,Court 2,40.0,frei,13
2026-05-20T09:53:59,2026-06-02,16:30,90,Court 2,60.0,frei,13
2026-05-20T09:53:59,2026-06-02,16:30,120,Court 2,80.0,frei,13
2026-05-20T09:53:59,2026-06-02,17:00,60,Court 2,40.0,frei,13
2026-05-20T09:53:59,2026-06-02,17:00,90,Court 2,60.0,frei,13
2026-05-20T09:53:59,2026-06-02,17:00,120,Court 2,80.0,frei,13
2026-05-20T09:53:59,2026-06-02,17:30,60,Court 2,40.0,frei,13
2026-05-20T09:53:59,2026-06-02,17:30,90,Court 2,60.0,frei,13
2026-05-20T09:53:59,2026-06-02,17:30,120,Court 2,80.0,frei,13
2026-05-20T09:53:59,2026-06-02,18:00,60,Court 2,40.0,frei,13
2026-05-20T09:53:59,2026-06-02,18:00,90,Court 2,60.0,frei,13
2026-05-20T09:53:59,2026-06-02,18:00,120,Court 2,80.0,frei,13
2026-05-20T09:53:59,2026-06-02,18:30,60,Court 2,40.0,frei,13
2026-05-20T09:53:59,2026-06-02,18:30,90,Court 2,60.0,frei,13
2026-05-20T09:53:59,2026-06-02,18:30,120,Court 2,80.0,frei,13
2026-05-20T09:53:59,2026-06-02,19:00,60,Court 2,40.0,frei,13
2026-05-20T09:53:59,2026-06-02,19:00,90,Court 2,60.0,frei,13
2026-05-20T09:53:59,2026-06-02,19:00,120,Court 2,80.0,frei,13
2026-05-20T09:53:59,2026-06-02,19:30,60,Court 2,40.0,frei,13
2026-05-20T09:53:59,2026-06-02,19:30,90,Court 2,60.0,frei,13
2026-05-20T09:53:59,2026-06-02,19:30,120,Court 2,80.0,frei,13
2026-05-20T09:53:59,2026-06-02,20:00,60,Court 2,40.0,frei,13
2026-05-20T09:53:59,2026-06-02,20:00,90,Court 2,60.0,frei,13
2026-05-20T09:53:59,2026-06-02,20:00,120,Court 2,80.0,frei,13
2026-05-20T09:53:59,2026-06-02,20:30,60,Court 2,40.0,frei,13
2026-05-20T09:53:59,2026-06-02,20:30,90,Court 2,60.0,frei,13
2026-05-20T09:53:59,2026-06-02,21:00,60,Court 2,40.0,frei,13
2026-05-20T09:53:59,2026-06-02,21:00,120,Court 2,80.0,frei,13
2026-05-20T09:53:59,2026-06-02,21:30,90,Court 2,60.0,frei,13
2026-05-20T09:53:59,2026-06-02,22:00,60,Court 2,40.0,frei,13
2026-05-20T09:53:59,2026-06-02,08:00,60,Court 3,24.0,frei,13
2026-05-20T09:53:59,2026-06-02,08:00,90,Court 3,36.0,frei,13
2026-05-20T09:53:59,2026-06-02,08:00,120,Court 3,48.0,frei,13
2026-05-20T09:53:59,2026-06-02,08:30,60,Court 3,24.0,frei,13
2026-05-20T09:53:59,2026-06-02,08:30,90,Court 3,36.0,frei,13
2026-05-20T09:53:59,2026-06-02,08:30,120,Court 3,48.0,frei,13
2026-05-20T09:53:59,2026-06-02,09:00,60,Court 3,24.0,frei,13
2026-05-20T09:53:59,2026-06-02,09:00,90,Court 3,36.0,frei,13
2026-05-20T09:53:59,2026-06-02,09:00,120,Court 3,48.0,frei,13
2026-05-20T09:53:59,2026-06-02,09:30,60,Court 3,24.0,frei,13
2026-05-20T09:53:59,2026-06-02,09:30,90,Court 3,36.0,frei,13
2026-05-20T09:53:59,2026-06-02,09:30,120,Court 3,48.0,frei,13
2026-05-20T09:53:59,2026-06-02,10:00,60,Court 3,24.0,frei,13
2026-05-20T09:53:59,2026-06-02,10:00,90,Court 3,36.0,frei,13
2026-05-20T09:53:59,2026-06-02,10:00,120,Court 3,48.0,frei,13
2026-05-20T09:53:59,2026-06-02,10:30,60,Court 3,24.0,frei,13
2026-05-20T09:53:59,2026-06-02,10:30,90,Court 3,36.0,frei,13
2026-05-20T09:53:59,2026-06-02,10:30,120,Court 3,48.0,frei,13
2026-05-20T09:53:59,2026-06-02,11:00,60,Court 3,24.0,frei,13
2026-05-20T09:53:59,2026-06-02,11:00,90,Court 3,36.0,frei,13
2026-05-20T09:53:59,2026-06-02,11:00,120,Court 3,48.0,frei,13
2026-05-20T09:53:59,2026-06-02,11:30,60,Court 3,24.0,frei,13
2026-05-20T09:53:59,2026-06-02,11:30,90,Court 3,36.0,frei,13
2026-05-20T09:53:59,2026-06-02,11:30,120,Court 3,48.0,frei,13
2026-05-20T09:53:59,2026-06-02,12:00,60,Court 3,24.0,frei,13
2026-05-20T09:53:59,2026-06-02,12:00,90,Court 3,36.0,frei,13
2026-05-20T09:53:59,2026-06-02,12:30,60,Court 3,24.0,frei,13
2026-05-20T09:53:59,2026-06-02,12:30,120,Court 3,48.0,frei,13
2026-05-20T09:53:59,2026-06-02,13:00,90,Court 3,36.0,frei,13
2026-05-20T09:53:59,2026-06-02,13:30,60,Court 3,24.0,frei,13
2026-05-20T09:53:59,2026-06-02,15:30,60,Court 3,32.0,frei,13
2026-05-20T09:53:59,2026-06-02,15:30,90,Court 3,52.0,frei,13
2026-05-20T09:53:59,2026-06-02,15:30,120,Court 3,72.0,frei,13
2026-05-20T09:53:59,2026-06-02,16:30,60,Court 3,40.0,frei,13
2026-05-20T09:53:59,2026-06-02,16:30,90,Court 3,60.0,frei,13
2026-05-20T09:53:59,2026-06-02,16:30,120,Court 3,80.0,frei,13
2026-05-20T09:53:59,2026-06-02,17:00,60,Court 3,40.0,frei,13
2026-05-20T09:53:59,2026-06-02,17:00,90,Court 3,60.0,frei,13
2026-05-20T09:53:59,2026-06-02,17:00,120,Court 3,80.0,frei,13
2026-05-20T09:53:59,2026-06-02,17:30,60,Court 3,40.0,frei,13
2026-05-20T09:53:59,2026-06-02,17:30,90,Court 3,60.0,frei,13
2026-05-20T09:53:59,2026-06-02,17:30,120,Court 3,80.0,frei,13
2026-05-20T09:53:59,2026-06-02,18:00,60,Court 3,40.0,frei,13
2026-05-20T09:53:59,2026-06-02,18:00,90,Court 3,60.0,frei,13
2026-05-20T09:53:59,2026-06-02,18:00,120,Court 3,80.0,frei,13
2026-05-20T09:53:59,2026-06-02,18:30,60,Court 3,40.0,frei,13
2026-05-20T09:53:59,2026-06-02,18:30,90,Court 3,60.0,frei,13
2026-05-20T09:53:59,2026-06-02,18:30,120,Court 3,80.0,frei,13
2026-05-20T09:53:59,2026-06-02,19:00,60,Court 3,40.0,frei,13
2026-05-20T09:53:59,2026-06-02,19:00,90,Court 3,60.0,frei,13
2026-05-20T09:53:59,2026-06-02,19:00,120,Court 3,80.0,frei,13
2026-05-20T09:53:59,2026-06-02,19:30,60,Court 3,40.0,frei,13
2026-05-20T09:53:59,2026-06-02,19:30,90,Court 3,60.0,frei,13
2026-05-20T09:53:59,2026-06-02,19:30,120,Court 3,80.0,frei,13
2026-05-20T09:53:59,2026-06-02,20:00,60,Court 3,40.0,frei,13
2026-05-20T09:53:59,2026-06-02,20:00,90,Court 3,60.0,frei,13
2026-05-20T09:53:59,2026-06-02,20:00,120,Court 3,80.0,frei,13
2026-05-20T09:53:59,2026-06-02,20:30,60,Court 3,40.0,frei,13
2026-05-20T09:53:59,2026-06-02,20:30,90,Court 3,60.0,frei,13
2026-05-20T09:53:59,2026-06-02,21:00,60,Court 3,40.0,frei,13
2026-05-20T09:53:59,2026-06-02,21:00,120,Court 3,80.0,frei,13
2026-05-20T09:53:59,2026-06-02,21:30,90,Court 3,60.0,frei,13
2026-05-20T09:53:59,2026-06-02,22:00,60,Court 3,40.0,frei,13
2026-05-20T09:53:59,2026-06-02,08:00,60,Court 4,24.0,frei,13
2026-05-20T09:53:59,2026-06-02,08:00,90,Court 4,36.0,frei,13
2026-05-20T09:53:59,2026-06-02,08:00,120,Court 4,48.0,frei,13
2026-05-20T09:53:59,2026-06-02,08:30,60,Court 4,24.0,frei,13
2026-05-20T09:53:59,2026-06-02,08:30,90,Court 4,36.0,frei,13
2026-05-20T09:53:59,2026-06-02,08:30,120,Court 4,48.0,frei,13
2026-05-20T09:53:59,2026-06-02,09:00,60,Court 4,24.0,frei,13
2026-05-20T09:53:59,2026-06-02,09:00,90,Court 4,36.0,frei,13
2026-05-20T09:53:59,2026-06-02,09:00,120,Court 4,48.0,frei,13
2026-05-20T09:53:59,2026-06-02,09:30,60,Court 4,24.0,frei,13
2026-05-20T09:53:59,2026-06-02,09:30,90,Court 4,36.0,frei,13
2026-05-20T09:53:59,2026-06-02,09:30,120,Court 4,48.0,frei,13
2026-05-20T09:53:59,2026-06-02,10:00,60,Court 4,24.0,frei,13
2026-05-20T09:53:59,2026-06-02,10:00,90,Court 4,36.0,frei,13
2026-05-20T09:53:59,2026-06-02,10:00,120,Court 4,48.0,frei,13
2026-05-20T09:53:59,2026-06-02,10:30,60,Court 4,24.0,frei,13
2026-05-20T09:53:59,2026-06-02,10:30,90,Court 4,36.0,frei,13
2026-05-20T09:53:59,2026-06-02,10:30,120,Court 4,48.0,frei,13
2026-05-20T09:53:59,2026-06-02,11:00,60,Court 4,24.0,frei,13
2026-05-20T09:53:59,2026-06-02,11:00,90,Court 4,36.0,frei,13
2026-05-20T09:53:59,2026-06-02,11:00,120,Court 4,48.0,frei,13
2026-05-20T09:53:59,2026-06-02,11:30,60,Court 4,24.0,frei,13
2026-05-20T09:53:59,2026-06-02,11:30,90,Court 4,36.0,frei,13
2026-05-20T09:53:59,2026-06-02,11:30,120,Court 4,48.0,frei,13
2026-05-20T09:53:59,2026-06-02,12:00,60,Court 4,24.0,frei,13
2026-05-20T09:53:59,2026-06-02,12:00,90,Court 4,36.0,frei,13
2026-05-20T09:53:59,2026-06-02,12:00,120,Court 4,48.0,frei,13
2026-05-20T09:53:59,2026-06-02,12:30,60,Court 4,24.0,frei,13
2026-05-20T09:53:59,2026-06-02,12:30,90,Court 4,36.0,frei,13
2026-05-20T09:53:59,2026-06-02,12:30,120,Court 4,48.0,frei,13
2026-05-20T09:53:59,2026-06-02,13:00,60,Court 4,24.0,frei,13
2026-05-20T09:53:59,2026-06-02,13:00,90,Court 4,36.0,frei,13
2026-05-20T09:53:59,2026-06-02,13:00,120,Court 4,48.0,frei,13
2026-05-20T09:53:59,2026-06-02,13:30,60,Court 4,24.0,frei,13
2026-05-20T09:53:59,2026-06-02,13:30,90,Court 4,36.0,frei,13
2026-05-20T09:53:59,2026-06-02,13:30,120,Court 4,48.0,frei,13
2026-05-20T09:53:59,2026-06-02,14:00,60,Court 4,24.0,frei,13
2026-05-20T09:53:59,2026-06-02,14:00,90,Court 4,36.0,frei,13
2026-05-20T09:53:59,2026-06-02,14:00,120,Court 4,48.0,frei,13
2026-05-20T09:53:59,2026-06-02,14:30,60,Court 4,24.0,frei,13
2026-05-20T09:53:59,2026-06-02,14:30,90,Court 4,36.0,frei,13
2026-05-20T09:53:59,2026-06-02,14:30,120,Court 4,56.0,frei,13
2026-05-20T09:53:59,2026-06-02,15:00,60,Court 4,24.0,frei,13
2026-05-20T09:53:59,2026-06-02,15:00,90,Court 4,44.0,frei,13
2026-05-20T09:53:59,2026-06-02,15:00,120,Court 4,64.0,frei,13
2026-05-20T09:53:59,2026-06-02,15:30,60,Court 4,32.0,frei,13
2026-05-20T09:53:59,2026-06-02,15:30,90,Court 4,52.0,frei,13
2026-05-20T09:53:59,2026-06-02,15:30,120,Court 4,72.0,frei,13
2026-05-20T09:53:59,2026-06-02,16:00,60,Court 4,40.0,frei,13
2026-05-20T09:53:59,2026-06-02,16:00,90,Court 4,60.0,frei,13
2026-05-20T09:53:59,2026-06-02,16:00,120,Court 4,80.0,frei,13
2026-05-20T09:53:59,2026-06-02,16:30,60,Court 4,40.0,frei,13
2026-05-20T09:53:59,2026-06-02,16:30,90,Court 4,60.0,frei,13
2026-05-20T09:53:59,2026-06-02,16:30,120,Court 4,80.0,frei,13
2026-05-20T09:53:59,2026-06-02,17:00,60,Court 4,40.0,frei,13
2026-05-20T09:53:59,2026-06-02,17:00,90,Court 4,60.0,frei,13
2026-05-20T09:53:59,2026-06-02,17:00,120,Court 4,80.0,frei,13
2026-05-20T09:53:59,2026-06-02,17:30,60,Court 4,40.0,frei,13
2026-05-20T09:53:59,2026-06-02,17:30,90,Court 4,60.0,frei,13
2026-05-20T09:53:59,2026-06-02,17:30,120,Court 4,80.0,frei,13
2026-05-20T09:53:59,2026-06-02,18:00,60,Court 4,40.0,frei,13
2026-05-20T09:53:59,2026-06-02,18:00,90,Court 4,60.0,frei,13
2026-05-20T09:53:59,2026-06-02,18:00,120,Court 4,80.0,frei,13
2026-05-20T09:53:59,2026-06-02,18:30,60,Court 4,40.0,frei,13
2026-05-20T09:53:59,2026-06-02,18:30,90,Court 4,60.0,frei,13
2026-05-20T09:53:59,2026-06-02,18:30,120,Court 4,80.0,frei,13
2026-05-20T09:53:59,2026-06-02,19:00,60,Court 4,40.0,frei,13
2026-05-20T09:53:59,2026-06-02,19:00,90,Court 4,60.0,frei,13
2026-05-20T09:53:59,2026-06-02,19:00,120,Court 4,80.0,frei,13
2026-05-20T09:53:59,2026-06-02,19:30,60,Court 4,40.0,frei,13
2026-05-20T09:53:59,2026-06-02,19:30,90,Court 4,60.0,frei,13
2026-05-20T09:53:59,2026-06-02,19:30,120,Court 4,80.0,frei,13
2026-05-20T09:53:59,2026-06-02,20:00,60,Court 4,40.0,frei,13
2026-05-20T09:53:59,2026-06-02,20:00,90,Court 4,60.0,frei,13
2026-05-20T09:53:59,2026-06-02,20:00,120,Court 4,80.0,frei,13
2026-05-20T09:53:59,2026-06-02,20:30,60,Court 4,40.0,frei,13
2026-05-20T09:53:59,2026-06-02,20:30,90,Court 4,60.0,frei,13
2026-05-20T09:53:59,2026-06-02,21:00,60,Court 4,40.0,frei,13
2026-05-20T09:53:59,2026-06-02,21:00,120,Court 4,80.0,frei,13
2026-05-20T09:53:59,2026-06-02,21:30,90,Court 4,60.0,frei,13
2026-05-20T09:53:59,2026-06-02,22:00,60,Court 4,40.0,frei,13
2026-05-20T09:53:59,2026-06-03,08:00,60,Court 1,24.0,frei,14
2026-05-20T09:53:59,2026-06-03,08:00,90,Court 1,36.0,frei,14
2026-05-20T09:53:59,2026-06-03,08:00,120,Court 1,48.0,frei,14
2026-05-20T09:53:59,2026-06-03,08:30,60,Court 1,24.0,frei,14
2026-05-20T09:53:59,2026-06-03,08:30,90,Court 1,36.0,frei,14
2026-05-20T09:53:59,2026-06-03,08:30,120,Court 1,48.0,frei,14
2026-05-20T09:53:59,2026-06-03,09:00,60,Court 1,24.0,frei,14
2026-05-20T09:53:59,2026-06-03,09:00,90,Court 1,36.0,frei,14
2026-05-20T09:53:59,2026-06-03,09:00,120,Court 1,48.0,frei,14
2026-05-20T09:53:59,2026-06-03,09:30,60,Court 1,24.0,frei,14
2026-05-20T09:53:59,2026-06-03,09:30,90,Court 1,36.0,frei,14
2026-05-20T09:53:59,2026-06-03,09:30,120,Court 1,48.0,frei,14
2026-05-20T09:53:59,2026-06-03,08:00,60,Court 2,24.0,frei,14
2026-05-20T09:53:59,2026-06-03,08:00,90,Court 2,36.0,frei,14
2026-05-20T09:53:59,2026-06-03,08:00,120,Court 2,48.0,frei,14
2026-05-20T09:53:59,2026-06-03,08:30,60,Court 2,24.0,frei,14
2026-05-20T09:53:59,2026-06-03,08:30,90,Court 2,36.0,frei,14
2026-05-20T09:53:59,2026-06-03,08:30,120,Court 2,48.0,frei,14
2026-05-20T09:53:59,2026-06-03,09:00,60,Court 2,24.0,frei,14
2026-05-20T09:53:59,2026-06-03,09:00,90,Court 2,36.0,frei,14
2026-05-20T09:53:59,2026-06-03,09:00,120,Court 2,48.0,frei,14
2026-05-20T09:53:59,2026-06-03,09:30,60,Court 2,24.0,frei,14
2026-05-20T09:53:59,2026-06-03,09:30,90,Court 2,36.0,frei,14
2026-05-20T09:53:59,2026-06-03,09:30,120,Court 2,48.0,frei,14
2026-05-20T09:53:59,2026-06-03,08:00,60,Court 3,24.0,frei,14
2026-05-20T09:53:59,2026-06-03,08:00,90,Court 3,36.0,frei,14
2026-05-20T09:53:59,2026-06-03,08:00,120,Court 3,48.0,frei,14
2026-05-20T09:53:59,2026-06-03,08:30,60,Court 3,24.0,frei,14
2026-05-20T09:53:59,2026-06-03,08:30,90,Court 3,36.0,frei,14
2026-05-20T09:53:59,2026-06-03,08:30,120,Court 3,48.0,frei,14
2026-05-20T09:53:59,2026-06-03,09:00,60,Court 3,24.0,frei,14
2026-05-20T09:53:59,2026-06-03,09:00,90,Court 3,36.0,frei,14
2026-05-20T09:53:59,2026-06-03,09:00,120,Court 3,48.0,frei,14
2026-05-20T09:53:59,2026-06-03,09:30,60,Court 3,24.0,frei,14
2026-05-20T09:53:59,2026-06-03,09:30,90,Court 3,36.0,frei,14
2026-05-20T09:53:59,2026-06-03,09:30,120,Court 3,48.0,frei,14
2026-05-20T09:53:59,2026-06-03,08:00,60,Court 4,24.0,frei,14
2026-05-20T09:53:59,2026-06-03,08:00,90,Court 4,36.0,frei,14
2026-05-20T09:53:59,2026-06-03,08:00,120,Court 4,48.0,frei,14
2026-05-20T09:53:59,2026-06-03,08:30,60,Court 4,24.0,frei,14
2026-05-20T09:53:59,2026-06-03,08:30,90,Court 4,36.0,frei,14
2026-05-20T09:53:59,2026-06-03,08:30,120,Court 4,48.0,frei,14
2026-05-20T09:53:59,2026-06-03,09:00,60,Court 4,24.0,frei,14
2026-05-20T09:53:59,2026-06-03,09:00,90,Court 4,36.0,frei,14
2026-05-20T09:53:59,2026-06-03,09:00,120,Court 4,48.0,frei,14
2026-05-20T09:53:59,2026-06-03,09:30,60,Court 4,24.0,frei,14
2026-05-20T09:53:59,2026-06-03,09:30,90,Court 4,36.0,frei,14
2026-05-20T09:53:59,2026-06-03,09:30,120,Court 4,48.0,frei,14
