datum_snapshot,datum_slot,uhrzeit_slot,dauer_minuten,court,preis,status,tage_im_voraus
2026-06-04T09:59:01,2026-06-04,23:00,60,Indoor 2,30.0,frei,0
2026-06-04T09:59:01,2026-06-04,23:00,60,Indoor 3,30.0,frei,0
2026-06-04T09:59:01,2026-06-04,16:00,90,Outdoor 3,54.0,frei,0
2026-06-04T09:59:01,2026-06-04,16:30,60,Outdoor 3,36.0,frei,0
2026-06-04T09:59:01,2026-06-04,20:30,90,Outdoor 3,54.0,frei,0
2026-06-04T09:59:01,2026-06-04,23:00,60,Single Indoor,22.0,frei,0
2026-06-04T09:59:01,2026-06-05,08:00,60,Outdoor 2,24.0,frei,1
2026-06-04T09:59:01,2026-06-05,08:00,60,Indoor 3,30.0,frei,1
2026-06-04T09:59:01,2026-06-05,08:00,120,Indoor 3,60.0,frei,1
2026-06-04T09:59:01,2026-06-05,09:00,60,Indoor 3,30.0,frei,1
2026-06-04T09:59:01,2026-06-05,23:00,60,Indoor 3,30.0,frei,1
2026-06-04T09:59:01,2026-06-05,08:00,60,Indoor 4,30.0,frei,1
2026-06-04T09:59:01,2026-06-05,08:00,120,Indoor 4,60.0,frei,1
2026-06-04T09:59:01,2026-06-05,09:00,60,Indoor 4,30.0,frei,1
2026-06-04T09:59:01,2026-06-05,23:00,60,Indoor 4,30.0,frei,1
2026-06-04T09:59:01,2026-06-05,08:00,90,Outdoor 3,36.0,frei,1
2026-06-04T09:59:01,2026-06-05,08:30,60,Outdoor 3,24.0,frei,1
2026-06-04T09:59:01,2026-06-05,17:30,90,Outdoor 3,54.0,frei,1
2026-06-04T09:59:01,2026-06-06,08:00,60,Outdoor 2,36.0,frei,2
2026-06-04T09:59:01,2026-06-06,08:00,60,Indoor 2,42.0,frei,2
2026-06-04T09:59:01,2026-06-06,08:00,60,Indoor 3,42.0,frei,2
2026-06-04T09:59:01,2026-06-06,23:00,60,Indoor 3,30.0,frei,2
2026-06-04T09:59:01,2026-06-06,09:00,60,Indoor 4,42.0,frei,2
2026-06-04T09:59:01,2026-06-06,23:00,60,Indoor 4,30.0,frei,2
2026-06-04T09:59:01,2026-06-06,22:30,90,Single Indoor,45.0,frei,2
2026-06-04T09:59:01,2026-06-07,08:00,60,Outdoor 1,36.0,frei,3
2026-06-04T09:59:01,2026-06-07,08:00,60,Outdoor 4,36.0,frei,3
2026-06-04T09:59:01,2026-06-07,21:00,60,Outdoor 3,36.0,frei,3
2026-06-04T09:59:01,2026-06-07,23:00,60,Single Indoor,30.0,frei,3
2026-06-04T09:59:01,2026-06-07,08:00,90,Outdoor 2,54.0,frei,3
2026-06-04T09:59:01,2026-06-07,08:30,60,Outdoor 2,36.0,frei,3
2026-06-04T09:59:01,2026-06-08,08:00,60,Indoor 1,30.0,frei,4
2026-06-04T09:59:01,2026-06-08,08:00,90,Indoor 1,45.0,frei,4
2026-06-04T09:59:01,2026-06-08,08:00,120,Indoor 1,60.0,frei,4
2026-06-04T09:59:01,2026-06-08,09:00,60,Indoor 1,30.0,frei,4
2026-06-04T09:59:01,2026-06-08,09:00,90,Indoor 1,45.0,frei,4
2026-06-04T09:59:01,2026-06-08,09:00,120,Indoor 1,60.0,frei,4
2026-06-04T09:59:01,2026-06-08,09:30,60,Indoor 1,30.0,frei,4
2026-06-04T09:59:01,2026-06-08,09:30,90,Indoor 1,45.0,frei,4
2026-06-04T09:59:01,2026-06-08,09:30,120,Indoor 1,60.0,frei,4
2026-06-04T09:59:01,2026-06-08,10:00,60,Indoor 1,30.0,frei,4
2026-06-04T09:59:01,2026-06-08,10:00,90,Indoor 1,45.0,frei,4
2026-06-04T09:59:01,2026-06-08,10:00,120,Indoor 1,60.0,frei,4
2026-06-04T09:59:01,2026-06-08,10:30,60,Indoor 1,30.0,frei,4
2026-06-04T09:59:01,2026-06-08,10:30,90,Indoor 1,45.0,frei,4
2026-06-04T09:59:01,2026-06-08,11:00,60,Indoor 1,30.0,frei,4
2026-06-04T09:59:01,2026-06-08,11:00,120,Indoor 1,60.0,frei,4
2026-06-04T09:59:01,2026-06-08,11:30,90,Indoor 1,45.0,frei,4
2026-06-04T09:59:01,2026-06-08,12:00,60,Indoor 1,30.0,frei,4
2026-06-04T09:59:01,2026-06-08,14:00,60,Indoor 1,30.0,frei,4
2026-06-04T09:59:01,2026-06-08,14:00,90,Indoor 1,45.0,frei,4
2026-06-04T09:59:01,2026-06-08,15:00,90,Indoor 1,51.0,frei,4
2026-06-04T09:59:01,2026-06-08,15:30,60,Indoor 1,36.0,frei,4
2026-06-04T09:59:01,2026-06-08,22:00,60,Indoor 1,36.0,frei,4
2026-06-04T09:59:01,2026-06-08,22:00,120,Indoor 1,66.0,frei,4
2026-06-04T09:59:01,2026-06-08,23:00,60,Indoor 1,30.0,frei,4
2026-06-04T09:59:01,2026-06-08,08:00,60,Outdoor 1,24.0,frei,4
2026-06-04T09:59:01,2026-06-08,08:00,90,Outdoor 1,36.0,frei,4
2026-06-04T09:59:01,2026-06-08,08:00,120,Outdoor 1,48.0,frei,4
2026-06-04T09:59:01,2026-06-08,08:00,150,Outdoor 1,60.0,frei,4
2026-06-04T09:59:01,2026-06-08,08:30,60,Outdoor 1,24.0,frei,4
2026-06-04T09:59:01,2026-06-08,08:30,90,Outdoor 1,36.0,frei,4
2026-06-04T09:59:01,2026-06-08,08:30,120,Outdoor 1,48.0,frei,4
2026-06-04T09:59:01,2026-06-08,08:30,150,Outdoor 1,60.0,frei,4
2026-06-04T09:59:01,2026-06-08,09:00,60,Outdoor 1,24.0,frei,4
2026-06-04T09:59:01,2026-06-08,09:00,90,Outdoor 1,36.0,frei,4
2026-06-04T09:59:01,2026-06-08,09:00,120,Outdoor 1,48.0,frei,4
2026-06-04T09:59:01,2026-06-08,09:00,150,Outdoor 1,60.0,frei,4
2026-06-04T09:59:01,2026-06-08,09:30,60,Outdoor 1,24.0,frei,4
2026-06-04T09:59:01,2026-06-08,09:30,90,Outdoor 1,36.0,frei,4
2026-06-04T09:59:01,2026-06-08,09:30,120,Outdoor 1,48.0,frei,4
2026-06-04T09:59:01,2026-06-08,09:30,150,Outdoor 1,60.0,frei,4
2026-06-04T09:59:01,2026-06-08,10:00,60,Outdoor 1,24.0,frei,4
2026-06-04T09:59:01,2026-06-08,10:00,90,Outdoor 1,36.0,frei,4
2026-06-04T09:59:01,2026-06-08,10:00,120,Outdoor 1,48.0,frei,4
2026-06-04T09:59:01,2026-06-08,10:00,150,Outdoor 1,60.0,frei,4
2026-06-04T09:59:01,2026-06-08,10:30,60,Outdoor 1,24.0,frei,4
2026-06-04T09:59:01,2026-06-08,10:30,90,Outdoor 1,36.0,frei,4
2026-06-04T09:59:01,2026-06-08,10:30,120,Outdoor 1,48.0,frei,4
2026-06-04T09:59:01,2026-06-08,10:30,150,Outdoor 1,60.0,frei,4
2026-06-04T09:59:01,2026-06-08,11:00,60,Outdoor 1,24.0,frei,4
2026-06-04T09:59:01,2026-06-08,11:00,90,Outdoor 1,36.0,frei,4
2026-06-04T09:59:01,2026-06-08,11:00,120,Outdoor 1,48.0,frei,4
2026-06-04T09:59:01,2026-06-08,11:00,150,Outdoor 1,60.0,frei,4
2026-06-04T09:59:01,2026-06-08,11:30,60,Outdoor 1,24.0,frei,4
2026-06-04T09:59:01,2026-06-08,11:30,90,Outdoor 1,36.0,frei,4
2026-06-04T09:59:01,2026-06-08,11:30,120,Outdoor 1,48.0,frei,4
2026-06-04T09:59:01,2026-06-08,11:30,150,Outdoor 1,60.0,frei,4
2026-06-04T09:59:01,2026-06-08,12:00,60,Outdoor 1,24.0,frei,4
2026-06-04T09:59:01,2026-06-08,12:00,90,Outdoor 1,36.0,frei,4
2026-06-04T09:59:01,2026-06-08,12:00,120,Outdoor 1,48.0,frei,4
2026-06-04T09:59:01,2026-06-08,12:00,150,Outdoor 1,60.0,frei,4
2026-06-04T09:59:01,2026-06-08,12:30,60,Outdoor 1,24.0,frei,4
2026-06-04T09:59:01,2026-06-08,12:30,90,Outdoor 1,36.0,frei,4
2026-06-04T09:59:01,2026-06-08,12:30,120,Outdoor 1,48.0,frei,4
2026-06-04T09:59:01,2026-06-08,12:30,150,Outdoor 1,60.0,frei,4
2026-06-04T09:59:01,2026-06-08,13:00,60,Outdoor 1,24.0,frei,4
2026-06-04T09:59:01,2026-06-08,13:00,90,Outdoor 1,36.0,frei,4
2026-06-04T09:59:01,2026-06-08,13:00,120,Outdoor 1,48.0,frei,4
2026-06-04T09:59:01,2026-06-08,13:30,60,Outdoor 1,24.0,frei,4
2026-06-04T09:59:01,2026-06-08,13:30,90,Outdoor 1,36.0,frei,4
2026-06-04T09:59:01,2026-06-08,13:30,150,Outdoor 1,60.0,frei,4
2026-06-04T09:59:01,2026-06-08,14:00,60,Outdoor 1,24.0,frei,4
2026-06-04T09:59:01,2026-06-08,14:00,120,Outdoor 1,48.0,frei,4
2026-06-04T09:59:01,2026-06-08,14:30,90,Outdoor 1,36.0,frei,4
2026-06-04T09:59:01,2026-06-08,15:00,60,Outdoor 1,24.0,frei,4
2026-06-04T09:59:01,2026-06-08,08:00,60,Indoor 3,30.0,frei,4
2026-06-04T09:59:01,2026-06-08,08:00,90,Indoor 3,45.0,frei,4
2026-06-04T09:59:01,2026-06-08,08:00,120,Indoor 3,60.0,frei,4
2026-06-04T09:59:01,2026-06-08,09:00,60,Indoor 3,30.0,frei,4
2026-06-04T09:59:01,2026-06-08,09:00,90,Indoor 3,45.0,frei,4
2026-06-04T09:59:01,2026-06-08,09:00,120,Indoor 3,60.0,frei,4
2026-06-04T09:59:01,2026-06-08,09:30,60,Indoor 3,30.0,frei,4
2026-06-04T09:59:01,2026-06-08,09:30,90,Indoor 3,45.0,frei,4
2026-06-04T09:59:01,2026-06-08,09:30,120,Indoor 3,60.0,frei,4
2026-06-04T09:59:01,2026-06-08,10:00,60,Indoor 3,30.0,frei,4
2026-06-04T09:59:01,2026-06-08,10:00,90,Indoor 3,45.0,frei,4
2026-06-04T09:59:01,2026-06-08,10:00,120,Indoor 3,60.0,frei,4
2026-06-04T09:59:01,2026-06-08,10:30,60,Indoor 3,30.0,frei,4
2026-06-04T09:59:01,2026-06-08,10:30,90,Indoor 3,45.0,frei,4
2026-06-04T09:59:01,2026-06-08,10:30,120,Indoor 3,60.0,frei,4
2026-06-04T09:59:01,2026-06-08,11:00,60,Indoor 3,30.0,frei,4
2026-06-04T09:59:01,2026-06-08,11:00,90,Indoor 3,45.0,frei,4
2026-06-04T09:59:01,2026-06-08,11:00,120,Indoor 3,60.0,frei,4
2026-06-04T09:59:01,2026-06-08,11:30,60,Indoor 3,30.0,frei,4
2026-06-04T09:59:01,2026-06-08,11:30,90,Indoor 3,45.0,frei,4
2026-06-04T09:59:01,2026-06-08,11:30,120,Indoor 3,60.0,frei,4
2026-06-04T09:59:01,2026-06-08,12:00,60,Indoor 3,30.0,frei,4
2026-06-04T09:59:01,2026-06-08,12:00,90,Indoor 3,45.0,frei,4
2026-06-04T09:59:01,2026-06-08,12:00,120,Indoor 3,60.0,frei,4
2026-06-04T09:59:01,2026-06-08,12:30,60,Indoor 3,30.0,frei,4
2026-06-04T09:59:01,2026-06-08,12:30,90,Indoor 3,45.0,frei,4
2026-06-04T09:59:01,2026-06-08,12:30,120,Indoor 3,60.0,frei,4
2026-06-04T09:59:01,2026-06-08,13:00,60,Indoor 3,30.0,frei,4
2026-06-04T09:59:01,2026-06-08,13:00,90,Indoor 3,45.0,frei,4
2026-06-04T09:59:01,2026-06-08,13:00,120,Indoor 3,60.0,frei,4
2026-06-04T09:59:01,2026-06-08,13:30,60,Indoor 3,30.0,frei,4
2026-06-04T09:59:01,2026-06-08,13:30,90,Indoor 3,45.0,frei,4
2026-06-04T09:59:01,2026-06-08,14:00,60,Indoor 3,30.0,frei,4
2026-06-04T09:59:01,2026-06-08,14:00,120,Indoor 3,60.0,frei,4
2026-06-04T09:59:01,2026-06-08,14:30,90,Indoor 3,45.0,frei,4
2026-06-04T09:59:01,2026-06-08,15:00,60,Indoor 3,30.0,frei,4
2026-06-04T09:59:01,2026-06-08,22:00,60,Indoor 3,36.0,frei,4
2026-06-04T09:59:01,2026-06-08,22:00,120,Indoor 3,66.0,frei,4
2026-06-04T09:59:01,2026-06-08,23:00,60,Indoor 3,30.0,frei,4
2026-06-04T09:59:01,2026-06-08,08:00,60,Indoor 2,30.0,frei,4
2026-06-04T09:59:01,2026-06-08,10:30,60,Indoor 2,30.0,frei,4
2026-06-04T09:59:01,2026-06-08,10:30,90,Indoor 2,45.0,frei,4
2026-06-04T09:59:01,2026-06-08,10:30,120,Indoor 2,60.0,frei,4
2026-06-04T09:59:01,2026-06-08,11:30,60,Indoor 2,30.0,frei,4
2026-06-04T09:59:01,2026-06-08,11:30,90,Indoor 2,45.0,frei,4
2026-06-04T09:59:01,2026-06-08,11:30,120,Indoor 2,60.0,frei,4
2026-06-04T09:59:01,2026-06-08,12:00,60,Indoor 2,30.0,frei,4
2026-06-04T09:59:01,2026-06-08,12:00,90,Indoor 2,45.0,frei,4
2026-06-04T09:59:01,2026-06-08,12:00,120,Indoor 2,60.0,frei,4
2026-06-04T09:59:01,2026-06-08,12:30,60,Indoor 2,30.0,frei,4
2026-06-04T09:59:01,2026-06-08,12:30,90,Indoor 2,45.0,frei,4
2026-06-04T09:59:01,2026-06-08,13:00,60,Indoor 2,30.0,frei,4
2026-06-04T09:59:01,2026-06-08,13:00,120,Indoor 2,60.0,frei,4
2026-06-04T09:59:01,2026-06-08,13:30,90,Indoor 2,45.0,frei,4
2026-06-04T09:59:01,2026-06-08,14:00,60,Indoor 2,30.0,frei,4
2026-06-04T09:59:01,2026-06-08,22:00,60,Indoor 2,36.0,frei,4
2026-06-04T09:59:01,2026-06-08,22:00,120,Indoor 2,66.0,frei,4
2026-06-04T09:59:01,2026-06-08,23:00,60,Indoor 2,30.0,frei,4
2026-06-04T09:59:01,2026-06-08,08:00,60,Outdoor 3,24.0,frei,4
2026-06-04T09:59:01,2026-06-08,08:00,90,Outdoor 3,36.0,frei,4
2026-06-04T09:59:01,2026-06-08,08:00,120,Outdoor 3,48.0,frei,4
2026-06-04T09:59:01,2026-06-08,08:00,150,Outdoor 3,60.0,frei,4
2026-06-04T09:59:01,2026-06-08,08:30,60,Outdoor 3,24.0,frei,4
2026-06-04T09:59:01,2026-06-08,08:30,90,Outdoor 3,36.0,frei,4
2026-06-04T09:59:01,2026-06-08,08:30,120,Outdoor 3,48.0,frei,4
2026-06-04T09:59:01,2026-06-08,08:30,150,Outdoor 3,60.0,frei,4
2026-06-04T09:59:01,2026-06-08,09:00,60,Outdoor 3,24.0,frei,4
2026-06-04T09:59:01,2026-06-08,09:00,90,Outdoor 3,36.0,frei,4
2026-06-04T09:59:01,2026-06-08,09:00,120,Outdoor 3,48.0,frei,4
2026-06-04T09:59:01,2026-06-08,09:00,150,Outdoor 3,60.0,frei,4
2026-06-04T09:59:01,2026-06-08,09:30,60,Outdoor 3,24.0,frei,4
2026-06-04T09:59:01,2026-06-08,09:30,90,Outdoor 3,36.0,frei,4
2026-06-04T09:59:01,2026-06-08,09:30,120,Outdoor 3,48.0,frei,4
2026-06-04T09:59:01,2026-06-08,09:30,150,Outdoor 3,60.0,frei,4
2026-06-04T09:59:01,2026-06-08,10:00,60,Outdoor 3,24.0,frei,4
2026-06-04T09:59:01,2026-06-08,10:00,90,Outdoor 3,36.0,frei,4
2026-06-04T09:59:01,2026-06-08,10:00,120,Outdoor 3,48.0,frei,4
2026-06-04T09:59:01,2026-06-08,10:00,150,Outdoor 3,60.0,frei,4
2026-06-04T09:59:01,2026-06-08,10:30,60,Outdoor 3,24.0,frei,4
2026-06-04T09:59:01,2026-06-08,10:30,90,Outdoor 3,36.0,frei,4
2026-06-04T09:59:01,2026-06-08,10:30,120,Outdoor 3,48.0,frei,4
2026-06-04T09:59:01,2026-06-08,10:30,150,Outdoor 3,60.0,frei,4
2026-06-04T09:59:01,2026-06-08,11:00,60,Outdoor 3,24.0,frei,4
2026-06-04T09:59:01,2026-06-08,11:00,90,Outdoor 3,36.0,frei,4
2026-06-04T09:59:01,2026-06-08,11:00,120,Outdoor 3,48.0,frei,4
2026-06-04T09:59:01,2026-06-08,11:00,150,Outdoor 3,60.0,frei,4
2026-06-04T09:59:01,2026-06-08,11:30,60,Outdoor 3,24.0,frei,4
2026-06-04T09:59:01,2026-06-08,11:30,90,Outdoor 3,36.0,frei,4
2026-06-04T09:59:01,2026-06-08,11:30,120,Outdoor 3,48.0,frei,4
2026-06-04T09:59:01,2026-06-08,11:30,150,Outdoor 3,60.0,frei,4
2026-06-04T09:59:01,2026-06-08,12:00,60,Outdoor 3,24.0,frei,4
2026-06-04T09:59:01,2026-06-08,12:00,90,Outdoor 3,36.0,frei,4
2026-06-04T09:59:01,2026-06-08,12:00,120,Outdoor 3,48.0,frei,4
2026-06-04T09:59:01,2026-06-08,12:00,150,Outdoor 3,60.0,frei,4
2026-06-04T09:59:01,2026-06-08,12:30,60,Outdoor 3,24.0,frei,4
2026-06-04T09:59:01,2026-06-08,12:30,90,Outdoor 3,36.0,frei,4
2026-06-04T09:59:01,2026-06-08,12:30,120,Outdoor 3,48.0,frei,4
2026-06-04T09:59:01,2026-06-08,12:30,150,Outdoor 3,60.0,frei,4
2026-06-04T09:59:01,2026-06-08,13:00,60,Outdoor 3,24.0,frei,4
2026-06-04T09:59:01,2026-06-08,13:00,90,Outdoor 3,36.0,frei,4
2026-06-04T09:59:01,2026-06-08,13:00,120,Outdoor 3,48.0,frei,4
2026-06-04T09:59:01,2026-06-08,13:30,60,Outdoor 3,24.0,frei,4
2026-06-04T09:59:01,2026-06-08,13:30,90,Outdoor 3,36.0,frei,4
2026-06-04T09:59:01,2026-06-08,13:30,150,Outdoor 3,60.0,frei,4
2026-06-04T09:59:01,2026-06-08,14:00,60,Outdoor 3,24.0,frei,4
2026-06-04T09:59:01,2026-06-08,14:00,120,Outdoor 3,48.0,frei,4
2026-06-04T09:59:01,2026-06-08,14:30,90,Outdoor 3,36.0,frei,4
2026-06-04T09:59:01,2026-06-08,15:00,60,Outdoor 3,24.0,frei,4
2026-06-04T09:59:01,2026-06-08,08:00,60,Outdoor 2,24.0,frei,4
2026-06-04T09:59:01,2026-06-08,08:00,90,Outdoor 2,36.0,frei,4
2026-06-04T09:59:01,2026-06-08,08:00,120,Outdoor 2,48.0,frei,4
2026-06-04T09:59:01,2026-06-08,08:00,150,Outdoor 2,60.0,frei,4
2026-06-04T09:59:01,2026-06-08,08:30,60,Outdoor 2,24.0,frei,4
2026-06-04T09:59:01,2026-06-08,08:30,90,Outdoor 2,36.0,frei,4
2026-06-04T09:59:01,2026-06-08,08:30,120,Outdoor 2,48.0,frei,4
2026-06-04T09:59:01,2026-06-08,08:30,150,Outdoor 2,60.0,frei,4
2026-06-04T09:59:01,2026-06-08,09:00,60,Outdoor 2,24.0,frei,4
2026-06-04T09:59:01,2026-06-08,09:00,90,Outdoor 2,36.0,frei,4
2026-06-04T09:59:01,2026-06-08,09:00,120,Outdoor 2,48.0,frei,4
2026-06-04T09:59:01,2026-06-08,09:00,150,Outdoor 2,60.0,frei,4
2026-06-04T09:59:01,2026-06-08,09:30,60,Outdoor 2,24.0,frei,4
2026-06-04T09:59:01,2026-06-08,09:30,90,Outdoor 2,36.0,frei,4
2026-06-04T09:59:01,2026-06-08,09:30,120,Outdoor 2,48.0,frei,4
2026-06-04T09:59:01,2026-06-08,09:30,150,Outdoor 2,60.0,frei,4
2026-06-04T09:59:01,2026-06-08,10:00,60,Outdoor 2,24.0,frei,4
2026-06-04T09:59:01,2026-06-08,10:00,90,Outdoor 2,36.0,frei,4
2026-06-04T09:59:01,2026-06-08,10:00,120,Outdoor 2,48.0,frei,4
2026-06-04T09:59:01,2026-06-08,10:00,150,Outdoor 2,60.0,frei,4
2026-06-04T09:59:01,2026-06-08,10:30,60,Outdoor 2,24.0,frei,4
2026-06-04T09:59:01,2026-06-08,10:30,90,Outdoor 2,36.0,frei,4
2026-06-04T09:59:01,2026-06-08,10:30,120,Outdoor 2,48.0,frei,4
2026-06-04T09:59:01,2026-06-08,10:30,150,Outdoor 2,60.0,frei,4
2026-06-04T09:59:01,2026-06-08,11:00,60,Outdoor 2,24.0,frei,4
2026-06-04T09:59:01,2026-06-08,11:00,90,Outdoor 2,36.0,frei,4
2026-06-04T09:59:01,2026-06-08,11:00,120,Outdoor 2,48.0,frei,4
2026-06-04T09:59:01,2026-06-08,11:00,150,Outdoor 2,60.0,frei,4
2026-06-04T09:59:01,2026-06-08,11:30,60,Outdoor 2,24.0,frei,4
2026-06-04T09:59:01,2026-06-08,11:30,90,Outdoor 2,36.0,frei,4
2026-06-04T09:59:01,2026-06-08,11:30,120,Outdoor 2,48.0,frei,4
2026-06-04T09:59:01,2026-06-08,11:30,150,Outdoor 2,60.0,frei,4
2026-06-04T09:59:01,2026-06-08,12:00,60,Outdoor 2,24.0,frei,4
2026-06-04T09:59:01,2026-06-08,12:00,90,Outdoor 2,36.0,frei,4
2026-06-04T09:59:01,2026-06-08,12:00,120,Outdoor 2,48.0,frei,4
2026-06-04T09:59:01,2026-06-08,12:00,150,Outdoor 2,60.0,frei,4
2026-06-04T09:59:01,2026-06-08,12:30,60,Outdoor 2,24.0,frei,4
2026-06-04T09:59:01,2026-06-08,12:30,90,Outdoor 2,36.0,frei,4
2026-06-04T09:59:01,2026-06-08,12:30,120,Outdoor 2,48.0,frei,4
2026-06-04T09:59:01,2026-06-08,12:30,150,Outdoor 2,60.0,frei,4
2026-06-04T09:59:01,2026-06-08,13:00,60,Outdoor 2,24.0,frei,4
2026-06-04T09:59:01,2026-06-08,13:00,90,Outdoor 2,36.0,frei,4
2026-06-04T09:59:01,2026-06-08,13:00,120,Outdoor 2,48.0,frei,4
2026-06-04T09:59:01,2026-06-08,13:00,150,Outdoor 2,60.0,frei,4
2026-06-04T09:59:01,2026-06-08,13:30,60,Outdoor 2,24.0,frei,4
2026-06-04T09:59:01,2026-06-08,13:30,90,Outdoor 2,36.0,frei,4
2026-06-04T09:59:01,2026-06-08,13:30,120,Outdoor 2,48.0,frei,4
2026-06-04T09:59:01,2026-06-08,14:00,60,Outdoor 2,24.0,frei,4
2026-06-04T09:59:01,2026-06-08,14:00,90,Outdoor 2,36.0,frei,4
2026-06-04T09:59:01,2026-06-08,14:00,150,Outdoor 2,66.0,frei,4
2026-06-04T09:59:01,2026-06-08,14:30,60,Outdoor 2,24.0,frei,4
2026-06-04T09:59:01,2026-06-08,14:30,120,Outdoor 2,54.0,frei,4
2026-06-04T09:59:01,2026-06-08,15:00,90,Outdoor 2,42.0,frei,4
2026-06-04T09:59:01,2026-06-08,15:30,60,Outdoor 2,30.0,frei,4
2026-06-04T09:59:01,2026-06-08,08:00,60,Outdoor 4,24.0,frei,4
2026-06-04T09:59:01,2026-06-08,10:30,60,Outdoor 4,24.0,frei,4
2026-06-04T09:59:01,2026-06-08,10:30,90,Outdoor 4,36.0,frei,4
2026-06-04T09:59:01,2026-06-08,10:30,120,Outdoor 4,48.0,frei,4
2026-06-04T09:59:01,2026-06-08,10:30,150,Outdoor 4,60.0,frei,4
2026-06-04T09:59:01,2026-06-08,11:30,60,Outdoor 4,24.0,frei,4
2026-06-04T09:59:01,2026-06-08,11:30,90,Outdoor 4,36.0,frei,4
2026-06-04T09:59:01,2026-06-08,11:30,120,Outdoor 4,48.0,frei,4
2026-06-04T09:59:01,2026-06-08,11:30,150,Outdoor 4,60.0,frei,4
2026-06-04T09:59:01,2026-06-08,12:00,60,Outdoor 4,24.0,frei,4
2026-06-04T09:59:01,2026-06-08,12:00,90,Outdoor 4,36.0,frei,4
2026-06-04T09:59:01,2026-06-08,12:00,120,Outdoor 4,48.0,frei,4
2026-06-04T09:59:01,2026-06-08,12:00,150,Outdoor 4,60.0,frei,4
2026-06-04T09:59:01,2026-06-08,12:30,60,Outdoor 4,24.0,frei,4
2026-06-04T09:59:01,2026-06-08,12:30,90,Outdoor 4,36.0,frei,4
2026-06-04T09:59:01,2026-06-08,12:30,120,Outdoor 4,48.0,frei,4
2026-06-04T09:59:01,2026-06-08,13:00,60,Outdoor 4,24.0,frei,4
2026-06-04T09:59:01,2026-06-08,13:00,90,Outdoor 4,36.0,frei,4
2026-06-04T09:59:01,2026-06-08,13:00,150,Outdoor 4,60.0,frei,4
2026-06-04T09:59:01,2026-06-08,13:30,60,Outdoor 4,24.0,frei,4
2026-06-04T09:59:01,2026-06-08,13:30,120,Outdoor 4,48.0,frei,4
2026-06-04T09:59:01,2026-06-08,14:00,90,Outdoor 4,36.0,frei,4
2026-06-04T09:59:01,2026-06-08,14:30,60,Outdoor 4,24.0,frei,4
2026-06-04T09:59:01,2026-06-08,08:00,60,Indoor 4,30.0,frei,4
2026-06-04T09:59:01,2026-06-08,08:00,90,Indoor 4,45.0,frei,4
2026-06-04T09:59:01,2026-06-08,08:00,120,Indoor 4,60.0,frei,4
2026-06-04T09:59:01,2026-06-08,09:00,60,Indoor 4,30.0,frei,4
2026-06-04T09:59:01,2026-06-08,09:00,90,Indoor 4,45.0,frei,4
2026-06-04T09:59:01,2026-06-08,09:30,60,Indoor 4,30.0,frei,4
2026-06-04T09:59:01,2026-06-08,09:30,120,Indoor 4,60.0,frei,4
2026-06-04T09:59:01,2026-06-08,10:00,90,Indoor 4,45.0,frei,4
2026-06-04T09:59:01,2026-06-08,10:30,60,Indoor 4,30.0,frei,4
2026-06-04T09:59:01,2026-06-08,12:30,60,Indoor 4,30.0,frei,4
2026-06-04T09:59:01,2026-06-08,12:30,90,Indoor 4,45.0,frei,4
2026-06-04T09:59:01,2026-06-08,12:30,120,Indoor 4,60.0,frei,4
2026-06-04T09:59:01,2026-06-08,13:30,60,Indoor 4,30.0,frei,4
2026-06-04T09:59:01,2026-06-08,13:30,90,Indoor 4,45.0,frei,4
2026-06-04T09:59:01,2026-06-08,13:30,120,Indoor 4,60.0,frei,4
2026-06-04T09:59:01,2026-06-08,14:00,60,Indoor 4,30.0,frei,4
2026-06-04T09:59:01,2026-06-08,14:00,90,Indoor 4,45.0,frei,4
2026-06-04T09:59:01,2026-06-08,14:30,60,Indoor 4,30.0,frei,4
2026-06-04T09:59:01,2026-06-08,14:30,120,Indoor 4,66.0,frei,4
2026-06-04T09:59:01,2026-06-08,15:00,90,Indoor 4,51.0,frei,4
2026-06-04T09:59:01,2026-06-08,15:30,60,Indoor 4,36.0,frei,4
2026-06-04T09:59:01,2026-06-08,22:30,90,Indoor 4,45.0,frei,4
2026-06-04T09:59:01,2026-06-08,09:00,90,Single Indoor,33.0,frei,4
2026-06-04T09:59:01,2026-06-08,12:00,60,Single Indoor,22.0,frei,4
2026-06-04T09:59:01,2026-06-08,12:00,90,Single Indoor,33.0,frei,4
2026-06-04T09:59:01,2026-06-08,13:00,90,Single Indoor,33.0,frei,4
2026-06-04T09:59:01,2026-06-08,13:30,60,Single Indoor,22.0,frei,4
2026-06-04T09:59:01,2026-06-08,22:30,90,Single Indoor,33.0,frei,4
2026-06-04T09:59:01,2026-06-09,08:00,60,Outdoor 1,24.0,frei,5
2026-06-04T09:59:01,2026-06-09,08:00,90,Outdoor 1,36.0,frei,5
2026-06-04T09:59:01,2026-06-09,08:00,150,Outdoor 1,60.0,frei,5
2026-06-04T09:59:01,2026-06-09,08:30,60,Outdoor 1,24.0,frei,5
2026-06-04T09:59:01,2026-06-09,08:30,120,Outdoor 1,48.0,frei,5
2026-06-04T09:59:01,2026-06-09,09:00,90,Outdoor 1,36.0,frei,5
2026-06-04T09:59:01,2026-06-09,09:30,60,Outdoor 1,24.0,frei,5
2026-06-04T09:59:01,2026-06-09,12:00,60,Outdoor 1,24.0,frei,5
2026-06-04T09:59:01,2026-06-09,12:00,90,Outdoor 1,36.0,frei,5
2026-06-04T09:59:01,2026-06-09,12:00,120,Outdoor 1,48.0,frei,5
2026-06-04T09:59:01,2026-06-09,12:00,150,Outdoor 1,60.0,frei,5
2026-06-04T09:59:01,2026-06-09,13:00,60,Outdoor 1,24.0,frei,5
2026-06-04T09:59:01,2026-06-09,13:00,90,Outdoor 1,36.0,frei,5
2026-06-04T09:59:01,2026-06-09,13:00,120,Outdoor 1,48.0,frei,5
2026-06-04T09:59:01,2026-06-09,13:30,60,Outdoor 1,24.0,frei,5
2026-06-04T09:59:01,2026-06-09,13:30,90,Outdoor 1,36.0,frei,5
2026-06-04T09:59:01,2026-06-09,13:30,150,Outdoor 1,60.0,frei,5
2026-06-04T09:59:01,2026-06-09,14:00,60,Outdoor 1,24.0,frei,5
2026-06-04T09:59:01,2026-06-09,14:00,120,Outdoor 1,48.0,frei,5
2026-06-04T09:59:01,2026-06-09,14:30,90,Outdoor 1,36.0,frei,5
2026-06-04T09:59:01,2026-06-09,15:00,60,Outdoor 1,24.0,frei,5
2026-06-04T09:59:01,2026-06-09,08:00,60,Indoor 1,30.0,frei,5
2026-06-04T09:59:01,2026-06-09,08:00,90,Indoor 1,45.0,frei,5
2026-06-04T09:59:01,2026-06-09,08:00,120,Indoor 1,60.0,frei,5
2026-06-04T09:59:01,2026-06-09,09:00,60,Indoor 1,30.0,frei,5
2026-06-04T09:59:01,2026-06-09,09:00,120,Indoor 1,60.0,frei,5
2026-06-04T09:59:01,2026-06-09,09:30,90,Indoor 1,45.0,frei,5
2026-06-04T09:59:01,2026-06-09,10:00,60,Indoor 1,30.0,frei,5
2026-06-04T09:59:01,2026-06-09,13:00,60,Indoor 1,30.0,frei,5
2026-06-04T09:59:01,2026-06-09,08:00,60,Indoor 3,30.0,frei,5
2026-06-04T09:59:01,2026-06-09,08:00,90,Indoor 3,45.0,frei,5
2026-06-04T09:59:01,2026-06-09,08:00,120,Indoor 3,60.0,frei,5
2026-06-04T09:59:01,2026-06-09,09:00,60,Indoor 3,30.0,frei,5
2026-06-04T09:59:01,2026-06-09,09:00,90,Indoor 3,45.0,frei,5
2026-06-04T09:59:01,2026-06-09,09:00,120,Indoor 3,60.0,frei,5
2026-06-04T09:59:01,2026-06-09,09:30,60,Indoor 3,30.0,frei,5
2026-06-04T09:59:01,2026-06-09,09:30,90,Indoor 3,45.0,frei,5
2026-06-04T09:59:01,2026-06-09,09:30,120,Indoor 3,60.0,frei,5
2026-06-04T09:59:01,2026-06-09,10:00,60,Indoor 3,30.0,frei,5
2026-06-04T09:59:01,2026-06-09,10:00,90,Indoor 3,45.0,frei,5
2026-06-04T09:59:01,2026-06-09,10:00,120,Indoor 3,60.0,frei,5
2026-06-04T09:59:01,2026-06-09,10:30,60,Indoor 3,30.0,frei,5
2026-06-04T09:59:01,2026-06-09,10:30,90,Indoor 3,45.0,frei,5
2026-06-04T09:59:01,2026-06-09,10:30,120,Indoor 3,60.0,frei,5
2026-06-04T09:59:01,2026-06-09,11:00,60,Indoor 3,30.0,frei,5
2026-06-04T09:59:01,2026-06-09,11:00,90,Indoor 3,45.0,frei,5
2026-06-04T09:59:01,2026-06-09,11:00,120,Indoor 3,60.0,frei,5
2026-06-04T09:59:01,2026-06-09,11:30,60,Indoor 3,30.0,frei,5
2026-06-04T09:59:01,2026-06-09,11:30,90,Indoor 3,45.0,frei,5
2026-06-04T09:59:01,2026-06-09,11:30,120,Indoor 3,60.0,frei,5
2026-06-04T09:59:01,2026-06-09,12:00,60,Indoor 3,30.0,frei,5
2026-06-04T09:59:01,2026-06-09,12:00,90,Indoor 3,45.0,frei,5
2026-06-04T09:59:01,2026-06-09,12:00,120,Indoor 3,60.0,frei,5
2026-06-04T09:59:01,2026-06-09,12:30,60,Indoor 3,30.0,frei,5
2026-06-04T09:59:01,2026-06-09,12:30,90,Indoor 3,45.0,frei,5
2026-06-04T09:59:01,2026-06-09,12:30,120,Indoor 3,60.0,frei,5
2026-06-04T09:59:01,2026-06-09,13:00,60,Indoor 3,30.0,frei,5
2026-06-04T09:59:01,2026-06-09,13:00,90,Indoor 3,45.0,frei,5
2026-06-04T09:59:01,2026-06-09,13:00,120,Indoor 3,60.0,frei,5
2026-06-04T09:59:01,2026-06-09,13:30,60,Indoor 3,30.0,frei,5
2026-06-04T09:59:01,2026-06-09,13:30,90,Indoor 3,45.0,frei,5
2026-06-04T09:59:01,2026-06-09,14:00,60,Indoor 3,30.0,frei,5
2026-06-04T09:59:01,2026-06-09,14:00,120,Indoor 3,60.0,frei,5
2026-06-04T09:59:01,2026-06-09,14:30,90,Indoor 3,45.0,frei,5
2026-06-04T09:59:01,2026-06-09,15:00,60,Indoor 3,30.0,frei,5
2026-06-04T09:59:01,2026-06-09,22:30,90,Indoor 3,45.0,frei,5
2026-06-04T09:59:01,2026-06-09,08:00,60,Outdoor 2,24.0,frei,5
2026-06-04T09:59:01,2026-06-09,08:00,90,Outdoor 2,36.0,frei,5
2026-06-04T09:59:01,2026-06-09,08:00,120,Outdoor 2,48.0,frei,5
2026-06-04T09:59:01,2026-06-09,08:00,150,Outdoor 2,60.0,frei,5
2026-06-04T09:59:01,2026-06-09,08:30,60,Outdoor 2,24.0,frei,5
2026-06-04T09:59:01,2026-06-09,08:30,90,Outdoor 2,36.0,frei,5
2026-06-04T09:59:01,2026-06-09,08:30,120,Outdoor 2,48.0,frei,5
2026-06-04T09:59:01,2026-06-09,08:30,150,Outdoor 2,60.0,frei,5
2026-06-04T09:59:01,2026-06-09,09:00,60,Outdoor 2,24.0,frei,5
2026-06-04T09:59:01,2026-06-09,09:00,90,Outdoor 2,36.0,frei,5
2026-06-04T09:59:01,2026-06-09,09:00,120,Outdoor 2,48.0,frei,5
2026-06-04T09:59:01,2026-06-09,09:00,150,Outdoor 2,60.0,frei,5
2026-06-04T09:59:01,2026-06-09,09:30,60,Outdoor 2,24.0,frei,5
2026-06-04T09:59:01,2026-06-09,09:30,90,Outdoor 2,36.0,frei,5
2026-06-04T09:59:01,2026-06-09,09:30,120,Outdoor 2,48.0,frei,5
2026-06-04T09:59:01,2026-06-09,09:30,150,Outdoor 2,60.0,frei,5
2026-06-04T09:59:01,2026-06-09,10:00,60,Outdoor 2,24.0,frei,5
2026-06-04T09:59:01,2026-06-09,10:00,90,Outdoor 2,36.0,frei,5
2026-06-04T09:59:01,2026-06-09,10:00,120,Outdoor 2,48.0,frei,5
2026-06-04T09:59:01,2026-06-09,10:00,150,Outdoor 2,60.0,frei,5
2026-06-04T09:59:01,2026-06-09,10:30,60,Outdoor 2,24.0,frei,5
2026-06-04T09:59:01,2026-06-09,10:30,90,Outdoor 2,36.0,frei,5
2026-06-04T09:59:01,2026-06-09,10:30,120,Outdoor 2,48.0,frei,5
2026-06-04T09:59:01,2026-06-09,10:30,150,Outdoor 2,60.0,frei,5
2026-06-04T09:59:01,2026-06-09,11:00,60,Outdoor 2,24.0,frei,5
2026-06-04T09:59:01,2026-06-09,11:00,90,Outdoor 2,36.0,frei,5
2026-06-04T09:59:01,2026-06-09,11:00,120,Outdoor 2,48.0,frei,5
2026-06-04T09:59:01,2026-06-09,11:00,150,Outdoor 2,60.0,frei,5
2026-06-04T09:59:01,2026-06-09,11:30,60,Outdoor 2,24.0,frei,5
2026-06-04T09:59:01,2026-06-09,11:30,90,Outdoor 2,36.0,frei,5
2026-06-04T09:59:01,2026-06-09,11:30,120,Outdoor 2,48.0,frei,5
2026-06-04T09:59:01,2026-06-09,11:30,150,Outdoor 2,60.0,frei,5
2026-06-04T09:59:01,2026-06-09,12:00,60,Outdoor 2,24.0,frei,5
2026-06-04T09:59:01,2026-06-09,12:00,90,Outdoor 2,36.0,frei,5
2026-06-04T09:59:01,2026-06-09,12:00,120,Outdoor 2,48.0,frei,5
2026-06-04T09:59:01,2026-06-09,12:00,150,Outdoor 2,60.0,frei,5
2026-06-04T09:59:01,2026-06-09,12:30,60,Outdoor 2,24.0,frei,5
2026-06-04T09:59:01,2026-06-09,12:30,90,Outdoor 2,36.0,frei,5
2026-06-04T09:59:01,2026-06-09,12:30,120,Outdoor 2,48.0,frei,5
2026-06-04T09:59:01,2026-06-09,12:30,150,Outdoor 2,60.0,frei,5
2026-06-04T09:59:01,2026-06-09,13:00,60,Outdoor 2,24.0,frei,5
2026-06-04T09:59:01,2026-06-09,13:00,90,Outdoor 2,36.0,frei,5
2026-06-04T09:59:01,2026-06-09,13:00,120,Outdoor 2,48.0,frei,5
2026-06-04T09:59:01,2026-06-09,13:30,60,Outdoor 2,24.0,frei,5
2026-06-04T09:59:01,2026-06-09,13:30,90,Outdoor 2,36.0,frei,5
2026-06-04T09:59:01,2026-06-09,13:30,150,Outdoor 2,60.0,frei,5
2026-06-04T09:59:01,2026-06-09,14:00,60,Outdoor 2,24.0,frei,5
2026-06-04T09:59:01,2026-06-09,14:00,120,Outdoor 2,48.0,frei,5
2026-06-04T09:59:01,2026-06-09,14:30,90,Outdoor 2,36.0,frei,5
2026-06-04T09:59:01,2026-06-09,15:00,60,Outdoor 2,24.0,frei,5
2026-06-04T09:59:01,2026-06-09,08:00,60,Outdoor 4,24.0,frei,5
2026-06-04T09:59:01,2026-06-09,08:00,90,Outdoor 4,36.0,frei,5
2026-06-04T09:59:01,2026-06-09,08:00,120,Outdoor 4,48.0,frei,5
2026-06-04T09:59:01,2026-06-09,08:00,150,Outdoor 4,60.0,frei,5
2026-06-04T09:59:01,2026-06-09,08:30,60,Outdoor 4,24.0,frei,5
2026-06-04T09:59:01,2026-06-09,08:30,90,Outdoor 4,36.0,frei,5
2026-06-04T09:59:01,2026-06-09,08:30,120,Outdoor 4,48.0,frei,5
2026-06-04T09:59:01,2026-06-09,08:30,150,Outdoor 4,60.0,frei,5
2026-06-04T09:59:01,2026-06-09,09:00,60,Outdoor 4,24.0,frei,5
2026-06-04T09:59:01,2026-06-09,09:00,90,Outdoor 4,36.0,frei,5
2026-06-04T09:59:01,2026-06-09,09:00,120,Outdoor 4,48.0,frei,5
2026-06-04T09:59:01,2026-06-09,09:00,150,Outdoor 4,60.0,frei,5
2026-06-04T09:59:01,2026-06-09,09:30,60,Outdoor 4,24.0,frei,5
2026-06-04T09:59:01,2026-06-09,09:30,90,Outdoor 4,36.0,frei,5
2026-06-04T09:59:01,2026-06-09,09:30,120,Outdoor 4,48.0,frei,5
2026-06-04T09:59:01,2026-06-09,09:30,150,Outdoor 4,60.0,frei,5
2026-06-04T09:59:01,2026-06-09,10:00,60,Outdoor 4,24.0,frei,5
2026-06-04T09:59:01,2026-06-09,10:00,90,Outdoor 4,36.0,frei,5
2026-06-04T09:59:01,2026-06-09,10:00,120,Outdoor 4,48.0,frei,5
2026-06-04T09:59:01,2026-06-09,10:00,150,Outdoor 4,60.0,frei,5
2026-06-04T09:59:01,2026-06-09,10:30,60,Outdoor 4,24.0,frei,5
2026-06-04T09:59:01,2026-06-09,10:30,90,Outdoor 4,36.0,frei,5
2026-06-04T09:59:01,2026-06-09,10:30,120,Outdoor 4,48.0,frei,5
2026-06-04T09:59:01,2026-06-09,10:30,150,Outdoor 4,60.0,frei,5
2026-06-04T09:59:01,2026-06-09,11:00,60,Outdoor 4,24.0,frei,5
2026-06-04T09:59:01,2026-06-09,11:00,90,Outdoor 4,36.0,frei,5
2026-06-04T09:59:01,2026-06-09,11:00,120,Outdoor 4,48.0,frei,5
2026-06-04T09:59:01,2026-06-09,11:00,150,Outdoor 4,60.0,frei,5
2026-06-04T09:59:01,2026-06-09,11:30,60,Outdoor 4,24.0,frei,5
2026-06-04T09:59:01,2026-06-09,11:30,90,Outdoor 4,36.0,frei,5
2026-06-04T09:59:01,2026-06-09,11:30,120,Outdoor 4,48.0,frei,5
2026-06-04T09:59:01,2026-06-09,11:30,150,Outdoor 4,60.0,frei,5
2026-06-04T09:59:01,2026-06-09,12:00,60,Outdoor 4,24.0,frei,5
2026-06-04T09:59:01,2026-06-09,12:00,90,Outdoor 4,36.0,frei,5
2026-06-04T09:59:01,2026-06-09,12:00,120,Outdoor 4,48.0,frei,5
2026-06-04T09:59:01,2026-06-09,12:00,150,Outdoor 4,60.0,frei,5
2026-06-04T09:59:01,2026-06-09,12:30,60,Outdoor 4,24.0,frei,5
2026-06-04T09:59:01,2026-06-09,12:30,90,Outdoor 4,36.0,frei,5
2026-06-04T09:59:01,2026-06-09,12:30,120,Outdoor 4,48.0,frei,5
2026-06-04T09:59:01,2026-06-09,12:30,150,Outdoor 4,60.0,frei,5
2026-06-04T09:59:01,2026-06-09,13:00,60,Outdoor 4,24.0,frei,5
2026-06-04T09:59:01,2026-06-09,13:00,90,Outdoor 4,36.0,frei,5
2026-06-04T09:59:01,2026-06-09,13:00,120,Outdoor 4,48.0,frei,5
2026-06-04T09:59:01,2026-06-09,13:00,150,Outdoor 4,60.0,frei,5
2026-06-04T09:59:01,2026-06-09,13:30,60,Outdoor 4,24.0,frei,5
2026-06-04T09:59:01,2026-06-09,13:30,90,Outdoor 4,36.0,frei,5
2026-06-04T09:59:01,2026-06-09,13:30,120,Outdoor 4,48.0,frei,5
2026-06-04T09:59:01,2026-06-09,14:00,60,Outdoor 4,24.0,frei,5
2026-06-04T09:59:01,2026-06-09,14:00,90,Outdoor 4,36.0,frei,5
2026-06-04T09:59:01,2026-06-09,14:00,150,Outdoor 4,66.0,frei,5
2026-06-04T09:59:01,2026-06-09,14:30,60,Outdoor 4,24.0,frei,5
2026-06-04T09:59:01,2026-06-09,14:30,120,Outdoor 4,54.0,frei,5
2026-06-04T09:59:01,2026-06-09,15:00,90,Outdoor 4,42.0,frei,5
2026-06-04T09:59:01,2026-06-09,15:30,60,Outdoor 4,30.0,frei,5
2026-06-04T09:59:01,2026-06-09,08:00,60,Indoor 2,30.0,frei,5
2026-06-04T09:59:01,2026-06-09,10:30,60,Indoor 2,30.0,frei,5
2026-06-04T09:59:01,2026-06-09,10:30,90,Indoor 2,45.0,frei,5
2026-06-04T09:59:01,2026-06-09,10:30,120,Indoor 2,60.0,frei,5
2026-06-04T09:59:01,2026-06-09,11:30,60,Indoor 2,30.0,frei,5
2026-06-04T09:59:01,2026-06-09,11:30,90,Indoor 2,45.0,frei,5
2026-06-04T09:59:01,2026-06-09,11:30,120,Indoor 2,60.0,frei,5
2026-06-04T09:59:01,2026-06-09,12:00,60,Indoor 2,30.0,frei,5
2026-06-04T09:59:01,2026-06-09,12:00,90,Indoor 2,45.0,frei,5
2026-06-04T09:59:01,2026-06-09,12:00,120,Indoor 2,60.0,frei,5
2026-06-04T09:59:01,2026-06-09,12:30,60,Indoor 2,30.0,frei,5
2026-06-04T09:59:01,2026-06-09,12:30,90,Indoor 2,45.0,frei,5
2026-06-04T09:59:01,2026-06-09,12:30,120,Indoor 2,60.0,frei,5
2026-06-04T09:59:01,2026-06-09,13:00,60,Indoor 2,30.0,frei,5
2026-06-04T09:59:01,2026-06-09,13:00,90,Indoor 2,45.0,frei,5
2026-06-04T09:59:01,2026-06-09,13:00,120,Indoor 2,60.0,frei,5
2026-06-04T09:59:01,2026-06-09,13:30,60,Indoor 2,30.0,frei,5
2026-06-04T09:59:01,2026-06-09,13:30,90,Indoor 2,45.0,frei,5
2026-06-04T09:59:01,2026-06-09,14:00,60,Indoor 2,30.0,frei,5
2026-06-04T09:59:01,2026-06-09,14:00,120,Indoor 2,60.0,frei,5
2026-06-04T09:59:01,2026-06-09,14:30,90,Indoor 2,45.0,frei,5
2026-06-04T09:59:01,2026-06-09,15:00,60,Indoor 2,30.0,frei,5
2026-06-04T09:59:01,2026-06-09,23:00,60,Indoor 2,30.0,frei,5
2026-06-04T09:59:01,2026-06-09,08:00,60,Indoor 4,30.0,frei,5
2026-06-04T09:59:01,2026-06-09,08:00,90,Indoor 4,45.0,frei,5
2026-06-04T09:59:01,2026-06-09,08:00,120,Indoor 4,60.0,frei,5
2026-06-04T09:59:01,2026-06-09,09:00,60,Indoor 4,30.0,frei,5
2026-06-04T09:59:01,2026-06-09,09:00,90,Indoor 4,45.0,frei,5
2026-06-04T09:59:01,2026-06-09,09:00,120,Indoor 4,60.0,frei,5
2026-06-04T09:59:01,2026-06-09,09:30,60,Indoor 4,30.0,frei,5
2026-06-04T09:59:01,2026-06-09,09:30,90,Indoor 4,45.0,frei,5
2026-06-04T09:59:01,2026-06-09,09:30,120,Indoor 4,60.0,frei,5
2026-06-04T09:59:01,2026-06-09,10:00,60,Indoor 4,30.0,frei,5
2026-06-04T09:59:01,2026-06-09,10:00,90,Indoor 4,45.0,frei,5
2026-06-04T09:59:01,2026-06-09,10:00,120,Indoor 4,60.0,frei,5
2026-06-04T09:59:01,2026-06-09,10:30,60,Indoor 4,30.0,frei,5
2026-06-04T09:59:01,2026-06-09,10:30,90,Indoor 4,45.0,frei,5
2026-06-04T09:59:01,2026-06-09,10:30,120,Indoor 4,60.0,frei,5
2026-06-04T09:59:01,2026-06-09,11:00,60,Indoor 4,30.0,frei,5
2026-06-04T09:59:01,2026-06-09,11:00,90,Indoor 4,45.0,frei,5
2026-06-04T09:59:01,2026-06-09,11:00,120,Indoor 4,60.0,frei,5
2026-06-04T09:59:01,2026-06-09,11:30,60,Indoor 4,30.0,frei,5
2026-06-04T09:59:01,2026-06-09,11:30,90,Indoor 4,45.0,frei,5
2026-06-04T09:59:01,2026-06-09,11:30,120,Indoor 4,60.0,frei,5
2026-06-04T09:59:01,2026-06-09,12:00,60,Indoor 4,30.0,frei,5
2026-06-04T09:59:01,2026-06-09,12:00,90,Indoor 4,45.0,frei,5
2026-06-04T09:59:01,2026-06-09,12:00,120,Indoor 4,60.0,frei,5
2026-06-04T09:59:01,2026-06-09,12:30,60,Indoor 4,30.0,frei,5
2026-06-04T09:59:01,2026-06-09,12:30,90,Indoor 4,45.0,frei,5
2026-06-04T09:59:01,2026-06-09,12:30,120,Indoor 4,60.0,frei,5
2026-06-04T09:59:01,2026-06-09,13:00,60,Indoor 4,30.0,frei,5
2026-06-04T09:59:01,2026-06-09,13:00,90,Indoor 4,45.0,frei,5
2026-06-04T09:59:01,2026-06-09,13:00,120,Indoor 4,60.0,frei,5
2026-06-04T09:59:01,2026-06-09,13:30,60,Indoor 4,30.0,frei,5
2026-06-04T09:59:01,2026-06-09,13:30,90,Indoor 4,45.0,frei,5
2026-06-04T09:59:01,2026-06-09,14:00,60,Indoor 4,30.0,frei,5
2026-06-04T09:59:01,2026-06-09,14:00,120,Indoor 4,60.0,frei,5
2026-06-04T09:59:01,2026-06-09,14:30,90,Indoor 4,45.0,frei,5
2026-06-04T09:59:01,2026-06-09,15:00,60,Indoor 4,30.0,frei,5
2026-06-04T09:59:01,2026-06-09,22:30,90,Indoor 4,45.0,frei,5
2026-06-04T09:59:01,2026-06-09,08:00,60,Single Indoor,22.0,frei,5
2026-06-04T09:59:01,2026-06-09,13:00,60,Single Indoor,22.0,frei,5
2026-06-04T09:59:01,2026-06-09,13:00,90,Single Indoor,33.0,frei,5
2026-06-04T09:59:01,2026-06-09,13:00,120,Single Indoor,44.0,frei,5
2026-06-04T09:59:01,2026-06-09,14:00,60,Single Indoor,22.0,frei,5
2026-06-04T09:59:01,2026-06-09,14:00,120,Single Indoor,44.0,frei,5
2026-06-04T09:59:01,2026-06-09,14:30,90,Single Indoor,33.0,frei,5
2026-06-04T09:59:01,2026-06-09,15:00,60,Single Indoor,22.0,frei,5
2026-06-04T09:59:01,2026-06-09,22:30,90,Single Indoor,33.0,frei,5
2026-06-04T09:59:01,2026-06-09,10:00,60,Outdoor 3,24.0,frei,5
2026-06-04T09:59:01,2026-06-09,10:00,90,Outdoor 3,36.0,frei,5
2026-06-04T09:59:01,2026-06-09,10:00,120,Outdoor 3,48.0,frei,5
2026-06-04T09:59:01,2026-06-09,10:00,150,Outdoor 3,60.0,frei,5
2026-06-04T09:59:01,2026-06-09,11:00,60,Outdoor 3,24.0,frei,5
2026-06-04T09:59:01,2026-06-09,11:00,90,Outdoor 3,36.0,frei,5
2026-06-04T09:59:01,2026-06-09,11:00,120,Outdoor 3,48.0,frei,5
2026-06-04T09:59:01,2026-06-09,11:00,150,Outdoor 3,60.0,frei,5
2026-06-04T09:59:01,2026-06-09,11:30,60,Outdoor 3,24.0,frei,5
2026-06-04T09:59:01,2026-06-09,11:30,90,Outdoor 3,36.0,frei,5
2026-06-04T09:59:01,2026-06-09,11:30,120,Outdoor 3,48.0,frei,5
2026-06-04T09:59:01,2026-06-09,11:30,150,Outdoor 3,60.0,frei,5
2026-06-04T09:59:01,2026-06-09,12:00,60,Outdoor 3,24.0,frei,5
2026-06-04T09:59:01,2026-06-09,12:00,90,Outdoor 3,36.0,frei,5
2026-06-04T09:59:01,2026-06-09,12:00,120,Outdoor 3,48.0,frei,5
2026-06-04T09:59:01,2026-06-09,12:00,150,Outdoor 3,60.0,frei,5
2026-06-04T09:59:01,2026-06-09,12:30,60,Outdoor 3,24.0,frei,5
2026-06-04T09:59:01,2026-06-09,12:30,90,Outdoor 3,36.0,frei,5
2026-06-04T09:59:01,2026-06-09,12:30,120,Outdoor 3,48.0,frei,5
2026-06-04T09:59:01,2026-06-09,12:30,150,Outdoor 3,60.0,frei,5
2026-06-04T09:59:01,2026-06-09,13:00,60,Outdoor 3,24.0,frei,5
2026-06-04T09:59:01,2026-06-09,13:00,90,Outdoor 3,36.0,frei,5
2026-06-04T09:59:01,2026-06-09,13:00,120,Outdoor 3,48.0,frei,5
2026-06-04T09:59:01,2026-06-09,13:00,150,Outdoor 3,60.0,frei,5
2026-06-04T09:59:01,2026-06-09,13:30,60,Outdoor 3,24.0,frei,5
2026-06-04T09:59:01,2026-06-09,13:30,90,Outdoor 3,36.0,frei,5
2026-06-04T09:59:01,2026-06-09,13:30,120,Outdoor 3,48.0,frei,5
2026-06-04T09:59:01,2026-06-09,14:00,60,Outdoor 3,24.0,frei,5
2026-06-04T09:59:01,2026-06-09,14:00,90,Outdoor 3,36.0,frei,5
2026-06-04T09:59:01,2026-06-09,14:00,150,Outdoor 3,66.0,frei,5
2026-06-04T09:59:01,2026-06-09,14:30,60,Outdoor 3,24.0,frei,5
2026-06-04T09:59:01,2026-06-09,14:30,120,Outdoor 3,54.0,frei,5
2026-06-04T09:59:01,2026-06-09,15:00,90,Outdoor 3,42.0,frei,5
2026-06-04T09:59:01,2026-06-09,15:30,60,Outdoor 3,30.0,frei,5
2026-06-04T09:59:01,2026-06-10,09:30,60,Outdoor 1,24.0,frei,6
2026-06-04T09:59:01,2026-06-10,09:30,90,Outdoor 1,36.0,frei,6
2026-06-04T09:59:01,2026-06-10,09:30,120,Outdoor 1,48.0,frei,6
2026-06-04T09:59:01,2026-06-10,09:30,150,Outdoor 1,60.0,frei,6
2026-06-04T09:59:01,2026-06-10,10:30,60,Outdoor 1,24.0,frei,6
2026-06-04T09:59:01,2026-06-10,10:30,90,Outdoor 1,36.0,frei,6
2026-06-04T09:59:01,2026-06-10,10:30,120,Outdoor 1,48.0,frei,6
2026-06-04T09:59:01,2026-06-10,10:30,150,Outdoor 1,60.0,frei,6
2026-06-04T09:59:01,2026-06-10,11:00,60,Outdoor 1,24.0,frei,6
2026-06-04T09:59:01,2026-06-10,11:00,90,Outdoor 1,36.0,frei,6
2026-06-04T09:59:01,2026-06-10,11:00,120,Outdoor 1,48.0,frei,6
2026-06-04T09:59:01,2026-06-10,11:00,150,Outdoor 1,60.0,frei,6
2026-06-04T09:59:01,2026-06-10,11:30,60,Outdoor 1,24.0,frei,6
2026-06-04T09:59:01,2026-06-10,11:30,90,Outdoor 1,36.0,frei,6
2026-06-04T09:59:01,2026-06-10,11:30,120,Outdoor 1,48.0,frei,6
2026-06-04T09:59:01,2026-06-10,11:30,150,Outdoor 1,60.0,frei,6
2026-06-04T09:59:01,2026-06-10,12:00,60,Outdoor 1,24.0,frei,6
2026-06-04T09:59:01,2026-06-10,12:00,90,Outdoor 1,36.0,frei,6
2026-06-04T09:59:01,2026-06-10,12:00,120,Outdoor 1,48.0,frei,6
2026-06-04T09:59:01,2026-06-10,12:00,150,Outdoor 1,60.0,frei,6
2026-06-04T09:59:01,2026-06-10,12:30,60,Outdoor 1,24.0,frei,6
2026-06-04T09:59:01,2026-06-10,12:30,90,Outdoor 1,36.0,frei,6
2026-06-04T09:59:01,2026-06-10,12:30,120,Outdoor 1,48.0,frei,6
2026-06-04T09:59:01,2026-06-10,13:00,60,Outdoor 1,24.0,frei,6
2026-06-04T09:59:01,2026-06-10,13:00,90,Outdoor 1,36.0,frei,6
2026-06-04T09:59:01,2026-06-10,13:00,150,Outdoor 1,60.0,frei,6
2026-06-04T09:59:01,2026-06-10,13:30,60,Outdoor 1,24.0,frei,6
2026-06-04T09:59:01,2026-06-10,13:30,120,Outdoor 1,48.0,frei,6
2026-06-04T09:59:01,2026-06-10,14:00,90,Outdoor 1,36.0,frei,6
2026-06-04T09:59:01,2026-06-10,14:30,60,Outdoor 1,24.0,frei,6
2026-06-04T09:59:01,2026-06-10,08:00,60,Indoor 4,30.0,frei,6
2026-06-04T09:59:01,2026-06-10,08:00,90,Indoor 4,45.0,frei,6
2026-06-04T09:59:01,2026-06-10,08:00,120,Indoor 4,60.0,frei,6
2026-06-04T09:59:01,2026-06-10,09:00,60,Indoor 4,30.0,frei,6
2026-06-04T09:59:01,2026-06-10,09:00,90,Indoor 4,45.0,frei,6
2026-06-04T09:59:01,2026-06-10,09:00,120,Indoor 4,60.0,frei,6
2026-06-04T09:59:01,2026-06-10,09:30,60,Indoor 4,30.0,frei,6
2026-06-04T09:59:01,2026-06-10,09:30,90,Indoor 4,45.0,frei,6
2026-06-04T09:59:01,2026-06-10,10:00,60,Indoor 4,30.0,frei,6
2026-06-04T09:59:01,2026-06-10,10:00,120,Indoor 4,60.0,frei,6
2026-06-04T09:59:01,2026-06-10,10:30,90,Indoor 4,45.0,frei,6
2026-06-04T09:59:01,2026-06-10,11:00,60,Indoor 4,30.0,frei,6
2026-06-04T09:59:01,2026-06-10,13:00,60,Indoor 4,30.0,frei,6
2026-06-04T09:59:01,2026-06-10,22:30,90,Indoor 4,45.0,frei,6
2026-06-04T09:59:01,2026-06-10,09:30,60,Single Indoor,22.0,frei,6
2026-06-04T09:59:01,2026-06-10,09:30,90,Single Indoor,33.0,frei,6
2026-06-04T09:59:01,2026-06-10,10:30,90,Single Indoor,33.0,frei,6
2026-06-04T09:59:01,2026-06-10,11:00,60,Single Indoor,22.0,frei,6
2026-06-04T09:59:01,2026-06-10,14:30,60,Single Indoor,22.0,frei,6
2026-06-04T09:59:01,2026-06-10,18:00,60,Single Indoor,30.0,frei,6
2026-06-04T09:59:01,2026-06-10,22:00,60,Single Indoor,26.0,frei,6
2026-06-04T09:59:01,2026-06-10,22:00,120,Single Indoor,48.0,frei,6
2026-06-04T09:59:01,2026-06-10,23:00,60,Single Indoor,22.0,frei,6
2026-06-04T09:59:01,2026-06-10,08:00,60,Indoor 1,30.0,frei,6
2026-06-04T09:59:01,2026-06-10,08:00,90,Indoor 1,45.0,frei,6
2026-06-04T09:59:01,2026-06-10,08:00,120,Indoor 1,60.0,frei,6
2026-06-04T09:59:01,2026-06-10,09:00,60,Indoor 1,30.0,frei,6
2026-06-04T09:59:01,2026-06-10,09:00,90,Indoor 1,45.0,frei,6
2026-06-04T09:59:01,2026-06-10,09:00,120,Indoor 1,60.0,frei,6
2026-06-04T09:59:01,2026-06-10,09:30,60,Indoor 1,30.0,frei,6
2026-06-04T09:59:01,2026-06-10,09:30,90,Indoor 1,45.0,frei,6
2026-06-04T09:59:01,2026-06-10,10:00,60,Indoor 1,30.0,frei,6
2026-06-04T09:59:01,2026-06-10,10:00,120,Indoor 1,60.0,frei,6
2026-06-04T09:59:01,2026-06-10,10:30,90,Indoor 1,45.0,frei,6
2026-06-04T09:59:01,2026-06-10,11:00,60,Indoor 1,30.0,frei,6
2026-06-04T09:59:01,2026-06-10,13:00,60,Indoor 1,30.0,frei,6
2026-06-04T09:59:01,2026-06-10,13:00,120,Indoor 1,60.0,frei,6
2026-06-04T09:59:01,2026-06-10,14:00,60,Indoor 1,30.0,frei,6
2026-06-04T09:59:01,2026-06-10,08:00,60,Indoor 3,30.0,frei,6
2026-06-04T09:59:01,2026-06-10,08:00,120,Indoor 3,60.0,frei,6
2026-06-04T09:59:01,2026-06-10,09:00,60,Indoor 3,30.0,frei,6
2026-06-04T09:59:01,2026-06-10,11:00,60,Indoor 3,30.0,frei,6
2026-06-04T09:59:01,2026-06-10,11:00,90,Indoor 3,45.0,frei,6
2026-06-04T09:59:01,2026-06-10,11:00,120,Indoor 3,60.0,frei,6
2026-06-04T09:59:01,2026-06-10,12:00,60,Indoor 3,30.0,frei,6
2026-06-04T09:59:01,2026-06-10,12:00,120,Indoor 3,60.0,frei,6
2026-06-04T09:59:01,2026-06-10,12:30,90,Indoor 3,45.0,frei,6
2026-06-04T09:59:01,2026-06-10,13:00,60,Indoor 3,30.0,frei,6
2026-06-04T09:59:01,2026-06-10,22:30,90,Indoor 3,45.0,frei,6
2026-06-04T09:59:01,2026-06-10,08:00,60,Outdoor 3,24.0,frei,6
2026-06-04T09:59:01,2026-06-10,08:00,90,Outdoor 3,36.0,frei,6
2026-06-04T09:59:01,2026-06-10,08:00,120,Outdoor 3,48.0,frei,6
2026-06-04T09:59:01,2026-06-10,08:00,150,Outdoor 3,60.0,frei,6
2026-06-04T09:59:01,2026-06-10,08:30,60,Outdoor 3,24.0,frei,6
2026-06-04T09:59:01,2026-06-10,08:30,90,Outdoor 3,36.0,frei,6
2026-06-04T09:59:01,2026-06-10,08:30,120,Outdoor 3,48.0,frei,6
2026-06-04T09:59:01,2026-06-10,08:30,150,Outdoor 3,60.0,frei,6
2026-06-04T09:59:01,2026-06-10,09:00,60,Outdoor 3,24.0,frei,6
2026-06-04T09:59:01,2026-06-10,09:00,90,Outdoor 3,36.0,frei,6
2026-06-04T09:59:01,2026-06-10,09:00,120,Outdoor 3,48.0,frei,6
2026-06-04T09:59:01,2026-06-10,09:00,150,Outdoor 3,60.0,frei,6
2026-06-04T09:59:01,2026-06-10,09:30,60,Outdoor 3,24.0,frei,6
2026-06-04T09:59:01,2026-06-10,09:30,90,Outdoor 3,36.0,frei,6
2026-06-04T09:59:01,2026-06-10,09:30,120,Outdoor 3,48.0,frei,6
2026-06-04T09:59:01,2026-06-10,09:30,150,Outdoor 3,60.0,frei,6
2026-06-04T09:59:01,2026-06-10,10:00,60,Outdoor 3,24.0,frei,6
2026-06-04T09:59:01,2026-06-10,10:00,90,Outdoor 3,36.0,frei,6
2026-06-04T09:59:01,2026-06-10,10:00,120,Outdoor 3,48.0,frei,6
2026-06-04T09:59:01,2026-06-10,10:00,150,Outdoor 3,60.0,frei,6
2026-06-04T09:59:01,2026-06-10,10:30,60,Outdoor 3,24.0,frei,6
2026-06-04T09:59:01,2026-06-10,10:30,90,Outdoor 3,36.0,frei,6
2026-06-04T09:59:01,2026-06-10,10:30,120,Outdoor 3,48.0,frei,6
2026-06-04T09:59:01,2026-06-10,10:30,150,Outdoor 3,60.0,frei,6
2026-06-04T09:59:01,2026-06-10,11:00,60,Outdoor 3,24.0,frei,6
2026-06-04T09:59:01,2026-06-10,11:00,90,Outdoor 3,36.0,frei,6
2026-06-04T09:59:01,2026-06-10,11:00,120,Outdoor 3,48.0,frei,6
2026-06-04T09:59:01,2026-06-10,11:00,150,Outdoor 3,60.0,frei,6
2026-06-04T09:59:01,2026-06-10,11:30,60,Outdoor 3,24.0,frei,6
2026-06-04T09:59:01,2026-06-10,11:30,90,Outdoor 3,36.0,frei,6
2026-06-04T09:59:01,2026-06-10,11:30,120,Outdoor 3,48.0,frei,6
2026-06-04T09:59:01,2026-06-10,11:30,150,Outdoor 3,60.0,frei,6
2026-06-04T09:59:01,2026-06-10,12:00,60,Outdoor 3,24.0,frei,6
2026-06-04T09:59:01,2026-06-10,12:00,90,Outdoor 3,36.0,frei,6
2026-06-04T09:59:01,2026-06-10,12:00,120,Outdoor 3,48.0,frei,6
2026-06-04T09:59:01,2026-06-10,12:00,150,Outdoor 3,60.0,frei,6
2026-06-04T09:59:01,2026-06-10,12:30,60,Outdoor 3,24.0,frei,6
2026-06-04T09:59:01,2026-06-10,12:30,90,Outdoor 3,36.0,frei,6
2026-06-04T09:59:01,2026-06-10,12:30,120,Outdoor 3,48.0,frei,6
2026-06-04T09:59:01,2026-06-10,12:30,150,Outdoor 3,60.0,frei,6
2026-06-04T09:59:01,2026-06-10,13:00,60,Outdoor 3,24.0,frei,6
2026-06-04T09:59:01,2026-06-10,13:00,90,Outdoor 3,36.0,frei,6
2026-06-04T09:59:01,2026-06-10,13:00,120,Outdoor 3,48.0,frei,6
2026-06-04T09:59:01,2026-06-10,13:00,150,Outdoor 3,60.0,frei,6
2026-06-04T09:59:01,2026-06-10,13:30,60,Outdoor 3,24.0,frei,6
2026-06-04T09:59:01,2026-06-10,13:30,90,Outdoor 3,36.0,frei,6
2026-06-04T09:59:01,2026-06-10,13:30,120,Outdoor 3,48.0,frei,6
2026-06-04T09:59:01,2026-06-10,13:30,150,Outdoor 3,60.0,frei,6
2026-06-04T09:59:01,2026-06-10,14:00,60,Outdoor 3,24.0,frei,6
2026-06-04T09:59:01,2026-06-10,14:00,90,Outdoor 3,36.0,frei,6
2026-06-04T09:59:01,2026-06-10,14:00,120,Outdoor 3,48.0,frei,6
2026-06-04T09:59:01,2026-06-10,14:30,60,Outdoor 3,24.0,frei,6
2026-06-04T09:59:01,2026-06-10,14:30,90,Outdoor 3,36.0,frei,6
2026-06-04T09:59:01,2026-06-10,14:30,150,Outdoor 3,72.0,frei,6
2026-06-04T09:59:01,2026-06-10,15:00,60,Outdoor 3,24.0,frei,6
2026-06-04T09:59:01,2026-06-10,15:00,120,Outdoor 3,60.0,frei,6
2026-06-04T09:59:01,2026-06-10,15:30,90,Outdoor 3,48.0,frei,6
2026-06-04T09:59:01,2026-06-10,16:00,60,Outdoor 3,36.0,frei,6
2026-06-04T09:59:01,2026-06-10,08:00,60,Outdoor 2,24.0,frei,6
2026-06-04T09:59:01,2026-06-10,08:00,90,Outdoor 2,36.0,frei,6
2026-06-04T09:59:01,2026-06-10,08:00,120,Outdoor 2,48.0,frei,6
2026-06-04T09:59:01,2026-06-10,08:00,150,Outdoor 2,60.0,frei,6
2026-06-04T09:59:01,2026-06-10,08:30,60,Outdoor 2,24.0,frei,6
2026-06-04T09:59:01,2026-06-10,08:30,90,Outdoor 2,36.0,frei,6
2026-06-04T09:59:01,2026-06-10,08:30,120,Outdoor 2,48.0,frei,6
2026-06-04T09:59:01,2026-06-10,08:30,150,Outdoor 2,60.0,frei,6
2026-06-04T09:59:01,2026-06-10,09:00,60,Outdoor 2,24.0,frei,6
2026-06-04T09:59:01,2026-06-10,09:00,90,Outdoor 2,36.0,frei,6
2026-06-04T09:59:01,2026-06-10,09:00,120,Outdoor 2,48.0,frei,6
2026-06-04T09:59:01,2026-06-10,09:00,150,Outdoor 2,60.0,frei,6
2026-06-04T09:59:01,2026-06-10,09:30,60,Outdoor 2,24.0,frei,6
2026-06-04T09:59:01,2026-06-10,09:30,90,Outdoor 2,36.0,frei,6
2026-06-04T09:59:01,2026-06-10,09:30,120,Outdoor 2,48.0,frei,6
2026-06-04T09:59:01,2026-06-10,09:30,150,Outdoor 2,60.0,frei,6
2026-06-04T09:59:01,2026-06-10,10:00,60,Outdoor 2,24.0,frei,6
2026-06-04T09:59:01,2026-06-10,10:00,90,Outdoor 2,36.0,frei,6
2026-06-04T09:59:01,2026-06-10,10:00,120,Outdoor 2,48.0,frei,6
2026-06-04T09:59:01,2026-06-10,10:00,150,Outdoor 2,60.0,frei,6
2026-06-04T09:59:01,2026-06-10,10:30,60,Outdoor 2,24.0,frei,6
2026-06-04T09:59:01,2026-06-10,10:30,90,Outdoor 2,36.0,frei,6
2026-06-04T09:59:01,2026-06-10,10:30,120,Outdoor 2,48.0,frei,6
2026-06-04T09:59:01,2026-06-10,10:30,150,Outdoor 2,60.0,frei,6
2026-06-04T09:59:01,2026-06-10,11:00,60,Outdoor 2,24.0,frei,6
2026-06-04T09:59:01,2026-06-10,11:00,90,Outdoor 2,36.0,frei,6
2026-06-04T09:59:01,2026-06-10,11:00,120,Outdoor 2,48.0,frei,6
2026-06-04T09:59:01,2026-06-10,11:00,150,Outdoor 2,60.0,frei,6
2026-06-04T09:59:01,2026-06-10,11:30,60,Outdoor 2,24.0,frei,6
2026-06-04T09:59:01,2026-06-10,11:30,90,Outdoor 2,36.0,frei,6
2026-06-04T09:59:01,2026-06-10,11:30,120,Outdoor 2,48.0,frei,6
2026-06-04T09:59:01,2026-06-10,11:30,150,Outdoor 2,60.0,frei,6
2026-06-04T09:59:01,2026-06-10,12:00,60,Outdoor 2,24.0,frei,6
2026-06-04T09:59:01,2026-06-10,12:00,90,Outdoor 2,36.0,frei,6
2026-06-04T09:59:01,2026-06-10,12:00,120,Outdoor 2,48.0,frei,6
2026-06-04T09:59:01,2026-06-10,12:00,150,Outdoor 2,60.0,frei,6
2026-06-04T09:59:01,2026-06-10,12:30,60,Outdoor 2,24.0,frei,6
2026-06-04T09:59:01,2026-06-10,12:30,90,Outdoor 2,36.0,frei,6
2026-06-04T09:59:01,2026-06-10,12:30,120,Outdoor 2,48.0,frei,6
2026-06-04T09:59:01,2026-06-10,12:30,150,Outdoor 2,60.0,frei,6
2026-06-04T09:59:01,2026-06-10,13:00,60,Outdoor 2,24.0,frei,6
2026-06-04T09:59:01,2026-06-10,13:00,90,Outdoor 2,36.0,frei,6
2026-06-04T09:59:01,2026-06-10,13:00,120,Outdoor 2,48.0,frei,6
2026-06-04T09:59:01,2026-06-10,13:00,150,Outdoor 2,60.0,frei,6
2026-06-04T09:59:01,2026-06-10,13:30,60,Outdoor 2,24.0,frei,6
2026-06-04T09:59:01,2026-06-10,13:30,90,Outdoor 2,36.0,frei,6
2026-06-04T09:59:01,2026-06-10,13:30,120,Outdoor 2,48.0,frei,6
2026-06-04T09:59:01,2026-06-10,13:30,150,Outdoor 2,60.0,frei,6
2026-06-04T09:59:01,2026-06-10,14:00,60,Outdoor 2,24.0,frei,6
2026-06-04T09:59:01,2026-06-10,14:00,90,Outdoor 2,36.0,frei,6
2026-06-04T09:59:01,2026-06-10,14:00,120,Outdoor 2,48.0,frei,6
2026-06-04T09:59:01,2026-06-10,14:30,60,Outdoor 2,24.0,frei,6
2026-06-04T09:59:01,2026-06-10,14:30,90,Outdoor 2,36.0,frei,6
2026-06-04T09:59:01,2026-06-10,14:30,150,Outdoor 2,72.0,frei,6
2026-06-04T09:59:01,2026-06-10,15:00,60,Outdoor 2,24.0,frei,6
2026-06-04T09:59:01,2026-06-10,15:00,120,Outdoor 2,60.0,frei,6
2026-06-04T09:59:01,2026-06-10,15:30,90,Outdoor 2,48.0,frei,6
2026-06-04T09:59:01,2026-06-10,16:00,60,Outdoor 2,36.0,frei,6
2026-06-04T09:59:01,2026-06-10,08:00,60,Outdoor 4,24.0,frei,6
2026-06-04T09:59:01,2026-06-10,08:00,90,Outdoor 4,36.0,frei,6
2026-06-04T09:59:01,2026-06-10,08:00,120,Outdoor 4,48.0,frei,6
2026-06-04T09:59:01,2026-06-10,08:00,150,Outdoor 4,60.0,frei,6
2026-06-04T09:59:01,2026-06-10,08:30,60,Outdoor 4,24.0,frei,6
2026-06-04T09:59:01,2026-06-10,08:30,90,Outdoor 4,36.0,frei,6
2026-06-04T09:59:01,2026-06-10,08:30,120,Outdoor 4,48.0,frei,6
2026-06-04T09:59:01,2026-06-10,08:30,150,Outdoor 4,60.0,frei,6
2026-06-04T09:59:01,2026-06-10,09:00,60,Outdoor 4,24.0,frei,6
2026-06-04T09:59:01,2026-06-10,09:00,90,Outdoor 4,36.0,frei,6
2026-06-04T09:59:01,2026-06-10,09:00,120,Outdoor 4,48.0,frei,6
2026-06-04T09:59:01,2026-06-10,09:00,150,Outdoor 4,60.0,frei,6
2026-06-04T09:59:01,2026-06-10,09:30,60,Outdoor 4,24.0,frei,6
2026-06-04T09:59:01,2026-06-10,09:30,90,Outdoor 4,36.0,frei,6
2026-06-04T09:59:01,2026-06-10,09:30,120,Outdoor 4,48.0,frei,6
2026-06-04T09:59:01,2026-06-10,09:30,150,Outdoor 4,60.0,frei,6
2026-06-04T09:59:01,2026-06-10,10:00,60,Outdoor 4,24.0,frei,6
2026-06-04T09:59:01,2026-06-10,10:00,90,Outdoor 4,36.0,frei,6
2026-06-04T09:59:01,2026-06-10,10:00,120,Outdoor 4,48.0,frei,6
2026-06-04T09:59:01,2026-06-10,10:00,150,Outdoor 4,60.0,frei,6
2026-06-04T09:59:01,2026-06-10,10:30,60,Outdoor 4,24.0,frei,6
2026-06-04T09:59:01,2026-06-10,10:30,90,Outdoor 4,36.0,frei,6
2026-06-04T09:59:01,2026-06-10,10:30,120,Outdoor 4,48.0,frei,6
2026-06-04T09:59:01,2026-06-10,10:30,150,Outdoor 4,60.0,frei,6
2026-06-04T09:59:01,2026-06-10,11:00,60,Outdoor 4,24.0,frei,6
2026-06-04T09:59:01,2026-06-10,11:00,90,Outdoor 4,36.0,frei,6
2026-06-04T09:59:01,2026-06-10,11:00,120,Outdoor 4,48.0,frei,6
2026-06-04T09:59:01,2026-06-10,11:00,150,Outdoor 4,60.0,frei,6
2026-06-04T09:59:01,2026-06-10,11:30,60,Outdoor 4,24.0,frei,6
2026-06-04T09:59:01,2026-06-10,11:30,90,Outdoor 4,36.0,frei,6
2026-06-04T09:59:01,2026-06-10,11:30,120,Outdoor 4,48.0,frei,6
2026-06-04T09:59:01,2026-06-10,11:30,150,Outdoor 4,60.0,frei,6
2026-06-04T09:59:01,2026-06-10,12:00,60,Outdoor 4,24.0,frei,6
2026-06-04T09:59:01,2026-06-10,12:00,90,Outdoor 4,36.0,frei,6
2026-06-04T09:59:01,2026-06-10,12:00,120,Outdoor 4,48.0,frei,6
2026-06-04T09:59:01,2026-06-10,12:00,150,Outdoor 4,60.0,frei,6
2026-06-04T09:59:01,2026-06-10,12:30,60,Outdoor 4,24.0,frei,6
2026-06-04T09:59:01,2026-06-10,12:30,90,Outdoor 4,36.0,frei,6
2026-06-04T09:59:01,2026-06-10,12:30,120,Outdoor 4,48.0,frei,6
2026-06-04T09:59:01,2026-06-10,13:00,60,Outdoor 4,24.0,frei,6
2026-06-04T09:59:01,2026-06-10,13:00,90,Outdoor 4,36.0,frei,6
2026-06-04T09:59:01,2026-06-10,13:00,150,Outdoor 4,60.0,frei,6
2026-06-04T09:59:01,2026-06-10,13:30,60,Outdoor 4,24.0,frei,6
2026-06-04T09:59:01,2026-06-10,13:30,120,Outdoor 4,48.0,frei,6
2026-06-04T09:59:01,2026-06-10,14:00,90,Outdoor 4,36.0,frei,6
2026-06-04T09:59:01,2026-06-10,14:30,60,Outdoor 4,24.0,frei,6
2026-06-04T09:59:01,2026-06-10,08:00,60,Indoor 2,30.0,frei,6
2026-06-04T09:59:01,2026-06-10,08:00,90,Indoor 2,45.0,frei,6
2026-06-04T09:59:01,2026-06-10,08:00,120,Indoor 2,60.0,frei,6
2026-06-04T09:59:01,2026-06-10,09:00,60,Indoor 2,30.0,frei,6
2026-06-04T09:59:01,2026-06-10,09:00,90,Indoor 2,45.0,frei,6
2026-06-04T09:59:01,2026-06-10,09:00,120,Indoor 2,60.0,frei,6
2026-06-04T09:59:01,2026-06-10,09:30,60,Indoor 2,30.0,frei,6
2026-06-04T09:59:01,2026-06-10,09:30,90,Indoor 2,45.0,frei,6
2026-06-04T09:59:01,2026-06-10,09:30,120,Indoor 2,60.0,frei,6
2026-06-04T09:59:01,2026-06-10,10:00,60,Indoor 2,30.0,frei,6
2026-06-04T09:59:01,2026-06-10,10:00,90,Indoor 2,45.0,frei,6
2026-06-04T09:59:01,2026-06-10,10:00,120,Indoor 2,60.0,frei,6
2026-06-04T09:59:01,2026-06-10,10:30,60,Indoor 2,30.0,frei,6
2026-06-04T09:59:01,2026-06-10,10:30,90,Indoor 2,45.0,frei,6
2026-06-04T09:59:01,2026-06-10,10:30,120,Indoor 2,60.0,frei,6
2026-06-04T09:59:01,2026-06-10,11:00,60,Indoor 2,30.0,frei,6
2026-06-04T09:59:01,2026-06-10,11:00,90,Indoor 2,45.0,frei,6
2026-06-04T09:59:01,2026-06-10,11:00,120,Indoor 2,60.0,frei,6
2026-06-04T09:59:01,2026-06-10,11:30,60,Indoor 2,30.0,frei,6
2026-06-04T09:59:01,2026-06-10,11:30,90,Indoor 2,45.0,frei,6
2026-06-04T09:59:01,2026-06-10,12:00,60,Indoor 2,30.0,frei,6
2026-06-04T09:59:01,2026-06-10,12:00,120,Indoor 2,60.0,frei,6
2026-06-04T09:59:01,2026-06-10,12:30,90,Indoor 2,45.0,frei,6
2026-06-04T09:59:01,2026-06-10,13:00,60,Indoor 2,30.0,frei,6
2026-06-04T09:59:01,2026-06-11,08:00,60,Outdoor 1,24.0,frei,7
2026-06-04T09:59:01,2026-06-11,08:00,90,Outdoor 1,36.0,frei,7
2026-06-04T09:59:01,2026-06-11,08:00,120,Outdoor 1,48.0,frei,7
2026-06-04T09:59:01,2026-06-11,08:00,150,Outdoor 1,60.0,frei,7
2026-06-04T09:59:01,2026-06-11,08:30,60,Outdoor 1,24.0,frei,7
2026-06-04T09:59:01,2026-06-11,08:30,90,Outdoor 1,36.0,frei,7
2026-06-04T09:59:01,2026-06-11,08:30,120,Outdoor 1,48.0,frei,7
2026-06-04T09:59:01,2026-06-11,08:30,150,Outdoor 1,60.0,frei,7
2026-06-04T09:59:01,2026-06-11,09:00,60,Outdoor 1,24.0,frei,7
2026-06-04T09:59:01,2026-06-11,09:00,90,Outdoor 1,36.0,frei,7
2026-06-04T09:59:01,2026-06-11,09:00,120,Outdoor 1,48.0,frei,7
2026-06-04T09:59:01,2026-06-11,09:00,150,Outdoor 1,60.0,frei,7
2026-06-04T09:59:01,2026-06-11,09:30,60,Outdoor 1,24.0,frei,7
2026-06-04T09:59:01,2026-06-11,09:30,90,Outdoor 1,36.0,frei,7
2026-06-04T09:59:01,2026-06-11,09:30,120,Outdoor 1,48.0,frei,7
2026-06-04T09:59:01,2026-06-11,09:30,150,Outdoor 1,60.0,frei,7
2026-06-04T09:59:01,2026-06-11,10:00,60,Outdoor 1,24.0,frei,7
2026-06-04T09:59:01,2026-06-11,10:00,90,Outdoor 1,36.0,frei,7
2026-06-04T09:59:01,2026-06-11,10:00,120,Outdoor 1,48.0,frei,7
2026-06-04T09:59:01,2026-06-11,10:00,150,Outdoor 1,60.0,frei,7
2026-06-04T09:59:01,2026-06-11,10:30,60,Outdoor 1,24.0,frei,7
2026-06-04T09:59:01,2026-06-11,10:30,90,Outdoor 1,36.0,frei,7
2026-06-04T09:59:01,2026-06-11,10:30,120,Outdoor 1,48.0,frei,7
2026-06-04T09:59:01,2026-06-11,10:30,150,Outdoor 1,60.0,frei,7
2026-06-04T09:59:01,2026-06-11,11:00,60,Outdoor 1,24.0,frei,7
2026-06-04T09:59:01,2026-06-11,11:00,90,Outdoor 1,36.0,frei,7
2026-06-04T09:59:01,2026-06-11,11:00,120,Outdoor 1,48.0,frei,7
2026-06-04T09:59:01,2026-06-11,11:00,150,Outdoor 1,60.0,frei,7
2026-06-04T09:59:01,2026-06-11,11:30,60,Outdoor 1,24.0,frei,7
2026-06-04T09:59:01,2026-06-11,11:30,90,Outdoor 1,36.0,frei,7
2026-06-04T09:59:01,2026-06-11,11:30,120,Outdoor 1,48.0,frei,7
2026-06-04T09:59:01,2026-06-11,11:30,150,Outdoor 1,60.0,frei,7
2026-06-04T09:59:01,2026-06-11,12:00,60,Outdoor 1,24.0,frei,7
2026-06-04T09:59:01,2026-06-11,12:00,90,Outdoor 1,36.0,frei,7
2026-06-04T09:59:01,2026-06-11,12:00,120,Outdoor 1,48.0,frei,7
2026-06-04T09:59:01,2026-06-11,12:00,150,Outdoor 1,60.0,frei,7
2026-06-04T09:59:01,2026-06-11,12:30,60,Outdoor 1,24.0,frei,7
2026-06-04T09:59:01,2026-06-11,12:30,90,Outdoor 1,36.0,frei,7
2026-06-04T09:59:01,2026-06-11,12:30,120,Outdoor 1,48.0,frei,7
2026-06-04T09:59:01,2026-06-11,13:00,60,Outdoor 1,24.0,frei,7
2026-06-04T09:59:01,2026-06-11,13:00,90,Outdoor 1,36.0,frei,7
2026-06-04T09:59:01,2026-06-11,13:00,150,Outdoor 1,60.0,frei,7
2026-06-04T09:59:01,2026-06-11,13:30,60,Outdoor 1,24.0,frei,7
2026-06-04T09:59:01,2026-06-11,13:30,120,Outdoor 1,48.0,frei,7
2026-06-04T09:59:01,2026-06-11,14:00,90,Outdoor 1,36.0,frei,7
2026-06-04T09:59:01,2026-06-11,14:30,60,Outdoor 1,24.0,frei,7
2026-06-04T09:59:01,2026-06-11,08:00,60,Indoor 4,30.0,frei,7
2026-06-04T09:59:01,2026-06-11,08:00,90,Indoor 4,45.0,frei,7
2026-06-04T09:59:01,2026-06-11,08:00,120,Indoor 4,60.0,frei,7
2026-06-04T09:59:01,2026-06-11,09:00,60,Indoor 4,30.0,frei,7
2026-06-04T09:59:01,2026-06-11,09:00,90,Indoor 4,45.0,frei,7
2026-06-04T09:59:01,2026-06-11,09:00,120,Indoor 4,60.0,frei,7
2026-06-04T09:59:01,2026-06-11,09:30,60,Indoor 4,30.0,frei,7
2026-06-04T09:59:01,2026-06-11,09:30,90,Indoor 4,45.0,frei,7
2026-06-04T09:59:01,2026-06-11,09:30,120,Indoor 4,60.0,frei,7
2026-06-04T09:59:01,2026-06-11,10:00,60,Indoor 4,30.0,frei,7
2026-06-04T09:59:01,2026-06-11,10:00,90,Indoor 4,45.0,frei,7
2026-06-04T09:59:01,2026-06-11,10:00,120,Indoor 4,60.0,frei,7
2026-06-04T09:59:01,2026-06-11,10:30,60,Indoor 4,30.0,frei,7
2026-06-04T09:59:01,2026-06-11,10:30,90,Indoor 4,45.0,frei,7
2026-06-04T09:59:01,2026-06-11,10:30,120,Indoor 4,60.0,frei,7
2026-06-04T09:59:01,2026-06-11,11:00,60,Indoor 4,30.0,frei,7
2026-06-04T09:59:01,2026-06-11,11:00,90,Indoor 4,45.0,frei,7
2026-06-04T09:59:01,2026-06-11,11:00,120,Indoor 4,60.0,frei,7
2026-06-04T09:59:01,2026-06-11,11:30,60,Indoor 4,30.0,frei,7
2026-06-04T09:59:01,2026-06-11,11:30,90,Indoor 4,45.0,frei,7
2026-06-04T09:59:01,2026-06-11,11:30,120,Indoor 4,60.0,frei,7
2026-06-04T09:59:01,2026-06-11,12:00,60,Indoor 4,30.0,frei,7
2026-06-04T09:59:01,2026-06-11,12:00,90,Indoor 4,45.0,frei,7
2026-06-04T09:59:01,2026-06-11,12:00,120,Indoor 4,60.0,frei,7
2026-06-04T09:59:01,2026-06-11,12:30,60,Indoor 4,30.0,frei,7
2026-06-04T09:59:01,2026-06-11,12:30,90,Indoor 4,45.0,frei,7
2026-06-04T09:59:01,2026-06-11,12:30,120,Indoor 4,60.0,frei,7
2026-06-04T09:59:01,2026-06-11,13:00,60,Indoor 4,30.0,frei,7
2026-06-04T09:59:01,2026-06-11,13:00,90,Indoor 4,45.0,frei,7
2026-06-04T09:59:01,2026-06-11,13:00,120,Indoor 4,60.0,frei,7
2026-06-04T09:59:01,2026-06-11,13:30,60,Indoor 4,30.0,frei,7
2026-06-04T09:59:01,2026-06-11,13:30,90,Indoor 4,45.0,frei,7
2026-06-04T09:59:01,2026-06-11,14:00,60,Indoor 4,30.0,frei,7
2026-06-04T09:59:01,2026-06-11,14:00,120,Indoor 4,60.0,frei,7
2026-06-04T09:59:01,2026-06-11,14:30,90,Indoor 4,45.0,frei,7
2026-06-04T09:59:01,2026-06-11,15:00,60,Indoor 4,30.0,frei,7
2026-06-04T09:59:01,2026-06-11,22:00,60,Indoor 4,36.0,frei,7
2026-06-04T09:59:01,2026-06-11,22:00,120,Indoor 4,66.0,frei,7
2026-06-04T09:59:01,2026-06-11,23:00,60,Indoor 4,30.0,frei,7
2026-06-04T09:59:01,2026-06-11,08:00,60,Single Indoor,22.0,frei,7
2026-06-04T09:59:01,2026-06-11,08:00,90,Single Indoor,33.0,frei,7
2026-06-04T09:59:01,2026-06-11,08:00,120,Single Indoor,44.0,frei,7
2026-06-04T09:59:01,2026-06-11,09:00,60,Single Indoor,22.0,frei,7
2026-06-04T09:59:01,2026-06-11,09:00,90,Single Indoor,33.0,frei,7
2026-06-04T09:59:01,2026-06-11,09:00,120,Single Indoor,44.0,frei,7
2026-06-04T09:59:01,2026-06-11,09:30,60,Single Indoor,22.0,frei,7
2026-06-04T09:59:01,2026-06-11,09:30,90,Single Indoor,33.0,frei,7
2026-06-04T09:59:01,2026-06-11,09:30,120,Single Indoor,44.0,frei,7
2026-06-04T09:59:01,2026-06-11,10:00,60,Single Indoor,22.0,frei,7
2026-06-04T09:59:01,2026-06-11,10:00,90,Single Indoor,33.0,frei,7
2026-06-04T09:59:01,2026-06-11,10:30,60,Single Indoor,22.0,frei,7
2026-06-04T09:59:01,2026-06-11,10:30,120,Single Indoor,44.0,frei,7
2026-06-04T09:59:01,2026-06-11,11:00,90,Single Indoor,33.0,frei,7
2026-06-04T09:59:01,2026-06-11,11:30,60,Single Indoor,22.0,frei,7
2026-06-04T09:59:01,2026-06-11,13:30,90,Single Indoor,33.0,frei,7
2026-06-04T09:59:01,2026-06-11,22:00,60,Single Indoor,26.0,frei,7
2026-06-04T09:59:01,2026-06-11,22:00,120,Single Indoor,48.0,frei,7
2026-06-04T09:59:01,2026-06-11,23:00,60,Single Indoor,22.0,frei,7
2026-06-04T09:59:01,2026-06-11,08:00,60,Indoor 3,30.0,frei,7
2026-06-04T09:59:01,2026-06-11,08:00,90,Indoor 3,45.0,frei,7
2026-06-04T09:59:01,2026-06-11,08:00,120,Indoor 3,60.0,frei,7
2026-06-04T09:59:01,2026-06-11,09:00,60,Indoor 3,30.0,frei,7
2026-06-04T09:59:01,2026-06-11,09:00,90,Indoor 3,45.0,frei,7
2026-06-04T09:59:01,2026-06-11,09:00,120,Indoor 3,60.0,frei,7
2026-06-04T09:59:01,2026-06-11,09:30,60,Indoor 3,30.0,frei,7
2026-06-04T09:59:01,2026-06-11,09:30,90,Indoor 3,45.0,frei,7
2026-06-04T09:59:01,2026-06-11,09:30,120,Indoor 3,60.0,frei,7
2026-06-04T09:59:01,2026-06-11,10:00,60,Indoor 3,30.0,frei,7
2026-06-04T09:59:01,2026-06-11,10:00,90,Indoor 3,45.0,frei,7
2026-06-04T09:59:01,2026-06-11,10:00,120,Indoor 3,60.0,frei,7
2026-06-04T09:59:01,2026-06-11,10:30,60,Indoor 3,30.0,frei,7
2026-06-04T09:59:01,2026-06-11,10:30,90,Indoor 3,45.0,frei,7
2026-06-04T09:59:01,2026-06-11,10:30,120,Indoor 3,60.0,frei,7
2026-06-04T09:59:01,2026-06-11,11:00,60,Indoor 3,30.0,frei,7
2026-06-04T09:59:01,2026-06-11,11:00,90,Indoor 3,45.0,frei,7
2026-06-04T09:59:01,2026-06-11,11:00,120,Indoor 3,60.0,frei,7
2026-06-04T09:59:01,2026-06-11,11:30,60,Indoor 3,30.0,frei,7
2026-06-04T09:59:01,2026-06-11,11:30,90,Indoor 3,45.0,frei,7
2026-06-04T09:59:01,2026-06-11,11:30,120,Indoor 3,60.0,frei,7
2026-06-04T09:59:01,2026-06-11,12:00,60,Indoor 3,30.0,frei,7
2026-06-04T09:59:01,2026-06-11,12:00,90,Indoor 3,45.0,frei,7
2026-06-04T09:59:01,2026-06-11,12:00,120,Indoor 3,60.0,frei,7
2026-06-04T09:59:01,2026-06-11,12:30,60,Indoor 3,30.0,frei,7
2026-06-04T09:59:01,2026-06-11,12:30,90,Indoor 3,45.0,frei,7
2026-06-04T09:59:01,2026-06-11,12:30,120,Indoor 3,60.0,frei,7
2026-06-04T09:59:01,2026-06-11,13:00,60,Indoor 3,30.0,frei,7
2026-06-04T09:59:01,2026-06-11,13:00,90,Indoor 3,45.0,frei,7
2026-06-04T09:59:01,2026-06-11,13:00,120,Indoor 3,60.0,frei,7
2026-06-04T09:59:01,2026-06-11,13:30,60,Indoor 3,30.0,frei,7
2026-06-04T09:59:01,2026-06-11,13:30,90,Indoor 3,45.0,frei,7
2026-06-04T09:59:01,2026-06-11,14:00,60,Indoor 3,30.0,frei,7
2026-06-04T09:59:01,2026-06-11,14:00,120,Indoor 3,60.0,frei,7
2026-06-04T09:59:01,2026-06-11,14:30,90,Indoor 3,45.0,frei,7
2026-06-04T09:59:01,2026-06-11,15:00,60,Indoor 3,30.0,frei,7
2026-06-04T09:59:01,2026-06-11,23:00,60,Indoor 3,30.0,frei,7
2026-06-04T09:59:01,2026-06-11,08:00,60,Indoor 2,30.0,frei,7
2026-06-04T09:59:01,2026-06-11,08:00,90,Indoor 2,45.0,frei,7
2026-06-04T09:59:01,2026-06-11,08:00,120,Indoor 2,60.0,frei,7
2026-06-04T09:59:01,2026-06-11,09:00,60,Indoor 2,30.0,frei,7
2026-06-04T09:59:01,2026-06-11,09:00,90,Indoor 2,45.0,frei,7
2026-06-04T09:59:01,2026-06-11,09:00,120,Indoor 2,60.0,frei,7
2026-06-04T09:59:01,2026-06-11,09:30,60,Indoor 2,30.0,frei,7
2026-06-04T09:59:01,2026-06-11,09:30,90,Indoor 2,45.0,frei,7
2026-06-04T09:59:01,2026-06-11,09:30,120,Indoor 2,60.0,frei,7
2026-06-04T09:59:01,2026-06-11,10:00,60,Indoor 2,30.0,frei,7
2026-06-04T09:59:01,2026-06-11,10:00,90,Indoor 2,45.0,frei,7
2026-06-04T09:59:01,2026-06-11,10:00,120,Indoor 2,60.0,frei,7
2026-06-04T09:59:01,2026-06-11,10:30,60,Indoor 2,30.0,frei,7
2026-06-04T09:59:01,2026-06-11,10:30,90,Indoor 2,45.0,frei,7
2026-06-04T09:59:01,2026-06-11,10:30,120,Indoor 2,60.0,frei,7
2026-06-04T09:59:01,2026-06-11,11:00,60,Indoor 2,30.0,frei,7
2026-06-04T09:59:01,2026-06-11,11:00,90,Indoor 2,45.0,frei,7
2026-06-04T09:59:01,2026-06-11,11:00,120,Indoor 2,60.0,frei,7
2026-06-04T09:59:01,2026-06-11,11:30,60,Indoor 2,30.0,frei,7
2026-06-04T09:59:01,2026-06-11,11:30,90,Indoor 2,45.0,frei,7
2026-06-04T09:59:01,2026-06-11,11:30,120,Indoor 2,60.0,frei,7
2026-06-04T09:59:01,2026-06-11,12:00,60,Indoor 2,30.0,frei,7
2026-06-04T09:59:01,2026-06-11,12:00,90,Indoor 2,45.0,frei,7
2026-06-04T09:59:01,2026-06-11,12:00,120,Indoor 2,60.0,frei,7
2026-06-04T09:59:01,2026-06-11,12:30,60,Indoor 2,30.0,frei,7
2026-06-04T09:59:01,2026-06-11,12:30,90,Indoor 2,45.0,frei,7
2026-06-04T09:59:01,2026-06-11,12:30,120,Indoor 2,60.0,frei,7
2026-06-04T09:59:01,2026-06-11,13:00,60,Indoor 2,30.0,frei,7
2026-06-04T09:59:01,2026-06-11,13:00,90,Indoor 2,45.0,frei,7
2026-06-04T09:59:01,2026-06-11,13:00,120,Indoor 2,60.0,frei,7
2026-06-04T09:59:01,2026-06-11,13:30,60,Indoor 2,30.0,frei,7
2026-06-04T09:59:01,2026-06-11,13:30,90,Indoor 2,45.0,frei,7
2026-06-04T09:59:01,2026-06-11,14:00,60,Indoor 2,30.0,frei,7
2026-06-04T09:59:01,2026-06-11,14:00,120,Indoor 2,60.0,frei,7
2026-06-04T09:59:01,2026-06-11,14:30,90,Indoor 2,45.0,frei,7
2026-06-04T09:59:01,2026-06-11,15:00,60,Indoor 2,30.0,frei,7
2026-06-04T09:59:01,2026-06-11,22:30,90,Indoor 2,45.0,frei,7
2026-06-04T09:59:01,2026-06-11,08:00,60,Outdoor 2,24.0,frei,7
2026-06-04T09:59:01,2026-06-11,08:00,90,Outdoor 2,36.0,frei,7
2026-06-04T09:59:01,2026-06-11,08:00,120,Outdoor 2,48.0,frei,7
2026-06-04T09:59:01,2026-06-11,08:00,150,Outdoor 2,60.0,frei,7
2026-06-04T09:59:01,2026-06-11,08:30,60,Outdoor 2,24.0,frei,7
2026-06-04T09:59:01,2026-06-11,08:30,90,Outdoor 2,36.0,frei,7
2026-06-04T09:59:01,2026-06-11,08:30,120,Outdoor 2,48.0,frei,7
2026-06-04T09:59:01,2026-06-11,08:30,150,Outdoor 2,60.0,frei,7
2026-06-04T09:59:01,2026-06-11,09:00,60,Outdoor 2,24.0,frei,7
2026-06-04T09:59:01,2026-06-11,09:00,90,Outdoor 2,36.0,frei,7
2026-06-04T09:59:01,2026-06-11,09:00,120,Outdoor 2,48.0,frei,7
2026-06-04T09:59:01,2026-06-11,09:00,150,Outdoor 2,60.0,frei,7
2026-06-04T09:59:01,2026-06-11,09:30,60,Outdoor 2,24.0,frei,7
2026-06-04T09:59:01,2026-06-11,09:30,90,Outdoor 2,36.0,frei,7
2026-06-04T09:59:01,2026-06-11,09:30,120,Outdoor 2,48.0,frei,7
2026-06-04T09:59:01,2026-06-11,09:30,150,Outdoor 2,60.0,frei,7
2026-06-04T09:59:01,2026-06-11,10:00,60,Outdoor 2,24.0,frei,7
2026-06-04T09:59:01,2026-06-11,10:00,90,Outdoor 2,36.0,frei,7
2026-06-04T09:59:01,2026-06-11,10:00,120,Outdoor 2,48.0,frei,7
2026-06-04T09:59:01,2026-06-11,10:00,150,Outdoor 2,60.0,frei,7
2026-06-04T09:59:01,2026-06-11,10:30,60,Outdoor 2,24.0,frei,7
2026-06-04T09:59:01,2026-06-11,10:30,90,Outdoor 2,36.0,frei,7
2026-06-04T09:59:01,2026-06-11,10:30,120,Outdoor 2,48.0,frei,7
2026-06-04T09:59:01,2026-06-11,10:30,150,Outdoor 2,60.0,frei,7
2026-06-04T09:59:01,2026-06-11,11:00,60,Outdoor 2,24.0,frei,7
2026-06-04T09:59:01,2026-06-11,11:00,90,Outdoor 2,36.0,frei,7
2026-06-04T09:59:01,2026-06-11,11:00,120,Outdoor 2,48.0,frei,7
2026-06-04T09:59:01,2026-06-11,11:00,150,Outdoor 2,60.0,frei,7
2026-06-04T09:59:01,2026-06-11,11:30,60,Outdoor 2,24.0,frei,7
2026-06-04T09:59:01,2026-06-11,11:30,90,Outdoor 2,36.0,frei,7
2026-06-04T09:59:01,2026-06-11,11:30,120,Outdoor 2,48.0,frei,7
2026-06-04T09:59:01,2026-06-11,11:30,150,Outdoor 2,60.0,frei,7
2026-06-04T09:59:01,2026-06-11,12:00,60,Outdoor 2,24.0,frei,7
2026-06-04T09:59:01,2026-06-11,12:00,90,Outdoor 2,36.0,frei,7
2026-06-04T09:59:01,2026-06-11,12:00,120,Outdoor 2,48.0,frei,7
2026-06-04T09:59:01,2026-06-11,12:00,150,Outdoor 2,60.0,frei,7
2026-06-04T09:59:01,2026-06-11,12:30,60,Outdoor 2,24.0,frei,7
2026-06-04T09:59:01,2026-06-11,12:30,90,Outdoor 2,36.0,frei,7
2026-06-04T09:59:01,2026-06-11,12:30,120,Outdoor 2,48.0,frei,7
2026-06-04T09:59:01,2026-06-11,12:30,150,Outdoor 2,60.0,frei,7
2026-06-04T09:59:01,2026-06-11,13:00,60,Outdoor 2,24.0,frei,7
2026-06-04T09:59:01,2026-06-11,13:00,90,Outdoor 2,36.0,frei,7
2026-06-04T09:59:01,2026-06-11,13:00,120,Outdoor 2,48.0,frei,7
2026-06-04T09:59:01,2026-06-11,13:00,150,Outdoor 2,60.0,frei,7
2026-06-04T09:59:01,2026-06-11,13:30,60,Outdoor 2,24.0,frei,7
2026-06-04T09:59:01,2026-06-11,13:30,90,Outdoor 2,36.0,frei,7
2026-06-04T09:59:01,2026-06-11,13:30,120,Outdoor 2,48.0,frei,7
2026-06-04T09:59:01,2026-06-11,13:30,150,Outdoor 2,60.0,frei,7
2026-06-04T09:59:01,2026-06-11,14:00,60,Outdoor 2,24.0,frei,7
2026-06-04T09:59:01,2026-06-11,14:00,90,Outdoor 2,36.0,frei,7
2026-06-04T09:59:01,2026-06-11,14:00,120,Outdoor 2,48.0,frei,7
2026-06-04T09:59:01,2026-06-11,14:30,60,Outdoor 2,24.0,frei,7
2026-06-04T09:59:01,2026-06-11,14:30,90,Outdoor 2,36.0,frei,7
2026-06-04T09:59:01,2026-06-11,14:30,150,Outdoor 2,72.0,frei,7
2026-06-04T09:59:01,2026-06-11,15:00,60,Outdoor 2,24.0,frei,7
2026-06-04T09:59:01,2026-06-11,15:00,120,Outdoor 2,60.0,frei,7
2026-06-04T09:59:01,2026-06-11,15:30,90,Outdoor 2,48.0,frei,7
2026-06-04T09:59:01,2026-06-11,16:00,60,Outdoor 2,36.0,frei,7
2026-06-04T09:59:01,2026-06-11,08:00,60,Outdoor 4,24.0,frei,7
2026-06-04T09:59:01,2026-06-11,08:00,90,Outdoor 4,36.0,frei,7
2026-06-04T09:59:01,2026-06-11,08:00,120,Outdoor 4,48.0,frei,7
2026-06-04T09:59:01,2026-06-11,08:00,150,Outdoor 4,60.0,frei,7
2026-06-04T09:59:01,2026-06-11,08:30,60,Outdoor 4,24.0,frei,7
2026-06-04T09:59:01,2026-06-11,08:30,90,Outdoor 4,36.0,frei,7
2026-06-04T09:59:01,2026-06-11,08:30,120,Outdoor 4,48.0,frei,7
2026-06-04T09:59:01,2026-06-11,08:30,150,Outdoor 4,60.0,frei,7
2026-06-04T09:59:01,2026-06-11,09:00,60,Outdoor 4,24.0,frei,7
2026-06-04T09:59:01,2026-06-11,09:00,90,Outdoor 4,36.0,frei,7
2026-06-04T09:59:01,2026-06-11,09:00,120,Outdoor 4,48.0,frei,7
2026-06-04T09:59:01,2026-06-11,09:00,150,Outdoor 4,60.0,frei,7
2026-06-04T09:59:01,2026-06-11,09:30,60,Outdoor 4,24.0,frei,7
2026-06-04T09:59:01,2026-06-11,09:30,90,Outdoor 4,36.0,frei,7
2026-06-04T09:59:01,2026-06-11,09:30,120,Outdoor 4,48.0,frei,7
2026-06-04T09:59:01,2026-06-11,09:30,150,Outdoor 4,60.0,frei,7
2026-06-04T09:59:01,2026-06-11,10:00,60,Outdoor 4,24.0,frei,7
2026-06-04T09:59:01,2026-06-11,10:00,90,Outdoor 4,36.0,frei,7
2026-06-04T09:59:01,2026-06-11,10:00,120,Outdoor 4,48.0,frei,7
2026-06-04T09:59:01,2026-06-11,10:00,150,Outdoor 4,60.0,frei,7
2026-06-04T09:59:01,2026-06-11,10:30,60,Outdoor 4,24.0,frei,7
2026-06-04T09:59:01,2026-06-11,10:30,90,Outdoor 4,36.0,frei,7
2026-06-04T09:59:01,2026-06-11,10:30,120,Outdoor 4,48.0,frei,7
2026-06-04T09:59:01,2026-06-11,10:30,150,Outdoor 4,60.0,frei,7
2026-06-04T09:59:01,2026-06-11,11:00,60,Outdoor 4,24.0,frei,7
2026-06-04T09:59:01,2026-06-11,11:00,90,Outdoor 4,36.0,frei,7
2026-06-04T09:59:01,2026-06-11,11:00,120,Outdoor 4,48.0,frei,7
2026-06-04T09:59:01,2026-06-11,11:00,150,Outdoor 4,60.0,frei,7
2026-06-04T09:59:01,2026-06-11,11:30,60,Outdoor 4,24.0,frei,7
2026-06-04T09:59:01,2026-06-11,11:30,90,Outdoor 4,36.0,frei,7
2026-06-04T09:59:01,2026-06-11,11:30,120,Outdoor 4,48.0,frei,7
2026-06-04T09:59:01,2026-06-11,11:30,150,Outdoor 4,60.0,frei,7
2026-06-04T09:59:01,2026-06-11,12:00,60,Outdoor 4,24.0,frei,7
2026-06-04T09:59:01,2026-06-11,12:00,90,Outdoor 4,36.0,frei,7
2026-06-04T09:59:01,2026-06-11,12:00,120,Outdoor 4,48.0,frei,7
2026-06-04T09:59:01,2026-06-11,12:30,60,Outdoor 4,24.0,frei,7
2026-06-04T09:59:01,2026-06-11,12:30,90,Outdoor 4,36.0,frei,7
2026-06-04T09:59:01,2026-06-11,12:30,150,Outdoor 4,60.0,frei,7
2026-06-04T09:59:01,2026-06-11,13:00,60,Outdoor 4,24.0,frei,7
2026-06-04T09:59:01,2026-06-11,13:00,120,Outdoor 4,48.0,frei,7
2026-06-04T09:59:01,2026-06-11,13:30,90,Outdoor 4,36.0,frei,7
2026-06-04T09:59:01,2026-06-11,14:00,60,Outdoor 4,24.0,frei,7
2026-06-04T09:59:01,2026-06-11,08:00,60,Indoor 1,30.0,frei,7
2026-06-04T09:59:01,2026-06-11,08:00,90,Indoor 1,45.0,frei,7
2026-06-04T09:59:01,2026-06-11,08:00,120,Indoor 1,60.0,frei,7
2026-06-04T09:59:01,2026-06-11,09:00,60,Indoor 1,30.0,frei,7
2026-06-04T09:59:01,2026-06-11,09:00,90,Indoor 1,45.0,frei,7
2026-06-04T09:59:01,2026-06-11,09:00,120,Indoor 1,60.0,frei,7
2026-06-04T09:59:01,2026-06-11,09:30,60,Indoor 1,30.0,frei,7
2026-06-04T09:59:01,2026-06-11,09:30,90,Indoor 1,45.0,frei,7
2026-06-04T09:59:01,2026-06-11,09:30,120,Indoor 1,60.0,frei,7
2026-06-04T09:59:01,2026-06-11,10:00,60,Indoor 1,30.0,frei,7
2026-06-04T09:59:01,2026-06-11,10:00,90,Indoor 1,45.0,frei,7
2026-06-04T09:59:01,2026-06-11,10:00,120,Indoor 1,60.0,frei,7
2026-06-04T09:59:01,2026-06-11,10:30,60,Indoor 1,30.0,frei,7
2026-06-04T09:59:01,2026-06-11,10:30,90,Indoor 1,45.0,frei,7
2026-06-04T09:59:01,2026-06-11,10:30,120,Indoor 1,60.0,frei,7
2026-06-04T09:59:01,2026-06-11,11:00,60,Indoor 1,30.0,frei,7
2026-06-04T09:59:01,2026-06-11,11:00,90,Indoor 1,45.0,frei,7
2026-06-04T09:59:01,2026-06-11,11:00,120,Indoor 1,60.0,frei,7
2026-06-04T09:59:01,2026-06-11,11:30,60,Indoor 1,30.0,frei,7
2026-06-04T09:59:01,2026-06-11,11:30,90,Indoor 1,45.0,frei,7
2026-06-04T09:59:01,2026-06-11,11:30,120,Indoor 1,60.0,frei,7
2026-06-04T09:59:01,2026-06-11,12:00,60,Indoor 1,30.0,frei,7
2026-06-04T09:59:01,2026-06-11,12:00,90,Indoor 1,45.0,frei,7
2026-06-04T09:59:01,2026-06-11,12:00,120,Indoor 1,60.0,frei,7
2026-06-04T09:59:01,2026-06-11,12:30,60,Indoor 1,30.0,frei,7
2026-06-04T09:59:01,2026-06-11,12:30,90,Indoor 1,45.0,frei,7
2026-06-04T09:59:01,2026-06-11,12:30,120,Indoor 1,60.0,frei,7
2026-06-04T09:59:01,2026-06-11,13:00,60,Indoor 1,30.0,frei,7
2026-06-04T09:59:01,2026-06-11,13:00,90,Indoor 1,45.0,frei,7
2026-06-04T09:59:01,2026-06-11,13:00,120,Indoor 1,60.0,frei,7
2026-06-04T09:59:01,2026-06-11,13:30,60,Indoor 1,30.0,frei,7
2026-06-04T09:59:01,2026-06-11,13:30,90,Indoor 1,45.0,frei,7
2026-06-04T09:59:01,2026-06-11,13:30,120,Indoor 1,60.0,frei,7
2026-06-04T09:59:01,2026-06-11,14:00,60,Indoor 1,30.0,frei,7
2026-06-04T09:59:01,2026-06-11,14:00,90,Indoor 1,45.0,frei,7
2026-06-04T09:59:01,2026-06-11,14:30,60,Indoor 1,30.0,frei,7
2026-06-04T09:59:01,2026-06-11,14:30,120,Indoor 1,66.0,frei,7
2026-06-04T09:59:01,2026-06-11,15:00,90,Indoor 1,51.0,frei,7
2026-06-04T09:59:01,2026-06-11,15:30,60,Indoor 1,36.0,frei,7
2026-06-04T09:59:01,2026-06-11,22:30,90,Indoor 1,45.0,frei,7
2026-06-04T09:59:01,2026-06-11,08:00,60,Outdoor 3,24.0,frei,7
2026-06-04T09:59:01,2026-06-11,08:00,90,Outdoor 3,36.0,frei,7
2026-06-04T09:59:01,2026-06-11,08:00,120,Outdoor 3,48.0,frei,7
2026-06-04T09:59:01,2026-06-11,08:00,150,Outdoor 3,60.0,frei,7
2026-06-04T09:59:01,2026-06-11,08:30,60,Outdoor 3,24.0,frei,7
2026-06-04T09:59:01,2026-06-11,08:30,90,Outdoor 3,36.0,frei,7
2026-06-04T09:59:01,2026-06-11,08:30,120,Outdoor 3,48.0,frei,7
2026-06-04T09:59:01,2026-06-11,08:30,150,Outdoor 3,60.0,frei,7
2026-06-04T09:59:01,2026-06-11,09:00,60,Outdoor 3,24.0,frei,7
2026-06-04T09:59:01,2026-06-11,09:00,90,Outdoor 3,36.0,frei,7
2026-06-04T09:59:01,2026-06-11,09:00,120,Outdoor 3,48.0,frei,7
2026-06-04T09:59:01,2026-06-11,09:00,150,Outdoor 3,60.0,frei,7
2026-06-04T09:59:01,2026-06-11,09:30,60,Outdoor 3,24.0,frei,7
2026-06-04T09:59:01,2026-06-11,09:30,90,Outdoor 3,36.0,frei,7
2026-06-04T09:59:01,2026-06-11,09:30,120,Outdoor 3,48.0,frei,7
2026-06-04T09:59:01,2026-06-11,09:30,150,Outdoor 3,60.0,frei,7
2026-06-04T09:59:01,2026-06-11,10:00,60,Outdoor 3,24.0,frei,7
2026-06-04T09:59:01,2026-06-11,10:00,90,Outdoor 3,36.0,frei,7
2026-06-04T09:59:01,2026-06-11,10:00,120,Outdoor 3,48.0,frei,7
2026-06-04T09:59:01,2026-06-11,10:00,150,Outdoor 3,60.0,frei,7
2026-06-04T09:59:01,2026-06-11,10:30,60,Outdoor 3,24.0,frei,7
2026-06-04T09:59:01,2026-06-11,10:30,90,Outdoor 3,36.0,frei,7
2026-06-04T09:59:01,2026-06-11,10:30,120,Outdoor 3,48.0,frei,7
2026-06-04T09:59:01,2026-06-11,10:30,150,Outdoor 3,60.0,frei,7
2026-06-04T09:59:01,2026-06-11,11:00,60,Outdoor 3,24.0,frei,7
2026-06-04T09:59:01,2026-06-11,11:00,90,Outdoor 3,36.0,frei,7
2026-06-04T09:59:01,2026-06-11,11:00,120,Outdoor 3,48.0,frei,7
2026-06-04T09:59:01,2026-06-11,11:00,150,Outdoor 3,60.0,frei,7
2026-06-04T09:59:01,2026-06-11,11:30,60,Outdoor 3,24.0,frei,7
2026-06-04T09:59:01,2026-06-11,11:30,90,Outdoor 3,36.0,frei,7
2026-06-04T09:59:01,2026-06-11,11:30,120,Outdoor 3,48.0,frei,7
2026-06-04T09:59:01,2026-06-11,11:30,150,Outdoor 3,60.0,frei,7
2026-06-04T09:59:01,2026-06-11,12:00,60,Outdoor 3,24.0,frei,7
2026-06-04T09:59:01,2026-06-11,12:00,90,Outdoor 3,36.0,frei,7
2026-06-04T09:59:01,2026-06-11,12:00,120,Outdoor 3,48.0,frei,7
2026-06-04T09:59:01,2026-06-11,12:00,150,Outdoor 3,60.0,frei,7
2026-06-04T09:59:01,2026-06-11,12:30,60,Outdoor 3,24.0,frei,7
2026-06-04T09:59:01,2026-06-11,12:30,90,Outdoor 3,36.0,frei,7
2026-06-04T09:59:01,2026-06-11,12:30,120,Outdoor 3,48.0,frei,7
2026-06-04T09:59:01,2026-06-11,12:30,150,Outdoor 3,60.0,frei,7
2026-06-04T09:59:01,2026-06-11,13:00,60,Outdoor 3,24.0,frei,7
2026-06-04T09:59:01,2026-06-11,13:00,90,Outdoor 3,36.0,frei,7
2026-06-04T09:59:01,2026-06-11,13:00,120,Outdoor 3,48.0,frei,7
2026-06-04T09:59:01,2026-06-11,13:00,150,Outdoor 3,60.0,frei,7
2026-06-04T09:59:01,2026-06-11,13:30,60,Outdoor 3,24.0,frei,7
2026-06-04T09:59:01,2026-06-11,13:30,90,Outdoor 3,36.0,frei,7
2026-06-04T09:59:01,2026-06-11,13:30,120,Outdoor 3,48.0,frei,7
2026-06-04T09:59:01,2026-06-11,14:00,60,Outdoor 3,24.0,frei,7
2026-06-04T09:59:01,2026-06-11,14:00,90,Outdoor 3,36.0,frei,7
2026-06-04T09:59:01,2026-06-11,14:00,150,Outdoor 3,66.0,frei,7
2026-06-04T09:59:01,2026-06-11,14:30,60,Outdoor 3,24.0,frei,7
2026-06-04T09:59:01,2026-06-11,14:30,120,Outdoor 3,54.0,frei,7
2026-06-04T09:59:01,2026-06-11,15:00,90,Outdoor 3,42.0,frei,7
2026-06-04T09:59:01,2026-06-11,15:30,60,Outdoor 3,30.0,frei,7
2026-06-04T09:59:01,2026-06-11,21:00,60,Outdoor 3,36.0,frei,7
2026-06-04T09:59:01,2026-06-12,08:00,60,Indoor 3,30.0,frei,8
2026-06-04T09:59:01,2026-06-12,08:00,90,Indoor 3,45.0,frei,8
2026-06-04T09:59:01,2026-06-12,08:00,120,Indoor 3,60.0,frei,8
2026-06-04T09:59:01,2026-06-12,09:00,60,Indoor 3,30.0,frei,8
2026-06-04T09:59:01,2026-06-12,09:00,90,Indoor 3,45.0,frei,8
2026-06-04T09:59:01,2026-06-12,09:00,120,Indoor 3,60.0,frei,8
2026-06-04T09:59:01,2026-06-12,09:30,60,Indoor 3,30.0,frei,8
2026-06-04T09:59:01,2026-06-12,09:30,90,Indoor 3,45.0,frei,8
2026-06-04T09:59:01,2026-06-12,09:30,120,Indoor 3,60.0,frei,8
2026-06-04T09:59:01,2026-06-12,10:00,60,Indoor 3,30.0,frei,8
2026-06-04T09:59:01,2026-06-12,10:00,90,Indoor 3,45.0,frei,8
2026-06-04T09:59:01,2026-06-12,10:00,120,Indoor 3,60.0,frei,8
2026-06-04T09:59:01,2026-06-12,10:30,60,Indoor 3,30.0,frei,8
2026-06-04T09:59:01,2026-06-12,10:30,90,Indoor 3,45.0,frei,8
2026-06-04T09:59:01,2026-06-12,10:30,120,Indoor 3,60.0,frei,8
2026-06-04T09:59:01,2026-06-12,11:00,60,Indoor 3,30.0,frei,8
2026-06-04T09:59:01,2026-06-12,11:00,90,Indoor 3,45.0,frei,8
2026-06-04T09:59:01,2026-06-12,11:00,120,Indoor 3,60.0,frei,8
2026-06-04T09:59:01,2026-06-12,11:30,60,Indoor 3,30.0,frei,8
2026-06-04T09:59:01,2026-06-12,11:30,90,Indoor 3,45.0,frei,8
2026-06-04T09:59:01,2026-06-12,11:30,120,Indoor 3,60.0,frei,8
2026-06-04T09:59:01,2026-06-12,12:00,60,Indoor 3,30.0,frei,8
2026-06-04T09:59:01,2026-06-12,12:00,90,Indoor 3,45.0,frei,8
2026-06-04T09:59:01,2026-06-12,12:00,120,Indoor 3,60.0,frei,8
2026-06-04T09:59:01,2026-06-12,12:30,60,Indoor 3,30.0,frei,8
2026-06-04T09:59:01,2026-06-12,12:30,90,Indoor 3,45.0,frei,8
2026-06-04T09:59:01,2026-06-12,12:30,120,Indoor 3,60.0,frei,8
2026-06-04T09:59:01,2026-06-12,13:00,60,Indoor 3,30.0,frei,8
2026-06-04T09:59:01,2026-06-12,13:00,90,Indoor 3,45.0,frei,8
2026-06-04T09:59:01,2026-06-12,13:00,120,Indoor 3,60.0,frei,8
2026-06-04T09:59:01,2026-06-12,13:30,60,Indoor 3,30.0,frei,8
2026-06-04T09:59:01,2026-06-12,13:30,90,Indoor 3,45.0,frei,8
2026-06-04T09:59:01,2026-06-12,13:30,120,Indoor 3,60.0,frei,8
2026-06-04T09:59:01,2026-06-12,14:00,60,Indoor 3,30.0,frei,8
2026-06-04T09:59:01,2026-06-12,14:00,90,Indoor 3,45.0,frei,8
2026-06-04T09:59:01,2026-06-12,14:00,120,Indoor 3,60.0,frei,8
2026-06-04T09:59:01,2026-06-12,14:30,60,Indoor 3,30.0,frei,8
2026-06-04T09:59:01,2026-06-12,14:30,90,Indoor 3,45.0,frei,8
2026-06-04T09:59:01,2026-06-12,15:00,60,Indoor 3,30.0,frei,8
2026-06-04T09:59:01,2026-06-12,15:00,120,Indoor 3,72.0,frei,8
2026-06-04T09:59:01,2026-06-12,15:30,90,Indoor 3,57.0,frei,8
2026-06-04T09:59:01,2026-06-12,16:00,60,Indoor 3,42.0,frei,8
2026-06-04T09:59:01,2026-06-12,23:00,60,Indoor 3,30.0,frei,8
2026-06-04T09:59:01,2026-06-12,08:00,60,Outdoor 3,24.0,frei,8
2026-06-04T09:59:01,2026-06-12,08:00,90,Outdoor 3,36.0,frei,8
2026-06-04T09:59:01,2026-06-12,08:00,120,Outdoor 3,48.0,frei,8
2026-06-04T09:59:01,2026-06-12,08:00,150,Outdoor 3,60.0,frei,8
2026-06-04T09:59:01,2026-06-12,08:30,60,Outdoor 3,24.0,frei,8
2026-06-04T09:59:01,2026-06-12,08:30,90,Outdoor 3,36.0,frei,8
2026-06-04T09:59:01,2026-06-12,08:30,120,Outdoor 3,48.0,frei,8
2026-06-04T09:59:01,2026-06-12,08:30,150,Outdoor 3,60.0,frei,8
2026-06-04T09:59:01,2026-06-12,09:00,60,Outdoor 3,24.0,frei,8
2026-06-04T09:59:01,2026-06-12,09:00,90,Outdoor 3,36.0,frei,8
2026-06-04T09:59:01,2026-06-12,09:00,120,Outdoor 3,48.0,frei,8
2026-06-04T09:59:01,2026-06-12,09:00,150,Outdoor 3,60.0,frei,8
2026-06-04T09:59:01,2026-06-12,09:30,60,Outdoor 3,24.0,frei,8
2026-06-04T09:59:01,2026-06-12,09:30,90,Outdoor 3,36.0,frei,8
2026-06-04T09:59:01,2026-06-12,09:30,120,Outdoor 3,48.0,frei,8
2026-06-04T09:59:01,2026-06-12,09:30,150,Outdoor 3,60.0,frei,8
2026-06-04T09:59:01,2026-06-12,10:00,60,Outdoor 3,24.0,frei,8
2026-06-04T09:59:01,2026-06-12,10:00,90,Outdoor 3,36.0,frei,8
2026-06-04T09:59:01,2026-06-12,10:00,120,Outdoor 3,48.0,frei,8
2026-06-04T09:59:01,2026-06-12,10:00,150,Outdoor 3,60.0,frei,8
2026-06-04T09:59:01,2026-06-12,10:30,60,Outdoor 3,24.0,frei,8
2026-06-04T09:59:01,2026-06-12,10:30,90,Outdoor 3,36.0,frei,8
2026-06-04T09:59:01,2026-06-12,10:30,120,Outdoor 3,48.0,frei,8
2026-06-04T09:59:01,2026-06-12,10:30,150,Outdoor 3,60.0,frei,8
2026-06-04T09:59:01,2026-06-12,11:00,60,Outdoor 3,24.0,frei,8
2026-06-04T09:59:01,2026-06-12,11:00,90,Outdoor 3,36.0,frei,8
2026-06-04T09:59:01,2026-06-12,11:00,120,Outdoor 3,48.0,frei,8
2026-06-04T09:59:01,2026-06-12,11:00,150,Outdoor 3,60.0,frei,8
2026-06-04T09:59:01,2026-06-12,11:30,60,Outdoor 3,24.0,frei,8
2026-06-04T09:59:01,2026-06-12,11:30,90,Outdoor 3,36.0,frei,8
2026-06-04T09:59:01,2026-06-12,11:30,120,Outdoor 3,48.0,frei,8
2026-06-04T09:59:01,2026-06-12,11:30,150,Outdoor 3,60.0,frei,8
2026-06-04T09:59:01,2026-06-12,12:00,60,Outdoor 3,24.0,frei,8
2026-06-04T09:59:01,2026-06-12,12:00,90,Outdoor 3,36.0,frei,8
2026-06-04T09:59:01,2026-06-12,12:00,120,Outdoor 3,48.0,frei,8
2026-06-04T09:59:01,2026-06-12,12:00,150,Outdoor 3,60.0,frei,8
2026-06-04T09:59:01,2026-06-12,12:30,60,Outdoor 3,24.0,frei,8
2026-06-04T09:59:01,2026-06-12,12:30,90,Outdoor 3,36.0,frei,8
2026-06-04T09:59:01,2026-06-12,12:30,120,Outdoor 3,48.0,frei,8
2026-06-04T09:59:01,2026-06-12,13:00,60,Outdoor 3,24.0,frei,8
2026-06-04T09:59:01,2026-06-12,13:00,90,Outdoor 3,36.0,frei,8
2026-06-04T09:59:01,2026-06-12,13:00,150,Outdoor 3,60.0,frei,8
2026-06-04T09:59:01,2026-06-12,13:30,60,Outdoor 3,24.0,frei,8
2026-06-04T09:59:01,2026-06-12,13:30,120,Outdoor 3,48.0,frei,8
2026-06-04T09:59:01,2026-06-12,14:00,90,Outdoor 3,36.0,frei,8
2026-06-04T09:59:01,2026-06-12,14:30,60,Outdoor 3,24.0,frei,8
2026-06-04T09:59:01,2026-06-12,08:00,60,Outdoor 4,24.0,frei,8
2026-06-04T09:59:01,2026-06-12,08:00,90,Outdoor 4,36.0,frei,8
2026-06-04T09:59:01,2026-06-12,08:00,120,Outdoor 4,48.0,frei,8
2026-06-04T09:59:01,2026-06-12,08:00,150,Outdoor 4,60.0,frei,8
2026-06-04T09:59:01,2026-06-12,08:30,60,Outdoor 4,24.0,frei,8
2026-06-04T09:59:01,2026-06-12,08:30,90,Outdoor 4,36.0,frei,8
2026-06-04T09:59:01,2026-06-12,08:30,120,Outdoor 4,48.0,frei,8
2026-06-04T09:59:01,2026-06-12,08:30,150,Outdoor 4,60.0,frei,8
2026-06-04T09:59:01,2026-06-12,09:00,60,Outdoor 4,24.0,frei,8
2026-06-04T09:59:01,2026-06-12,09:00,90,Outdoor 4,36.0,frei,8
2026-06-04T09:59:01,2026-06-12,09:00,120,Outdoor 4,48.0,frei,8
2026-06-04T09:59:01,2026-06-12,09:00,150,Outdoor 4,60.0,frei,8
2026-06-04T09:59:01,2026-06-12,09:30,60,Outdoor 4,24.0,frei,8
2026-06-04T09:59:01,2026-06-12,09:30,90,Outdoor 4,36.0,frei,8
2026-06-04T09:59:01,2026-06-12,09:30,120,Outdoor 4,48.0,frei,8
2026-06-04T09:59:01,2026-06-12,09:30,150,Outdoor 4,60.0,frei,8
2026-06-04T09:59:01,2026-06-12,10:00,60,Outdoor 4,24.0,frei,8
2026-06-04T09:59:01,2026-06-12,10:00,90,Outdoor 4,36.0,frei,8
2026-06-04T09:59:01,2026-06-12,10:00,120,Outdoor 4,48.0,frei,8
2026-06-04T09:59:01,2026-06-12,10:00,150,Outdoor 4,60.0,frei,8
2026-06-04T09:59:01,2026-06-12,10:30,60,Outdoor 4,24.0,frei,8
2026-06-04T09:59:01,2026-06-12,10:30,90,Outdoor 4,36.0,frei,8
2026-06-04T09:59:01,2026-06-12,10:30,120,Outdoor 4,48.0,frei,8
2026-06-04T09:59:01,2026-06-12,10:30,150,Outdoor 4,60.0,frei,8
2026-06-04T09:59:01,2026-06-12,11:00,60,Outdoor 4,24.0,frei,8
2026-06-04T09:59:01,2026-06-12,11:00,90,Outdoor 4,36.0,frei,8
2026-06-04T09:59:01,2026-06-12,11:00,120,Outdoor 4,48.0,frei,8
2026-06-04T09:59:01,2026-06-12,11:00,150,Outdoor 4,60.0,frei,8
2026-06-04T09:59:01,2026-06-12,11:30,60,Outdoor 4,24.0,frei,8
2026-06-04T09:59:01,2026-06-12,11:30,90,Outdoor 4,36.0,frei,8
2026-06-04T09:59:01,2026-06-12,11:30,120,Outdoor 4,48.0,frei,8
2026-06-04T09:59:01,2026-06-12,11:30,150,Outdoor 4,60.0,frei,8
2026-06-04T09:59:01,2026-06-12,12:00,60,Outdoor 4,24.0,frei,8
2026-06-04T09:59:01,2026-06-12,12:00,90,Outdoor 4,36.0,frei,8
2026-06-04T09:59:01,2026-06-12,12:00,120,Outdoor 4,48.0,frei,8
2026-06-04T09:59:01,2026-06-12,12:00,150,Outdoor 4,60.0,frei,8
2026-06-04T09:59:01,2026-06-12,12:30,60,Outdoor 4,24.0,frei,8
2026-06-04T09:59:01,2026-06-12,12:30,90,Outdoor 4,36.0,frei,8
2026-06-04T09:59:01,2026-06-12,12:30,120,Outdoor 4,48.0,frei,8
2026-06-04T09:59:01,2026-06-12,12:30,150,Outdoor 4,60.0,frei,8
2026-06-04T09:59:01,2026-06-12,13:00,60,Outdoor 4,24.0,frei,8
2026-06-04T09:59:01,2026-06-12,13:00,90,Outdoor 4,36.0,frei,8
2026-06-04T09:59:01,2026-06-12,13:00,120,Outdoor 4,48.0,frei,8
2026-06-04T09:59:01,2026-06-12,13:30,60,Outdoor 4,24.0,frei,8
2026-06-04T09:59:01,2026-06-12,13:30,90,Outdoor 4,36.0,frei,8
2026-06-04T09:59:01,2026-06-12,13:30,150,Outdoor 4,60.0,frei,8
2026-06-04T09:59:01,2026-06-12,14:00,60,Outdoor 4,24.0,frei,8
2026-06-04T09:59:01,2026-06-12,14:00,120,Outdoor 4,48.0,frei,8
2026-06-04T09:59:01,2026-06-12,14:30,90,Outdoor 4,36.0,frei,8
2026-06-04T09:59:01,2026-06-12,15:00,60,Outdoor 4,24.0,frei,8
2026-06-04T09:59:01,2026-06-12,08:00,60,Indoor 4,30.0,frei,8
2026-06-04T09:59:01,2026-06-12,08:00,90,Indoor 4,45.0,frei,8
2026-06-04T09:59:01,2026-06-12,08:00,120,Indoor 4,60.0,frei,8
2026-06-04T09:59:01,2026-06-12,09:00,60,Indoor 4,30.0,frei,8
2026-06-04T09:59:01,2026-06-12,09:00,90,Indoor 4,45.0,frei,8
2026-06-04T09:59:01,2026-06-12,09:00,120,Indoor 4,60.0,frei,8
2026-06-04T09:59:01,2026-06-12,09:30,60,Indoor 4,30.0,frei,8
2026-06-04T09:59:01,2026-06-12,09:30,90,Indoor 4,45.0,frei,8
2026-06-04T09:59:01,2026-06-12,09:30,120,Indoor 4,60.0,frei,8
2026-06-04T09:59:01,2026-06-12,10:00,60,Indoor 4,30.0,frei,8
2026-06-04T09:59:01,2026-06-12,10:00,90,Indoor 4,45.0,frei,8
2026-06-04T09:59:01,2026-06-12,10:00,120,Indoor 4,60.0,frei,8
2026-06-04T09:59:01,2026-06-12,10:30,60,Indoor 4,30.0,frei,8
2026-06-04T09:59:01,2026-06-12,10:30,90,Indoor 4,45.0,frei,8
2026-06-04T09:59:01,2026-06-12,10:30,120,Indoor 4,60.0,frei,8
2026-06-04T09:59:01,2026-06-12,11:00,60,Indoor 4,30.0,frei,8
2026-06-04T09:59:01,2026-06-12,11:00,90,Indoor 4,45.0,frei,8
2026-06-04T09:59:01,2026-06-12,11:00,120,Indoor 4,60.0,frei,8
2026-06-04T09:59:01,2026-06-12,11:30,60,Indoor 4,30.0,frei,8
2026-06-04T09:59:01,2026-06-12,11:30,90,Indoor 4,45.0,frei,8
2026-06-04T09:59:01,2026-06-12,11:30,120,Indoor 4,60.0,frei,8
2026-06-04T09:59:01,2026-06-12,12:00,60,Indoor 4,30.0,frei,8
2026-06-04T09:59:01,2026-06-12,12:00,90,Indoor 4,45.0,frei,8
2026-06-04T09:59:01,2026-06-12,12:00,120,Indoor 4,60.0,frei,8
2026-06-04T09:59:01,2026-06-12,12:30,60,Indoor 4,30.0,frei,8
2026-06-04T09:59:01,2026-06-12,12:30,90,Indoor 4,45.0,frei,8
2026-06-04T09:59:01,2026-06-12,12:30,120,Indoor 4,60.0,frei,8
2026-06-04T09:59:01,2026-06-12,13:00,60,Indoor 4,30.0,frei,8
2026-06-04T09:59:01,2026-06-12,13:00,90,Indoor 4,45.0,frei,8
2026-06-04T09:59:01,2026-06-12,13:30,60,Indoor 4,30.0,frei,8
2026-06-04T09:59:01,2026-06-12,13:30,120,Indoor 4,60.0,frei,8
2026-06-04T09:59:01,2026-06-12,14:00,90,Indoor 4,45.0,frei,8
2026-06-04T09:59:01,2026-06-12,14:30,60,Indoor 4,30.0,frei,8
2026-06-04T09:59:01,2026-06-12,23:00,60,Indoor 4,30.0,frei,8
2026-06-04T09:59:01,2026-06-12,08:00,60,Single Indoor,22.0,frei,8
2026-06-04T09:59:01,2026-06-12,08:00,90,Single Indoor,33.0,frei,8
2026-06-04T09:59:01,2026-06-12,08:00,120,Single Indoor,44.0,frei,8
2026-06-04T09:59:01,2026-06-12,09:00,60,Single Indoor,22.0,frei,8
2026-06-04T09:59:01,2026-06-12,09:00,90,Single Indoor,33.0,frei,8
2026-06-04T09:59:01,2026-06-12,09:00,120,Single Indoor,44.0,frei,8
2026-06-04T09:59:01,2026-06-12,09:30,60,Single Indoor,22.0,frei,8
2026-06-04T09:59:01,2026-06-12,09:30,90,Single Indoor,33.0,frei,8
2026-06-04T09:59:01,2026-06-12,09:30,120,Single Indoor,44.0,frei,8
2026-06-04T09:59:01,2026-06-12,10:00,60,Single Indoor,22.0,frei,8
2026-06-04T09:59:01,2026-06-12,10:00,90,Single Indoor,33.0,frei,8
2026-06-04T09:59:01,2026-06-12,10:00,120,Single Indoor,44.0,frei,8
2026-06-04T09:59:01,2026-06-12,10:30,60,Single Indoor,22.0,frei,8
2026-06-04T09:59:01,2026-06-12,10:30,90,Single Indoor,33.0,frei,8
2026-06-04T09:59:01,2026-06-12,10:30,120,Single Indoor,44.0,frei,8
2026-06-04T09:59:01,2026-06-12,11:00,60,Single Indoor,22.0,frei,8
2026-06-04T09:59:01,2026-06-12,11:00,90,Single Indoor,33.0,frei,8
2026-06-04T09:59:01,2026-06-12,11:00,120,Single Indoor,44.0,frei,8
2026-06-04T09:59:01,2026-06-12,11:30,60,Single Indoor,22.0,frei,8
2026-06-04T09:59:01,2026-06-12,11:30,90,Single Indoor,33.0,frei,8
2026-06-04T09:59:01,2026-06-12,11:30,120,Single Indoor,44.0,frei,8
2026-06-04T09:59:01,2026-06-12,12:00,60,Single Indoor,22.0,frei,8
2026-06-04T09:59:01,2026-06-12,12:00,90,Single Indoor,33.0,frei,8
2026-06-04T09:59:01,2026-06-12,12:30,60,Single Indoor,22.0,frei,8
2026-06-04T09:59:01,2026-06-12,12:30,120,Single Indoor,44.0,frei,8
2026-06-04T09:59:01,2026-06-12,13:00,90,Single Indoor,33.0,frei,8
2026-06-04T09:59:01,2026-06-12,13:30,60,Single Indoor,22.0,frei,8
2026-06-04T09:59:01,2026-06-12,21:30,60,Single Indoor,30.0,frei,8
2026-06-04T09:59:01,2026-06-12,21:30,90,Single Indoor,41.0,frei,8
2026-06-04T09:59:01,2026-06-12,22:30,90,Single Indoor,33.0,frei,8
2026-06-04T09:59:01,2026-06-12,23:00,60,Single Indoor,22.0,frei,8
2026-06-04T09:59:01,2026-06-12,08:00,60,Indoor 2,30.0,frei,8
2026-06-04T09:59:01,2026-06-12,08:00,90,Indoor 2,45.0,frei,8
2026-06-04T09:59:01,2026-06-12,08:00,120,Indoor 2,60.0,frei,8
2026-06-04T09:59:01,2026-06-12,09:00,60,Indoor 2,30.0,frei,8
2026-06-04T09:59:01,2026-06-12,09:00,90,Indoor 2,45.0,frei,8
2026-06-04T09:59:01,2026-06-12,09:00,120,Indoor 2,60.0,frei,8
2026-06-04T09:59:01,2026-06-12,09:30,60,Indoor 2,30.0,frei,8
2026-06-04T09:59:01,2026-06-12,09:30,90,Indoor 2,45.0,frei,8
2026-06-04T09:59:01,2026-06-12,09:30,120,Indoor 2,60.0,frei,8
2026-06-04T09:59:01,2026-06-12,10:00,60,Indoor 2,30.0,frei,8
2026-06-04T09:59:01,2026-06-12,10:00,90,Indoor 2,45.0,frei,8
2026-06-04T09:59:01,2026-06-12,10:00,120,Indoor 2,60.0,frei,8
2026-06-04T09:59:01,2026-06-12,10:30,60,Indoor 2,30.0,frei,8
2026-06-04T09:59:01,2026-06-12,10:30,90,Indoor 2,45.0,frei,8
2026-06-04T09:59:01,2026-06-12,10:30,120,Indoor 2,60.0,frei,8
2026-06-04T09:59:01,2026-06-12,11:00,60,Indoor 2,30.0,frei,8
2026-06-04T09:59:01,2026-06-12,11:00,90,Indoor 2,45.0,frei,8
2026-06-04T09:59:01,2026-06-12,11:00,120,Indoor 2,60.0,frei,8
2026-06-04T09:59:01,2026-06-12,11:30,60,Indoor 2,30.0,frei,8
2026-06-04T09:59:01,2026-06-12,11:30,90,Indoor 2,45.0,frei,8
2026-06-04T09:59:01,2026-06-12,11:30,120,Indoor 2,60.0,frei,8
2026-06-04T09:59:01,2026-06-12,12:00,60,Indoor 2,30.0,frei,8
2026-06-04T09:59:01,2026-06-12,12:00,90,Indoor 2,45.0,frei,8
2026-06-04T09:59:01,2026-06-12,12:00,120,Indoor 2,60.0,frei,8
2026-06-04T09:59:01,2026-06-12,12:30,60,Indoor 2,30.0,frei,8
2026-06-04T09:59:01,2026-06-12,12:30,90,Indoor 2,45.0,frei,8
2026-06-04T09:59:01,2026-06-12,12:30,120,Indoor 2,60.0,frei,8
2026-06-04T09:59:01,2026-06-12,13:00,60,Indoor 2,30.0,frei,8
2026-06-04T09:59:01,2026-06-12,13:00,90,Indoor 2,45.0,frei,8
2026-06-04T09:59:01,2026-06-12,13:00,120,Indoor 2,60.0,frei,8
2026-06-04T09:59:01,2026-06-12,13:30,60,Indoor 2,30.0,frei,8
2026-06-04T09:59:01,2026-06-12,13:30,90,Indoor 2,45.0,frei,8
2026-06-04T09:59:01,2026-06-12,14:00,60,Indoor 2,30.0,frei,8
2026-06-04T09:59:01,2026-06-12,14:00,120,Indoor 2,60.0,frei,8
2026-06-04T09:59:01,2026-06-12,14:30,90,Indoor 2,45.0,frei,8
2026-06-04T09:59:01,2026-06-12,15:00,60,Indoor 2,30.0,frei,8
2026-06-04T09:59:01,2026-06-12,08:00,60,Outdoor 2,24.0,frei,8
2026-06-04T09:59:01,2026-06-12,08:00,120,Outdoor 2,48.0,frei,8
2026-06-04T09:59:01,2026-06-12,08:30,90,Outdoor 2,36.0,frei,8
2026-06-04T09:59:01,2026-06-12,09:00,60,Outdoor 2,24.0,frei,8
2026-06-04T09:59:01,2026-06-12,11:30,60,Outdoor 2,24.0,frei,8
2026-06-04T09:59:01,2026-06-12,11:30,90,Outdoor 2,36.0,frei,8
2026-06-04T09:59:01,2026-06-12,11:30,120,Outdoor 2,48.0,frei,8
2026-06-04T09:59:01,2026-06-12,11:30,150,Outdoor 2,60.0,frei,8
2026-06-04T09:59:01,2026-06-12,12:30,60,Outdoor 2,24.0,frei,8
2026-06-04T09:59:01,2026-06-12,12:30,90,Outdoor 2,36.0,frei,8
2026-06-04T09:59:01,2026-06-12,12:30,150,Outdoor 2,60.0,frei,8
2026-06-04T09:59:01,2026-06-12,13:00,60,Outdoor 2,24.0,frei,8
2026-06-04T09:59:01,2026-06-12,13:00,120,Outdoor 2,48.0,frei,8
2026-06-04T09:59:01,2026-06-12,13:30,90,Outdoor 2,36.0,frei,8
2026-06-04T09:59:01,2026-06-12,14:00,60,Outdoor 2,24.0,frei,8
2026-06-04T09:59:01,2026-06-12,08:00,60,Indoor 1,30.0,frei,8
2026-06-04T09:59:01,2026-06-12,08:00,90,Indoor 1,45.0,frei,8
2026-06-04T09:59:01,2026-06-12,08:00,120,Indoor 1,60.0,frei,8
2026-06-04T09:59:01,2026-06-12,09:00,60,Indoor 1,30.0,frei,8
2026-06-04T09:59:01,2026-06-12,09:00,90,Indoor 1,45.0,frei,8
2026-06-04T09:59:01,2026-06-12,09:00,120,Indoor 1,60.0,frei,8
2026-06-04T09:59:01,2026-06-12,09:30,60,Indoor 1,30.0,frei,8
2026-06-04T09:59:01,2026-06-12,09:30,90,Indoor 1,45.0,frei,8
2026-06-04T09:59:01,2026-06-12,09:30,120,Indoor 1,60.0,frei,8
2026-06-04T09:59:01,2026-06-12,10:00,60,Indoor 1,30.0,frei,8
2026-06-04T09:59:01,2026-06-12,10:00,90,Indoor 1,45.0,frei,8
2026-06-04T09:59:01,2026-06-12,10:00,120,Indoor 1,60.0,frei,8
2026-06-04T09:59:01,2026-06-12,10:30,60,Indoor 1,30.0,frei,8
2026-06-04T09:59:01,2026-06-12,10:30,90,Indoor 1,45.0,frei,8
2026-06-04T09:59:01,2026-06-12,10:30,120,Indoor 1,60.0,frei,8
2026-06-04T09:59:01,2026-06-12,11:00,60,Indoor 1,30.0,frei,8
2026-06-04T09:59:01,2026-06-12,11:00,90,Indoor 1,45.0,frei,8
2026-06-04T09:59:01,2026-06-12,11:00,120,Indoor 1,60.0,frei,8
2026-06-04T09:59:01,2026-06-12,11:30,60,Indoor 1,30.0,frei,8
2026-06-04T09:59:01,2026-06-12,11:30,90,Indoor 1,45.0,frei,8
2026-06-04T09:59:01,2026-06-12,11:30,120,Indoor 1,60.0,frei,8
2026-06-04T09:59:01,2026-06-12,12:00,60,Indoor 1,30.0,frei,8
2026-06-04T09:59:01,2026-06-12,12:00,90,Indoor 1,45.0,frei,8
2026-06-04T09:59:01,2026-06-12,12:00,120,Indoor 1,60.0,frei,8
2026-06-04T09:59:01,2026-06-12,12:30,60,Indoor 1,30.0,frei,8
2026-06-04T09:59:01,2026-06-12,12:30,90,Indoor 1,45.0,frei,8
2026-06-04T09:59:01,2026-06-12,13:00,60,Indoor 1,30.0,frei,8
2026-06-04T09:59:01,2026-06-12,13:00,120,Indoor 1,60.0,frei,8
2026-06-04T09:59:01,2026-06-12,13:30,90,Indoor 1,45.0,frei,8
2026-06-04T09:59:01,2026-06-12,14:00,60,Indoor 1,30.0,frei,8
2026-06-04T09:59:01,2026-06-12,23:00,60,Indoor 1,30.0,frei,8
2026-06-04T09:59:01,2026-06-12,08:00,60,Outdoor 1,24.0,frei,8
2026-06-04T09:59:01,2026-06-12,08:00,90,Outdoor 1,36.0,frei,8
2026-06-04T09:59:01,2026-06-12,08:00,120,Outdoor 1,48.0,frei,8
2026-06-04T09:59:01,2026-06-12,08:00,150,Outdoor 1,60.0,frei,8
2026-06-04T09:59:01,2026-06-12,08:30,60,Outdoor 1,24.0,frei,8
2026-06-04T09:59:01,2026-06-12,08:30,90,Outdoor 1,36.0,frei,8
2026-06-04T09:59:01,2026-06-12,08:30,120,Outdoor 1,48.0,frei,8
2026-06-04T09:59:01,2026-06-12,08:30,150,Outdoor 1,60.0,frei,8
2026-06-04T09:59:01,2026-06-12,09:00,60,Outdoor 1,24.0,frei,8
2026-06-04T09:59:01,2026-06-12,09:00,90,Outdoor 1,36.0,frei,8
2026-06-04T09:59:01,2026-06-12,09:00,120,Outdoor 1,48.0,frei,8
2026-06-04T09:59:01,2026-06-12,09:00,150,Outdoor 1,60.0,frei,8
2026-06-04T09:59:01,2026-06-12,09:30,60,Outdoor 1,24.0,frei,8
2026-06-04T09:59:01,2026-06-12,09:30,90,Outdoor 1,36.0,frei,8
2026-06-04T09:59:01,2026-06-12,09:30,120,Outdoor 1,48.0,frei,8
2026-06-04T09:59:01,2026-06-12,09:30,150,Outdoor 1,60.0,frei,8
2026-06-04T09:59:01,2026-06-12,10:00,60,Outdoor 1,24.0,frei,8
2026-06-04T09:59:01,2026-06-12,10:00,90,Outdoor 1,36.0,frei,8
2026-06-04T09:59:01,2026-06-12,10:00,120,Outdoor 1,48.0,frei,8
2026-06-04T09:59:01,2026-06-12,10:00,150,Outdoor 1,60.0,frei,8
2026-06-04T09:59:01,2026-06-12,10:30,60,Outdoor 1,24.0,frei,8
2026-06-04T09:59:01,2026-06-12,10:30,90,Outdoor 1,36.0,frei,8
2026-06-04T09:59:01,2026-06-12,10:30,120,Outdoor 1,48.0,frei,8
2026-06-04T09:59:01,2026-06-12,10:30,150,Outdoor 1,60.0,frei,8
2026-06-04T09:59:01,2026-06-12,11:00,60,Outdoor 1,24.0,frei,8
2026-06-04T09:59:01,2026-06-12,11:00,90,Outdoor 1,36.0,frei,8
2026-06-04T09:59:01,2026-06-12,11:00,120,Outdoor 1,48.0,frei,8
2026-06-04T09:59:01,2026-06-12,11:30,60,Outdoor 1,24.0,frei,8
2026-06-04T09:59:01,2026-06-12,11:30,90,Outdoor 1,36.0,frei,8
2026-06-04T09:59:01,2026-06-12,11:30,150,Outdoor 1,60.0,frei,8
2026-06-04T09:59:01,2026-06-12,12:00,60,Outdoor 1,24.0,frei,8
2026-06-04T09:59:01,2026-06-12,12:00,120,Outdoor 1,48.0,frei,8
2026-06-04T09:59:01,2026-06-12,12:30,90,Outdoor 1,36.0,frei,8
2026-06-04T09:59:01,2026-06-12,13:00,60,Outdoor 1,24.0,frei,8
2026-06-04T09:59:01,2026-06-13,08:00,60,Indoor 3,42.0,frei,9
2026-06-04T09:59:01,2026-06-13,10:30,60,Indoor 3,42.0,frei,9
2026-06-04T09:59:01,2026-06-13,13:00,60,Indoor 3,42.0,frei,9
2026-06-04T09:59:01,2026-06-13,13:00,90,Indoor 3,63.0,frei,9
2026-06-04T09:59:01,2026-06-13,13:00,120,Indoor 3,84.0,frei,9
2026-06-04T09:59:01,2026-06-13,14:00,60,Indoor 3,42.0,frei,9
2026-06-04T09:59:01,2026-06-13,14:00,90,Indoor 3,63.0,frei,9
2026-06-04T09:59:01,2026-06-13,14:00,120,Indoor 3,84.0,frei,9
2026-06-04T09:59:01,2026-06-13,14:30,60,Indoor 3,42.0,frei,9
2026-06-04T09:59:01,2026-06-13,14:30,90,Indoor 3,63.0,frei,9
2026-06-04T09:59:01,2026-06-13,14:30,120,Indoor 3,84.0,frei,9
2026-06-04T09:59:01,2026-06-13,15:00,60,Indoor 3,42.0,frei,9
2026-06-04T09:59:01,2026-06-13,15:00,90,Indoor 3,63.0,frei,9
2026-06-04T09:59:01,2026-06-13,15:00,120,Indoor 3,84.0,frei,9
2026-06-04T09:59:01,2026-06-13,15:30,60,Indoor 3,42.0,frei,9
2026-06-04T09:59:01,2026-06-13,15:30,90,Indoor 3,63.0,frei,9
2026-06-04T09:59:01,2026-06-13,15:30,120,Indoor 3,84.0,frei,9
2026-06-04T09:59:01,2026-06-13,16:00,60,Indoor 3,42.0,frei,9
2026-06-04T09:59:01,2026-06-13,16:00,90,Indoor 3,63.0,frei,9
2026-06-04T09:59:01,2026-06-13,16:00,120,Indoor 3,84.0,frei,9
2026-06-04T09:59:01,2026-06-13,16:30,60,Indoor 3,42.0,frei,9
2026-06-04T09:59:01,2026-06-13,16:30,90,Indoor 3,63.0,frei,9
2026-06-04T09:59:01,2026-06-13,16:30,120,Indoor 3,84.0,frei,9
2026-06-04T09:59:01,2026-06-13,17:00,60,Indoor 3,42.0,frei,9
2026-06-04T09:59:01,2026-06-13,17:00,90,Indoor 3,63.0,frei,9
2026-06-04T09:59:01,2026-06-13,17:00,120,Indoor 3,84.0,frei,9
2026-06-04T09:59:01,2026-06-13,17:30,60,Indoor 3,42.0,frei,9
2026-06-04T09:59:01,2026-06-13,17:30,90,Indoor 3,63.0,frei,9
2026-06-04T09:59:01,2026-06-13,17:30,120,Indoor 3,84.0,frei,9
2026-06-04T09:59:01,2026-06-13,18:00,60,Indoor 3,42.0,frei,9
2026-06-04T09:59:01,2026-06-13,18:00,90,Indoor 3,63.0,frei,9
2026-06-04T09:59:01,2026-06-13,18:00,120,Indoor 3,84.0,frei,9
2026-06-04T09:59:01,2026-06-13,18:30,60,Indoor 3,42.0,frei,9
2026-06-04T09:59:01,2026-06-13,18:30,90,Indoor 3,63.0,frei,9
2026-06-04T09:59:01,2026-06-13,18:30,120,Indoor 3,84.0,frei,9
2026-06-04T09:59:01,2026-06-13,19:00,60,Indoor 3,42.0,frei,9
2026-06-04T09:59:01,2026-06-13,19:00,90,Indoor 3,63.0,frei,9
2026-06-04T09:59:01,2026-06-13,19:00,120,Indoor 3,84.0,frei,9
2026-06-04T09:59:01,2026-06-13,19:30,60,Indoor 3,42.0,frei,9
2026-06-04T09:59:01,2026-06-13,19:30,90,Indoor 3,63.0,frei,9
2026-06-04T09:59:01,2026-06-13,19:30,120,Indoor 3,84.0,frei,9
2026-06-04T09:59:01,2026-06-13,20:00,60,Indoor 3,42.0,frei,9
2026-06-04T09:59:01,2026-06-13,20:00,90,Indoor 3,63.0,frei,9
2026-06-04T09:59:01,2026-06-13,20:00,120,Indoor 3,84.0,frei,9
2026-06-04T09:59:01,2026-06-13,20:30,60,Indoor 3,42.0,frei,9
2026-06-04T09:59:01,2026-06-13,20:30,90,Indoor 3,63.0,frei,9
2026-06-04T09:59:01,2026-06-13,20:30,120,Indoor 3,84.0,frei,9
2026-06-04T09:59:01,2026-06-13,21:00,60,Indoor 3,42.0,frei,9
2026-06-04T09:59:01,2026-06-13,21:00,90,Indoor 3,63.0,frei,9
2026-06-04T09:59:01,2026-06-13,21:00,120,Indoor 3,78.0,frei,9
2026-06-04T09:59:01,2026-06-13,21:30,60,Indoor 3,42.0,frei,9
2026-06-04T09:59:01,2026-06-13,21:30,90,Indoor 3,57.0,frei,9
2026-06-04T09:59:01,2026-06-13,22:00,60,Indoor 3,36.0,frei,9
2026-06-04T09:59:01,2026-06-13,22:00,120,Indoor 3,66.0,frei,9
2026-06-04T09:59:01,2026-06-13,22:30,90,Indoor 3,45.0,frei,9
2026-06-04T09:59:01,2026-06-13,23:00,60,Indoor 3,30.0,frei,9
2026-06-04T09:59:01,2026-06-13,09:00,60,Outdoor 4,36.0,frei,9
2026-06-04T09:59:01,2026-06-13,15:00,90,Outdoor 4,54.0,frei,9
2026-06-04T09:59:01,2026-06-13,20:00,60,Outdoor 4,36.0,frei,9
2026-06-04T09:59:01,2026-06-13,20:00,120,Outdoor 4,72.0,frei,9
2026-06-04T09:59:01,2026-06-13,21:00,60,Outdoor 4,36.0,frei,9
2026-06-04T09:59:01,2026-06-13,08:00,60,Indoor 4,42.0,frei,9
2026-06-04T09:59:01,2026-06-13,13:30,60,Indoor 4,42.0,frei,9
2026-06-04T09:59:01,2026-06-13,13:30,90,Indoor 4,63.0,frei,9
2026-06-04T09:59:01,2026-06-13,13:30,120,Indoor 4,84.0,frei,9
2026-06-04T09:59:01,2026-06-13,14:30,60,Indoor 4,42.0,frei,9
2026-06-04T09:59:01,2026-06-13,14:30,90,Indoor 4,63.0,frei,9
2026-06-04T09:59:01,2026-06-13,14:30,120,Indoor 4,84.0,frei,9
2026-06-04T09:59:01,2026-06-13,15:00,60,Indoor 4,42.0,frei,9
2026-06-04T09:59:01,2026-06-13,15:00,90,Indoor 4,63.0,frei,9
2026-06-04T09:59:01,2026-06-13,15:00,120,Indoor 4,84.0,frei,9
2026-06-04T09:59:01,2026-06-13,15:30,60,Indoor 4,42.0,frei,9
2026-06-04T09:59:01,2026-06-13,15:30,90,Indoor 4,63.0,frei,9
2026-06-04T09:59:01,2026-06-13,15:30,120,Indoor 4,84.0,frei,9
2026-06-04T09:59:01,2026-06-13,16:00,60,Indoor 4,42.0,frei,9
2026-06-04T09:59:01,2026-06-13,16:00,90,Indoor 4,63.0,frei,9
2026-06-04T09:59:01,2026-06-13,16:00,120,Indoor 4,84.0,frei,9
2026-06-04T09:59:01,2026-06-13,16:30,60,Indoor 4,42.0,frei,9
2026-06-04T09:59:01,2026-06-13,16:30,90,Indoor 4,63.0,frei,9
2026-06-04T09:59:01,2026-06-13,16:30,120,Indoor 4,84.0,frei,9
2026-06-04T09:59:01,2026-06-13,17:00,60,Indoor 4,42.0,frei,9
2026-06-04T09:59:01,2026-06-13,17:00,90,Indoor 4,63.0,frei,9
2026-06-04T09:59:01,2026-06-13,17:00,120,Indoor 4,84.0,frei,9
2026-06-04T09:59:01,2026-06-13,17:30,60,Indoor 4,42.0,frei,9
2026-06-04T09:59:01,2026-06-13,17:30,90,Indoor 4,63.0,frei,9
2026-06-04T09:59:01,2026-06-13,17:30,120,Indoor 4,84.0,frei,9
2026-06-04T09:59:01,2026-06-13,18:00,60,Indoor 4,42.0,frei,9
2026-06-04T09:59:01,2026-06-13,18:00,90,Indoor 4,63.0,frei,9
2026-06-04T09:59:01,2026-06-13,18:00,120,Indoor 4,84.0,frei,9
2026-06-04T09:59:01,2026-06-13,18:30,60,Indoor 4,42.0,frei,9
2026-06-04T09:59:01,2026-06-13,18:30,90,Indoor 4,63.0,frei,9
2026-06-04T09:59:01,2026-06-13,18:30,120,Indoor 4,84.0,frei,9
2026-06-04T09:59:01,2026-06-13,19:00,60,Indoor 4,42.0,frei,9
2026-06-04T09:59:01,2026-06-13,19:00,90,Indoor 4,63.0,frei,9
2026-06-04T09:59:01,2026-06-13,19:00,120,Indoor 4,84.0,frei,9
2026-06-04T09:59:01,2026-06-13,19:30,60,Indoor 4,42.0,frei,9
2026-06-04T09:59:01,2026-06-13,19:30,90,Indoor 4,63.0,frei,9
2026-06-04T09:59:01,2026-06-13,19:30,120,Indoor 4,84.0,frei,9
2026-06-04T09:59:01,2026-06-13,20:00,60,Indoor 4,42.0,frei,9
2026-06-04T09:59:01,2026-06-13,20:00,90,Indoor 4,63.0,frei,9
2026-06-04T09:59:01,2026-06-13,20:00,120,Indoor 4,84.0,frei,9
2026-06-04T09:59:01,2026-06-13,20:30,60,Indoor 4,42.0,frei,9
2026-06-04T09:59:01,2026-06-13,20:30,90,Indoor 4,63.0,frei,9
2026-06-04T09:59:01,2026-06-13,20:30,120,Indoor 4,84.0,frei,9
2026-06-04T09:59:01,2026-06-13,21:00,60,Indoor 4,42.0,frei,9
2026-06-04T09:59:01,2026-06-13,21:00,90,Indoor 4,63.0,frei,9
2026-06-04T09:59:01,2026-06-13,21:00,120,Indoor 4,78.0,frei,9
2026-06-04T09:59:01,2026-06-13,21:30,60,Indoor 4,42.0,frei,9
2026-06-04T09:59:01,2026-06-13,21:30,90,Indoor 4,57.0,frei,9
2026-06-04T09:59:01,2026-06-13,22:00,60,Indoor 4,36.0,frei,9
2026-06-04T09:59:01,2026-06-13,22:00,120,Indoor 4,66.0,frei,9
2026-06-04T09:59:01,2026-06-13,22:30,90,Indoor 4,45.0,frei,9
2026-06-04T09:59:01,2026-06-13,23:00,60,Indoor 4,30.0,frei,9
2026-06-04T09:59:01,2026-06-13,15:00,60,Single Indoor,30.0,frei,9
2026-06-04T09:59:01,2026-06-13,15:00,90,Single Indoor,45.0,frei,9
2026-06-04T09:59:01,2026-06-13,15:00,120,Single Indoor,60.0,frei,9
2026-06-04T09:59:01,2026-06-13,16:00,60,Single Indoor,30.0,frei,9
2026-06-04T09:59:01,2026-06-13,16:00,90,Single Indoor,45.0,frei,9
2026-06-04T09:59:01,2026-06-13,16:00,120,Single Indoor,60.0,frei,9
2026-06-04T09:59:01,2026-06-13,16:30,60,Single Indoor,30.0,frei,9
2026-06-04T09:59:01,2026-06-13,16:30,90,Single Indoor,45.0,frei,9
2026-06-04T09:59:01,2026-06-13,16:30,120,Single Indoor,60.0,frei,9
2026-06-04T09:59:01,2026-06-13,17:00,60,Single Indoor,30.0,frei,9
2026-06-04T09:59:01,2026-06-13,17:00,90,Single Indoor,45.0,frei,9
2026-06-04T09:59:01,2026-06-13,17:00,120,Single Indoor,60.0,frei,9
2026-06-04T09:59:01,2026-06-13,17:30,60,Single Indoor,30.0,frei,9
2026-06-04T09:59:01,2026-06-13,17:30,90,Single Indoor,45.0,frei,9
2026-06-04T09:59:01,2026-06-13,17:30,120,Single Indoor,60.0,frei,9
2026-06-04T09:59:01,2026-06-13,18:00,60,Single Indoor,30.0,frei,9
2026-06-04T09:59:01,2026-06-13,18:00,90,Single Indoor,45.0,frei,9
2026-06-04T09:59:01,2026-06-13,18:00,120,Single Indoor,60.0,frei,9
2026-06-04T09:59:01,2026-06-13,18:30,60,Single Indoor,30.0,frei,9
2026-06-04T09:59:01,2026-06-13,18:30,90,Single Indoor,45.0,frei,9
2026-06-04T09:59:01,2026-06-13,18:30,120,Single Indoor,60.0,frei,9
2026-06-04T09:59:01,2026-06-13,19:00,60,Single Indoor,30.0,frei,9
2026-06-04T09:59:01,2026-06-13,19:00,90,Single Indoor,45.0,frei,9
2026-06-04T09:59:01,2026-06-13,19:00,120,Single Indoor,60.0,frei,9
2026-06-04T09:59:01,2026-06-13,19:30,60,Single Indoor,30.0,frei,9
2026-06-04T09:59:01,2026-06-13,19:30,90,Single Indoor,45.0,frei,9
2026-06-04T09:59:01,2026-06-13,19:30,120,Single Indoor,60.0,frei,9
2026-06-04T09:59:01,2026-06-13,20:00,60,Single Indoor,30.0,frei,9
2026-06-04T09:59:01,2026-06-13,20:00,90,Single Indoor,45.0,frei,9
2026-06-04T09:59:01,2026-06-13,20:00,120,Single Indoor,60.0,frei,9
2026-06-04T09:59:01,2026-06-13,20:30,60,Single Indoor,30.0,frei,9
2026-06-04T09:59:01,2026-06-13,20:30,90,Single Indoor,45.0,frei,9
2026-06-04T09:59:01,2026-06-13,20:30,120,Single Indoor,60.0,frei,9
2026-06-04T09:59:01,2026-06-13,21:00,60,Single Indoor,30.0,frei,9
2026-06-04T09:59:01,2026-06-13,21:00,90,Single Indoor,45.0,frei,9
2026-06-04T09:59:01,2026-06-13,21:00,120,Single Indoor,60.0,frei,9
2026-06-04T09:59:01,2026-06-13,21:30,60,Single Indoor,30.0,frei,9
2026-06-04T09:59:01,2026-06-13,21:30,90,Single Indoor,45.0,frei,9
2026-06-04T09:59:01,2026-06-13,22:00,60,Single Indoor,30.0,frei,9
2026-06-04T09:59:01,2026-06-13,22:00,120,Single Indoor,60.0,frei,9
2026-06-04T09:59:01,2026-06-13,22:30,90,Single Indoor,45.0,frei,9
2026-06-04T09:59:01,2026-06-13,23:00,60,Single Indoor,30.0,frei,9
2026-06-04T09:59:01,2026-06-13,08:00,90,Outdoor 3,54.0,frei,9
2026-06-04T09:59:01,2026-06-13,08:30,60,Outdoor 3,36.0,frei,9
2026-06-04T09:59:01,2026-06-13,16:00,60,Outdoor 3,36.0,frei,9
2026-06-04T09:59:01,2026-06-13,18:30,60,Outdoor 3,36.0,frei,9
2026-06-04T09:59:01,2026-06-13,18:30,90,Outdoor 3,54.0,frei,9
2026-06-04T09:59:01,2026-06-13,18:30,120,Outdoor 3,72.0,frei,9
2026-06-04T09:59:01,2026-06-13,18:30,150,Outdoor 3,90.0,frei,9
2026-06-04T09:59:01,2026-06-13,19:30,60,Outdoor 3,36.0,frei,9
2026-06-04T09:59:01,2026-06-13,19:30,90,Outdoor 3,54.0,frei,9
2026-06-04T09:59:01,2026-06-13,19:30,150,Outdoor 3,90.0,frei,9
2026-06-04T09:59:01,2026-06-13,20:00,60,Outdoor 3,36.0,frei,9
2026-06-04T09:59:01,2026-06-13,20:00,120,Outdoor 3,72.0,frei,9
2026-06-04T09:59:01,2026-06-13,20:30,90,Outdoor 3,54.0,frei,9
2026-06-04T09:59:01,2026-06-13,21:00,60,Outdoor 3,36.0,frei,9
2026-06-04T09:59:01,2026-06-13,08:00,60,Outdoor 2,36.0,frei,9
2026-06-04T09:59:01,2026-06-13,13:00,60,Outdoor 2,36.0,frei,9
2026-06-04T09:59:01,2026-06-13,13:00,90,Outdoor 2,54.0,frei,9
2026-06-04T09:59:01,2026-06-13,13:00,120,Outdoor 2,72.0,frei,9
2026-06-04T09:59:01,2026-06-13,13:00,150,Outdoor 2,90.0,frei,9
2026-06-04T09:59:01,2026-06-13,14:00,60,Outdoor 2,36.0,frei,9
2026-06-04T09:59:01,2026-06-13,14:00,90,Outdoor 2,54.0,frei,9
2026-06-04T09:59:01,2026-06-13,14:00,150,Outdoor 2,90.0,frei,9
2026-06-04T09:59:01,2026-06-13,14:30,60,Outdoor 2,36.0,frei,9
2026-06-04T09:59:01,2026-06-13,14:30,120,Outdoor 2,72.0,frei,9
2026-06-04T09:59:01,2026-06-13,15:00,90,Outdoor 2,54.0,frei,9
2026-06-04T09:59:01,2026-06-13,15:30,60,Outdoor 2,36.0,frei,9
2026-06-04T09:59:01,2026-06-13,20:00,60,Outdoor 2,36.0,frei,9
2026-06-04T09:59:01,2026-06-13,20:00,120,Outdoor 2,72.0,frei,9
2026-06-04T09:59:01,2026-06-13,21:00,60,Outdoor 2,36.0,frei,9
2026-06-04T09:59:01,2026-06-13,08:00,90,Indoor 2,63.0,frei,9
2026-06-04T09:59:01,2026-06-13,15:30,60,Indoor 2,42.0,frei,9
2026-06-04T09:59:01,2026-06-13,18:00,60,Indoor 2,42.0,frei,9
2026-06-04T09:59:01,2026-06-13,20:30,60,Indoor 2,42.0,frei,9
2026-06-04T09:59:01,2026-06-13,20:30,90,Indoor 2,63.0,frei,9
2026-06-04T09:59:01,2026-06-13,20:30,120,Indoor 2,84.0,frei,9
2026-06-04T09:59:01,2026-06-13,21:30,60,Indoor 2,42.0,frei,9
2026-06-04T09:59:01,2026-06-13,21:30,90,Indoor 2,57.0,frei,9
2026-06-04T09:59:01,2026-06-13,22:00,60,Indoor 2,36.0,frei,9
2026-06-04T09:59:01,2026-06-13,22:00,120,Indoor 2,66.0,frei,9
2026-06-04T09:59:01,2026-06-13,22:30,90,Indoor 2,45.0,frei,9
2026-06-04T09:59:01,2026-06-13,23:00,60,Indoor 2,30.0,frei,9
2026-06-04T09:59:01,2026-06-13,08:00,60,Outdoor 1,36.0,frei,9
2026-06-04T09:59:01,2026-06-13,08:00,90,Outdoor 1,54.0,frei,9
2026-06-04T09:59:01,2026-06-13,08:00,150,Outdoor 1,90.0,frei,9
2026-06-04T09:59:01,2026-06-13,08:30,60,Outdoor 1,36.0,frei,9
2026-06-04T09:59:01,2026-06-13,08:30,120,Outdoor 1,72.0,frei,9
2026-06-04T09:59:01,2026-06-13,09:00,90,Outdoor 1,54.0,frei,9
2026-06-04T09:59:01,2026-06-13,09:30,60,Outdoor 1,36.0,frei,9
2026-06-04T09:59:01,2026-06-13,14:30,90,Outdoor 1,54.0,frei,9
2026-06-04T09:59:01,2026-06-13,19:00,60,Outdoor 1,36.0,frei,9
2026-06-04T09:59:01,2026-06-13,19:00,90,Outdoor 1,54.0,frei,9
2026-06-04T09:59:01,2026-06-13,19:00,120,Outdoor 1,72.0,frei,9
2026-06-04T09:59:01,2026-06-13,20:00,60,Outdoor 1,36.0,frei,9
2026-06-04T09:59:01,2026-06-13,20:00,120,Outdoor 1,72.0,frei,9
2026-06-04T09:59:01,2026-06-13,20:30,90,Outdoor 1,54.0,frei,9
2026-06-04T09:59:01,2026-06-13,21:00,60,Outdoor 1,36.0,frei,9
2026-06-04T09:59:01,2026-06-13,08:00,90,Indoor 1,63.0,frei,9
2026-06-04T09:59:01,2026-06-13,14:00,60,Indoor 1,42.0,frei,9
2026-06-04T09:59:01,2026-06-13,17:30,90,Indoor 1,63.0,frei,9
2026-06-04T09:59:01,2026-06-13,20:30,60,Indoor 1,42.0,frei,9
2026-06-04T09:59:01,2026-06-13,20:30,90,Indoor 1,63.0,frei,9
2026-06-04T09:59:01,2026-06-13,20:30,120,Indoor 1,84.0,frei,9
2026-06-04T09:59:01,2026-06-13,21:30,60,Indoor 1,42.0,frei,9
2026-06-04T09:59:01,2026-06-13,21:30,90,Indoor 1,57.0,frei,9
2026-06-04T09:59:01,2026-06-13,22:00,60,Indoor 1,36.0,frei,9
2026-06-04T09:59:01,2026-06-13,22:00,120,Indoor 1,66.0,frei,9
2026-06-04T09:59:01,2026-06-13,22:30,90,Indoor 1,45.0,frei,9
2026-06-04T09:59:01,2026-06-13,23:00,60,Indoor 1,30.0,frei,9
2026-06-04T09:59:01,2026-06-14,08:00,60,Outdoor 3,36.0,frei,10
2026-06-04T09:59:01,2026-06-14,08:00,120,Outdoor 3,72.0,frei,10
2026-06-04T09:59:01,2026-06-14,08:30,90,Outdoor 3,54.0,frei,10
2026-06-04T09:59:01,2026-06-14,09:00,60,Outdoor 3,36.0,frei,10
2026-06-04T09:59:01,2026-06-14,20:30,90,Outdoor 3,54.0,frei,10
2026-06-04T09:59:01,2026-06-14,08:00,60,Outdoor 4,36.0,frei,10
2026-06-04T09:59:01,2026-06-14,08:00,120,Outdoor 4,72.0,frei,10
2026-06-04T09:59:01,2026-06-14,08:30,90,Outdoor 4,54.0,frei,10
2026-06-04T09:59:01,2026-06-14,09:00,60,Outdoor 4,36.0,frei,10
2026-06-04T09:59:01,2026-06-14,17:30,60,Outdoor 4,36.0,frei,10
2026-06-04T09:59:01,2026-06-14,17:30,120,Outdoor 4,72.0,frei,10
2026-06-04T09:59:01,2026-06-14,18:30,60,Outdoor 4,36.0,frei,10
2026-06-04T09:59:01,2026-06-14,08:00,60,Indoor 3,42.0,frei,10
2026-06-04T09:59:01,2026-06-14,15:00,60,Indoor 3,42.0,frei,10
2026-06-04T09:59:01,2026-06-14,19:30,60,Indoor 3,42.0,frei,10
2026-06-04T09:59:01,2026-06-14,19:30,90,Indoor 3,63.0,frei,10
2026-06-04T09:59:01,2026-06-14,19:30,120,Indoor 3,84.0,frei,10
2026-06-04T09:59:01,2026-06-14,20:30,60,Indoor 3,42.0,frei,10
2026-06-04T09:59:01,2026-06-14,20:30,90,Indoor 3,63.0,frei,10
2026-06-04T09:59:01,2026-06-14,20:30,120,Indoor 3,84.0,frei,10
2026-06-04T09:59:01,2026-06-14,21:00,60,Indoor 3,42.0,frei,10
2026-06-04T09:59:01,2026-06-14,21:00,90,Indoor 3,63.0,frei,10
2026-06-04T09:59:01,2026-06-14,21:00,120,Indoor 3,78.0,frei,10
2026-06-04T09:59:01,2026-06-14,21:30,60,Indoor 3,42.0,frei,10
2026-06-04T09:59:01,2026-06-14,21:30,90,Indoor 3,57.0,frei,10
2026-06-04T09:59:01,2026-06-14,22:00,60,Indoor 3,36.0,frei,10
2026-06-04T09:59:01,2026-06-14,22:00,120,Indoor 3,66.0,frei,10
2026-06-04T09:59:01,2026-06-14,22:30,90,Indoor 3,45.0,frei,10
2026-06-04T09:59:01,2026-06-14,23:00,60,Indoor 3,30.0,frei,10
2026-06-04T09:59:01,2026-06-14,08:00,60,Indoor 4,42.0,frei,10
2026-06-04T09:59:01,2026-06-14,08:00,120,Indoor 4,84.0,frei,10
2026-06-04T09:59:01,2026-06-14,09:00,60,Indoor 4,42.0,frei,10
2026-06-04T09:59:01,2026-06-14,15:00,60,Indoor 4,42.0,frei,10
2026-06-04T09:59:01,2026-06-14,17:30,60,Indoor 4,42.0,frei,10
2026-06-04T09:59:01,2026-06-14,17:30,90,Indoor 4,63.0,frei,10
2026-06-04T09:59:01,2026-06-14,17:30,120,Indoor 4,84.0,frei,10
2026-06-04T09:59:01,2026-06-14,18:30,60,Indoor 4,42.0,frei,10
2026-06-04T09:59:01,2026-06-14,18:30,90,Indoor 4,63.0,frei,10
2026-06-04T09:59:01,2026-06-14,18:30,120,Indoor 4,84.0,frei,10
2026-06-04T09:59:01,2026-06-14,19:00,60,Indoor 4,42.0,frei,10
2026-06-04T09:59:01,2026-06-14,19:00,90,Indoor 4,63.0,frei,10
2026-06-04T09:59:01,2026-06-14,19:00,120,Indoor 4,84.0,frei,10
2026-06-04T09:59:01,2026-06-14,19:30,60,Indoor 4,42.0,frei,10
2026-06-04T09:59:01,2026-06-14,19:30,90,Indoor 4,63.0,frei,10
2026-06-04T09:59:01,2026-06-14,19:30,120,Indoor 4,84.0,frei,10
2026-06-04T09:59:01,2026-06-14,20:00,60,Indoor 4,42.0,frei,10
2026-06-04T09:59:01,2026-06-14,20:00,90,Indoor 4,63.0,frei,10
2026-06-04T09:59:01,2026-06-14,20:00,120,Indoor 4,84.0,frei,10
2026-06-04T09:59:01,2026-06-14,20:30,60,Indoor 4,42.0,frei,10
2026-06-04T09:59:01,2026-06-14,20:30,90,Indoor 4,63.0,frei,10
2026-06-04T09:59:01,2026-06-14,20:30,120,Indoor 4,84.0,frei,10
2026-06-04T09:59:01,2026-06-14,21:00,60,Indoor 4,42.0,frei,10
2026-06-04T09:59:01,2026-06-14,21:00,90,Indoor 4,63.0,frei,10
2026-06-04T09:59:01,2026-06-14,21:00,120,Indoor 4,78.0,frei,10
2026-06-04T09:59:01,2026-06-14,21:30,60,Indoor 4,42.0,frei,10
2026-06-04T09:59:01,2026-06-14,21:30,90,Indoor 4,57.0,frei,10
2026-06-04T09:59:01,2026-06-14,22:00,60,Indoor 4,36.0,frei,10
2026-06-04T09:59:01,2026-06-14,22:00,120,Indoor 4,66.0,frei,10
2026-06-04T09:59:01,2026-06-14,22:30,90,Indoor 4,45.0,frei,10
2026-06-04T09:59:01,2026-06-14,23:00,60,Indoor 4,30.0,frei,10
2026-06-04T09:59:01,2026-06-14,08:00,60,Single Indoor,30.0,frei,10
2026-06-04T09:59:01,2026-06-14,15:30,60,Single Indoor,30.0,frei,10
2026-06-04T09:59:01,2026-06-14,17:30,60,Single Indoor,30.0,frei,10
2026-06-04T09:59:01,2026-06-14,17:30,90,Single Indoor,45.0,frei,10
2026-06-04T09:59:01,2026-06-14,17:30,120,Single Indoor,60.0,frei,10
2026-06-04T09:59:01,2026-06-14,18:30,60,Single Indoor,30.0,frei,10
2026-06-04T09:59:01,2026-06-14,18:30,90,Single Indoor,45.0,frei,10
2026-06-04T09:59:01,2026-06-14,18:30,120,Single Indoor,60.0,frei,10
2026-06-04T09:59:01,2026-06-14,19:00,60,Single Indoor,30.0,frei,10
2026-06-04T09:59:01,2026-06-14,19:00,90,Single Indoor,45.0,frei,10
2026-06-04T09:59:01,2026-06-14,19:00,120,Single Indoor,60.0,frei,10
2026-06-04T09:59:01,2026-06-14,19:30,60,Single Indoor,30.0,frei,10
2026-06-04T09:59:01,2026-06-14,19:30,90,Single Indoor,45.0,frei,10
2026-06-04T09:59:01,2026-06-14,19:30,120,Single Indoor,60.0,frei,10
2026-06-04T09:59:01,2026-06-14,20:00,60,Single Indoor,30.0,frei,10
2026-06-04T09:59:01,2026-06-14,20:00,90,Single Indoor,45.0,frei,10
2026-06-04T09:59:01,2026-06-14,20:00,120,Single Indoor,60.0,frei,10
2026-06-04T09:59:01,2026-06-14,20:30,60,Single Indoor,30.0,frei,10
2026-06-04T09:59:01,2026-06-14,20:30,90,Single Indoor,45.0,frei,10
2026-06-04T09:59:01,2026-06-14,20:30,120,Single Indoor,60.0,frei,10
2026-06-04T09:59:01,2026-06-14,21:00,60,Single Indoor,30.0,frei,10
2026-06-04T09:59:01,2026-06-14,21:00,90,Single Indoor,45.0,frei,10
2026-06-04T09:59:01,2026-06-14,21:00,120,Single Indoor,60.0,frei,10
2026-06-04T09:59:01,2026-06-14,21:30,60,Single Indoor,30.0,frei,10
2026-06-04T09:59:01,2026-06-14,21:30,90,Single Indoor,45.0,frei,10
2026-06-04T09:59:01,2026-06-14,22:00,60,Single Indoor,30.0,frei,10
2026-06-04T09:59:01,2026-06-14,22:00,120,Single Indoor,60.0,frei,10
2026-06-04T09:59:01,2026-06-14,22:30,90,Single Indoor,45.0,frei,10
2026-06-04T09:59:01,2026-06-14,23:00,60,Single Indoor,30.0,frei,10
2026-06-04T09:59:01,2026-06-14,08:00,60,Outdoor 2,36.0,frei,10
2026-06-04T09:59:01,2026-06-14,17:30,60,Outdoor 2,36.0,frei,10
2026-06-04T09:59:01,2026-06-14,21:00,60,Outdoor 2,36.0,frei,10
2026-06-04T09:59:01,2026-06-14,08:00,90,Indoor 2,63.0,frei,10
2026-06-04T09:59:01,2026-06-14,15:00,60,Indoor 2,42.0,frei,10
2026-06-04T09:59:01,2026-06-14,19:00,60,Indoor 2,42.0,frei,10
2026-06-04T09:59:01,2026-06-14,19:00,90,Indoor 2,63.0,frei,10
2026-06-04T09:59:01,2026-06-14,19:00,120,Indoor 2,84.0,frei,10
2026-06-04T09:59:01,2026-06-14,20:00,60,Indoor 2,42.0,frei,10
2026-06-04T09:59:01,2026-06-14,20:00,90,Indoor 2,63.0,frei,10
2026-06-04T09:59:01,2026-06-14,20:00,120,Indoor 2,84.0,frei,10
2026-06-04T09:59:01,2026-06-14,20:30,60,Indoor 2,42.0,frei,10
2026-06-04T09:59:01,2026-06-14,20:30,90,Indoor 2,63.0,frei,10
2026-06-04T09:59:01,2026-06-14,20:30,120,Indoor 2,84.0,frei,10
2026-06-04T09:59:01,2026-06-14,21:00,60,Indoor 2,42.0,frei,10
2026-06-04T09:59:01,2026-06-14,21:00,90,Indoor 2,63.0,frei,10
2026-06-04T09:59:01,2026-06-14,21:00,120,Indoor 2,78.0,frei,10
2026-06-04T09:59:01,2026-06-14,21:30,60,Indoor 2,42.0,frei,10
2026-06-04T09:59:01,2026-06-14,21:30,90,Indoor 2,57.0,frei,10
2026-06-04T09:59:01,2026-06-14,22:00,60,Indoor 2,36.0,frei,10
2026-06-04T09:59:01,2026-06-14,22:00,120,Indoor 2,66.0,frei,10
2026-06-04T09:59:01,2026-06-14,22:30,90,Indoor 2,45.0,frei,10
2026-06-04T09:59:01,2026-06-14,23:00,60,Indoor 2,30.0,frei,10
2026-06-04T09:59:01,2026-06-14,17:30,60,Outdoor 1,36.0,frei,10
2026-06-04T09:59:01,2026-06-14,20:00,60,Outdoor 1,36.0,frei,10
2026-06-04T09:59:01,2026-06-14,20:00,120,Outdoor 1,72.0,frei,10
2026-06-04T09:59:01,2026-06-14,21:00,60,Outdoor 1,36.0,frei,10
2026-06-04T09:59:01,2026-06-14,08:00,60,Indoor 1,42.0,frei,10
2026-06-04T09:59:01,2026-06-14,14:30,90,Indoor 1,63.0,frei,10
2026-06-04T09:59:01,2026-06-14,17:30,60,Indoor 1,42.0,frei,10
2026-06-04T09:59:01,2026-06-14,20:00,60,Indoor 1,42.0,frei,10
2026-06-04T09:59:01,2026-06-14,20:00,90,Indoor 1,63.0,frei,10
2026-06-04T09:59:01,2026-06-14,20:00,120,Indoor 1,84.0,frei,10
2026-06-04T09:59:01,2026-06-14,21:00,60,Indoor 1,42.0,frei,10
2026-06-04T09:59:01,2026-06-14,21:00,90,Indoor 1,63.0,frei,10
2026-06-04T09:59:01,2026-06-14,21:00,120,Indoor 1,78.0,frei,10
2026-06-04T09:59:01,2026-06-14,21:30,60,Indoor 1,42.0,frei,10
2026-06-04T09:59:01,2026-06-14,21:30,90,Indoor 1,57.0,frei,10
2026-06-04T09:59:01,2026-06-14,22:00,60,Indoor 1,36.0,frei,10
2026-06-04T09:59:01,2026-06-14,22:00,120,Indoor 1,66.0,frei,10
2026-06-04T09:59:01,2026-06-14,22:30,90,Indoor 1,45.0,frei,10
2026-06-04T09:59:01,2026-06-14,23:00,60,Indoor 1,30.0,frei,10
2026-06-04T09:59:01,2026-06-15,08:00,60,Outdoor 4,24.0,frei,11
2026-06-04T09:59:01,2026-06-15,08:00,90,Outdoor 4,36.0,frei,11
2026-06-04T09:59:01,2026-06-15,08:00,120,Outdoor 4,48.0,frei,11
2026-06-04T09:59:01,2026-06-15,08:00,150,Outdoor 4,60.0,frei,11
2026-06-04T09:59:01,2026-06-15,08:30,60,Outdoor 4,24.0,frei,11
2026-06-04T09:59:01,2026-06-15,08:30,90,Outdoor 4,36.0,frei,11
2026-06-04T09:59:01,2026-06-15,08:30,120,Outdoor 4,48.0,frei,11
2026-06-04T09:59:01,2026-06-15,08:30,150,Outdoor 4,60.0,frei,11
2026-06-04T09:59:01,2026-06-15,09:00,60,Outdoor 4,24.0,frei,11
2026-06-04T09:59:01,2026-06-15,09:00,90,Outdoor 4,36.0,frei,11
2026-06-04T09:59:01,2026-06-15,09:00,120,Outdoor 4,48.0,frei,11
2026-06-04T09:59:01,2026-06-15,09:00,150,Outdoor 4,60.0,frei,11
2026-06-04T09:59:01,2026-06-15,09:30,60,Outdoor 4,24.0,frei,11
2026-06-04T09:59:01,2026-06-15,09:30,90,Outdoor 4,36.0,frei,11
2026-06-04T09:59:01,2026-06-15,09:30,120,Outdoor 4,48.0,frei,11
2026-06-04T09:59:01,2026-06-15,09:30,150,Outdoor 4,60.0,frei,11
2026-06-04T09:59:01,2026-06-15,10:00,60,Outdoor 4,24.0,frei,11
2026-06-04T09:59:01,2026-06-15,10:00,90,Outdoor 4,36.0,frei,11
2026-06-04T09:59:01,2026-06-15,10:00,120,Outdoor 4,48.0,frei,11
2026-06-04T09:59:01,2026-06-15,10:00,150,Outdoor 4,60.0,frei,11
2026-06-04T09:59:01,2026-06-15,10:30,60,Outdoor 4,24.0,frei,11
2026-06-04T09:59:01,2026-06-15,10:30,90,Outdoor 4,36.0,frei,11
2026-06-04T09:59:01,2026-06-15,10:30,120,Outdoor 4,48.0,frei,11
2026-06-04T09:59:01,2026-06-15,10:30,150,Outdoor 4,60.0,frei,11
2026-06-04T09:59:01,2026-06-15,11:00,60,Outdoor 4,24.0,frei,11
2026-06-04T09:59:01,2026-06-15,11:00,90,Outdoor 4,36.0,frei,11
2026-06-04T09:59:01,2026-06-15,11:00,120,Outdoor 4,48.0,frei,11
2026-06-04T09:59:01,2026-06-15,11:00,150,Outdoor 4,60.0,frei,11
2026-06-04T09:59:01,2026-06-15,11:30,60,Outdoor 4,24.0,frei,11
2026-06-04T09:59:01,2026-06-15,11:30,90,Outdoor 4,36.0,frei,11
2026-06-04T09:59:01,2026-06-15,11:30,120,Outdoor 4,48.0,frei,11
2026-06-04T09:59:01,2026-06-15,11:30,150,Outdoor 4,60.0,frei,11
2026-06-04T09:59:01,2026-06-15,12:00,60,Outdoor 4,24.0,frei,11
2026-06-04T09:59:01,2026-06-15,12:00,90,Outdoor 4,36.0,frei,11
2026-06-04T09:59:01,2026-06-15,12:00,120,Outdoor 4,48.0,frei,11
2026-06-04T09:59:01,2026-06-15,12:00,150,Outdoor 4,60.0,frei,11
2026-06-04T09:59:01,2026-06-15,12:30,60,Outdoor 4,24.0,frei,11
2026-06-04T09:59:01,2026-06-15,12:30,90,Outdoor 4,36.0,frei,11
2026-06-04T09:59:01,2026-06-15,12:30,120,Outdoor 4,48.0,frei,11
2026-06-04T09:59:01,2026-06-15,13:00,60,Outdoor 4,24.0,frei,11
2026-06-04T09:59:01,2026-06-15,13:00,90,Outdoor 4,36.0,frei,11
2026-06-04T09:59:01,2026-06-15,13:00,150,Outdoor 4,60.0,frei,11
2026-06-04T09:59:01,2026-06-15,13:30,60,Outdoor 4,24.0,frei,11
2026-06-04T09:59:01,2026-06-15,13:30,120,Outdoor 4,48.0,frei,11
2026-06-04T09:59:01,2026-06-15,14:00,90,Outdoor 4,36.0,frei,11
2026-06-04T09:59:01,2026-06-15,14:30,60,Outdoor 4,24.0,frei,11
2026-06-04T09:59:01,2026-06-15,08:00,60,Outdoor 3,24.0,frei,11
2026-06-04T09:59:01,2026-06-15,08:00,90,Outdoor 3,36.0,frei,11
2026-06-04T09:59:01,2026-06-15,08:00,120,Outdoor 3,48.0,frei,11
2026-06-04T09:59:01,2026-06-15,08:00,150,Outdoor 3,60.0,frei,11
2026-06-04T09:59:01,2026-06-15,08:30,60,Outdoor 3,24.0,frei,11
2026-06-04T09:59:01,2026-06-15,08:30,90,Outdoor 3,36.0,frei,11
2026-06-04T09:59:01,2026-06-15,08:30,120,Outdoor 3,48.0,frei,11
2026-06-04T09:59:01,2026-06-15,08:30,150,Outdoor 3,60.0,frei,11
2026-06-04T09:59:01,2026-06-15,09:00,60,Outdoor 3,24.0,frei,11
2026-06-04T09:59:01,2026-06-15,09:00,90,Outdoor 3,36.0,frei,11
2026-06-04T09:59:01,2026-06-15,09:00,120,Outdoor 3,48.0,frei,11
2026-06-04T09:59:01,2026-06-15,09:00,150,Outdoor 3,60.0,frei,11
2026-06-04T09:59:01,2026-06-15,09:30,60,Outdoor 3,24.0,frei,11
2026-06-04T09:59:01,2026-06-15,09:30,90,Outdoor 3,36.0,frei,11
2026-06-04T09:59:01,2026-06-15,09:30,120,Outdoor 3,48.0,frei,11
2026-06-04T09:59:01,2026-06-15,09:30,150,Outdoor 3,60.0,frei,11
2026-06-04T09:59:01,2026-06-15,10:00,60,Outdoor 3,24.0,frei,11
2026-06-04T09:59:01,2026-06-15,10:00,90,Outdoor 3,36.0,frei,11
2026-06-04T09:59:01,2026-06-15,10:00,120,Outdoor 3,48.0,frei,11
2026-06-04T09:59:01,2026-06-15,10:00,150,Outdoor 3,60.0,frei,11
2026-06-04T09:59:01,2026-06-15,10:30,60,Outdoor 3,24.0,frei,11
2026-06-04T09:59:01,2026-06-15,10:30,90,Outdoor 3,36.0,frei,11
2026-06-04T09:59:01,2026-06-15,10:30,120,Outdoor 3,48.0,frei,11
2026-06-04T09:59:01,2026-06-15,10:30,150,Outdoor 3,60.0,frei,11
2026-06-04T09:59:01,2026-06-15,11:00,60,Outdoor 3,24.0,frei,11
2026-06-04T09:59:01,2026-06-15,11:00,90,Outdoor 3,36.0,frei,11
2026-06-04T09:59:01,2026-06-15,11:00,120,Outdoor 3,48.0,frei,11
2026-06-04T09:59:01,2026-06-15,11:00,150,Outdoor 3,60.0,frei,11
2026-06-04T09:59:01,2026-06-15,11:30,60,Outdoor 3,24.0,frei,11
2026-06-04T09:59:01,2026-06-15,11:30,90,Outdoor 3,36.0,frei,11
2026-06-04T09:59:01,2026-06-15,11:30,120,Outdoor 3,48.0,frei,11
2026-06-04T09:59:01,2026-06-15,11:30,150,Outdoor 3,60.0,frei,11
2026-06-04T09:59:01,2026-06-15,12:00,60,Outdoor 3,24.0,frei,11
2026-06-04T09:59:01,2026-06-15,12:00,90,Outdoor 3,36.0,frei,11
2026-06-04T09:59:01,2026-06-15,12:00,120,Outdoor 3,48.0,frei,11
2026-06-04T09:59:01,2026-06-15,12:00,150,Outdoor 3,60.0,frei,11
2026-06-04T09:59:01,2026-06-15,12:30,60,Outdoor 3,24.0,frei,11
2026-06-04T09:59:01,2026-06-15,12:30,90,Outdoor 3,36.0,frei,11
2026-06-04T09:59:01,2026-06-15,12:30,120,Outdoor 3,48.0,frei,11
2026-06-04T09:59:01,2026-06-15,12:30,150,Outdoor 3,60.0,frei,11
2026-06-04T09:59:01,2026-06-15,13:00,60,Outdoor 3,24.0,frei,11
2026-06-04T09:59:01,2026-06-15,13:00,90,Outdoor 3,36.0,frei,11
2026-06-04T09:59:01,2026-06-15,13:00,120,Outdoor 3,48.0,frei,11
2026-06-04T09:59:01,2026-06-15,13:00,150,Outdoor 3,60.0,frei,11
2026-06-04T09:59:01,2026-06-15,13:30,60,Outdoor 3,24.0,frei,11
2026-06-04T09:59:01,2026-06-15,13:30,90,Outdoor 3,36.0,frei,11
2026-06-04T09:59:01,2026-06-15,13:30,120,Outdoor 3,48.0,frei,11
2026-06-04T09:59:01,2026-06-15,13:30,150,Outdoor 3,60.0,frei,11
2026-06-04T09:59:01,2026-06-15,14:00,60,Outdoor 3,24.0,frei,11
2026-06-04T09:59:01,2026-06-15,14:00,90,Outdoor 3,36.0,frei,11
2026-06-04T09:59:01,2026-06-15,14:00,120,Outdoor 3,48.0,frei,11
2026-06-04T09:59:01,2026-06-15,14:30,60,Outdoor 3,24.0,frei,11
2026-06-04T09:59:01,2026-06-15,14:30,90,Outdoor 3,36.0,frei,11
2026-06-04T09:59:01,2026-06-15,14:30,150,Outdoor 3,72.0,frei,11
2026-06-04T09:59:01,2026-06-15,15:00,60,Outdoor 3,24.0,frei,11
2026-06-04T09:59:01,2026-06-15,15:00,120,Outdoor 3,60.0,frei,11
2026-06-04T09:59:01,2026-06-15,15:30,90,Outdoor 3,48.0,frei,11
2026-06-04T09:59:01,2026-06-15,16:00,60,Outdoor 3,36.0,frei,11
2026-06-04T09:59:01,2026-06-15,08:00,60,Indoor 3,30.0,frei,11
2026-06-04T09:59:01,2026-06-15,08:00,90,Indoor 3,45.0,frei,11
2026-06-04T09:59:01,2026-06-15,08:00,120,Indoor 3,60.0,frei,11
2026-06-04T09:59:01,2026-06-15,09:00,60,Indoor 3,30.0,frei,11
2026-06-04T09:59:01,2026-06-15,09:00,90,Indoor 3,45.0,frei,11
2026-06-04T09:59:01,2026-06-15,09:00,120,Indoor 3,60.0,frei,11
2026-06-04T09:59:01,2026-06-15,09:30,60,Indoor 3,30.0,frei,11
2026-06-04T09:59:01,2026-06-15,09:30,90,Indoor 3,45.0,frei,11
2026-06-04T09:59:01,2026-06-15,09:30,120,Indoor 3,60.0,frei,11
2026-06-04T09:59:01,2026-06-15,10:00,60,Indoor 3,30.0,frei,11
2026-06-04T09:59:01,2026-06-15,10:00,90,Indoor 3,45.0,frei,11
2026-06-04T09:59:01,2026-06-15,10:00,120,Indoor 3,60.0,frei,11
2026-06-04T09:59:01,2026-06-15,10:30,60,Indoor 3,30.0,frei,11
2026-06-04T09:59:01,2026-06-15,10:30,90,Indoor 3,45.0,frei,11
2026-06-04T09:59:01,2026-06-15,10:30,120,Indoor 3,60.0,frei,11
2026-06-04T09:59:01,2026-06-15,11:00,60,Indoor 3,30.0,frei,11
2026-06-04T09:59:01,2026-06-15,11:00,90,Indoor 3,45.0,frei,11
2026-06-04T09:59:01,2026-06-15,11:00,120,Indoor 3,60.0,frei,11
2026-06-04T09:59:01,2026-06-15,11:30,60,Indoor 3,30.0,frei,11
2026-06-04T09:59:01,2026-06-15,11:30,90,Indoor 3,45.0,frei,11
2026-06-04T09:59:01,2026-06-15,11:30,120,Indoor 3,60.0,frei,11
2026-06-04T09:59:01,2026-06-15,12:00,60,Indoor 3,30.0,frei,11
2026-06-04T09:59:01,2026-06-15,12:00,90,Indoor 3,45.0,frei,11
2026-06-04T09:59:01,2026-06-15,12:00,120,Indoor 3,60.0,frei,11
2026-06-04T09:59:01,2026-06-15,12:30,60,Indoor 3,30.0,frei,11
2026-06-04T09:59:01,2026-06-15,12:30,90,Indoor 3,45.0,frei,11
2026-06-04T09:59:01,2026-06-15,12:30,120,Indoor 3,60.0,frei,11
2026-06-04T09:59:01,2026-06-15,13:00,60,Indoor 3,30.0,frei,11
2026-06-04T09:59:01,2026-06-15,13:00,90,Indoor 3,45.0,frei,11
2026-06-04T09:59:01,2026-06-15,13:00,120,Indoor 3,60.0,frei,11
2026-06-04T09:59:01,2026-06-15,13:30,60,Indoor 3,30.0,frei,11
2026-06-04T09:59:01,2026-06-15,13:30,90,Indoor 3,45.0,frei,11
2026-06-04T09:59:01,2026-06-15,13:30,120,Indoor 3,60.0,frei,11
2026-06-04T09:59:01,2026-06-15,14:00,60,Indoor 3,30.0,frei,11
2026-06-04T09:59:01,2026-06-15,14:00,90,Indoor 3,45.0,frei,11
2026-06-04T09:59:01,2026-06-15,14:30,60,Indoor 3,30.0,frei,11
2026-06-04T09:59:01,2026-06-15,14:30,120,Indoor 3,66.0,frei,11
2026-06-04T09:59:01,2026-06-15,15:00,90,Indoor 3,51.0,frei,11
2026-06-04T09:59:01,2026-06-15,15:30,60,Indoor 3,36.0,frei,11
2026-06-04T09:59:01,2026-06-15,22:00,60,Indoor 3,36.0,frei,11
2026-06-04T09:59:01,2026-06-15,22:00,120,Indoor 3,66.0,frei,11
2026-06-04T09:59:01,2026-06-15,23:00,60,Indoor 3,30.0,frei,11
2026-06-04T09:59:01,2026-06-15,08:00,60,Indoor 2,30.0,frei,11
2026-06-04T09:59:01,2026-06-15,08:00,90,Indoor 2,45.0,frei,11
2026-06-04T09:59:01,2026-06-15,08:00,120,Indoor 2,60.0,frei,11
2026-06-04T09:59:01,2026-06-15,09:00,60,Indoor 2,30.0,frei,11
2026-06-04T09:59:01,2026-06-15,09:00,90,Indoor 2,45.0,frei,11
2026-06-04T09:59:01,2026-06-15,09:00,120,Indoor 2,60.0,frei,11
2026-06-04T09:59:01,2026-06-15,09:30,60,Indoor 2,30.0,frei,11
2026-06-04T09:59:01,2026-06-15,09:30,90,Indoor 2,45.0,frei,11
2026-06-04T09:59:01,2026-06-15,09:30,120,Indoor 2,60.0,frei,11
2026-06-04T09:59:01,2026-06-15,10:00,60,Indoor 2,30.0,frei,11
2026-06-04T09:59:01,2026-06-15,10:00,90,Indoor 2,45.0,frei,11
2026-06-04T09:59:01,2026-06-15,10:00,120,Indoor 2,60.0,frei,11
2026-06-04T09:59:01,2026-06-15,10:30,60,Indoor 2,30.0,frei,11
2026-06-04T09:59:01,2026-06-15,10:30,90,Indoor 2,45.0,frei,11
2026-06-04T09:59:01,2026-06-15,10:30,120,Indoor 2,60.0,frei,11
2026-06-04T09:59:01,2026-06-15,11:00,60,Indoor 2,30.0,frei,11
2026-06-04T09:59:01,2026-06-15,11:00,90,Indoor 2,45.0,frei,11
2026-06-04T09:59:01,2026-06-15,11:00,120,Indoor 2,60.0,frei,11
2026-06-04T09:59:01,2026-06-15,11:30,60,Indoor 2,30.0,frei,11
2026-06-04T09:59:01,2026-06-15,11:30,90,Indoor 2,45.0,frei,11
2026-06-04T09:59:01,2026-06-15,11:30,120,Indoor 2,60.0,frei,11
2026-06-04T09:59:01,2026-06-15,12:00,60,Indoor 2,30.0,frei,11
2026-06-04T09:59:01,2026-06-15,12:00,90,Indoor 2,45.0,frei,11
2026-06-04T09:59:01,2026-06-15,12:30,60,Indoor 2,30.0,frei,11
2026-06-04T09:59:01,2026-06-15,12:30,120,Indoor 2,60.0,frei,11
2026-06-04T09:59:01,2026-06-15,13:00,90,Indoor 2,45.0,frei,11
2026-06-04T09:59:01,2026-06-15,13:30,60,Indoor 2,30.0,frei,11
2026-06-04T09:59:01,2026-06-15,15:30,60,Indoor 2,36.0,frei,11
2026-06-04T09:59:01,2026-06-15,15:30,120,Indoor 2,78.0,frei,11
2026-06-04T09:59:01,2026-06-15,16:30,60,Indoor 2,42.0,frei,11
2026-06-04T09:59:01,2026-06-15,23:00,60,Indoor 2,30.0,frei,11
2026-06-04T09:59:01,2026-06-15,08:00,60,Indoor 4,30.0,frei,11
2026-06-04T09:59:01,2026-06-15,08:00,90,Indoor 4,45.0,frei,11
2026-06-04T09:59:01,2026-06-15,08:00,120,Indoor 4,60.0,frei,11
2026-06-04T09:59:01,2026-06-15,09:00,60,Indoor 4,30.0,frei,11
2026-06-04T09:59:01,2026-06-15,09:00,90,Indoor 4,45.0,frei,11
2026-06-04T09:59:01,2026-06-15,09:00,120,Indoor 4,60.0,frei,11
2026-06-04T09:59:01,2026-06-15,09:30,60,Indoor 4,30.0,frei,11
2026-06-04T09:59:01,2026-06-15,09:30,90,Indoor 4,45.0,frei,11
2026-06-04T09:59:01,2026-06-15,09:30,120,Indoor 4,60.0,frei,11
2026-06-04T09:59:01,2026-06-15,10:00,60,Indoor 4,30.0,frei,11
2026-06-04T09:59:01,2026-06-15,10:00,90,Indoor 4,45.0,frei,11
2026-06-04T09:59:01,2026-06-15,10:00,120,Indoor 4,60.0,frei,11
2026-06-04T09:59:01,2026-06-15,10:30,60,Indoor 4,30.0,frei,11
2026-06-04T09:59:01,2026-06-15,10:30,90,Indoor 4,45.0,frei,11
2026-06-04T09:59:01,2026-06-15,10:30,120,Indoor 4,60.0,frei,11
2026-06-04T09:59:01,2026-06-15,11:00,60,Indoor 4,30.0,frei,11
2026-06-04T09:59:01,2026-06-15,11:00,90,Indoor 4,45.0,frei,11
2026-06-04T09:59:01,2026-06-15,11:00,120,Indoor 4,60.0,frei,11
2026-06-04T09:59:01,2026-06-15,11:30,60,Indoor 4,30.0,frei,11
2026-06-04T09:59:01,2026-06-15,11:30,90,Indoor 4,45.0,frei,11
2026-06-04T09:59:01,2026-06-15,11:30,120,Indoor 4,60.0,frei,11
2026-06-04T09:59:01,2026-06-15,12:00,60,Indoor 4,30.0,frei,11
2026-06-04T09:59:01,2026-06-15,12:00,90,Indoor 4,45.0,frei,11
2026-06-04T09:59:01,2026-06-15,12:00,120,Indoor 4,60.0,frei,11
2026-06-04T09:59:01,2026-06-15,12:30,60,Indoor 4,30.0,frei,11
2026-06-04T09:59:01,2026-06-15,12:30,90,Indoor 4,45.0,frei,11
2026-06-04T09:59:01,2026-06-15,12:30,120,Indoor 4,60.0,frei,11
2026-06-04T09:59:01,2026-06-15,13:00,60,Indoor 4,30.0,frei,11
2026-06-04T09:59:01,2026-06-15,13:00,90,Indoor 4,45.0,frei,11
2026-06-04T09:59:01,2026-06-15,13:00,120,Indoor 4,60.0,frei,11
2026-06-04T09:59:01,2026-06-15,13:30,60,Indoor 4,30.0,frei,11
2026-06-04T09:59:01,2026-06-15,13:30,90,Indoor 4,45.0,frei,11
2026-06-04T09:59:01,2026-06-15,13:30,120,Indoor 4,60.0,frei,11
2026-06-04T09:59:01,2026-06-15,14:00,60,Indoor 4,30.0,frei,11
2026-06-04T09:59:01,2026-06-15,14:00,90,Indoor 4,45.0,frei,11
2026-06-04T09:59:01,2026-06-15,14:30,60,Indoor 4,30.0,frei,11
2026-06-04T09:59:01,2026-06-15,14:30,120,Indoor 4,66.0,frei,11
2026-06-04T09:59:01,2026-06-15,15:00,90,Indoor 4,51.0,frei,11
2026-06-04T09:59:01,2026-06-15,15:30,60,Indoor 4,36.0,frei,11
2026-06-04T09:59:01,2026-06-15,22:00,60,Indoor 4,36.0,frei,11
2026-06-04T09:59:01,2026-06-15,22:00,120,Indoor 4,66.0,frei,11
2026-06-04T09:59:01,2026-06-15,23:00,60,Indoor 4,30.0,frei,11
2026-06-04T09:59:01,2026-06-15,08:00,60,Single Indoor,22.0,frei,11
2026-06-04T09:59:01,2026-06-15,08:00,120,Single Indoor,44.0,frei,11
2026-06-04T09:59:01,2026-06-15,09:00,60,Single Indoor,22.0,frei,11
2026-06-04T09:59:01,2026-06-15,11:00,60,Single Indoor,22.0,frei,11
2026-06-04T09:59:01,2026-06-15,11:00,90,Single Indoor,33.0,frei,11
2026-06-04T09:59:01,2026-06-15,11:00,120,Single Indoor,44.0,frei,11
2026-06-04T09:59:01,2026-06-15,12:00,60,Single Indoor,22.0,frei,11
2026-06-04T09:59:01,2026-06-15,12:00,90,Single Indoor,33.0,frei,11
2026-06-04T09:59:01,2026-06-15,12:00,120,Single Indoor,44.0,frei,11
2026-06-04T09:59:01,2026-06-15,12:30,60,Single Indoor,22.0,frei,11
2026-06-04T09:59:01,2026-06-15,12:30,90,Single Indoor,33.0,frei,11
2026-06-04T09:59:01,2026-06-15,12:30,120,Single Indoor,44.0,frei,11
2026-06-04T09:59:01,2026-06-15,13:00,60,Single Indoor,22.0,frei,11
2026-06-04T09:59:01,2026-06-15,13:00,90,Single Indoor,33.0,frei,11
2026-06-04T09:59:01,2026-06-15,13:00,120,Single Indoor,44.0,frei,11
2026-06-04T09:59:01,2026-06-15,13:30,60,Single Indoor,22.0,frei,11
2026-06-04T09:59:01,2026-06-15,13:30,90,Single Indoor,33.0,frei,11
2026-06-04T09:59:01,2026-06-15,13:30,120,Single Indoor,44.0,frei,11
2026-06-04T09:59:01,2026-06-15,14:00,60,Single Indoor,22.0,frei,11
2026-06-04T09:59:01,2026-06-15,14:00,90,Single Indoor,33.0,frei,11
2026-06-04T09:59:01,2026-06-15,14:00,120,Single Indoor,44.0,frei,11
2026-06-04T09:59:01,2026-06-15,14:30,60,Single Indoor,22.0,frei,11
2026-06-04T09:59:01,2026-06-15,14:30,90,Single Indoor,33.0,frei,11
2026-06-04T09:59:01,2026-06-15,15:00,60,Single Indoor,22.0,frei,11
2026-06-04T09:59:01,2026-06-15,15:00,120,Single Indoor,52.0,frei,11
2026-06-04T09:59:01,2026-06-15,15:30,90,Single Indoor,41.0,frei,11
2026-06-04T09:59:01,2026-06-15,16:00,60,Single Indoor,30.0,frei,11
2026-06-04T09:59:01,2026-06-15,20:30,60,Single Indoor,30.0,frei,11
2026-06-04T09:59:01,2026-06-15,20:30,90,Single Indoor,45.0,frei,11
2026-06-04T09:59:01,2026-06-15,20:30,120,Single Indoor,60.0,frei,11
2026-06-04T09:59:01,2026-06-15,21:30,60,Single Indoor,30.0,frei,11
2026-06-04T09:59:01,2026-06-15,21:30,90,Single Indoor,41.0,frei,11
2026-06-04T09:59:01,2026-06-15,22:00,60,Single Indoor,26.0,frei,11
2026-06-04T09:59:01,2026-06-15,22:00,120,Single Indoor,48.0,frei,11
2026-06-04T09:59:01,2026-06-15,22:30,90,Single Indoor,33.0,frei,11
2026-06-04T09:59:01,2026-06-15,23:00,60,Single Indoor,22.0,frei,11
2026-06-04T09:59:01,2026-06-15,08:00,60,Outdoor 2,24.0,frei,11
2026-06-04T09:59:01,2026-06-15,08:00,90,Outdoor 2,36.0,frei,11
2026-06-04T09:59:01,2026-06-15,08:00,120,Outdoor 2,48.0,frei,11
2026-06-04T09:59:01,2026-06-15,08:00,150,Outdoor 2,60.0,frei,11
2026-06-04T09:59:01,2026-06-15,08:30,60,Outdoor 2,24.0,frei,11
2026-06-04T09:59:01,2026-06-15,08:30,90,Outdoor 2,36.0,frei,11
2026-06-04T09:59:01,2026-06-15,08:30,120,Outdoor 2,48.0,frei,11
2026-06-04T09:59:01,2026-06-15,08:30,150,Outdoor 2,60.0,frei,11
2026-06-04T09:59:01,2026-06-15,09:00,60,Outdoor 2,24.0,frei,11
2026-06-04T09:59:01,2026-06-15,09:00,90,Outdoor 2,36.0,frei,11
2026-06-04T09:59:01,2026-06-15,09:00,120,Outdoor 2,48.0,frei,11
2026-06-04T09:59:01,2026-06-15,09:00,150,Outdoor 2,60.0,frei,11
2026-06-04T09:59:01,2026-06-15,09:30,60,Outdoor 2,24.0,frei,11
2026-06-04T09:59:01,2026-06-15,09:30,90,Outdoor 2,36.0,frei,11
2026-06-04T09:59:01,2026-06-15,09:30,120,Outdoor 2,48.0,frei,11
2026-06-04T09:59:01,2026-06-15,09:30,150,Outdoor 2,60.0,frei,11
2026-06-04T09:59:01,2026-06-15,10:00,60,Outdoor 2,24.0,frei,11
2026-06-04T09:59:01,2026-06-15,10:00,90,Outdoor 2,36.0,frei,11
2026-06-04T09:59:01,2026-06-15,10:00,120,Outdoor 2,48.0,frei,11
2026-06-04T09:59:01,2026-06-15,10:00,150,Outdoor 2,60.0,frei,11
2026-06-04T09:59:01,2026-06-15,10:30,60,Outdoor 2,24.0,frei,11
2026-06-04T09:59:01,2026-06-15,10:30,90,Outdoor 2,36.0,frei,11
2026-06-04T09:59:01,2026-06-15,10:30,120,Outdoor 2,48.0,frei,11
2026-06-04T09:59:01,2026-06-15,10:30,150,Outdoor 2,60.0,frei,11
2026-06-04T09:59:01,2026-06-15,11:00,60,Outdoor 2,24.0,frei,11
2026-06-04T09:59:01,2026-06-15,11:00,90,Outdoor 2,36.0,frei,11
2026-06-04T09:59:01,2026-06-15,11:00,120,Outdoor 2,48.0,frei,11
2026-06-04T09:59:01,2026-06-15,11:00,150,Outdoor 2,60.0,frei,11
2026-06-04T09:59:01,2026-06-15,11:30,60,Outdoor 2,24.0,frei,11
2026-06-04T09:59:01,2026-06-15,11:30,90,Outdoor 2,36.0,frei,11
2026-06-04T09:59:01,2026-06-15,11:30,120,Outdoor 2,48.0,frei,11
2026-06-04T09:59:01,2026-06-15,11:30,150,Outdoor 2,60.0,frei,11
2026-06-04T09:59:01,2026-06-15,12:00,60,Outdoor 2,24.0,frei,11
2026-06-04T09:59:01,2026-06-15,12:00,90,Outdoor 2,36.0,frei,11
2026-06-04T09:59:01,2026-06-15,12:00,120,Outdoor 2,48.0,frei,11
2026-06-04T09:59:01,2026-06-15,12:00,150,Outdoor 2,60.0,frei,11
2026-06-04T09:59:01,2026-06-15,12:30,60,Outdoor 2,24.0,frei,11
2026-06-04T09:59:01,2026-06-15,12:30,90,Outdoor 2,36.0,frei,11
2026-06-04T09:59:01,2026-06-15,12:30,120,Outdoor 2,48.0,frei,11
2026-06-04T09:59:01,2026-06-15,12:30,150,Outdoor 2,60.0,frei,11
2026-06-04T09:59:01,2026-06-15,13:00,60,Outdoor 2,24.0,frei,11
2026-06-04T09:59:01,2026-06-15,13:00,90,Outdoor 2,36.0,frei,11
2026-06-04T09:59:01,2026-06-15,13:00,120,Outdoor 2,48.0,frei,11
2026-06-04T09:59:01,2026-06-15,13:00,150,Outdoor 2,60.0,frei,11
2026-06-04T09:59:01,2026-06-15,13:30,60,Outdoor 2,24.0,frei,11
2026-06-04T09:59:01,2026-06-15,13:30,90,Outdoor 2,36.0,frei,11
2026-06-04T09:59:01,2026-06-15,13:30,120,Outdoor 2,48.0,frei,11
2026-06-04T09:59:01,2026-06-15,14:00,60,Outdoor 2,24.0,frei,11
2026-06-04T09:59:01,2026-06-15,14:00,90,Outdoor 2,36.0,frei,11
2026-06-04T09:59:01,2026-06-15,14:00,150,Outdoor 2,66.0,frei,11
2026-06-04T09:59:01,2026-06-15,14:30,60,Outdoor 2,24.0,frei,11
2026-06-04T09:59:01,2026-06-15,14:30,120,Outdoor 2,54.0,frei,11
2026-06-04T09:59:01,2026-06-15,15:00,90,Outdoor 2,42.0,frei,11
2026-06-04T09:59:01,2026-06-15,15:30,60,Outdoor 2,30.0,frei,11
2026-06-04T09:59:01,2026-06-15,08:00,60,Indoor 1,30.0,frei,11
2026-06-04T09:59:01,2026-06-15,08:00,90,Indoor 1,45.0,frei,11
2026-06-04T09:59:01,2026-06-15,08:00,120,Indoor 1,60.0,frei,11
2026-06-04T09:59:01,2026-06-15,09:00,60,Indoor 1,30.0,frei,11
2026-06-04T09:59:01,2026-06-15,09:00,90,Indoor 1,45.0,frei,11
2026-06-04T09:59:01,2026-06-15,09:00,120,Indoor 1,60.0,frei,11
2026-06-04T09:59:01,2026-06-15,09:30,60,Indoor 1,30.0,frei,11
2026-06-04T09:59:01,2026-06-15,09:30,90,Indoor 1,45.0,frei,11
2026-06-04T09:59:01,2026-06-15,09:30,120,Indoor 1,60.0,frei,11
2026-06-04T09:59:01,2026-06-15,10:00,60,Indoor 1,30.0,frei,11
2026-06-04T09:59:01,2026-06-15,10:00,90,Indoor 1,45.0,frei,11
2026-06-04T09:59:01,2026-06-15,10:00,120,Indoor 1,60.0,frei,11
2026-06-04T09:59:01,2026-06-15,10:30,60,Indoor 1,30.0,frei,11
2026-06-04T09:59:01,2026-06-15,10:30,90,Indoor 1,45.0,frei,11
2026-06-04T09:59:01,2026-06-15,11:00,60,Indoor 1,30.0,frei,11
2026-06-04T09:59:01,2026-06-15,11:00,120,Indoor 1,60.0,frei,11
2026-06-04T09:59:01,2026-06-15,11:30,90,Indoor 1,45.0,frei,11
2026-06-04T09:59:01,2026-06-15,12:00,60,Indoor 1,30.0,frei,11
2026-06-04T09:59:01,2026-06-15,14:00,60,Indoor 1,30.0,frei,11
2026-06-04T09:59:01,2026-06-15,14:00,90,Indoor 1,45.0,frei,11
2026-06-04T09:59:01,2026-06-15,14:00,120,Indoor 1,60.0,frei,11
2026-06-04T09:59:01,2026-06-15,15:00,60,Indoor 1,30.0,frei,11
2026-06-04T09:59:01,2026-06-15,15:00,120,Indoor 1,72.0,frei,11
2026-06-04T09:59:01,2026-06-15,15:30,90,Indoor 1,57.0,frei,11
2026-06-04T09:59:01,2026-06-15,16:00,60,Indoor 1,42.0,frei,11
2026-06-04T09:59:01,2026-06-15,22:00,60,Indoor 1,36.0,frei,11
2026-06-04T09:59:01,2026-06-15,22:00,120,Indoor 1,66.0,frei,11
2026-06-04T09:59:01,2026-06-15,23:00,60,Indoor 1,30.0,frei,11
2026-06-04T09:59:01,2026-06-15,08:00,60,Outdoor 1,24.0,frei,11
2026-06-04T09:59:01,2026-06-15,08:00,90,Outdoor 1,36.0,frei,11
2026-06-04T09:59:01,2026-06-15,08:00,120,Outdoor 1,48.0,frei,11
2026-06-04T09:59:01,2026-06-15,08:00,150,Outdoor 1,60.0,frei,11
2026-06-04T09:59:01,2026-06-15,08:30,60,Outdoor 1,24.0,frei,11
2026-06-04T09:59:01,2026-06-15,08:30,90,Outdoor 1,36.0,frei,11
2026-06-04T09:59:01,2026-06-15,08:30,120,Outdoor 1,48.0,frei,11
2026-06-04T09:59:01,2026-06-15,08:30,150,Outdoor 1,60.0,frei,11
2026-06-04T09:59:01,2026-06-15,09:00,60,Outdoor 1,24.0,frei,11
2026-06-04T09:59:01,2026-06-15,09:00,90,Outdoor 1,36.0,frei,11
2026-06-04T09:59:01,2026-06-15,09:00,120,Outdoor 1,48.0,frei,11
2026-06-04T09:59:01,2026-06-15,09:00,150,Outdoor 1,60.0,frei,11
2026-06-04T09:59:01,2026-06-15,09:30,60,Outdoor 1,24.0,frei,11
2026-06-04T09:59:01,2026-06-15,09:30,90,Outdoor 1,36.0,frei,11
2026-06-04T09:59:01,2026-06-15,09:30,120,Outdoor 1,48.0,frei,11
2026-06-04T09:59:01,2026-06-15,09:30,150,Outdoor 1,60.0,frei,11
2026-06-04T09:59:01,2026-06-15,10:00,60,Outdoor 1,24.0,frei,11
2026-06-04T09:59:01,2026-06-15,10:00,90,Outdoor 1,36.0,frei,11
2026-06-04T09:59:01,2026-06-15,10:00,120,Outdoor 1,48.0,frei,11
2026-06-04T09:59:01,2026-06-15,10:00,150,Outdoor 1,60.0,frei,11
2026-06-04T09:59:01,2026-06-15,10:30,60,Outdoor 1,24.0,frei,11
2026-06-04T09:59:01,2026-06-15,10:30,90,Outdoor 1,36.0,frei,11
2026-06-04T09:59:01,2026-06-15,10:30,120,Outdoor 1,48.0,frei,11
2026-06-04T09:59:01,2026-06-15,10:30,150,Outdoor 1,60.0,frei,11
2026-06-04T09:59:01,2026-06-15,11:00,60,Outdoor 1,24.0,frei,11
2026-06-04T09:59:01,2026-06-15,11:00,90,Outdoor 1,36.0,frei,11
2026-06-04T09:59:01,2026-06-15,11:00,120,Outdoor 1,48.0,frei,11
2026-06-04T09:59:01,2026-06-15,11:00,150,Outdoor 1,60.0,frei,11
2026-06-04T09:59:01,2026-06-15,11:30,60,Outdoor 1,24.0,frei,11
2026-06-04T09:59:01,2026-06-15,11:30,90,Outdoor 1,36.0,frei,11
2026-06-04T09:59:01,2026-06-15,11:30,120,Outdoor 1,48.0,frei,11
2026-06-04T09:59:01,2026-06-15,11:30,150,Outdoor 1,60.0,frei,11
2026-06-04T09:59:01,2026-06-15,12:00,60,Outdoor 1,24.0,frei,11
2026-06-04T09:59:01,2026-06-15,12:00,90,Outdoor 1,36.0,frei,11
2026-06-04T09:59:01,2026-06-15,12:00,120,Outdoor 1,48.0,frei,11
2026-06-04T09:59:01,2026-06-15,12:00,150,Outdoor 1,60.0,frei,11
2026-06-04T09:59:01,2026-06-15,12:30,60,Outdoor 1,24.0,frei,11
2026-06-04T09:59:01,2026-06-15,12:30,90,Outdoor 1,36.0,frei,11
2026-06-04T09:59:01,2026-06-15,12:30,120,Outdoor 1,48.0,frei,11
2026-06-04T09:59:01,2026-06-15,12:30,150,Outdoor 1,60.0,frei,11
2026-06-04T09:59:01,2026-06-15,13:00,60,Outdoor 1,24.0,frei,11
2026-06-04T09:59:01,2026-06-15,13:00,90,Outdoor 1,36.0,frei,11
2026-06-04T09:59:01,2026-06-15,13:00,120,Outdoor 1,48.0,frei,11
2026-06-04T09:59:01,2026-06-15,13:00,150,Outdoor 1,60.0,frei,11
2026-06-04T09:59:01,2026-06-15,13:30,60,Outdoor 1,24.0,frei,11
2026-06-04T09:59:01,2026-06-15,13:30,90,Outdoor 1,36.0,frei,11
2026-06-04T09:59:01,2026-06-15,13:30,120,Outdoor 1,48.0,frei,11
2026-06-04T09:59:01,2026-06-15,13:30,150,Outdoor 1,60.0,frei,11
2026-06-04T09:59:01,2026-06-15,14:00,60,Outdoor 1,24.0,frei,11
2026-06-04T09:59:01,2026-06-15,14:00,90,Outdoor 1,36.0,frei,11
2026-06-04T09:59:01,2026-06-15,14:00,120,Outdoor 1,48.0,frei,11
2026-06-04T09:59:01,2026-06-15,14:30,60,Outdoor 1,24.0,frei,11
2026-06-04T09:59:01,2026-06-15,14:30,90,Outdoor 1,36.0,frei,11
2026-06-04T09:59:01,2026-06-15,14:30,150,Outdoor 1,72.0,frei,11
2026-06-04T09:59:01,2026-06-15,15:00,60,Outdoor 1,24.0,frei,11
2026-06-04T09:59:01,2026-06-15,15:00,120,Outdoor 1,60.0,frei,11
2026-06-04T09:59:01,2026-06-15,15:30,90,Outdoor 1,48.0,frei,11
2026-06-04T09:59:01,2026-06-15,16:00,60,Outdoor 1,36.0,frei,11
2026-06-04T09:59:01,2026-06-16,08:00,60,Indoor 2,30.0,frei,12
2026-06-04T09:59:01,2026-06-16,08:00,120,Indoor 2,60.0,frei,12
2026-06-04T09:59:01,2026-06-16,09:00,60,Indoor 2,30.0,frei,12
2026-06-04T09:59:01,2026-06-16,12:00,60,Indoor 2,30.0,frei,12
2026-06-04T09:59:01,2026-06-16,12:00,90,Indoor 2,45.0,frei,12
2026-06-04T09:59:01,2026-06-16,12:00,120,Indoor 2,60.0,frei,12
2026-06-04T09:59:01,2026-06-16,13:00,60,Indoor 2,30.0,frei,12
2026-06-04T09:59:01,2026-06-16,13:00,90,Indoor 2,45.0,frei,12
2026-06-04T09:59:01,2026-06-16,13:00,120,Indoor 2,60.0,frei,12
2026-06-04T09:59:01,2026-06-16,13:30,60,Indoor 2,30.0,frei,12
2026-06-04T09:59:01,2026-06-16,13:30,90,Indoor 2,45.0,frei,12
2026-06-04T09:59:01,2026-06-16,13:30,120,Indoor 2,60.0,frei,12
2026-06-04T09:59:01,2026-06-16,14:00,60,Indoor 2,30.0,frei,12
2026-06-04T09:59:01,2026-06-16,14:00,90,Indoor 2,45.0,frei,12
2026-06-04T09:59:01,2026-06-16,14:00,120,Indoor 2,60.0,frei,12
2026-06-04T09:59:01,2026-06-16,14:30,60,Indoor 2,30.0,frei,12
2026-06-04T09:59:01,2026-06-16,14:30,90,Indoor 2,45.0,frei,12
2026-06-04T09:59:01,2026-06-16,15:00,60,Indoor 2,30.0,frei,12
2026-06-04T09:59:01,2026-06-16,15:00,120,Indoor 2,72.0,frei,12
2026-06-04T09:59:01,2026-06-16,15:30,90,Indoor 2,57.0,frei,12
2026-06-04T09:59:01,2026-06-16,16:00,60,Indoor 2,42.0,frei,12
2026-06-04T09:59:01,2026-06-16,23:00,60,Indoor 2,30.0,frei,12
2026-06-04T09:59:01,2026-06-16,08:00,60,Outdoor 3,24.0,frei,12
2026-06-04T09:59:01,2026-06-16,08:00,90,Outdoor 3,36.0,frei,12
2026-06-04T09:59:01,2026-06-16,08:00,120,Outdoor 3,48.0,frei,12
2026-06-04T09:59:01,2026-06-16,08:00,150,Outdoor 3,60.0,frei,12
2026-06-04T09:59:01,2026-06-16,08:30,60,Outdoor 3,24.0,frei,12
2026-06-04T09:59:01,2026-06-16,08:30,90,Outdoor 3,36.0,frei,12
2026-06-04T09:59:01,2026-06-16,08:30,120,Outdoor 3,48.0,frei,12
2026-06-04T09:59:01,2026-06-16,08:30,150,Outdoor 3,60.0,frei,12
2026-06-04T09:59:01,2026-06-16,09:00,60,Outdoor 3,24.0,frei,12
2026-06-04T09:59:01,2026-06-16,09:00,90,Outdoor 3,36.0,frei,12
2026-06-04T09:59:01,2026-06-16,09:00,120,Outdoor 3,48.0,frei,12
2026-06-04T09:59:01,2026-06-16,09:00,150,Outdoor 3,60.0,frei,12
2026-06-04T09:59:01,2026-06-16,09:30,60,Outdoor 3,24.0,frei,12
2026-06-04T09:59:01,2026-06-16,09:30,90,Outdoor 3,36.0,frei,12
2026-06-04T09:59:01,2026-06-16,09:30,120,Outdoor 3,48.0,frei,12
2026-06-04T09:59:01,2026-06-16,09:30,150,Outdoor 3,60.0,frei,12
2026-06-04T09:59:01,2026-06-16,10:00,60,Outdoor 3,24.0,frei,12
2026-06-04T09:59:01,2026-06-16,10:00,90,Outdoor 3,36.0,frei,12
2026-06-04T09:59:01,2026-06-16,10:00,120,Outdoor 3,48.0,frei,12
2026-06-04T09:59:01,2026-06-16,10:00,150,Outdoor 3,60.0,frei,12
2026-06-04T09:59:01,2026-06-16,10:30,60,Outdoor 3,24.0,frei,12
2026-06-04T09:59:01,2026-06-16,10:30,90,Outdoor 3,36.0,frei,12
2026-06-04T09:59:01,2026-06-16,10:30,120,Outdoor 3,48.0,frei,12
2026-06-04T09:59:01,2026-06-16,10:30,150,Outdoor 3,60.0,frei,12
2026-06-04T09:59:01,2026-06-16,11:00,60,Outdoor 3,24.0,frei,12
2026-06-04T09:59:01,2026-06-16,11:00,90,Outdoor 3,36.0,frei,12
2026-06-04T09:59:01,2026-06-16,11:00,120,Outdoor 3,48.0,frei,12
2026-06-04T09:59:01,2026-06-16,11:00,150,Outdoor 3,60.0,frei,12
2026-06-04T09:59:01,2026-06-16,11:30,60,Outdoor 3,24.0,frei,12
2026-06-04T09:59:01,2026-06-16,11:30,90,Outdoor 3,36.0,frei,12
2026-06-04T09:59:01,2026-06-16,11:30,120,Outdoor 3,48.0,frei,12
2026-06-04T09:59:01,2026-06-16,11:30,150,Outdoor 3,60.0,frei,12
2026-06-04T09:59:01,2026-06-16,12:00,60,Outdoor 3,24.0,frei,12
2026-06-04T09:59:01,2026-06-16,12:00,90,Outdoor 3,36.0,frei,12
2026-06-04T09:59:01,2026-06-16,12:00,120,Outdoor 3,48.0,frei,12
2026-06-04T09:59:01,2026-06-16,12:00,150,Outdoor 3,60.0,frei,12
2026-06-04T09:59:01,2026-06-16,12:30,60,Outdoor 3,24.0,frei,12
2026-06-04T09:59:01,2026-06-16,12:30,90,Outdoor 3,36.0,frei,12
2026-06-04T09:59:01,2026-06-16,12:30,120,Outdoor 3,48.0,frei,12
2026-06-04T09:59:01,2026-06-16,12:30,150,Outdoor 3,60.0,frei,12
2026-06-04T09:59:01,2026-06-16,13:00,60,Outdoor 3,24.0,frei,12
2026-06-04T09:59:01,2026-06-16,13:00,90,Outdoor 3,36.0,frei,12
2026-06-04T09:59:01,2026-06-16,13:00,120,Outdoor 3,48.0,frei,12
2026-06-04T09:59:01,2026-06-16,13:00,150,Outdoor 3,60.0,frei,12
2026-06-04T09:59:01,2026-06-16,13:30,60,Outdoor 3,24.0,frei,12
2026-06-04T09:59:01,2026-06-16,13:30,90,Outdoor 3,36.0,frei,12
2026-06-04T09:59:01,2026-06-16,13:30,120,Outdoor 3,48.0,frei,12
2026-06-04T09:59:01,2026-06-16,14:00,60,Outdoor 3,24.0,frei,12
2026-06-04T09:59:01,2026-06-16,14:00,90,Outdoor 3,36.0,frei,12
2026-06-04T09:59:01,2026-06-16,14:00,150,Outdoor 3,66.0,frei,12
2026-06-04T09:59:01,2026-06-16,14:30,60,Outdoor 3,24.0,frei,12
2026-06-04T09:59:01,2026-06-16,14:30,120,Outdoor 3,54.0,frei,12
2026-06-04T09:59:01,2026-06-16,15:00,90,Outdoor 3,42.0,frei,12
2026-06-04T09:59:01,2026-06-16,15:30,60,Outdoor 3,30.0,frei,12
2026-06-04T09:59:01,2026-06-16,21:00,60,Outdoor 3,36.0,frei,12
2026-06-04T09:59:01,2026-06-16,08:00,60,Outdoor 2,24.0,frei,12
2026-06-04T09:59:01,2026-06-16,08:00,90,Outdoor 2,36.0,frei,12
2026-06-04T09:59:01,2026-06-16,08:00,120,Outdoor 2,48.0,frei,12
2026-06-04T09:59:01,2026-06-16,08:00,150,Outdoor 2,60.0,frei,12
2026-06-04T09:59:01,2026-06-16,08:30,60,Outdoor 2,24.0,frei,12
2026-06-04T09:59:01,2026-06-16,08:30,90,Outdoor 2,36.0,frei,12
2026-06-04T09:59:01,2026-06-16,08:30,120,Outdoor 2,48.0,frei,12
2026-06-04T09:59:01,2026-06-16,08:30,150,Outdoor 2,60.0,frei,12
2026-06-04T09:59:01,2026-06-16,09:00,60,Outdoor 2,24.0,frei,12
2026-06-04T09:59:01,2026-06-16,09:00,90,Outdoor 2,36.0,frei,12
2026-06-04T09:59:01,2026-06-16,09:00,120,Outdoor 2,48.0,frei,12
2026-06-04T09:59:01,2026-06-16,09:00,150,Outdoor 2,60.0,frei,12
2026-06-04T09:59:01,2026-06-16,09:30,60,Outdoor 2,24.0,frei,12
2026-06-04T09:59:01,2026-06-16,09:30,90,Outdoor 2,36.0,frei,12
2026-06-04T09:59:01,2026-06-16,09:30,120,Outdoor 2,48.0,frei,12
2026-06-04T09:59:01,2026-06-16,09:30,150,Outdoor 2,60.0,frei,12
2026-06-04T09:59:01,2026-06-16,10:00,60,Outdoor 2,24.0,frei,12
2026-06-04T09:59:01,2026-06-16,10:00,90,Outdoor 2,36.0,frei,12
2026-06-04T09:59:01,2026-06-16,10:00,120,Outdoor 2,48.0,frei,12
2026-06-04T09:59:01,2026-06-16,10:00,150,Outdoor 2,60.0,frei,12
2026-06-04T09:59:01,2026-06-16,10:30,60,Outdoor 2,24.0,frei,12
2026-06-04T09:59:01,2026-06-16,10:30,90,Outdoor 2,36.0,frei,12
2026-06-04T09:59:01,2026-06-16,10:30,120,Outdoor 2,48.0,frei,12
2026-06-04T09:59:01,2026-06-16,10:30,150,Outdoor 2,60.0,frei,12
2026-06-04T09:59:01,2026-06-16,11:00,60,Outdoor 2,24.0,frei,12
2026-06-04T09:59:01,2026-06-16,11:00,90,Outdoor 2,36.0,frei,12
2026-06-04T09:59:01,2026-06-16,11:00,120,Outdoor 2,48.0,frei,12
2026-06-04T09:59:01,2026-06-16,11:00,150,Outdoor 2,60.0,frei,12
2026-06-04T09:59:01,2026-06-16,11:30,60,Outdoor 2,24.0,frei,12
2026-06-04T09:59:01,2026-06-16,11:30,90,Outdoor 2,36.0,frei,12
2026-06-04T09:59:01,2026-06-16,11:30,120,Outdoor 2,48.0,frei,12
2026-06-04T09:59:01,2026-06-16,11:30,150,Outdoor 2,60.0,frei,12
2026-06-04T09:59:01,2026-06-16,12:00,60,Outdoor 2,24.0,frei,12
2026-06-04T09:59:01,2026-06-16,12:00,90,Outdoor 2,36.0,frei,12
2026-06-04T09:59:01,2026-06-16,12:00,120,Outdoor 2,48.0,frei,12
2026-06-04T09:59:01,2026-06-16,12:00,150,Outdoor 2,60.0,frei,12
2026-06-04T09:59:01,2026-06-16,12:30,60,Outdoor 2,24.0,frei,12
2026-06-04T09:59:01,2026-06-16,12:30,90,Outdoor 2,36.0,frei,12
2026-06-04T09:59:01,2026-06-16,12:30,120,Outdoor 2,48.0,frei,12
2026-06-04T09:59:01,2026-06-16,12:30,150,Outdoor 2,60.0,frei,12
2026-06-04T09:59:01,2026-06-16,13:00,60,Outdoor 2,24.0,frei,12
2026-06-04T09:59:01,2026-06-16,13:00,90,Outdoor 2,36.0,frei,12
2026-06-04T09:59:01,2026-06-16,13:00,120,Outdoor 2,48.0,frei,12
2026-06-04T09:59:01,2026-06-16,13:00,150,Outdoor 2,60.0,frei,12
2026-06-04T09:59:01,2026-06-16,13:30,60,Outdoor 2,24.0,frei,12
2026-06-04T09:59:01,2026-06-16,13:30,90,Outdoor 2,36.0,frei,12
2026-06-04T09:59:01,2026-06-16,13:30,120,Outdoor 2,48.0,frei,12
2026-06-04T09:59:01,2026-06-16,13:30,150,Outdoor 2,60.0,frei,12
2026-06-04T09:59:01,2026-06-16,14:00,60,Outdoor 2,24.0,frei,12
2026-06-04T09:59:01,2026-06-16,14:00,90,Outdoor 2,36.0,frei,12
2026-06-04T09:59:01,2026-06-16,14:00,120,Outdoor 2,48.0,frei,12
2026-06-04T09:59:01,2026-06-16,14:00,150,Outdoor 2,66.0,frei,12
2026-06-04T09:59:01,2026-06-16,14:30,60,Outdoor 2,24.0,frei,12
2026-06-04T09:59:01,2026-06-16,14:30,90,Outdoor 2,36.0,frei,12
2026-06-04T09:59:01,2026-06-16,14:30,120,Outdoor 2,54.0,frei,12
2026-06-04T09:59:01,2026-06-16,14:30,150,Outdoor 2,72.0,frei,12
2026-06-04T09:59:01,2026-06-16,15:00,60,Outdoor 2,24.0,frei,12
2026-06-04T09:59:01,2026-06-16,15:00,90,Outdoor 2,42.0,frei,12
2026-06-04T09:59:01,2026-06-16,15:00,120,Outdoor 2,60.0,frei,12
2026-06-04T09:59:01,2026-06-16,15:30,60,Outdoor 2,30.0,frei,12
2026-06-04T09:59:01,2026-06-16,15:30,90,Outdoor 2,48.0,frei,12
2026-06-04T09:59:01,2026-06-16,15:30,150,Outdoor 2,84.0,frei,12
2026-06-04T09:59:01,2026-06-16,16:00,60,Outdoor 2,36.0,frei,12
2026-06-04T09:59:01,2026-06-16,16:00,120,Outdoor 2,72.0,frei,12
2026-06-04T09:59:01,2026-06-16,16:30,90,Outdoor 2,54.0,frei,12
2026-06-04T09:59:01,2026-06-16,17:00,60,Outdoor 2,36.0,frei,12
2026-06-04T09:59:01,2026-06-16,21:00,60,Outdoor 2,36.0,frei,12
2026-06-04T09:59:01,2026-06-16,08:00,60,Outdoor 4,24.0,frei,12
2026-06-04T09:59:01,2026-06-16,08:00,90,Outdoor 4,36.0,frei,12
2026-06-04T09:59:01,2026-06-16,08:00,120,Outdoor 4,48.0,frei,12
2026-06-04T09:59:01,2026-06-16,08:00,150,Outdoor 4,60.0,frei,12
2026-06-04T09:59:01,2026-06-16,08:30,60,Outdoor 4,24.0,frei,12
2026-06-04T09:59:01,2026-06-16,08:30,90,Outdoor 4,36.0,frei,12
2026-06-04T09:59:01,2026-06-16,08:30,120,Outdoor 4,48.0,frei,12
2026-06-04T09:59:01,2026-06-16,08:30,150,Outdoor 4,60.0,frei,12
2026-06-04T09:59:01,2026-06-16,09:00,60,Outdoor 4,24.0,frei,12
2026-06-04T09:59:01,2026-06-16,09:00,90,Outdoor 4,36.0,frei,12
2026-06-04T09:59:01,2026-06-16,09:00,120,Outdoor 4,48.0,frei,12
2026-06-04T09:59:01,2026-06-16,09:00,150,Outdoor 4,60.0,frei,12
2026-06-04T09:59:01,2026-06-16,09:30,60,Outdoor 4,24.0,frei,12
2026-06-04T09:59:01,2026-06-16,09:30,90,Outdoor 4,36.0,frei,12
2026-06-04T09:59:01,2026-06-16,09:30,120,Outdoor 4,48.0,frei,12
2026-06-04T09:59:01,2026-06-16,09:30,150,Outdoor 4,60.0,frei,12
2026-06-04T09:59:01,2026-06-16,10:00,60,Outdoor 4,24.0,frei,12
2026-06-04T09:59:01,2026-06-16,10:00,90,Outdoor 4,36.0,frei,12
2026-06-04T09:59:01,2026-06-16,10:00,120,Outdoor 4,48.0,frei,12
2026-06-04T09:59:01,2026-06-16,10:00,150,Outdoor 4,60.0,frei,12
2026-06-04T09:59:01,2026-06-16,10:30,60,Outdoor 4,24.0,frei,12
2026-06-04T09:59:01,2026-06-16,10:30,90,Outdoor 4,36.0,frei,12
2026-06-04T09:59:01,2026-06-16,10:30,120,Outdoor 4,48.0,frei,12
2026-06-04T09:59:01,2026-06-16,10:30,150,Outdoor 4,60.0,frei,12
2026-06-04T09:59:01,2026-06-16,11:00,60,Outdoor 4,24.0,frei,12
2026-06-04T09:59:01,2026-06-16,11:00,90,Outdoor 4,36.0,frei,12
2026-06-04T09:59:01,2026-06-16,11:00,120,Outdoor 4,48.0,frei,12
2026-06-04T09:59:01,2026-06-16,11:00,150,Outdoor 4,60.0,frei,12
2026-06-04T09:59:01,2026-06-16,11:30,60,Outdoor 4,24.0,frei,12
2026-06-04T09:59:01,2026-06-16,11:30,90,Outdoor 4,36.0,frei,12
2026-06-04T09:59:01,2026-06-16,11:30,120,Outdoor 4,48.0,frei,12
2026-06-04T09:59:01,2026-06-16,11:30,150,Outdoor 4,60.0,frei,12
2026-06-04T09:59:01,2026-06-16,12:00,60,Outdoor 4,24.0,frei,12
2026-06-04T09:59:01,2026-06-16,12:00,90,Outdoor 4,36.0,frei,12
2026-06-04T09:59:01,2026-06-16,12:00,120,Outdoor 4,48.0,frei,12
2026-06-04T09:59:01,2026-06-16,12:00,150,Outdoor 4,60.0,frei,12
2026-06-04T09:59:01,2026-06-16,12:30,60,Outdoor 4,24.0,frei,12
2026-06-04T09:59:01,2026-06-16,12:30,90,Outdoor 4,36.0,frei,12
2026-06-04T09:59:01,2026-06-16,12:30,120,Outdoor 4,48.0,frei,12
2026-06-04T09:59:01,2026-06-16,12:30,150,Outdoor 4,60.0,frei,12
2026-06-04T09:59:01,2026-06-16,13:00,60,Outdoor 4,24.0,frei,12
2026-06-04T09:59:01,2026-06-16,13:00,90,Outdoor 4,36.0,frei,12
2026-06-04T09:59:01,2026-06-16,13:00,120,Outdoor 4,48.0,frei,12
2026-06-04T09:59:01,2026-06-16,13:00,150,Outdoor 4,60.0,frei,12
2026-06-04T09:59:01,2026-06-16,13:30,60,Outdoor 4,24.0,frei,12
2026-06-04T09:59:01,2026-06-16,13:30,90,Outdoor 4,36.0,frei,12
2026-06-04T09:59:01,2026-06-16,13:30,120,Outdoor 4,48.0,frei,12
2026-06-04T09:59:01,2026-06-16,13:30,150,Outdoor 4,60.0,frei,12
2026-06-04T09:59:01,2026-06-16,14:00,60,Outdoor 4,24.0,frei,12
2026-06-04T09:59:01,2026-06-16,14:00,90,Outdoor 4,36.0,frei,12
2026-06-04T09:59:01,2026-06-16,14:00,120,Outdoor 4,48.0,frei,12
2026-06-04T09:59:01,2026-06-16,14:30,60,Outdoor 4,24.0,frei,12
2026-06-04T09:59:01,2026-06-16,14:30,90,Outdoor 4,36.0,frei,12
2026-06-04T09:59:01,2026-06-16,14:30,150,Outdoor 4,72.0,frei,12
2026-06-04T09:59:01,2026-06-16,15:00,60,Outdoor 4,24.0,frei,12
2026-06-04T09:59:01,2026-06-16,15:00,120,Outdoor 4,60.0,frei,12
2026-06-04T09:59:01,2026-06-16,15:30,90,Outdoor 4,48.0,frei,12
2026-06-04T09:59:01,2026-06-16,16:00,60,Outdoor 4,36.0,frei,12
2026-06-04T09:59:01,2026-06-16,08:00,60,Indoor 4,30.0,frei,12
2026-06-04T09:59:01,2026-06-16,08:00,120,Indoor 4,60.0,frei,12
2026-06-04T09:59:01,2026-06-16,09:00,60,Indoor 4,30.0,frei,12
2026-06-04T09:59:01,2026-06-16,12:00,60,Indoor 4,30.0,frei,12
2026-06-04T09:59:01,2026-06-16,12:00,90,Indoor 4,45.0,frei,12
2026-06-04T09:59:01,2026-06-16,12:00,120,Indoor 4,60.0,frei,12
2026-06-04T09:59:01,2026-06-16,13:00,60,Indoor 4,30.0,frei,12
2026-06-04T09:59:01,2026-06-16,13:00,90,Indoor 4,45.0,frei,12
2026-06-04T09:59:01,2026-06-16,13:00,120,Indoor 4,60.0,frei,12
2026-06-04T09:59:01,2026-06-16,13:30,60,Indoor 4,30.0,frei,12
2026-06-04T09:59:01,2026-06-16,13:30,90,Indoor 4,45.0,frei,12
2026-06-04T09:59:01,2026-06-16,13:30,120,Indoor 4,60.0,frei,12
2026-06-04T09:59:01,2026-06-16,14:00,60,Indoor 4,30.0,frei,12
2026-06-04T09:59:01,2026-06-16,14:00,90,Indoor 4,45.0,frei,12
2026-06-04T09:59:01,2026-06-16,14:00,120,Indoor 4,60.0,frei,12
2026-06-04T09:59:01,2026-06-16,14:30,60,Indoor 4,30.0,frei,12
2026-06-04T09:59:01,2026-06-16,14:30,90,Indoor 4,45.0,frei,12
2026-06-04T09:59:01,2026-06-16,14:30,120,Indoor 4,66.0,frei,12
2026-06-04T09:59:01,2026-06-16,15:00,60,Indoor 4,30.0,frei,12
2026-06-04T09:59:01,2026-06-16,15:00,90,Indoor 4,51.0,frei,12
2026-06-04T09:59:01,2026-06-16,15:30,60,Indoor 4,36.0,frei,12
2026-06-04T09:59:01,2026-06-16,15:30,120,Indoor 4,78.0,frei,12
2026-06-04T09:59:01,2026-06-16,16:00,90,Indoor 4,63.0,frei,12
2026-06-04T09:59:01,2026-06-16,16:30,60,Indoor 4,42.0,frei,12
2026-06-04T09:59:01,2026-06-16,22:30,90,Indoor 4,45.0,frei,12
2026-06-04T09:59:01,2026-06-16,08:00,60,Single Indoor,22.0,frei,12
2026-06-04T09:59:01,2026-06-16,08:00,120,Single Indoor,44.0,frei,12
2026-06-04T09:59:01,2026-06-16,09:00,60,Single Indoor,22.0,frei,12
2026-06-04T09:59:01,2026-06-16,12:00,60,Single Indoor,22.0,frei,12
2026-06-04T09:59:01,2026-06-16,12:00,90,Single Indoor,33.0,frei,12
2026-06-04T09:59:01,2026-06-16,12:00,120,Single Indoor,44.0,frei,12
2026-06-04T09:59:01,2026-06-16,13:00,60,Single Indoor,22.0,frei,12
2026-06-04T09:59:01,2026-06-16,13:00,90,Single Indoor,33.0,frei,12
2026-06-04T09:59:01,2026-06-16,13:00,120,Single Indoor,44.0,frei,12
2026-06-04T09:59:01,2026-06-16,13:30,60,Single Indoor,22.0,frei,12
2026-06-04T09:59:01,2026-06-16,13:30,90,Single Indoor,33.0,frei,12
2026-06-04T09:59:01,2026-06-16,13:30,120,Single Indoor,44.0,frei,12
2026-06-04T09:59:01,2026-06-16,14:00,60,Single Indoor,22.0,frei,12
2026-06-04T09:59:01,2026-06-16,14:00,90,Single Indoor,33.0,frei,12
2026-06-04T09:59:01,2026-06-16,14:00,120,Single Indoor,44.0,frei,12
2026-06-04T09:59:01,2026-06-16,14:30,60,Single Indoor,22.0,frei,12
2026-06-04T09:59:01,2026-06-16,14:30,90,Single Indoor,33.0,frei,12
2026-06-04T09:59:01,2026-06-16,15:00,60,Single Indoor,22.0,frei,12
2026-06-04T09:59:01,2026-06-16,15:00,120,Single Indoor,52.0,frei,12
2026-06-04T09:59:01,2026-06-16,15:30,90,Single Indoor,41.0,frei,12
2026-06-04T09:59:01,2026-06-16,16:00,60,Single Indoor,30.0,frei,12
2026-06-04T09:59:01,2026-06-16,20:00,60,Single Indoor,30.0,frei,12
2026-06-04T09:59:01,2026-06-16,20:00,90,Single Indoor,45.0,frei,12
2026-06-04T09:59:01,2026-06-16,20:00,120,Single Indoor,60.0,frei,12
2026-06-04T09:59:01,2026-06-16,21:00,60,Single Indoor,30.0,frei,12
2026-06-04T09:59:01,2026-06-16,21:00,90,Single Indoor,45.0,frei,12
2026-06-04T09:59:01,2026-06-16,21:00,120,Single Indoor,56.0,frei,12
2026-06-04T09:59:01,2026-06-16,21:30,60,Single Indoor,30.0,frei,12
2026-06-04T09:59:01,2026-06-16,21:30,90,Single Indoor,41.0,frei,12
2026-06-04T09:59:01,2026-06-16,22:00,60,Single Indoor,26.0,frei,12
2026-06-04T09:59:01,2026-06-16,22:00,120,Single Indoor,48.0,frei,12
2026-06-04T09:59:01,2026-06-16,22:30,90,Single Indoor,33.0,frei,12
2026-06-04T09:59:01,2026-06-16,23:00,60,Single Indoor,22.0,frei,12
2026-06-04T09:59:01,2026-06-16,08:00,60,Indoor 1,30.0,frei,12
2026-06-04T09:59:01,2026-06-16,08:00,120,Indoor 1,60.0,frei,12
2026-06-04T09:59:01,2026-06-16,09:00,60,Indoor 1,30.0,frei,12
2026-06-04T09:59:01,2026-06-16,12:00,60,Indoor 1,30.0,frei,12
2026-06-04T09:59:01,2026-06-16,12:00,90,Indoor 1,45.0,frei,12
2026-06-04T09:59:01,2026-06-16,12:00,120,Indoor 1,60.0,frei,12
2026-06-04T09:59:01,2026-06-16,13:00,60,Indoor 1,30.0,frei,12
2026-06-04T09:59:01,2026-06-16,13:00,90,Indoor 1,45.0,frei,12
2026-06-04T09:59:01,2026-06-16,13:00,120,Indoor 1,60.0,frei,12
2026-06-04T09:59:01,2026-06-16,13:30,60,Indoor 1,30.0,frei,12
2026-06-04T09:59:01,2026-06-16,13:30,90,Indoor 1,45.0,frei,12
2026-06-04T09:59:01,2026-06-16,13:30,120,Indoor 1,60.0,frei,12
2026-06-04T09:59:01,2026-06-16,14:00,60,Indoor 1,30.0,frei,12
2026-06-04T09:59:01,2026-06-16,14:00,90,Indoor 1,45.0,frei,12
2026-06-04T09:59:01,2026-06-16,14:00,120,Indoor 1,60.0,frei,12
2026-06-04T09:59:01,2026-06-16,14:30,60,Indoor 1,30.0,frei,12
2026-06-04T09:59:01,2026-06-16,14:30,90,Indoor 1,45.0,frei,12
2026-06-04T09:59:01,2026-06-16,15:00,60,Indoor 1,30.0,frei,12
2026-06-04T09:59:01,2026-06-16,15:00,120,Indoor 1,72.0,frei,12
2026-06-04T09:59:01,2026-06-16,15:30,90,Indoor 1,57.0,frei,12
2026-06-04T09:59:01,2026-06-16,16:00,60,Indoor 1,42.0,frei,12
2026-06-04T09:59:01,2026-06-16,08:00,60,Outdoor 1,24.0,frei,12
2026-06-04T09:59:01,2026-06-16,08:00,90,Outdoor 1,36.0,frei,12
2026-06-04T09:59:01,2026-06-16,08:00,120,Outdoor 1,48.0,frei,12
2026-06-04T09:59:01,2026-06-16,08:00,150,Outdoor 1,60.0,frei,12
2026-06-04T09:59:01,2026-06-16,08:30,60,Outdoor 1,24.0,frei,12
2026-06-04T09:59:01,2026-06-16,08:30,90,Outdoor 1,36.0,frei,12
2026-06-04T09:59:01,2026-06-16,08:30,120,Outdoor 1,48.0,frei,12
2026-06-04T09:59:01,2026-06-16,08:30,150,Outdoor 1,60.0,frei,12
2026-06-04T09:59:01,2026-06-16,09:00,60,Outdoor 1,24.0,frei,12
2026-06-04T09:59:01,2026-06-16,09:00,90,Outdoor 1,36.0,frei,12
2026-06-04T09:59:01,2026-06-16,09:00,120,Outdoor 1,48.0,frei,12
2026-06-04T09:59:01,2026-06-16,09:00,150,Outdoor 1,60.0,frei,12
2026-06-04T09:59:01,2026-06-16,09:30,60,Outdoor 1,24.0,frei,12
2026-06-04T09:59:01,2026-06-16,09:30,90,Outdoor 1,36.0,frei,12
2026-06-04T09:59:01,2026-06-16,09:30,120,Outdoor 1,48.0,frei,12
2026-06-04T09:59:01,2026-06-16,09:30,150,Outdoor 1,60.0,frei,12
2026-06-04T09:59:01,2026-06-16,10:00,60,Outdoor 1,24.0,frei,12
2026-06-04T09:59:01,2026-06-16,10:00,90,Outdoor 1,36.0,frei,12
2026-06-04T09:59:01,2026-06-16,10:00,120,Outdoor 1,48.0,frei,12
2026-06-04T09:59:01,2026-06-16,10:00,150,Outdoor 1,60.0,frei,12
2026-06-04T09:59:01,2026-06-16,10:30,60,Outdoor 1,24.0,frei,12
2026-06-04T09:59:01,2026-06-16,10:30,90,Outdoor 1,36.0,frei,12
2026-06-04T09:59:01,2026-06-16,10:30,120,Outdoor 1,48.0,frei,12
2026-06-04T09:59:01,2026-06-16,10:30,150,Outdoor 1,60.0,frei,12
2026-06-04T09:59:01,2026-06-16,11:00,60,Outdoor 1,24.0,frei,12
2026-06-04T09:59:01,2026-06-16,11:00,90,Outdoor 1,36.0,frei,12
2026-06-04T09:59:01,2026-06-16,11:00,120,Outdoor 1,48.0,frei,12
2026-06-04T09:59:01,2026-06-16,11:00,150,Outdoor 1,60.0,frei,12
2026-06-04T09:59:01,2026-06-16,11:30,60,Outdoor 1,24.0,frei,12
2026-06-04T09:59:01,2026-06-16,11:30,90,Outdoor 1,36.0,frei,12
2026-06-04T09:59:01,2026-06-16,11:30,120,Outdoor 1,48.0,frei,12
2026-06-04T09:59:01,2026-06-16,11:30,150,Outdoor 1,60.0,frei,12
2026-06-04T09:59:01,2026-06-16,12:00,60,Outdoor 1,24.0,frei,12
2026-06-04T09:59:01,2026-06-16,12:00,90,Outdoor 1,36.0,frei,12
2026-06-04T09:59:01,2026-06-16,12:00,120,Outdoor 1,48.0,frei,12
2026-06-04T09:59:01,2026-06-16,12:00,150,Outdoor 1,60.0,frei,12
2026-06-04T09:59:01,2026-06-16,12:30,60,Outdoor 1,24.0,frei,12
2026-06-04T09:59:01,2026-06-16,12:30,90,Outdoor 1,36.0,frei,12
2026-06-04T09:59:01,2026-06-16,12:30,120,Outdoor 1,48.0,frei,12
2026-06-04T09:59:01,2026-06-16,12:30,150,Outdoor 1,60.0,frei,12
2026-06-04T09:59:01,2026-06-16,13:00,60,Outdoor 1,24.0,frei,12
2026-06-04T09:59:01,2026-06-16,13:00,90,Outdoor 1,36.0,frei,12
2026-06-04T09:59:01,2026-06-16,13:00,120,Outdoor 1,48.0,frei,12
2026-06-04T09:59:01,2026-06-16,13:00,150,Outdoor 1,60.0,frei,12
2026-06-04T09:59:01,2026-06-16,13:30,60,Outdoor 1,24.0,frei,12
2026-06-04T09:59:01,2026-06-16,13:30,90,Outdoor 1,36.0,frei,12
2026-06-04T09:59:01,2026-06-16,13:30,120,Outdoor 1,48.0,frei,12
2026-06-04T09:59:01,2026-06-16,13:30,150,Outdoor 1,60.0,frei,12
2026-06-04T09:59:01,2026-06-16,14:00,60,Outdoor 1,24.0,frei,12
2026-06-04T09:59:01,2026-06-16,14:00,90,Outdoor 1,36.0,frei,12
2026-06-04T09:59:01,2026-06-16,14:00,120,Outdoor 1,48.0,frei,12
2026-06-04T09:59:01,2026-06-16,14:00,150,Outdoor 1,66.0,frei,12
2026-06-04T09:59:01,2026-06-16,14:30,60,Outdoor 1,24.0,frei,12
2026-06-04T09:59:01,2026-06-16,14:30,90,Outdoor 1,36.0,frei,12
2026-06-04T09:59:01,2026-06-16,14:30,120,Outdoor 1,54.0,frei,12
2026-06-04T09:59:01,2026-06-16,14:30,150,Outdoor 1,72.0,frei,12
2026-06-04T09:59:01,2026-06-16,15:00,60,Outdoor 1,24.0,frei,12
2026-06-04T09:59:01,2026-06-16,15:00,90,Outdoor 1,42.0,frei,12
2026-06-04T09:59:01,2026-06-16,15:00,120,Outdoor 1,60.0,frei,12
2026-06-04T09:59:01,2026-06-16,15:30,60,Outdoor 1,30.0,frei,12
2026-06-04T09:59:01,2026-06-16,15:30,90,Outdoor 1,48.0,frei,12
2026-06-04T09:59:01,2026-06-16,15:30,150,Outdoor 1,84.0,frei,12
2026-06-04T09:59:01,2026-06-16,16:00,60,Outdoor 1,36.0,frei,12
2026-06-04T09:59:01,2026-06-16,16:00,120,Outdoor 1,72.0,frei,12
2026-06-04T09:59:01,2026-06-16,16:30,90,Outdoor 1,54.0,frei,12
2026-06-04T09:59:01,2026-06-16,17:00,60,Outdoor 1,36.0,frei,12
2026-06-04T09:59:01,2026-06-16,21:00,60,Outdoor 1,36.0,frei,12
2026-06-04T09:59:01,2026-06-16,08:00,60,Indoor 3,30.0,frei,12
2026-06-04T09:59:01,2026-06-16,08:00,120,Indoor 3,60.0,frei,12
2026-06-04T09:59:01,2026-06-16,09:00,60,Indoor 3,30.0,frei,12
2026-06-04T09:59:01,2026-06-16,12:00,60,Indoor 3,30.0,frei,12
2026-06-04T09:59:01,2026-06-16,12:00,90,Indoor 3,45.0,frei,12
2026-06-04T09:59:01,2026-06-16,12:00,120,Indoor 3,60.0,frei,12
2026-06-04T09:59:01,2026-06-16,13:00,60,Indoor 3,30.0,frei,12
2026-06-04T09:59:01,2026-06-16,13:00,90,Indoor 3,45.0,frei,12
2026-06-04T09:59:01,2026-06-16,13:00,120,Indoor 3,60.0,frei,12
2026-06-04T09:59:01,2026-06-16,13:30,60,Indoor 3,30.0,frei,12
2026-06-04T09:59:01,2026-06-16,13:30,90,Indoor 3,45.0,frei,12
2026-06-04T09:59:01,2026-06-16,14:00,60,Indoor 3,30.0,frei,12
2026-06-04T09:59:01,2026-06-16,14:00,120,Indoor 3,60.0,frei,12
2026-06-04T09:59:01,2026-06-16,14:30,90,Indoor 3,45.0,frei,12
2026-06-04T09:59:01,2026-06-16,15:00,60,Indoor 3,30.0,frei,12
2026-06-04T09:59:01,2026-06-16,22:30,90,Indoor 3,45.0,frei,12
2026-06-04T09:59:01,2026-06-17,08:00,60,Outdoor 2,24.0,frei,13
2026-06-04T09:59:01,2026-06-17,08:00,90,Outdoor 2,36.0,frei,13
2026-06-04T09:59:01,2026-06-17,08:00,120,Outdoor 2,48.0,frei,13
2026-06-04T09:59:01,2026-06-17,08:00,150,Outdoor 2,60.0,frei,13
2026-06-04T09:59:01,2026-06-17,08:30,60,Outdoor 2,24.0,frei,13
2026-06-04T09:59:01,2026-06-17,08:30,90,Outdoor 2,36.0,frei,13
2026-06-04T09:59:01,2026-06-17,08:30,120,Outdoor 2,48.0,frei,13
2026-06-04T09:59:01,2026-06-17,08:30,150,Outdoor 2,60.0,frei,13
2026-06-04T09:59:01,2026-06-17,09:00,60,Outdoor 2,24.0,frei,13
2026-06-04T09:59:01,2026-06-17,09:00,90,Outdoor 2,36.0,frei,13
2026-06-04T09:59:01,2026-06-17,09:00,120,Outdoor 2,48.0,frei,13
2026-06-04T09:59:01,2026-06-17,09:30,60,Outdoor 2,24.0,frei,13
2026-06-04T09:59:01,2026-06-17,09:30,90,Outdoor 2,36.0,frei,13
2026-06-04T09:59:01,2026-06-17,09:30,150,Outdoor 2,60.0,frei,13
2026-06-04T09:59:01,2026-06-17,10:00,60,Outdoor 2,24.0,frei,13
2026-06-04T09:59:01,2026-06-17,10:00,120,Outdoor 2,48.0,frei,13
2026-06-04T09:59:01,2026-06-17,10:30,90,Outdoor 2,36.0,frei,13
2026-06-04T09:59:01,2026-06-17,11:00,60,Outdoor 2,24.0,frei,13
2026-06-04T09:59:01,2026-06-17,13:00,60,Outdoor 2,24.0,frei,13
2026-06-04T09:59:01,2026-06-17,13:00,90,Outdoor 2,36.0,frei,13
2026-06-04T09:59:01,2026-06-17,13:00,120,Outdoor 2,48.0,frei,13
2026-06-04T09:59:01,2026-06-17,13:00,150,Outdoor 2,60.0,frei,13
2026-06-04T09:59:01,2026-06-17,13:30,60,Outdoor 2,24.0,frei,13
2026-06-04T09:59:01,2026-06-17,13:30,90,Outdoor 2,36.0,frei,13
2026-06-04T09:59:01,2026-06-17,13:30,120,Outdoor 2,48.0,frei,13
2026-06-04T09:59:01,2026-06-17,13:30,150,Outdoor 2,60.0,frei,13
2026-06-04T09:59:01,2026-06-17,14:00,60,Outdoor 2,24.0,frei,13
2026-06-04T09:59:01,2026-06-17,14:00,90,Outdoor 2,36.0,frei,13
2026-06-04T09:59:01,2026-06-17,14:00,120,Outdoor 2,48.0,frei,13
2026-06-04T09:59:01,2026-06-17,14:00,150,Outdoor 2,66.0,frei,13
2026-06-04T09:59:01,2026-06-17,14:30,60,Outdoor 2,24.0,frei,13
2026-06-04T09:59:01,2026-06-17,14:30,90,Outdoor 2,36.0,frei,13
2026-06-04T09:59:01,2026-06-17,14:30,120,Outdoor 2,54.0,frei,13
2026-06-04T09:59:01,2026-06-17,14:30,150,Outdoor 2,72.0,frei,13
2026-06-04T09:59:01,2026-06-17,15:00,60,Outdoor 2,24.0,frei,13
2026-06-04T09:59:01,2026-06-17,15:00,90,Outdoor 2,42.0,frei,13
2026-06-04T09:59:01,2026-06-17,15:00,120,Outdoor 2,60.0,frei,13
2026-06-04T09:59:01,2026-06-17,15:30,60,Outdoor 2,30.0,frei,13
2026-06-04T09:59:01,2026-06-17,15:30,90,Outdoor 2,48.0,frei,13
2026-06-04T09:59:01,2026-06-17,15:30,150,Outdoor 2,84.0,frei,13
2026-06-04T09:59:01,2026-06-17,16:00,60,Outdoor 2,36.0,frei,13
2026-06-04T09:59:01,2026-06-17,16:00,120,Outdoor 2,72.0,frei,13
2026-06-04T09:59:01,2026-06-17,16:30,90,Outdoor 2,54.0,frei,13
2026-06-04T09:59:01,2026-06-17,17:00,60,Outdoor 2,36.0,frei,13
2026-06-04T09:59:01,2026-06-17,21:00,60,Outdoor 2,36.0,frei,13
2026-06-04T09:59:01,2026-06-17,08:00,60,Outdoor 4,24.0,frei,13
2026-06-04T09:59:01,2026-06-17,08:00,90,Outdoor 4,36.0,frei,13
2026-06-04T09:59:01,2026-06-17,08:00,120,Outdoor 4,48.0,frei,13
2026-06-04T09:59:01,2026-06-17,08:00,150,Outdoor 4,60.0,frei,13
2026-06-04T09:59:01,2026-06-17,08:30,60,Outdoor 4,24.0,frei,13
2026-06-04T09:59:01,2026-06-17,08:30,90,Outdoor 4,36.0,frei,13
2026-06-04T09:59:01,2026-06-17,08:30,120,Outdoor 4,48.0,frei,13
2026-06-04T09:59:01,2026-06-17,08:30,150,Outdoor 4,60.0,frei,13
2026-06-04T09:59:01,2026-06-17,09:00,60,Outdoor 4,24.0,frei,13
2026-06-04T09:59:01,2026-06-17,09:00,90,Outdoor 4,36.0,frei,13
2026-06-04T09:59:01,2026-06-17,09:00,120,Outdoor 4,48.0,frei,13
2026-06-04T09:59:01,2026-06-17,09:00,150,Outdoor 4,60.0,frei,13
2026-06-04T09:59:01,2026-06-17,09:30,60,Outdoor 4,24.0,frei,13
2026-06-04T09:59:01,2026-06-17,09:30,90,Outdoor 4,36.0,frei,13
2026-06-04T09:59:01,2026-06-17,09:30,120,Outdoor 4,48.0,frei,13
2026-06-04T09:59:01,2026-06-17,09:30,150,Outdoor 4,60.0,frei,13
2026-06-04T09:59:01,2026-06-17,10:00,60,Outdoor 4,24.0,frei,13
2026-06-04T09:59:01,2026-06-17,10:00,90,Outdoor 4,36.0,frei,13
2026-06-04T09:59:01,2026-06-17,10:00,120,Outdoor 4,48.0,frei,13
2026-06-04T09:59:01,2026-06-17,10:00,150,Outdoor 4,60.0,frei,13
2026-06-04T09:59:01,2026-06-17,10:30,60,Outdoor 4,24.0,frei,13
2026-06-04T09:59:01,2026-06-17,10:30,90,Outdoor 4,36.0,frei,13
2026-06-04T09:59:01,2026-06-17,10:30,120,Outdoor 4,48.0,frei,13
2026-06-04T09:59:01,2026-06-17,10:30,150,Outdoor 4,60.0,frei,13
2026-06-04T09:59:01,2026-06-17,11:00,60,Outdoor 4,24.0,frei,13
2026-06-04T09:59:01,2026-06-17,11:00,90,Outdoor 4,36.0,frei,13
2026-06-04T09:59:01,2026-06-17,11:00,120,Outdoor 4,48.0,frei,13
2026-06-04T09:59:01,2026-06-17,11:00,150,Outdoor 4,60.0,frei,13
2026-06-04T09:59:01,2026-06-17,11:30,60,Outdoor 4,24.0,frei,13
2026-06-04T09:59:01,2026-06-17,11:30,90,Outdoor 4,36.0,frei,13
2026-06-04T09:59:01,2026-06-17,11:30,120,Outdoor 4,48.0,frei,13
2026-06-04T09:59:01,2026-06-17,11:30,150,Outdoor 4,60.0,frei,13
2026-06-04T09:59:01,2026-06-17,12:00,60,Outdoor 4,24.0,frei,13
2026-06-04T09:59:01,2026-06-17,12:00,90,Outdoor 4,36.0,frei,13
2026-06-04T09:59:01,2026-06-17,12:00,120,Outdoor 4,48.0,frei,13
2026-06-04T09:59:01,2026-06-17,12:00,150,Outdoor 4,60.0,frei,13
2026-06-04T09:59:01,2026-06-17,12:30,60,Outdoor 4,24.0,frei,13
2026-06-04T09:59:01,2026-06-17,12:30,90,Outdoor 4,36.0,frei,13
2026-06-04T09:59:01,2026-06-17,12:30,120,Outdoor 4,48.0,frei,13
2026-06-04T09:59:01,2026-06-17,12:30,150,Outdoor 4,60.0,frei,13
2026-06-04T09:59:01,2026-06-17,13:00,60,Outdoor 4,24.0,frei,13
2026-06-04T09:59:01,2026-06-17,13:00,90,Outdoor 4,36.0,frei,13
2026-06-04T09:59:01,2026-06-17,13:00,120,Outdoor 4,48.0,frei,13
2026-06-04T09:59:01,2026-06-17,13:00,150,Outdoor 4,60.0,frei,13
2026-06-04T09:59:01,2026-06-17,13:30,60,Outdoor 4,24.0,frei,13
2026-06-04T09:59:01,2026-06-17,13:30,90,Outdoor 4,36.0,frei,13
2026-06-04T09:59:01,2026-06-17,13:30,120,Outdoor 4,48.0,frei,13
2026-06-04T09:59:01,2026-06-17,13:30,150,Outdoor 4,60.0,frei,13
2026-06-04T09:59:01,2026-06-17,14:00,60,Outdoor 4,24.0,frei,13
2026-06-04T09:59:01,2026-06-17,14:00,90,Outdoor 4,36.0,frei,13
2026-06-04T09:59:01,2026-06-17,14:00,120,Outdoor 4,48.0,frei,13
2026-06-04T09:59:01,2026-06-17,14:00,150,Outdoor 4,66.0,frei,13
2026-06-04T09:59:01,2026-06-17,14:30,60,Outdoor 4,24.0,frei,13
2026-06-04T09:59:01,2026-06-17,14:30,90,Outdoor 4,36.0,frei,13
2026-06-04T09:59:01,2026-06-17,14:30,120,Outdoor 4,54.0,frei,13
2026-06-04T09:59:01,2026-06-17,15:00,60,Outdoor 4,24.0,frei,13
2026-06-04T09:59:01,2026-06-17,15:00,90,Outdoor 4,42.0,frei,13
2026-06-04T09:59:01,2026-06-17,15:00,150,Outdoor 4,78.0,frei,13
2026-06-04T09:59:01,2026-06-17,15:30,60,Outdoor 4,30.0,frei,13
2026-06-04T09:59:01,2026-06-17,15:30,120,Outdoor 4,66.0,frei,13
2026-06-04T09:59:01,2026-06-17,16:00,90,Outdoor 4,54.0,frei,13
2026-06-04T09:59:01,2026-06-17,16:30,60,Outdoor 4,36.0,frei,13
2026-06-04T09:59:01,2026-06-17,08:00,60,Indoor 2,30.0,frei,13
2026-06-04T09:59:01,2026-06-17,08:00,90,Indoor 2,45.0,frei,13
2026-06-04T09:59:01,2026-06-17,09:00,90,Indoor 2,45.0,frei,13
2026-06-04T09:59:01,2026-06-17,09:30,60,Indoor 2,30.0,frei,13
2026-06-04T09:59:01,2026-06-17,12:30,60,Indoor 2,30.0,frei,13
2026-06-04T09:59:01,2026-06-17,12:30,90,Indoor 2,45.0,frei,13
2026-06-04T09:59:01,2026-06-17,12:30,120,Indoor 2,60.0,frei,13
2026-06-04T09:59:01,2026-06-17,13:30,60,Indoor 2,30.0,frei,13
2026-06-04T09:59:01,2026-06-17,13:30,90,Indoor 2,45.0,frei,13
2026-06-04T09:59:01,2026-06-17,13:30,120,Indoor 2,60.0,frei,13
2026-06-04T09:59:01,2026-06-17,14:00,60,Indoor 2,30.0,frei,13
2026-06-04T09:59:01,2026-06-17,14:00,90,Indoor 2,45.0,frei,13
2026-06-04T09:59:01,2026-06-17,14:00,120,Indoor 2,60.0,frei,13
2026-06-04T09:59:01,2026-06-17,14:30,60,Indoor 2,30.0,frei,13
2026-06-04T09:59:01,2026-06-17,14:30,90,Indoor 2,45.0,frei,13
2026-06-04T09:59:01,2026-06-17,14:30,120,Indoor 2,66.0,frei,13
2026-06-04T09:59:01,2026-06-17,15:00,60,Indoor 2,30.0,frei,13
2026-06-04T09:59:01,2026-06-17,15:00,90,Indoor 2,51.0,frei,13
2026-06-04T09:59:01,2026-06-17,15:30,60,Indoor 2,36.0,frei,13
2026-06-04T09:59:01,2026-06-17,15:30,120,Indoor 2,78.0,frei,13
2026-06-04T09:59:01,2026-06-17,16:00,90,Indoor 2,63.0,frei,13
2026-06-04T09:59:01,2026-06-17,16:30,60,Indoor 2,42.0,frei,13
2026-06-04T09:59:01,2026-06-17,22:00,60,Indoor 2,36.0,frei,13
2026-06-04T09:59:01,2026-06-17,22:00,120,Indoor 2,66.0,frei,13
2026-06-04T09:59:01,2026-06-17,23:00,60,Indoor 2,30.0,frei,13
2026-06-04T09:59:01,2026-06-17,08:00,60,Indoor 4,30.0,frei,13
2026-06-04T09:59:01,2026-06-17,08:00,90,Indoor 4,45.0,frei,13
2026-06-04T09:59:01,2026-06-17,09:00,90,Indoor 4,45.0,frei,13
2026-06-04T09:59:01,2026-06-17,09:30,60,Indoor 4,30.0,frei,13
2026-06-04T09:59:01,2026-06-17,12:30,60,Indoor 4,30.0,frei,13
2026-06-04T09:59:01,2026-06-17,12:30,90,Indoor 4,45.0,frei,13
2026-06-04T09:59:01,2026-06-17,12:30,120,Indoor 4,60.0,frei,13
2026-06-04T09:59:01,2026-06-17,13:30,60,Indoor 4,30.0,frei,13
2026-06-04T09:59:01,2026-06-17,13:30,90,Indoor 4,45.0,frei,13
2026-06-04T09:59:01,2026-06-17,13:30,120,Indoor 4,60.0,frei,13
2026-06-04T09:59:01,2026-06-17,14:00,60,Indoor 4,30.0,frei,13
2026-06-04T09:59:01,2026-06-17,14:00,90,Indoor 4,45.0,frei,13
2026-06-04T09:59:01,2026-06-17,14:30,60,Indoor 4,30.0,frei,13
2026-06-04T09:59:01,2026-06-17,14:30,120,Indoor 4,66.0,frei,13
2026-06-04T09:59:01,2026-06-17,15:00,90,Indoor 4,51.0,frei,13
2026-06-04T09:59:01,2026-06-17,15:30,60,Indoor 4,36.0,frei,13
2026-06-04T09:59:01,2026-06-17,22:00,60,Indoor 4,36.0,frei,13
2026-06-04T09:59:01,2026-06-17,22:00,120,Indoor 4,66.0,frei,13
2026-06-04T09:59:01,2026-06-17,23:00,60,Indoor 4,30.0,frei,13
2026-06-04T09:59:01,2026-06-17,08:00,60,Single Indoor,22.0,frei,13
2026-06-04T09:59:01,2026-06-17,08:00,90,Single Indoor,33.0,frei,13
2026-06-04T09:59:01,2026-06-17,09:00,90,Single Indoor,33.0,frei,13
2026-06-04T09:59:01,2026-06-17,09:30,60,Single Indoor,22.0,frei,13
2026-06-04T09:59:01,2026-06-17,12:30,60,Single Indoor,22.0,frei,13
2026-06-04T09:59:01,2026-06-17,12:30,90,Single Indoor,33.0,frei,13
2026-06-04T09:59:01,2026-06-17,12:30,120,Single Indoor,44.0,frei,13
2026-06-04T09:59:01,2026-06-17,13:30,60,Single Indoor,22.0,frei,13
2026-06-04T09:59:01,2026-06-17,13:30,90,Single Indoor,33.0,frei,13
2026-06-04T09:59:01,2026-06-17,13:30,120,Single Indoor,44.0,frei,13
2026-06-04T09:59:01,2026-06-17,14:00,60,Single Indoor,22.0,frei,13
2026-06-04T09:59:01,2026-06-17,14:00,90,Single Indoor,33.0,frei,13
2026-06-04T09:59:01,2026-06-17,14:00,120,Single Indoor,44.0,frei,13
2026-06-04T09:59:01,2026-06-17,14:30,60,Single Indoor,22.0,frei,13
2026-06-04T09:59:01,2026-06-17,14:30,90,Single Indoor,33.0,frei,13
2026-06-04T09:59:01,2026-06-17,14:30,120,Single Indoor,48.0,frei,13
2026-06-04T09:59:01,2026-06-17,15:00,60,Single Indoor,22.0,frei,13
2026-06-04T09:59:01,2026-06-17,15:00,90,Single Indoor,37.0,frei,13
2026-06-04T09:59:01,2026-06-17,15:30,60,Single Indoor,26.0,frei,13
2026-06-04T09:59:01,2026-06-17,15:30,120,Single Indoor,56.0,frei,13
2026-06-04T09:59:01,2026-06-17,16:00,90,Single Indoor,45.0,frei,13
2026-06-04T09:59:01,2026-06-17,16:30,60,Single Indoor,30.0,frei,13
2026-06-04T09:59:01,2026-06-17,20:30,60,Single Indoor,30.0,frei,13
2026-06-04T09:59:01,2026-06-17,20:30,90,Single Indoor,45.0,frei,13
2026-06-04T09:59:01,2026-06-17,20:30,120,Single Indoor,60.0,frei,13
2026-06-04T09:59:01,2026-06-17,21:30,60,Single Indoor,30.0,frei,13
2026-06-04T09:59:01,2026-06-17,21:30,90,Single Indoor,41.0,frei,13
2026-06-04T09:59:01,2026-06-17,22:00,60,Single Indoor,26.0,frei,13
2026-06-04T09:59:01,2026-06-17,22:00,120,Single Indoor,48.0,frei,13
2026-06-04T09:59:01,2026-06-17,22:30,90,Single Indoor,33.0,frei,13
2026-06-04T09:59:01,2026-06-17,23:00,60,Single Indoor,22.0,frei,13
2026-06-04T09:59:01,2026-06-17,08:00,60,Outdoor 3,24.0,frei,13
2026-06-04T09:59:01,2026-06-17,08:00,120,Outdoor 3,48.0,frei,13
2026-06-04T09:59:01,2026-06-17,08:30,90,Outdoor 3,36.0,frei,13
2026-06-04T09:59:01,2026-06-17,09:00,60,Outdoor 3,24.0,frei,13
2026-06-04T09:59:01,2026-06-17,11:00,60,Outdoor 3,24.0,frei,13
2026-06-04T09:59:01,2026-06-17,11:00,90,Outdoor 3,36.0,frei,13
2026-06-04T09:59:01,2026-06-17,11:00,120,Outdoor 3,48.0,frei,13
2026-06-04T09:59:01,2026-06-17,11:00,150,Outdoor 3,60.0,frei,13
2026-06-04T09:59:01,2026-06-17,11:30,60,Outdoor 3,24.0,frei,13
2026-06-04T09:59:01,2026-06-17,11:30,90,Outdoor 3,36.0,frei,13
2026-06-04T09:59:01,2026-06-17,11:30,120,Outdoor 3,48.0,frei,13
2026-06-04T09:59:01,2026-06-17,11:30,150,Outdoor 3,60.0,frei,13
2026-06-04T09:59:01,2026-06-17,12:00,60,Outdoor 3,24.0,frei,13
2026-06-04T09:59:01,2026-06-17,12:00,90,Outdoor 3,36.0,frei,13
2026-06-04T09:59:01,2026-06-17,12:00,120,Outdoor 3,48.0,frei,13
2026-06-04T09:59:01,2026-06-17,12:00,150,Outdoor 3,60.0,frei,13
2026-06-04T09:59:01,2026-06-17,12:30,60,Outdoor 3,24.0,frei,13
2026-06-04T09:59:01,2026-06-17,12:30,90,Outdoor 3,36.0,frei,13
2026-06-04T09:59:01,2026-06-17,12:30,120,Outdoor 3,48.0,frei,13
2026-06-04T09:59:01,2026-06-17,12:30,150,Outdoor 3,60.0,frei,13
2026-06-04T09:59:01,2026-06-17,13:00,60,Outdoor 3,24.0,frei,13
2026-06-04T09:59:01,2026-06-17,13:00,90,Outdoor 3,36.0,frei,13
2026-06-04T09:59:01,2026-06-17,13:00,120,Outdoor 3,48.0,frei,13
2026-06-04T09:59:01,2026-06-17,13:00,150,Outdoor 3,60.0,frei,13
2026-06-04T09:59:01,2026-06-17,13:30,60,Outdoor 3,24.0,frei,13
2026-06-04T09:59:01,2026-06-17,13:30,90,Outdoor 3,36.0,frei,13
2026-06-04T09:59:01,2026-06-17,13:30,120,Outdoor 3,48.0,frei,13
2026-06-04T09:59:01,2026-06-17,13:30,150,Outdoor 3,60.0,frei,13
2026-06-04T09:59:01,2026-06-17,14:00,60,Outdoor 3,24.0,frei,13
2026-06-04T09:59:01,2026-06-17,14:00,90,Outdoor 3,36.0,frei,13
2026-06-04T09:59:01,2026-06-17,14:00,120,Outdoor 3,48.0,frei,13
2026-06-04T09:59:01,2026-06-17,14:00,150,Outdoor 3,66.0,frei,13
2026-06-04T09:59:01,2026-06-17,14:30,60,Outdoor 3,24.0,frei,13
2026-06-04T09:59:01,2026-06-17,14:30,90,Outdoor 3,36.0,frei,13
2026-06-04T09:59:01,2026-06-17,14:30,120,Outdoor 3,54.0,frei,13
2026-06-04T09:59:01,2026-06-17,14:30,150,Outdoor 3,72.0,frei,13
2026-06-04T09:59:01,2026-06-17,15:00,60,Outdoor 3,24.0,frei,13
2026-06-04T09:59:01,2026-06-17,15:00,90,Outdoor 3,42.0,frei,13
2026-06-04T09:59:01,2026-06-17,15:00,120,Outdoor 3,60.0,frei,13
2026-06-04T09:59:01,2026-06-17,15:30,60,Outdoor 3,30.0,frei,13
2026-06-04T09:59:01,2026-06-17,15:30,90,Outdoor 3,48.0,frei,13
2026-06-04T09:59:01,2026-06-17,15:30,150,Outdoor 3,84.0,frei,13
2026-06-04T09:59:01,2026-06-17,16:00,60,Outdoor 3,36.0,frei,13
2026-06-04T09:59:01,2026-06-17,16:00,120,Outdoor 3,72.0,frei,13
2026-06-04T09:59:01,2026-06-17,16:30,90,Outdoor 3,54.0,frei,13
2026-06-04T09:59:01,2026-06-17,17:00,60,Outdoor 3,36.0,frei,13
2026-06-04T09:59:01,2026-06-17,21:00,60,Outdoor 3,36.0,frei,13
2026-06-04T09:59:01,2026-06-17,08:00,60,Outdoor 1,24.0,frei,13
2026-06-04T09:59:01,2026-06-17,08:00,90,Outdoor 1,36.0,frei,13
2026-06-04T09:59:01,2026-06-17,08:00,120,Outdoor 1,48.0,frei,13
2026-06-04T09:59:01,2026-06-17,08:00,150,Outdoor 1,60.0,frei,13
2026-06-04T09:59:01,2026-06-17,08:30,60,Outdoor 1,24.0,frei,13
2026-06-04T09:59:01,2026-06-17,08:30,90,Outdoor 1,36.0,frei,13
2026-06-04T09:59:01,2026-06-17,08:30,120,Outdoor 1,48.0,frei,13
2026-06-04T09:59:01,2026-06-17,08:30,150,Outdoor 1,60.0,frei,13
2026-06-04T09:59:01,2026-06-17,09:00,60,Outdoor 1,24.0,frei,13
2026-06-04T09:59:01,2026-06-17,09:00,90,Outdoor 1,36.0,frei,13
2026-06-04T09:59:01,2026-06-17,09:00,120,Outdoor 1,48.0,frei,13
2026-06-04T09:59:01,2026-06-17,09:00,150,Outdoor 1,60.0,frei,13
2026-06-04T09:59:01,2026-06-17,09:30,60,Outdoor 1,24.0,frei,13
2026-06-04T09:59:01,2026-06-17,09:30,90,Outdoor 1,36.0,frei,13
2026-06-04T09:59:01,2026-06-17,09:30,120,Outdoor 1,48.0,frei,13
2026-06-04T09:59:01,2026-06-17,09:30,150,Outdoor 1,60.0,frei,13
2026-06-04T09:59:01,2026-06-17,10:00,60,Outdoor 1,24.0,frei,13
2026-06-04T09:59:01,2026-06-17,10:00,90,Outdoor 1,36.0,frei,13
2026-06-04T09:59:01,2026-06-17,10:00,120,Outdoor 1,48.0,frei,13
2026-06-04T09:59:01,2026-06-17,10:00,150,Outdoor 1,60.0,frei,13
2026-06-04T09:59:01,2026-06-17,10:30,60,Outdoor 1,24.0,frei,13
2026-06-04T09:59:01,2026-06-17,10:30,90,Outdoor 1,36.0,frei,13
2026-06-04T09:59:01,2026-06-17,10:30,120,Outdoor 1,48.0,frei,13
2026-06-04T09:59:01,2026-06-17,10:30,150,Outdoor 1,60.0,frei,13
2026-06-04T09:59:01,2026-06-17,11:00,60,Outdoor 1,24.0,frei,13
2026-06-04T09:59:01,2026-06-17,11:00,90,Outdoor 1,36.0,frei,13
2026-06-04T09:59:01,2026-06-17,11:00,120,Outdoor 1,48.0,frei,13
2026-06-04T09:59:01,2026-06-17,11:00,150,Outdoor 1,60.0,frei,13
2026-06-04T09:59:01,2026-06-17,11:30,60,Outdoor 1,24.0,frei,13
2026-06-04T09:59:01,2026-06-17,11:30,90,Outdoor 1,36.0,frei,13
2026-06-04T09:59:01,2026-06-17,11:30,120,Outdoor 1,48.0,frei,13
2026-06-04T09:59:01,2026-06-17,11:30,150,Outdoor 1,60.0,frei,13
2026-06-04T09:59:01,2026-06-17,12:00,60,Outdoor 1,24.0,frei,13
2026-06-04T09:59:01,2026-06-17,12:00,90,Outdoor 1,36.0,frei,13
2026-06-04T09:59:01,2026-06-17,12:00,120,Outdoor 1,48.0,frei,13
2026-06-04T09:59:01,2026-06-17,12:00,150,Outdoor 1,60.0,frei,13
2026-06-04T09:59:01,2026-06-17,12:30,60,Outdoor 1,24.0,frei,13
2026-06-04T09:59:01,2026-06-17,12:30,90,Outdoor 1,36.0,frei,13
2026-06-04T09:59:01,2026-06-17,12:30,120,Outdoor 1,48.0,frei,13
2026-06-04T09:59:01,2026-06-17,12:30,150,Outdoor 1,60.0,frei,13
2026-06-04T09:59:01,2026-06-17,13:00,60,Outdoor 1,24.0,frei,13
2026-06-04T09:59:01,2026-06-17,13:00,90,Outdoor 1,36.0,frei,13
2026-06-04T09:59:01,2026-06-17,13:00,120,Outdoor 1,48.0,frei,13
2026-06-04T09:59:01,2026-06-17,13:00,150,Outdoor 1,60.0,frei,13
2026-06-04T09:59:01,2026-06-17,13:30,60,Outdoor 1,24.0,frei,13
2026-06-04T09:59:01,2026-06-17,13:30,90,Outdoor 1,36.0,frei,13
2026-06-04T09:59:01,2026-06-17,13:30,120,Outdoor 1,48.0,frei,13
2026-06-04T09:59:01,2026-06-17,13:30,150,Outdoor 1,60.0,frei,13
2026-06-04T09:59:01,2026-06-17,14:00,60,Outdoor 1,24.0,frei,13
2026-06-04T09:59:01,2026-06-17,14:00,90,Outdoor 1,36.0,frei,13
2026-06-04T09:59:01,2026-06-17,14:00,120,Outdoor 1,48.0,frei,13
2026-06-04T09:59:01,2026-06-17,14:00,150,Outdoor 1,66.0,frei,13
2026-06-04T09:59:01,2026-06-17,14:30,60,Outdoor 1,24.0,frei,13
2026-06-04T09:59:01,2026-06-17,14:30,90,Outdoor 1,36.0,frei,13
2026-06-04T09:59:01,2026-06-17,14:30,120,Outdoor 1,54.0,frei,13
2026-06-04T09:59:01,2026-06-17,14:30,150,Outdoor 1,72.0,frei,13
2026-06-04T09:59:01,2026-06-17,15:00,60,Outdoor 1,24.0,frei,13
2026-06-04T09:59:01,2026-06-17,15:00,90,Outdoor 1,42.0,frei,13
2026-06-04T09:59:01,2026-06-17,15:00,120,Outdoor 1,60.0,frei,13
2026-06-04T09:59:01,2026-06-17,15:30,60,Outdoor 1,30.0,frei,13
2026-06-04T09:59:01,2026-06-17,15:30,90,Outdoor 1,48.0,frei,13
2026-06-04T09:59:01,2026-06-17,15:30,150,Outdoor 1,84.0,frei,13
2026-06-04T09:59:01,2026-06-17,16:00,60,Outdoor 1,36.0,frei,13
2026-06-04T09:59:01,2026-06-17,16:00,120,Outdoor 1,72.0,frei,13
2026-06-04T09:59:01,2026-06-17,16:30,90,Outdoor 1,54.0,frei,13
2026-06-04T09:59:01,2026-06-17,17:00,60,Outdoor 1,36.0,frei,13
2026-06-04T09:59:01,2026-06-17,08:00,60,Indoor 1,30.0,frei,13
2026-06-04T09:59:01,2026-06-17,08:00,90,Indoor 1,45.0,frei,13
2026-06-04T09:59:01,2026-06-17,09:00,90,Indoor 1,45.0,frei,13
2026-06-04T09:59:01,2026-06-17,09:30,60,Indoor 1,30.0,frei,13
2026-06-04T09:59:01,2026-06-17,12:30,60,Indoor 1,30.0,frei,13
2026-06-04T09:59:01,2026-06-17,12:30,90,Indoor 1,45.0,frei,13
2026-06-04T09:59:01,2026-06-17,13:30,90,Indoor 1,45.0,frei,13
2026-06-04T09:59:01,2026-06-17,14:00,60,Indoor 1,30.0,frei,13
2026-06-04T09:59:01,2026-06-17,22:00,60,Indoor 1,36.0,frei,13
2026-06-04T09:59:01,2026-06-17,22:00,120,Indoor 1,66.0,frei,13
2026-06-04T09:59:01,2026-06-17,23:00,60,Indoor 1,30.0,frei,13
2026-06-04T09:59:01,2026-06-17,08:00,60,Indoor 3,30.0,frei,13
2026-06-04T09:59:01,2026-06-17,08:00,90,Indoor 3,45.0,frei,13
2026-06-04T09:59:01,2026-06-17,09:00,90,Indoor 3,45.0,frei,13
2026-06-04T09:59:01,2026-06-17,09:30,60,Indoor 3,30.0,frei,13
2026-06-04T09:59:01,2026-06-17,12:30,60,Indoor 3,30.0,frei,13
2026-06-04T09:59:01,2026-06-17,12:30,90,Indoor 3,45.0,frei,13
2026-06-04T09:59:01,2026-06-17,12:30,120,Indoor 3,60.0,frei,13
2026-06-04T09:59:01,2026-06-17,13:30,60,Indoor 3,30.0,frei,13
2026-06-04T09:59:01,2026-06-17,13:30,90,Indoor 3,45.0,frei,13
2026-06-04T09:59:01,2026-06-17,13:30,120,Indoor 3,60.0,frei,13
2026-06-04T09:59:01,2026-06-17,14:00,60,Indoor 3,30.0,frei,13
2026-06-04T09:59:01,2026-06-17,14:00,90,Indoor 3,45.0,frei,13
2026-06-04T09:59:01,2026-06-17,14:00,120,Indoor 3,60.0,frei,13
2026-06-04T09:59:01,2026-06-17,14:30,60,Indoor 3,30.0,frei,13
2026-06-04T09:59:01,2026-06-17,14:30,90,Indoor 3,45.0,frei,13
2026-06-04T09:59:01,2026-06-17,14:30,120,Indoor 3,66.0,frei,13
2026-06-04T09:59:01,2026-06-17,15:00,60,Indoor 3,30.0,frei,13
2026-06-04T09:59:01,2026-06-17,15:00,90,Indoor 3,51.0,frei,13
2026-06-04T09:59:01,2026-06-17,15:30,60,Indoor 3,36.0,frei,13
2026-06-04T09:59:01,2026-06-17,15:30,120,Indoor 3,78.0,frei,13
2026-06-04T09:59:01,2026-06-17,16:00,90,Indoor 3,63.0,frei,13
2026-06-04T09:59:01,2026-06-17,16:30,60,Indoor 3,42.0,frei,13
2026-06-04T09:59:01,2026-06-17,22:00,60,Indoor 3,36.0,frei,13
2026-06-04T09:59:01,2026-06-17,22:00,120,Indoor 3,66.0,frei,13
2026-06-04T09:59:01,2026-06-17,23:00,60,Indoor 3,30.0,frei,13
2026-06-04T09:59:01,2026-06-18,08:00,60,Outdoor 3,24.0,frei,14
2026-06-04T09:59:01,2026-06-18,08:00,90,Outdoor 3,36.0,frei,14
2026-06-04T09:59:01,2026-06-18,08:00,120,Outdoor 3,48.0,frei,14
2026-06-04T09:59:01,2026-06-18,08:00,150,Outdoor 3,60.0,frei,14
2026-06-04T09:59:01,2026-06-18,08:30,60,Outdoor 3,24.0,frei,14
2026-06-04T09:59:01,2026-06-18,08:30,90,Outdoor 3,36.0,frei,14
2026-06-04T09:59:01,2026-06-18,08:30,120,Outdoor 3,48.0,frei,14
2026-06-04T09:59:01,2026-06-18,08:30,150,Outdoor 3,60.0,frei,14
2026-06-04T09:59:01,2026-06-18,09:00,60,Outdoor 3,24.0,frei,14
2026-06-04T09:59:01,2026-06-18,09:00,90,Outdoor 3,36.0,frei,14
2026-06-04T09:59:01,2026-06-18,09:00,120,Outdoor 3,48.0,frei,14
2026-06-04T09:59:01,2026-06-18,09:00,150,Outdoor 3,60.0,frei,14
2026-06-04T09:59:01,2026-06-18,09:30,60,Outdoor 3,24.0,frei,14
2026-06-04T09:59:01,2026-06-18,09:30,90,Outdoor 3,36.0,frei,14
2026-06-04T09:59:01,2026-06-18,09:30,120,Outdoor 3,48.0,frei,14
2026-06-04T09:59:01,2026-06-18,09:30,150,Outdoor 3,60.0,frei,14
2026-06-04T09:59:01,2026-06-18,08:00,60,Outdoor 2,24.0,frei,14
2026-06-04T09:59:01,2026-06-18,08:00,90,Outdoor 2,36.0,frei,14
2026-06-04T09:59:01,2026-06-18,08:00,120,Outdoor 2,48.0,frei,14
2026-06-04T09:59:01,2026-06-18,08:00,150,Outdoor 2,60.0,frei,14
2026-06-04T09:59:01,2026-06-18,08:30,60,Outdoor 2,24.0,frei,14
2026-06-04T09:59:01,2026-06-18,08:30,90,Outdoor 2,36.0,frei,14
2026-06-04T09:59:01,2026-06-18,08:30,120,Outdoor 2,48.0,frei,14
2026-06-04T09:59:01,2026-06-18,08:30,150,Outdoor 2,60.0,frei,14
2026-06-04T09:59:01,2026-06-18,09:00,60,Outdoor 2,24.0,frei,14
2026-06-04T09:59:01,2026-06-18,09:00,90,Outdoor 2,36.0,frei,14
2026-06-04T09:59:01,2026-06-18,09:00,120,Outdoor 2,48.0,frei,14
2026-06-04T09:59:01,2026-06-18,09:00,150,Outdoor 2,60.0,frei,14
2026-06-04T09:59:01,2026-06-18,09:30,60,Outdoor 2,24.0,frei,14
2026-06-04T09:59:01,2026-06-18,09:30,90,Outdoor 2,36.0,frei,14
2026-06-04T09:59:01,2026-06-18,09:30,120,Outdoor 2,48.0,frei,14
2026-06-04T09:59:01,2026-06-18,09:30,150,Outdoor 2,60.0,frei,14
2026-06-04T09:59:01,2026-06-18,08:00,60,Outdoor 4,24.0,frei,14
2026-06-04T09:59:01,2026-06-18,08:00,90,Outdoor 4,36.0,frei,14
2026-06-04T09:59:01,2026-06-18,08:00,120,Outdoor 4,48.0,frei,14
2026-06-04T09:59:01,2026-06-18,08:00,150,Outdoor 4,60.0,frei,14
2026-06-04T09:59:01,2026-06-18,08:30,60,Outdoor 4,24.0,frei,14
2026-06-04T09:59:01,2026-06-18,08:30,90,Outdoor 4,36.0,frei,14
2026-06-04T09:59:01,2026-06-18,08:30,120,Outdoor 4,48.0,frei,14
2026-06-04T09:59:01,2026-06-18,08:30,150,Outdoor 4,60.0,frei,14
2026-06-04T09:59:01,2026-06-18,09:00,60,Outdoor 4,24.0,frei,14
2026-06-04T09:59:01,2026-06-18,09:00,90,Outdoor 4,36.0,frei,14
2026-06-04T09:59:01,2026-06-18,09:00,120,Outdoor 4,48.0,frei,14
2026-06-04T09:59:01,2026-06-18,09:00,150,Outdoor 4,60.0,frei,14
2026-06-04T09:59:01,2026-06-18,09:30,60,Outdoor 4,24.0,frei,14
2026-06-04T09:59:01,2026-06-18,09:30,90,Outdoor 4,36.0,frei,14
2026-06-04T09:59:01,2026-06-18,09:30,120,Outdoor 4,48.0,frei,14
2026-06-04T09:59:01,2026-06-18,09:30,150,Outdoor 4,60.0,frei,14
2026-06-04T09:59:01,2026-06-18,08:00,60,Indoor 2,30.0,frei,14
2026-06-04T09:59:01,2026-06-18,08:00,90,Indoor 2,45.0,frei,14
2026-06-04T09:59:01,2026-06-18,08:00,120,Indoor 2,60.0,frei,14
2026-06-04T09:59:01,2026-06-18,09:00,60,Indoor 2,30.0,frei,14
2026-06-04T09:59:01,2026-06-18,09:00,90,Indoor 2,45.0,frei,14
2026-06-04T09:59:01,2026-06-18,09:00,120,Indoor 2,60.0,frei,14
2026-06-04T09:59:01,2026-06-18,09:30,60,Indoor 2,30.0,frei,14
2026-06-04T09:59:01,2026-06-18,09:30,90,Indoor 2,45.0,frei,14
2026-06-04T09:59:01,2026-06-18,09:30,120,Indoor 2,60.0,frei,14
2026-06-04T09:59:01,2026-06-18,08:00,60,Outdoor 1,24.0,frei,14
2026-06-04T09:59:01,2026-06-18,08:00,90,Outdoor 1,36.0,frei,14
2026-06-04T09:59:01,2026-06-18,08:00,120,Outdoor 1,48.0,frei,14
2026-06-04T09:59:01,2026-06-18,08:00,150,Outdoor 1,60.0,frei,14
2026-06-04T09:59:01,2026-06-18,08:30,60,Outdoor 1,24.0,frei,14
2026-06-04T09:59:01,2026-06-18,08:30,90,Outdoor 1,36.0,frei,14
2026-06-04T09:59:01,2026-06-18,08:30,120,Outdoor 1,48.0,frei,14
2026-06-04T09:59:01,2026-06-18,08:30,150,Outdoor 1,60.0,frei,14
2026-06-04T09:59:01,2026-06-18,09:00,60,Outdoor 1,24.0,frei,14
2026-06-04T09:59:01,2026-06-18,09:00,90,Outdoor 1,36.0,frei,14
2026-06-04T09:59:01,2026-06-18,09:00,120,Outdoor 1,48.0,frei,14
2026-06-04T09:59:01,2026-06-18,09:00,150,Outdoor 1,60.0,frei,14
2026-06-04T09:59:01,2026-06-18,09:30,60,Outdoor 1,24.0,frei,14
2026-06-04T09:59:01,2026-06-18,09:30,90,Outdoor 1,36.0,frei,14
2026-06-04T09:59:01,2026-06-18,09:30,120,Outdoor 1,48.0,frei,14
2026-06-04T09:59:01,2026-06-18,09:30,150,Outdoor 1,60.0,frei,14
2026-06-04T09:59:01,2026-06-18,08:00,60,Indoor 4,30.0,frei,14
2026-06-04T09:59:01,2026-06-18,08:00,90,Indoor 4,45.0,frei,14
2026-06-04T09:59:01,2026-06-18,08:00,120,Indoor 4,60.0,frei,14
2026-06-04T09:59:01,2026-06-18,09:00,60,Indoor 4,30.0,frei,14
2026-06-04T09:59:01,2026-06-18,09:00,90,Indoor 4,45.0,frei,14
2026-06-04T09:59:01,2026-06-18,09:00,120,Indoor 4,60.0,frei,14
2026-06-04T09:59:01,2026-06-18,09:30,60,Indoor 4,30.0,frei,14
2026-06-04T09:59:01,2026-06-18,09:30,90,Indoor 4,45.0,frei,14
2026-06-04T09:59:01,2026-06-18,09:30,120,Indoor 4,60.0,frei,14
2026-06-04T09:59:01,2026-06-18,08:00,60,Single Indoor,22.0,frei,14
2026-06-04T09:59:01,2026-06-18,08:00,90,Single Indoor,33.0,frei,14
2026-06-04T09:59:01,2026-06-18,08:00,120,Single Indoor,44.0,frei,14
2026-06-04T09:59:01,2026-06-18,09:00,60,Single Indoor,22.0,frei,14
2026-06-04T09:59:01,2026-06-18,09:00,90,Single Indoor,33.0,frei,14
2026-06-04T09:59:01,2026-06-18,09:00,120,Single Indoor,44.0,frei,14
2026-06-04T09:59:01,2026-06-18,09:30,60,Single Indoor,22.0,frei,14
2026-06-04T09:59:01,2026-06-18,09:30,90,Single Indoor,33.0,frei,14
2026-06-04T09:59:01,2026-06-18,09:30,120,Single Indoor,44.0,frei,14
2026-06-04T09:59:01,2026-06-18,08:00,60,Indoor 1,30.0,frei,14
2026-06-04T09:59:01,2026-06-18,08:00,90,Indoor 1,45.0,frei,14
2026-06-04T09:59:01,2026-06-18,08:00,120,Indoor 1,60.0,frei,14
2026-06-04T09:59:01,2026-06-18,09:00,60,Indoor 1,30.0,frei,14
2026-06-04T09:59:01,2026-06-18,09:00,90,Indoor 1,45.0,frei,14
2026-06-04T09:59:01,2026-06-18,09:00,120,Indoor 1,60.0,frei,14
2026-06-04T09:59:01,2026-06-18,09:30,60,Indoor 1,30.0,frei,14
2026-06-04T09:59:01,2026-06-18,09:30,90,Indoor 1,45.0,frei,14
2026-06-04T09:59:01,2026-06-18,09:30,120,Indoor 1,60.0,frei,14
2026-06-04T09:59:01,2026-06-18,08:00,60,Indoor 3,30.0,frei,14
2026-06-04T09:59:01,2026-06-18,08:00,90,Indoor 3,45.0,frei,14
2026-06-04T09:59:01,2026-06-18,08:00,120,Indoor 3,60.0,frei,14
2026-06-04T09:59:01,2026-06-18,09:00,60,Indoor 3,30.0,frei,14
2026-06-04T09:59:01,2026-06-18,09:00,90,Indoor 3,45.0,frei,14
2026-06-04T09:59:01,2026-06-18,09:00,120,Indoor 3,60.0,frei,14
2026-06-04T09:59:01,2026-06-18,09:30,60,Indoor 3,30.0,frei,14
2026-06-04T09:59:01,2026-06-18,09:30,90,Indoor 3,45.0,frei,14
2026-06-04T09:59:01,2026-06-18,09:30,120,Indoor 3,60.0,frei,14
