datum_snapshot,datum_slot,uhrzeit_slot,dauer_minuten,court,preis,status,tage_im_voraus
2026-05-29T21:29:01,2026-05-30,08:00,60,Outdoor 3,36.0,frei,1
2026-05-29T21:29:01,2026-05-30,18:00,60,Outdoor 3,36.0,frei,1
2026-05-29T21:29:01,2026-05-30,17:00,60,Outdoor 4,36.0,frei,1
2026-05-29T21:29:01,2026-05-30,17:00,90,Outdoor 4,54.0,frei,1
2026-05-29T21:29:01,2026-05-30,17:00,120,Outdoor 4,72.0,frei,1
2026-05-29T21:29:01,2026-05-30,17:00,150,Outdoor 4,90.0,frei,1
2026-05-29T21:29:01,2026-05-30,18:00,60,Outdoor 4,36.0,frei,1
2026-05-29T21:29:01,2026-05-30,18:00,90,Outdoor 4,54.0,frei,1
2026-05-29T21:29:01,2026-05-30,18:00,150,Outdoor 4,90.0,frei,1
2026-05-29T21:29:01,2026-05-30,18:30,60,Outdoor 4,36.0,frei,1
2026-05-29T21:29:01,2026-05-30,18:30,120,Outdoor 4,72.0,frei,1
2026-05-29T21:29:01,2026-05-30,19:00,90,Outdoor 4,54.0,frei,1
2026-05-29T21:29:01,2026-05-30,19:30,60,Outdoor 4,36.0,frei,1
2026-05-29T21:29:01,2026-05-30,08:00,60,Indoor 3,42.0,frei,1
2026-05-29T21:29:01,2026-05-30,08:00,120,Indoor 3,84.0,frei,1
2026-05-29T21:29:01,2026-05-30,09:00,60,Indoor 3,42.0,frei,1
2026-05-29T21:29:01,2026-05-30,15:00,60,Indoor 4,42.0,frei,1
2026-05-29T21:29:01,2026-05-30,15:00,120,Indoor 4,84.0,frei,1
2026-05-29T21:29:01,2026-05-30,16:00,60,Indoor 4,42.0,frei,1
2026-05-29T21:29:01,2026-05-30,21:30,60,Indoor 4,42.0,frei,1
2026-05-29T21:29:01,2026-05-30,19:00,60,2a814736-d933-4638-9e80-70b394a417dc,36.0,frei,1
2026-05-29T21:29:01,2026-05-30,18:30,90,Outdoor 2,54.0,frei,1
2026-05-29T21:29:01,2026-05-30,21:00,60,Outdoor 2,36.0,frei,1
2026-05-29T21:29:01,2026-05-30,08:00,60,Indoor 2,42.0,frei,1
2026-05-29T21:29:01,2026-05-30,13:00,60,Outdoor 1,36.0,frei,1
2026-05-29T21:29:01,2026-05-30,13:00,120,Outdoor 1,72.0,frei,1
2026-05-29T21:29:01,2026-05-30,14:00,60,Outdoor 1,36.0,frei,1
2026-05-29T21:29:01,2026-05-30,20:00,60,Outdoor 1,36.0,frei,1
2026-05-29T21:29:01,2026-05-30,20:00,120,Outdoor 1,72.0,frei,1
2026-05-29T21:29:01,2026-05-30,21:00,60,Outdoor 1,36.0,frei,1
2026-05-29T21:29:01,2026-05-30,12:30,90,Indoor 1,63.0,frei,1
2026-05-29T21:29:01,2026-05-31,08:00,90,Outdoor 4,54.0,frei,2
2026-05-29T21:29:01,2026-05-31,08:30,60,Outdoor 4,36.0,frei,2
2026-05-29T21:29:01,2026-05-31,08:00,60,Outdoor 3,36.0,frei,2
2026-05-29T21:29:01,2026-05-31,22:00,60,Indoor 3,36.0,frei,2
2026-05-29T21:29:01,2026-05-31,22:00,120,Indoor 3,66.0,frei,2
2026-05-29T21:29:01,2026-05-31,23:00,60,Indoor 3,30.0,frei,2
2026-05-29T21:29:01,2026-05-31,13:00,60,Indoor 2,42.0,frei,2
2026-05-29T21:29:01,2026-05-31,22:30,90,Indoor 2,45.0,frei,2
2026-05-29T21:29:01,2026-05-31,08:00,90,Indoor 4,63.0,frei,2
2026-05-29T21:29:01,2026-05-31,23:00,60,Indoor 4,30.0,frei,2
2026-05-29T21:29:01,2026-05-31,22:30,90,Single Indoor,45.0,frei,2
2026-05-29T21:29:01,2026-05-31,08:00,90,Outdoor 2,54.0,frei,2
2026-05-29T21:29:01,2026-05-31,08:30,60,Outdoor 2,36.0,frei,2
2026-05-29T21:29:01,2026-05-31,12:30,60,Outdoor 2,36.0,frei,2
2026-05-29T21:29:01,2026-05-31,10:00,60,2a814736-d933-4638-9e80-70b394a417dc,36.0,frei,2
2026-05-29T21:29:01,2026-05-31,22:00,60,Indoor 1,36.0,frei,2
2026-05-29T21:29:01,2026-05-31,22:00,120,Indoor 1,66.0,frei,2
2026-05-29T21:29:01,2026-05-31,23:00,60,Indoor 1,30.0,frei,2
2026-05-29T21:29:01,2026-06-01,08:00,60,Outdoor 2,24.0,frei,3
2026-05-29T21:29:01,2026-06-01,08:00,90,Outdoor 2,36.0,frei,3
2026-05-29T21:29:01,2026-06-01,08:00,120,Outdoor 2,48.0,frei,3
2026-05-29T21:29:01,2026-06-01,08:00,150,Outdoor 2,60.0,frei,3
2026-05-29T21:29:01,2026-06-01,08:30,60,Outdoor 2,24.0,frei,3
2026-05-29T21:29:01,2026-06-01,08:30,90,Outdoor 2,36.0,frei,3
2026-05-29T21:29:01,2026-06-01,08:30,120,Outdoor 2,48.0,frei,3
2026-05-29T21:29:01,2026-06-01,08:30,150,Outdoor 2,60.0,frei,3
2026-05-29T21:29:01,2026-06-01,09:00,60,Outdoor 2,24.0,frei,3
2026-05-29T21:29:01,2026-06-01,09:00,90,Outdoor 2,36.0,frei,3
2026-05-29T21:29:01,2026-06-01,09:00,120,Outdoor 2,48.0,frei,3
2026-05-29T21:29:01,2026-06-01,09:00,150,Outdoor 2,60.0,frei,3
2026-05-29T21:29:01,2026-06-01,09:30,60,Outdoor 2,24.0,frei,3
2026-05-29T21:29:01,2026-06-01,09:30,90,Outdoor 2,36.0,frei,3
2026-05-29T21:29:01,2026-06-01,09:30,120,Outdoor 2,48.0,frei,3
2026-05-29T21:29:01,2026-06-01,09:30,150,Outdoor 2,60.0,frei,3
2026-05-29T21:29:01,2026-06-01,10:00,60,Outdoor 2,24.0,frei,3
2026-05-29T21:29:01,2026-06-01,10:00,90,Outdoor 2,36.0,frei,3
2026-05-29T21:29:01,2026-06-01,10:00,120,Outdoor 2,48.0,frei,3
2026-05-29T21:29:01,2026-06-01,10:00,150,Outdoor 2,60.0,frei,3
2026-05-29T21:29:01,2026-06-01,10:30,60,Outdoor 2,24.0,frei,3
2026-05-29T21:29:01,2026-06-01,10:30,90,Outdoor 2,36.0,frei,3
2026-05-29T21:29:01,2026-06-01,10:30,120,Outdoor 2,48.0,frei,3
2026-05-29T21:29:01,2026-06-01,10:30,150,Outdoor 2,60.0,frei,3
2026-05-29T21:29:01,2026-06-01,11:00,60,Outdoor 2,24.0,frei,3
2026-05-29T21:29:01,2026-06-01,11:00,90,Outdoor 2,36.0,frei,3
2026-05-29T21:29:01,2026-06-01,11:00,120,Outdoor 2,48.0,frei,3
2026-05-29T21:29:01,2026-06-01,11:00,150,Outdoor 2,60.0,frei,3
2026-05-29T21:29:01,2026-06-01,11:30,60,Outdoor 2,24.0,frei,3
2026-05-29T21:29:01,2026-06-01,11:30,90,Outdoor 2,36.0,frei,3
2026-05-29T21:29:01,2026-06-01,11:30,120,Outdoor 2,48.0,frei,3
2026-05-29T21:29:01,2026-06-01,11:30,150,Outdoor 2,60.0,frei,3
2026-05-29T21:29:01,2026-06-01,12:00,60,Outdoor 2,24.0,frei,3
2026-05-29T21:29:01,2026-06-01,12:00,90,Outdoor 2,36.0,frei,3
2026-05-29T21:29:01,2026-06-01,12:00,120,Outdoor 2,48.0,frei,3
2026-05-29T21:29:01,2026-06-01,12:00,150,Outdoor 2,60.0,frei,3
2026-05-29T21:29:01,2026-06-01,12:30,60,Outdoor 2,24.0,frei,3
2026-05-29T21:29:01,2026-06-01,12:30,90,Outdoor 2,36.0,frei,3
2026-05-29T21:29:01,2026-06-01,12:30,120,Outdoor 2,48.0,frei,3
2026-05-29T21:29:01,2026-06-01,13:00,60,Outdoor 2,24.0,frei,3
2026-05-29T21:29:01,2026-06-01,13:00,90,Outdoor 2,36.0,frei,3
2026-05-29T21:29:01,2026-06-01,13:00,150,Outdoor 2,60.0,frei,3
2026-05-29T21:29:01,2026-06-01,13:30,60,Outdoor 2,24.0,frei,3
2026-05-29T21:29:01,2026-06-01,13:30,120,Outdoor 2,48.0,frei,3
2026-05-29T21:29:01,2026-06-01,14:00,90,Outdoor 2,36.0,frei,3
2026-05-29T21:29:01,2026-06-01,14:30,60,Outdoor 2,24.0,frei,3
2026-05-29T21:29:01,2026-06-01,08:00,60,Outdoor 4,24.0,frei,3
2026-05-29T21:29:01,2026-06-01,10:30,60,Outdoor 4,24.0,frei,3
2026-05-29T21:29:01,2026-06-01,10:30,90,Outdoor 4,36.0,frei,3
2026-05-29T21:29:01,2026-06-01,10:30,120,Outdoor 4,48.0,frei,3
2026-05-29T21:29:01,2026-06-01,10:30,150,Outdoor 4,60.0,frei,3
2026-05-29T21:29:01,2026-06-01,11:30,60,Outdoor 4,24.0,frei,3
2026-05-29T21:29:01,2026-06-01,11:30,90,Outdoor 4,36.0,frei,3
2026-05-29T21:29:01,2026-06-01,11:30,120,Outdoor 4,48.0,frei,3
2026-05-29T21:29:01,2026-06-01,11:30,150,Outdoor 4,60.0,frei,3
2026-05-29T21:29:01,2026-06-01,12:00,60,Outdoor 4,24.0,frei,3
2026-05-29T21:29:01,2026-06-01,12:00,90,Outdoor 4,36.0,frei,3
2026-05-29T21:29:01,2026-06-01,12:00,120,Outdoor 4,48.0,frei,3
2026-05-29T21:29:01,2026-06-01,12:00,150,Outdoor 4,60.0,frei,3
2026-05-29T21:29:01,2026-06-01,12:30,60,Outdoor 4,24.0,frei,3
2026-05-29T21:29:01,2026-06-01,12:30,90,Outdoor 4,36.0,frei,3
2026-05-29T21:29:01,2026-06-01,12:30,120,Outdoor 4,48.0,frei,3
2026-05-29T21:29:01,2026-06-01,12:30,150,Outdoor 4,60.0,frei,3
2026-05-29T21:29:01,2026-06-01,13:00,60,Outdoor 4,24.0,frei,3
2026-05-29T21:29:01,2026-06-01,13:00,90,Outdoor 4,36.0,frei,3
2026-05-29T21:29:01,2026-06-01,13:00,120,Outdoor 4,48.0,frei,3
2026-05-29T21:29:01,2026-06-01,13:00,150,Outdoor 4,60.0,frei,3
2026-05-29T21:29:01,2026-06-01,13:30,60,Outdoor 4,24.0,frei,3
2026-05-29T21:29:01,2026-06-01,13:30,90,Outdoor 4,36.0,frei,3
2026-05-29T21:29:01,2026-06-01,13:30,120,Outdoor 4,48.0,frei,3
2026-05-29T21:29:01,2026-06-01,13:30,150,Outdoor 4,60.0,frei,3
2026-05-29T21:29:01,2026-06-01,14:00,60,Outdoor 4,24.0,frei,3
2026-05-29T21:29:01,2026-06-01,14:00,90,Outdoor 4,36.0,frei,3
2026-05-29T21:29:01,2026-06-01,14:00,120,Outdoor 4,48.0,frei,3
2026-05-29T21:29:01,2026-06-01,14:30,60,Outdoor 4,24.0,frei,3
2026-05-29T21:29:01,2026-06-01,14:30,90,Outdoor 4,36.0,frei,3
2026-05-29T21:29:01,2026-06-01,14:30,150,Outdoor 4,72.0,frei,3
2026-05-29T21:29:01,2026-06-01,15:00,60,Outdoor 4,24.0,frei,3
2026-05-29T21:29:01,2026-06-01,15:00,120,Outdoor 4,60.0,frei,3
2026-05-29T21:29:01,2026-06-01,15:30,90,Outdoor 4,48.0,frei,3
2026-05-29T21:29:01,2026-06-01,16:00,60,Outdoor 4,36.0,frei,3
2026-05-29T21:29:01,2026-06-01,08:00,60,Indoor 2,30.0,frei,3
2026-05-29T21:29:01,2026-06-01,10:30,60,Indoor 2,30.0,frei,3
2026-05-29T21:29:01,2026-06-01,10:30,90,Indoor 2,45.0,frei,3
2026-05-29T21:29:01,2026-06-01,10:30,120,Indoor 2,60.0,frei,3
2026-05-29T21:29:01,2026-06-01,11:30,60,Indoor 2,30.0,frei,3
2026-05-29T21:29:01,2026-06-01,11:30,90,Indoor 2,45.0,frei,3
2026-05-29T21:29:01,2026-06-01,11:30,120,Indoor 2,60.0,frei,3
2026-05-29T21:29:01,2026-06-01,12:00,60,Indoor 2,30.0,frei,3
2026-05-29T21:29:01,2026-06-01,12:00,90,Indoor 2,45.0,frei,3
2026-05-29T21:29:01,2026-06-01,12:00,120,Indoor 2,60.0,frei,3
2026-05-29T21:29:01,2026-06-01,12:30,60,Indoor 2,30.0,frei,3
2026-05-29T21:29:01,2026-06-01,12:30,90,Indoor 2,45.0,frei,3
2026-05-29T21:29:01,2026-06-01,12:30,120,Indoor 2,60.0,frei,3
2026-05-29T21:29:01,2026-06-01,13:00,60,Indoor 2,30.0,frei,3
2026-05-29T21:29:01,2026-06-01,13:00,90,Indoor 2,45.0,frei,3
2026-05-29T21:29:01,2026-06-01,13:30,60,Indoor 2,30.0,frei,3
2026-05-29T21:29:01,2026-06-01,13:30,120,Indoor 2,60.0,frei,3
2026-05-29T21:29:01,2026-06-01,14:00,90,Indoor 2,45.0,frei,3
2026-05-29T21:29:01,2026-06-01,14:30,60,Indoor 2,30.0,frei,3
2026-05-29T21:29:01,2026-06-01,22:00,60,Indoor 2,36.0,frei,3
2026-05-29T21:29:01,2026-06-01,22:00,120,Indoor 2,66.0,frei,3
2026-05-29T21:29:01,2026-06-01,23:00,60,Indoor 2,30.0,frei,3
2026-05-29T21:29:01,2026-06-01,10:30,60,Indoor 4,30.0,frei,3
2026-05-29T21:29:01,2026-06-01,10:30,90,Indoor 4,45.0,frei,3
2026-05-29T21:29:01,2026-06-01,10:30,120,Indoor 4,60.0,frei,3
2026-05-29T21:29:01,2026-06-01,11:30,60,Indoor 4,30.0,frei,3
2026-05-29T21:29:01,2026-06-01,11:30,90,Indoor 4,45.0,frei,3
2026-05-29T21:29:01,2026-06-01,11:30,120,Indoor 4,60.0,frei,3
2026-05-29T21:29:01,2026-06-01,12:00,60,Indoor 4,30.0,frei,3
2026-05-29T21:29:01,2026-06-01,12:00,90,Indoor 4,45.0,frei,3
2026-05-29T21:29:01,2026-06-01,12:00,120,Indoor 4,60.0,frei,3
2026-05-29T21:29:01,2026-06-01,12:30,60,Indoor 4,30.0,frei,3
2026-05-29T21:29:01,2026-06-01,12:30,90,Indoor 4,45.0,frei,3
2026-05-29T21:29:01,2026-06-01,12:30,120,Indoor 4,60.0,frei,3
2026-05-29T21:29:01,2026-06-01,13:00,60,Indoor 4,30.0,frei,3
2026-05-29T21:29:01,2026-06-01,13:00,90,Indoor 4,45.0,frei,3
2026-05-29T21:29:01,2026-06-01,13:30,60,Indoor 4,30.0,frei,3
2026-05-29T21:29:01,2026-06-01,13:30,120,Indoor 4,60.0,frei,3
2026-05-29T21:29:01,2026-06-01,14:00,90,Indoor 4,45.0,frei,3
2026-05-29T21:29:01,2026-06-01,14:30,60,Indoor 4,30.0,frei,3
2026-05-29T21:29:01,2026-06-01,22:00,60,Indoor 4,36.0,frei,3
2026-05-29T21:29:01,2026-06-01,22:00,120,Indoor 4,66.0,frei,3
2026-05-29T21:29:01,2026-06-01,23:00,60,Indoor 4,30.0,frei,3
2026-05-29T21:29:01,2026-06-01,13:00,60,Single Indoor,22.0,frei,3
2026-05-29T21:29:01,2026-06-01,13:00,120,Single Indoor,44.0,frei,3
2026-05-29T21:29:01,2026-06-01,14:00,60,Single Indoor,22.0,frei,3
2026-05-29T21:29:01,2026-06-01,22:00,60,Single Indoor,26.0,frei,3
2026-05-29T21:29:01,2026-06-01,22:00,120,Single Indoor,48.0,frei,3
2026-05-29T21:29:01,2026-06-01,23:00,60,Single Indoor,22.0,frei,3
2026-05-29T21:29:01,2026-06-01,08:00,60,Outdoor 3,24.0,frei,3
2026-05-29T21:29:01,2026-06-01,08:00,90,Outdoor 3,36.0,frei,3
2026-05-29T21:29:01,2026-06-01,08:00,120,Outdoor 3,48.0,frei,3
2026-05-29T21:29:01,2026-06-01,08:00,150,Outdoor 3,60.0,frei,3
2026-05-29T21:29:01,2026-06-01,08:30,60,Outdoor 3,24.0,frei,3
2026-05-29T21:29:01,2026-06-01,08:30,90,Outdoor 3,36.0,frei,3
2026-05-29T21:29:01,2026-06-01,08:30,120,Outdoor 3,48.0,frei,3
2026-05-29T21:29:01,2026-06-01,08:30,150,Outdoor 3,60.0,frei,3
2026-05-29T21:29:01,2026-06-01,09:00,60,Outdoor 3,24.0,frei,3
2026-05-29T21:29:01,2026-06-01,09:00,90,Outdoor 3,36.0,frei,3
2026-05-29T21:29:01,2026-06-01,09:00,120,Outdoor 3,48.0,frei,3
2026-05-29T21:29:01,2026-06-01,09:00,150,Outdoor 3,60.0,frei,3
2026-05-29T21:29:01,2026-06-01,09:30,60,Outdoor 3,24.0,frei,3
2026-05-29T21:29:01,2026-06-01,09:30,90,Outdoor 3,36.0,frei,3
2026-05-29T21:29:01,2026-06-01,09:30,120,Outdoor 3,48.0,frei,3
2026-05-29T21:29:01,2026-06-01,09:30,150,Outdoor 3,60.0,frei,3
2026-05-29T21:29:01,2026-06-01,10:00,60,Outdoor 3,24.0,frei,3
2026-05-29T21:29:01,2026-06-01,10:00,90,Outdoor 3,36.0,frei,3
2026-05-29T21:29:01,2026-06-01,10:00,120,Outdoor 3,48.0,frei,3
2026-05-29T21:29:01,2026-06-01,10:00,150,Outdoor 3,60.0,frei,3
2026-05-29T21:29:01,2026-06-01,10:30,60,Outdoor 3,24.0,frei,3
2026-05-29T21:29:01,2026-06-01,10:30,90,Outdoor 3,36.0,frei,3
2026-05-29T21:29:01,2026-06-01,10:30,120,Outdoor 3,48.0,frei,3
2026-05-29T21:29:01,2026-06-01,10:30,150,Outdoor 3,60.0,frei,3
2026-05-29T21:29:01,2026-06-01,11:00,60,Outdoor 3,24.0,frei,3
2026-05-29T21:29:01,2026-06-01,11:00,90,Outdoor 3,36.0,frei,3
2026-05-29T21:29:01,2026-06-01,11:00,120,Outdoor 3,48.0,frei,3
2026-05-29T21:29:01,2026-06-01,11:00,150,Outdoor 3,60.0,frei,3
2026-05-29T21:29:01,2026-06-01,11:30,60,Outdoor 3,24.0,frei,3
2026-05-29T21:29:01,2026-06-01,11:30,90,Outdoor 3,36.0,frei,3
2026-05-29T21:29:01,2026-06-01,11:30,120,Outdoor 3,48.0,frei,3
2026-05-29T21:29:01,2026-06-01,11:30,150,Outdoor 3,60.0,frei,3
2026-05-29T21:29:01,2026-06-01,12:00,60,Outdoor 3,24.0,frei,3
2026-05-29T21:29:01,2026-06-01,12:00,90,Outdoor 3,36.0,frei,3
2026-05-29T21:29:01,2026-06-01,12:00,120,Outdoor 3,48.0,frei,3
2026-05-29T21:29:01,2026-06-01,12:00,150,Outdoor 3,60.0,frei,3
2026-05-29T21:29:01,2026-06-01,12:30,60,Outdoor 3,24.0,frei,3
2026-05-29T21:29:01,2026-06-01,12:30,90,Outdoor 3,36.0,frei,3
2026-05-29T21:29:01,2026-06-01,12:30,120,Outdoor 3,48.0,frei,3
2026-05-29T21:29:01,2026-06-01,13:00,60,Outdoor 3,24.0,frei,3
2026-05-29T21:29:01,2026-06-01,13:00,90,Outdoor 3,36.0,frei,3
2026-05-29T21:29:01,2026-06-01,13:00,150,Outdoor 3,60.0,frei,3
2026-05-29T21:29:01,2026-06-01,13:30,60,Outdoor 3,24.0,frei,3
2026-05-29T21:29:01,2026-06-01,13:30,120,Outdoor 3,48.0,frei,3
2026-05-29T21:29:01,2026-06-01,14:00,90,Outdoor 3,36.0,frei,3
2026-05-29T21:29:01,2026-06-01,14:30,60,Outdoor 3,24.0,frei,3
2026-05-29T21:29:01,2026-06-01,08:00,60,Outdoor 1,24.0,frei,3
2026-05-29T21:29:01,2026-06-01,08:00,120,Outdoor 1,48.0,frei,3
2026-05-29T21:29:01,2026-06-01,08:30,90,Outdoor 1,36.0,frei,3
2026-05-29T21:29:01,2026-06-01,09:00,60,Outdoor 1,24.0,frei,3
2026-05-29T21:29:01,2026-06-01,11:30,60,Outdoor 1,24.0,frei,3
2026-05-29T21:29:01,2026-06-01,11:30,90,Outdoor 1,36.0,frei,3
2026-05-29T21:29:01,2026-06-01,11:30,120,Outdoor 1,48.0,frei,3
2026-05-29T21:29:01,2026-06-01,11:30,150,Outdoor 1,60.0,frei,3
2026-05-29T21:29:01,2026-06-01,12:30,60,Outdoor 1,24.0,frei,3
2026-05-29T21:29:01,2026-06-01,12:30,90,Outdoor 1,36.0,frei,3
2026-05-29T21:29:01,2026-06-01,12:30,120,Outdoor 1,48.0,frei,3
2026-05-29T21:29:01,2026-06-01,13:00,60,Outdoor 1,24.0,frei,3
2026-05-29T21:29:01,2026-06-01,13:00,90,Outdoor 1,36.0,frei,3
2026-05-29T21:29:01,2026-06-01,13:00,150,Outdoor 1,60.0,frei,3
2026-05-29T21:29:01,2026-06-01,13:30,60,Outdoor 1,24.0,frei,3
2026-05-29T21:29:01,2026-06-01,13:30,120,Outdoor 1,48.0,frei,3
2026-05-29T21:29:01,2026-06-01,14:00,90,Outdoor 1,36.0,frei,3
2026-05-29T21:29:01,2026-06-01,14:30,60,Outdoor 1,24.0,frei,3
2026-05-29T21:29:01,2026-06-01,10:30,60,Indoor 1,30.0,frei,3
2026-05-29T21:29:01,2026-06-01,10:30,90,Indoor 1,45.0,frei,3
2026-05-29T21:29:01,2026-06-01,11:30,90,Indoor 1,45.0,frei,3
2026-05-29T21:29:01,2026-06-01,12:00,60,Indoor 1,30.0,frei,3
2026-05-29T21:29:01,2026-06-01,22:00,60,Indoor 1,36.0,frei,3
2026-05-29T21:29:01,2026-06-01,22:00,120,Indoor 1,66.0,frei,3
2026-05-29T21:29:01,2026-06-01,23:00,60,Indoor 1,30.0,frei,3
2026-05-29T21:29:01,2026-06-01,11:00,60,Indoor 3,30.0,frei,3
2026-05-29T21:29:01,2026-06-01,11:00,90,Indoor 3,45.0,frei,3
2026-05-29T21:29:01,2026-06-01,12:00,90,Indoor 3,45.0,frei,3
2026-05-29T21:29:01,2026-06-01,12:30,60,Indoor 3,30.0,frei,3
2026-05-29T21:29:01,2026-06-01,22:00,60,Indoor 3,36.0,frei,3
2026-05-29T21:29:01,2026-06-01,22:00,120,Indoor 3,66.0,frei,3
2026-05-29T21:29:01,2026-06-01,23:00,60,Indoor 3,30.0,frei,3
2026-05-29T21:29:01,2026-06-02,08:00,60,Outdoor 3,24.0,frei,4
2026-05-29T21:29:01,2026-06-02,08:00,90,Outdoor 3,36.0,frei,4
2026-05-29T21:29:01,2026-06-02,08:00,120,Outdoor 3,48.0,frei,4
2026-05-29T21:29:01,2026-06-02,08:00,150,Outdoor 3,60.0,frei,4
2026-05-29T21:29:01,2026-06-02,08:30,60,Outdoor 3,24.0,frei,4
2026-05-29T21:29:01,2026-06-02,08:30,90,Outdoor 3,36.0,frei,4
2026-05-29T21:29:01,2026-06-02,08:30,120,Outdoor 3,48.0,frei,4
2026-05-29T21:29:01,2026-06-02,08:30,150,Outdoor 3,60.0,frei,4
2026-05-29T21:29:01,2026-06-02,09:00,60,Outdoor 3,24.0,frei,4
2026-05-29T21:29:01,2026-06-02,09:00,90,Outdoor 3,36.0,frei,4
2026-05-29T21:29:01,2026-06-02,09:00,120,Outdoor 3,48.0,frei,4
2026-05-29T21:29:01,2026-06-02,09:00,150,Outdoor 3,60.0,frei,4
2026-05-29T21:29:01,2026-06-02,09:30,60,Outdoor 3,24.0,frei,4
2026-05-29T21:29:01,2026-06-02,09:30,90,Outdoor 3,36.0,frei,4
2026-05-29T21:29:01,2026-06-02,09:30,120,Outdoor 3,48.0,frei,4
2026-05-29T21:29:01,2026-06-02,09:30,150,Outdoor 3,60.0,frei,4
2026-05-29T21:29:01,2026-06-02,10:00,60,Outdoor 3,24.0,frei,4
2026-05-29T21:29:01,2026-06-02,10:00,90,Outdoor 3,36.0,frei,4
2026-05-29T21:29:01,2026-06-02,10:00,120,Outdoor 3,48.0,frei,4
2026-05-29T21:29:01,2026-06-02,10:00,150,Outdoor 3,60.0,frei,4
2026-05-29T21:29:01,2026-06-02,10:30,60,Outdoor 3,24.0,frei,4
2026-05-29T21:29:01,2026-06-02,10:30,90,Outdoor 3,36.0,frei,4
2026-05-29T21:29:01,2026-06-02,10:30,120,Outdoor 3,48.0,frei,4
2026-05-29T21:29:01,2026-06-02,11:00,60,Outdoor 3,24.0,frei,4
2026-05-29T21:29:01,2026-06-02,11:00,90,Outdoor 3,36.0,frei,4
2026-05-29T21:29:01,2026-06-02,11:00,150,Outdoor 3,60.0,frei,4
2026-05-29T21:29:01,2026-06-02,11:30,60,Outdoor 3,24.0,frei,4
2026-05-29T21:29:01,2026-06-02,11:30,120,Outdoor 3,48.0,frei,4
2026-05-29T21:29:01,2026-06-02,12:00,90,Outdoor 3,36.0,frei,4
2026-05-29T21:29:01,2026-06-02,12:30,60,Outdoor 3,24.0,frei,4
2026-05-29T21:29:01,2026-06-02,08:00,60,Outdoor 2,24.0,frei,4
2026-05-29T21:29:01,2026-06-02,08:00,90,Outdoor 2,36.0,frei,4
2026-05-29T21:29:01,2026-06-02,08:00,120,Outdoor 2,48.0,frei,4
2026-05-29T21:29:01,2026-06-02,08:00,150,Outdoor 2,60.0,frei,4
2026-05-29T21:29:01,2026-06-02,08:30,60,Outdoor 2,24.0,frei,4
2026-05-29T21:29:01,2026-06-02,08:30,90,Outdoor 2,36.0,frei,4
2026-05-29T21:29:01,2026-06-02,08:30,120,Outdoor 2,48.0,frei,4
2026-05-29T21:29:01,2026-06-02,08:30,150,Outdoor 2,60.0,frei,4
2026-05-29T21:29:01,2026-06-02,09:00,60,Outdoor 2,24.0,frei,4
2026-05-29T21:29:01,2026-06-02,09:00,90,Outdoor 2,36.0,frei,4
2026-05-29T21:29:01,2026-06-02,09:00,120,Outdoor 2,48.0,frei,4
2026-05-29T21:29:01,2026-06-02,09:00,150,Outdoor 2,60.0,frei,4
2026-05-29T21:29:01,2026-06-02,09:30,60,Outdoor 2,24.0,frei,4
2026-05-29T21:29:01,2026-06-02,09:30,90,Outdoor 2,36.0,frei,4
2026-05-29T21:29:01,2026-06-02,09:30,120,Outdoor 2,48.0,frei,4
2026-05-29T21:29:01,2026-06-02,09:30,150,Outdoor 2,60.0,frei,4
2026-05-29T21:29:01,2026-06-02,10:00,60,Outdoor 2,24.0,frei,4
2026-05-29T21:29:01,2026-06-02,10:00,90,Outdoor 2,36.0,frei,4
2026-05-29T21:29:01,2026-06-02,10:00,120,Outdoor 2,48.0,frei,4
2026-05-29T21:29:01,2026-06-02,10:00,150,Outdoor 2,60.0,frei,4
2026-05-29T21:29:01,2026-06-02,10:30,60,Outdoor 2,24.0,frei,4
2026-05-29T21:29:01,2026-06-02,10:30,90,Outdoor 2,36.0,frei,4
2026-05-29T21:29:01,2026-06-02,10:30,120,Outdoor 2,48.0,frei,4
2026-05-29T21:29:01,2026-06-02,10:30,150,Outdoor 2,60.0,frei,4
2026-05-29T21:29:01,2026-06-02,11:00,60,Outdoor 2,24.0,frei,4
2026-05-29T21:29:01,2026-06-02,11:00,90,Outdoor 2,36.0,frei,4
2026-05-29T21:29:01,2026-06-02,11:00,120,Outdoor 2,48.0,frei,4
2026-05-29T21:29:01,2026-06-02,11:00,150,Outdoor 2,60.0,frei,4
2026-05-29T21:29:01,2026-06-02,11:30,60,Outdoor 2,24.0,frei,4
2026-05-29T21:29:01,2026-06-02,11:30,90,Outdoor 2,36.0,frei,4
2026-05-29T21:29:01,2026-06-02,11:30,120,Outdoor 2,48.0,frei,4
2026-05-29T21:29:01,2026-06-02,11:30,150,Outdoor 2,60.0,frei,4
2026-05-29T21:29:01,2026-06-02,12:00,60,Outdoor 2,24.0,frei,4
2026-05-29T21:29:01,2026-06-02,12:00,90,Outdoor 2,36.0,frei,4
2026-05-29T21:29:01,2026-06-02,12:00,120,Outdoor 2,48.0,frei,4
2026-05-29T21:29:01,2026-06-02,12:00,150,Outdoor 2,60.0,frei,4
2026-05-29T21:29:01,2026-06-02,12:30,60,Outdoor 2,24.0,frei,4
2026-05-29T21:29:01,2026-06-02,12:30,90,Outdoor 2,36.0,frei,4
2026-05-29T21:29:01,2026-06-02,12:30,120,Outdoor 2,48.0,frei,4
2026-05-29T21:29:01,2026-06-02,13:00,60,Outdoor 2,24.0,frei,4
2026-05-29T21:29:01,2026-06-02,13:00,90,Outdoor 2,36.0,frei,4
2026-05-29T21:29:01,2026-06-02,13:00,150,Outdoor 2,60.0,frei,4
2026-05-29T21:29:01,2026-06-02,13:30,60,Outdoor 2,24.0,frei,4
2026-05-29T21:29:01,2026-06-02,13:30,120,Outdoor 2,48.0,frei,4
2026-05-29T21:29:01,2026-06-02,14:00,90,Outdoor 2,36.0,frei,4
2026-05-29T21:29:01,2026-06-02,14:30,60,Outdoor 2,24.0,frei,4
2026-05-29T21:29:01,2026-06-02,08:00,60,Outdoor 4,24.0,frei,4
2026-05-29T21:29:01,2026-06-02,08:00,90,Outdoor 4,36.0,frei,4
2026-05-29T21:29:01,2026-06-02,08:00,120,Outdoor 4,48.0,frei,4
2026-05-29T21:29:01,2026-06-02,08:00,150,Outdoor 4,60.0,frei,4
2026-05-29T21:29:01,2026-06-02,08:30,60,Outdoor 4,24.0,frei,4
2026-05-29T21:29:01,2026-06-02,08:30,90,Outdoor 4,36.0,frei,4
2026-05-29T21:29:01,2026-06-02,08:30,120,Outdoor 4,48.0,frei,4
2026-05-29T21:29:01,2026-06-02,08:30,150,Outdoor 4,60.0,frei,4
2026-05-29T21:29:01,2026-06-02,09:00,60,Outdoor 4,24.0,frei,4
2026-05-29T21:29:01,2026-06-02,09:00,90,Outdoor 4,36.0,frei,4
2026-05-29T21:29:01,2026-06-02,09:00,120,Outdoor 4,48.0,frei,4
2026-05-29T21:29:01,2026-06-02,09:00,150,Outdoor 4,60.0,frei,4
2026-05-29T21:29:01,2026-06-02,09:30,60,Outdoor 4,24.0,frei,4
2026-05-29T21:29:01,2026-06-02,09:30,90,Outdoor 4,36.0,frei,4
2026-05-29T21:29:01,2026-06-02,09:30,120,Outdoor 4,48.0,frei,4
2026-05-29T21:29:01,2026-06-02,09:30,150,Outdoor 4,60.0,frei,4
2026-05-29T21:29:01,2026-06-02,10:00,60,Outdoor 4,24.0,frei,4
2026-05-29T21:29:01,2026-06-02,10:00,90,Outdoor 4,36.0,frei,4
2026-05-29T21:29:01,2026-06-02,10:00,120,Outdoor 4,48.0,frei,4
2026-05-29T21:29:01,2026-06-02,10:00,150,Outdoor 4,60.0,frei,4
2026-05-29T21:29:01,2026-06-02,10:30,60,Outdoor 4,24.0,frei,4
2026-05-29T21:29:01,2026-06-02,10:30,90,Outdoor 4,36.0,frei,4
2026-05-29T21:29:01,2026-06-02,10:30,120,Outdoor 4,48.0,frei,4
2026-05-29T21:29:01,2026-06-02,10:30,150,Outdoor 4,60.0,frei,4
2026-05-29T21:29:01,2026-06-02,11:00,60,Outdoor 4,24.0,frei,4
2026-05-29T21:29:01,2026-06-02,11:00,90,Outdoor 4,36.0,frei,4
2026-05-29T21:29:01,2026-06-02,11:00,120,Outdoor 4,48.0,frei,4
2026-05-29T21:29:01,2026-06-02,11:00,150,Outdoor 4,60.0,frei,4
2026-05-29T21:29:01,2026-06-02,11:30,60,Outdoor 4,24.0,frei,4
2026-05-29T21:29:01,2026-06-02,11:30,90,Outdoor 4,36.0,frei,4
2026-05-29T21:29:01,2026-06-02,11:30,120,Outdoor 4,48.0,frei,4
2026-05-29T21:29:01,2026-06-02,11:30,150,Outdoor 4,60.0,frei,4
2026-05-29T21:29:01,2026-06-02,12:00,60,Outdoor 4,24.0,frei,4
2026-05-29T21:29:01,2026-06-02,12:00,90,Outdoor 4,36.0,frei,4
2026-05-29T21:29:01,2026-06-02,12:00,120,Outdoor 4,48.0,frei,4
2026-05-29T21:29:01,2026-06-02,12:00,150,Outdoor 4,60.0,frei,4
2026-05-29T21:29:01,2026-06-02,12:30,60,Outdoor 4,24.0,frei,4
2026-05-29T21:29:01,2026-06-02,12:30,90,Outdoor 4,36.0,frei,4
2026-05-29T21:29:01,2026-06-02,12:30,120,Outdoor 4,48.0,frei,4
2026-05-29T21:29:01,2026-06-02,12:30,150,Outdoor 4,60.0,frei,4
2026-05-29T21:29:01,2026-06-02,13:00,60,Outdoor 4,24.0,frei,4
2026-05-29T21:29:01,2026-06-02,13:00,90,Outdoor 4,36.0,frei,4
2026-05-29T21:29:01,2026-06-02,13:00,120,Outdoor 4,48.0,frei,4
2026-05-29T21:29:01,2026-06-02,13:30,60,Outdoor 4,24.0,frei,4
2026-05-29T21:29:01,2026-06-02,13:30,90,Outdoor 4,36.0,frei,4
2026-05-29T21:29:01,2026-06-02,13:30,150,Outdoor 4,60.0,frei,4
2026-05-29T21:29:01,2026-06-02,14:00,60,Outdoor 4,24.0,frei,4
2026-05-29T21:29:01,2026-06-02,14:00,120,Outdoor 4,48.0,frei,4
2026-05-29T21:29:01,2026-06-02,14:30,90,Outdoor 4,36.0,frei,4
2026-05-29T21:29:01,2026-06-02,15:00,60,Outdoor 4,24.0,frei,4
2026-05-29T21:29:01,2026-06-02,08:00,60,Indoor 2,30.0,frei,4
2026-05-29T21:29:01,2026-06-02,10:30,60,Indoor 2,30.0,frei,4
2026-05-29T21:29:01,2026-06-02,10:30,120,Indoor 2,60.0,frei,4
2026-05-29T21:29:01,2026-06-02,11:30,60,Indoor 2,30.0,frei,4
2026-05-29T21:29:01,2026-06-02,14:00,90,Indoor 2,45.0,frei,4
2026-05-29T21:29:01,2026-06-02,23:00,60,Indoor 2,30.0,frei,4
2026-05-29T21:29:01,2026-06-02,08:00,60,Outdoor 1,24.0,frei,4
2026-05-29T21:29:01,2026-06-02,08:00,90,Outdoor 1,36.0,frei,4
2026-05-29T21:29:01,2026-06-02,08:00,120,Outdoor 1,48.0,frei,4
2026-05-29T21:29:01,2026-06-02,08:00,150,Outdoor 1,60.0,frei,4
2026-05-29T21:29:01,2026-06-02,08:30,60,Outdoor 1,24.0,frei,4
2026-05-29T21:29:01,2026-06-02,08:30,90,Outdoor 1,36.0,frei,4
2026-05-29T21:29:01,2026-06-02,08:30,120,Outdoor 1,48.0,frei,4
2026-05-29T21:29:01,2026-06-02,08:30,150,Outdoor 1,60.0,frei,4
2026-05-29T21:29:01,2026-06-02,09:00,60,Outdoor 1,24.0,frei,4
2026-05-29T21:29:01,2026-06-02,09:00,90,Outdoor 1,36.0,frei,4
2026-05-29T21:29:01,2026-06-02,09:00,120,Outdoor 1,48.0,frei,4
2026-05-29T21:29:01,2026-06-02,09:00,150,Outdoor 1,60.0,frei,4
2026-05-29T21:29:01,2026-06-02,09:30,60,Outdoor 1,24.0,frei,4
2026-05-29T21:29:01,2026-06-02,09:30,90,Outdoor 1,36.0,frei,4
2026-05-29T21:29:01,2026-06-02,09:30,120,Outdoor 1,48.0,frei,4
2026-05-29T21:29:01,2026-06-02,09:30,150,Outdoor 1,60.0,frei,4
2026-05-29T21:29:01,2026-06-02,10:00,60,Outdoor 1,24.0,frei,4
2026-05-29T21:29:01,2026-06-02,10:00,90,Outdoor 1,36.0,frei,4
2026-05-29T21:29:01,2026-06-02,10:00,120,Outdoor 1,48.0,frei,4
2026-05-29T21:29:01,2026-06-02,10:30,60,Outdoor 1,24.0,frei,4
2026-05-29T21:29:01,2026-06-02,10:30,90,Outdoor 1,36.0,frei,4
2026-05-29T21:29:01,2026-06-02,10:30,150,Outdoor 1,60.0,frei,4
2026-05-29T21:29:01,2026-06-02,11:00,60,Outdoor 1,24.0,frei,4
2026-05-29T21:29:01,2026-06-02,11:00,120,Outdoor 1,48.0,frei,4
2026-05-29T21:29:01,2026-06-02,11:30,90,Outdoor 1,36.0,frei,4
2026-05-29T21:29:01,2026-06-02,12:00,60,Outdoor 1,24.0,frei,4
2026-05-29T21:29:01,2026-06-02,14:30,60,Outdoor 1,24.0,frei,4
2026-05-29T21:29:01,2026-06-02,14:30,90,Outdoor 1,36.0,frei,4
2026-05-29T21:29:01,2026-06-02,14:30,150,Outdoor 1,72.0,frei,4
2026-05-29T21:29:01,2026-06-02,15:30,90,Outdoor 1,48.0,frei,4
2026-05-29T21:29:01,2026-06-02,16:00,60,Outdoor 1,36.0,frei,4
2026-05-29T21:29:01,2026-06-02,08:00,60,Indoor 4,30.0,frei,4
2026-05-29T21:29:01,2026-06-02,08:00,90,Indoor 4,45.0,frei,4
2026-05-29T21:29:01,2026-06-02,08:00,120,Indoor 4,60.0,frei,4
2026-05-29T21:29:01,2026-06-02,09:00,60,Indoor 4,30.0,frei,4
2026-05-29T21:29:01,2026-06-02,09:00,90,Indoor 4,45.0,frei,4
2026-05-29T21:29:01,2026-06-02,09:00,120,Indoor 4,60.0,frei,4
2026-05-29T21:29:01,2026-06-02,09:30,60,Indoor 4,30.0,frei,4
2026-05-29T21:29:01,2026-06-02,09:30,90,Indoor 4,45.0,frei,4
2026-05-29T21:29:01,2026-06-02,09:30,120,Indoor 4,60.0,frei,4
2026-05-29T21:29:01,2026-06-02,10:00,60,Indoor 4,30.0,frei,4
2026-05-29T21:29:01,2026-06-02,10:00,90,Indoor 4,45.0,frei,4
2026-05-29T21:29:01,2026-06-02,10:00,120,Indoor 4,60.0,frei,4
2026-05-29T21:29:01,2026-06-02,10:30,60,Indoor 4,30.0,frei,4
2026-05-29T21:29:01,2026-06-02,10:30,90,Indoor 4,45.0,frei,4
2026-05-29T21:29:01,2026-06-02,10:30,120,Indoor 4,60.0,frei,4
2026-05-29T21:29:01,2026-06-02,11:00,60,Indoor 4,30.0,frei,4
2026-05-29T21:29:01,2026-06-02,11:00,90,Indoor 4,45.0,frei,4
2026-05-29T21:29:01,2026-06-02,11:00,120,Indoor 4,60.0,frei,4
2026-05-29T21:29:01,2026-06-02,11:30,60,Indoor 4,30.0,frei,4
2026-05-29T21:29:01,2026-06-02,11:30,90,Indoor 4,45.0,frei,4
2026-05-29T21:29:01,2026-06-02,11:30,120,Indoor 4,60.0,frei,4
2026-05-29T21:29:01,2026-06-02,12:00,60,Indoor 4,30.0,frei,4
2026-05-29T21:29:01,2026-06-02,12:00,90,Indoor 4,45.0,frei,4
2026-05-29T21:29:01,2026-06-02,12:00,120,Indoor 4,60.0,frei,4
2026-05-29T21:29:01,2026-06-02,12:30,60,Indoor 4,30.0,frei,4
2026-05-29T21:29:01,2026-06-02,12:30,90,Indoor 4,45.0,frei,4
2026-05-29T21:29:01,2026-06-02,12:30,120,Indoor 4,60.0,frei,4
2026-05-29T21:29:01,2026-06-02,13:00,60,Indoor 4,30.0,frei,4
2026-05-29T21:29:01,2026-06-02,13:00,90,Indoor 4,45.0,frei,4
2026-05-29T21:29:01,2026-06-02,13:30,60,Indoor 4,30.0,frei,4
2026-05-29T21:29:01,2026-06-02,13:30,120,Indoor 4,60.0,frei,4
2026-05-29T21:29:01,2026-06-02,14:00,90,Indoor 4,45.0,frei,4
2026-05-29T21:29:01,2026-06-02,14:30,60,Indoor 4,30.0,frei,4
2026-05-29T21:29:01,2026-06-02,22:30,90,Indoor 4,45.0,frei,4
2026-05-29T21:29:01,2026-06-02,08:00,60,Single Indoor,22.0,frei,4
2026-05-29T21:29:01,2026-06-02,10:30,90,Single Indoor,33.0,frei,4
2026-05-29T21:29:01,2026-06-02,22:30,90,Single Indoor,33.0,frei,4
2026-05-29T21:29:01,2026-06-02,08:00,90,Indoor 1,45.0,frei,4
2026-05-29T21:29:01,2026-06-02,11:00,60,Indoor 1,30.0,frei,4
2026-05-29T21:29:01,2026-06-02,13:00,60,Indoor 1,30.0,frei,4
2026-05-29T21:29:01,2026-06-02,13:00,90,Indoor 1,45.0,frei,4
2026-05-29T21:29:01,2026-06-02,14:00,90,Indoor 1,45.0,frei,4
2026-05-29T21:29:01,2026-06-02,14:30,60,Indoor 1,30.0,frei,4
2026-05-29T21:29:01,2026-06-02,08:00,60,Indoor 3,30.0,frei,4
2026-05-29T21:29:01,2026-06-02,08:00,90,Indoor 3,45.0,frei,4
2026-05-29T21:29:01,2026-06-02,08:00,120,Indoor 3,60.0,frei,4
2026-05-29T21:29:01,2026-06-02,09:00,60,Indoor 3,30.0,frei,4
2026-05-29T21:29:01,2026-06-02,09:00,90,Indoor 3,45.0,frei,4
2026-05-29T21:29:01,2026-06-02,09:00,120,Indoor 3,60.0,frei,4
2026-05-29T21:29:01,2026-06-02,09:30,60,Indoor 3,30.0,frei,4
2026-05-29T21:29:01,2026-06-02,09:30,90,Indoor 3,45.0,frei,4
2026-05-29T21:29:01,2026-06-02,09:30,120,Indoor 3,60.0,frei,4
2026-05-29T21:29:01,2026-06-02,10:00,60,Indoor 3,30.0,frei,4
2026-05-29T21:29:01,2026-06-02,10:00,90,Indoor 3,45.0,frei,4
2026-05-29T21:29:01,2026-06-02,10:00,120,Indoor 3,60.0,frei,4
2026-05-29T21:29:01,2026-06-02,10:30,60,Indoor 3,30.0,frei,4
2026-05-29T21:29:01,2026-06-02,10:30,90,Indoor 3,45.0,frei,4
2026-05-29T21:29:01,2026-06-02,11:00,60,Indoor 3,30.0,frei,4
2026-05-29T21:29:01,2026-06-02,11:00,120,Indoor 3,60.0,frei,4
2026-05-29T21:29:01,2026-06-02,11:30,90,Indoor 3,45.0,frei,4
2026-05-29T21:29:01,2026-06-02,12:00,60,Indoor 3,30.0,frei,4
2026-05-29T21:29:01,2026-06-02,14:30,60,Indoor 3,30.0,frei,4
2026-05-29T21:29:01,2026-06-03,08:00,60,Indoor 2,30.0,frei,5
2026-05-29T21:29:01,2026-06-03,08:00,90,Indoor 2,45.0,frei,5
2026-05-29T21:29:01,2026-06-03,08:00,120,Indoor 2,60.0,frei,5
2026-05-29T21:29:01,2026-06-03,09:00,60,Indoor 2,30.0,frei,5
2026-05-29T21:29:01,2026-06-03,09:00,90,Indoor 2,45.0,frei,5
2026-05-29T21:29:01,2026-06-03,09:30,60,Indoor 2,30.0,frei,5
2026-05-29T21:29:01,2026-06-03,09:30,120,Indoor 2,60.0,frei,5
2026-05-29T21:29:01,2026-06-03,10:00,90,Indoor 2,45.0,frei,5
2026-05-29T21:29:01,2026-06-03,10:30,60,Indoor 2,30.0,frei,5
2026-05-29T21:29:01,2026-06-03,13:30,60,Indoor 2,30.0,frei,5
2026-05-29T21:29:01,2026-06-03,13:30,120,Indoor 2,60.0,frei,5
2026-05-29T21:29:01,2026-06-03,14:30,60,Indoor 2,30.0,frei,5
2026-05-29T21:29:01,2026-06-03,22:00,60,Indoor 2,36.0,frei,5
2026-05-29T21:29:01,2026-06-03,22:00,120,Indoor 2,66.0,frei,5
2026-05-29T21:29:01,2026-06-03,23:00,60,Indoor 2,30.0,frei,5
2026-05-29T21:29:01,2026-06-03,08:00,60,Outdoor 2,24.0,frei,5
2026-05-29T21:29:01,2026-06-03,08:00,90,Outdoor 2,36.0,frei,5
2026-05-29T21:29:01,2026-06-03,08:00,120,Outdoor 2,48.0,frei,5
2026-05-29T21:29:01,2026-06-03,08:00,150,Outdoor 2,60.0,frei,5
2026-05-29T21:29:01,2026-06-03,08:30,60,Outdoor 2,24.0,frei,5
2026-05-29T21:29:01,2026-06-03,08:30,90,Outdoor 2,36.0,frei,5
2026-05-29T21:29:01,2026-06-03,08:30,120,Outdoor 2,48.0,frei,5
2026-05-29T21:29:01,2026-06-03,08:30,150,Outdoor 2,60.0,frei,5
2026-05-29T21:29:01,2026-06-03,09:00,60,Outdoor 2,24.0,frei,5
2026-05-29T21:29:01,2026-06-03,09:00,90,Outdoor 2,36.0,frei,5
2026-05-29T21:29:01,2026-06-03,09:00,120,Outdoor 2,48.0,frei,5
2026-05-29T21:29:01,2026-06-03,09:00,150,Outdoor 2,60.0,frei,5
2026-05-29T21:29:01,2026-06-03,09:30,60,Outdoor 2,24.0,frei,5
2026-05-29T21:29:01,2026-06-03,09:30,90,Outdoor 2,36.0,frei,5
2026-05-29T21:29:01,2026-06-03,09:30,120,Outdoor 2,48.0,frei,5
2026-05-29T21:29:01,2026-06-03,09:30,150,Outdoor 2,60.0,frei,5
2026-05-29T21:29:01,2026-06-03,10:00,60,Outdoor 2,24.0,frei,5
2026-05-29T21:29:01,2026-06-03,10:00,90,Outdoor 2,36.0,frei,5
2026-05-29T21:29:01,2026-06-03,10:00,120,Outdoor 2,48.0,frei,5
2026-05-29T21:29:01,2026-06-03,10:00,150,Outdoor 2,60.0,frei,5
2026-05-29T21:29:01,2026-06-03,10:30,60,Outdoor 2,24.0,frei,5
2026-05-29T21:29:01,2026-06-03,10:30,90,Outdoor 2,36.0,frei,5
2026-05-29T21:29:01,2026-06-03,10:30,120,Outdoor 2,48.0,frei,5
2026-05-29T21:29:01,2026-06-03,10:30,150,Outdoor 2,60.0,frei,5
2026-05-29T21:29:01,2026-06-03,11:00,60,Outdoor 2,24.0,frei,5
2026-05-29T21:29:01,2026-06-03,11:00,90,Outdoor 2,36.0,frei,5
2026-05-29T21:29:01,2026-06-03,11:00,120,Outdoor 2,48.0,frei,5
2026-05-29T21:29:01,2026-06-03,11:00,150,Outdoor 2,60.0,frei,5
2026-05-29T21:29:01,2026-06-03,11:30,60,Outdoor 2,24.0,frei,5
2026-05-29T21:29:01,2026-06-03,11:30,90,Outdoor 2,36.0,frei,5
2026-05-29T21:29:01,2026-06-03,11:30,120,Outdoor 2,48.0,frei,5
2026-05-29T21:29:01,2026-06-03,11:30,150,Outdoor 2,60.0,frei,5
2026-05-29T21:29:01,2026-06-03,12:00,60,Outdoor 2,24.0,frei,5
2026-05-29T21:29:01,2026-06-03,12:00,90,Outdoor 2,36.0,frei,5
2026-05-29T21:29:01,2026-06-03,12:00,120,Outdoor 2,48.0,frei,5
2026-05-29T21:29:01,2026-06-03,12:00,150,Outdoor 2,60.0,frei,5
2026-05-29T21:29:01,2026-06-03,12:30,60,Outdoor 2,24.0,frei,5
2026-05-29T21:29:01,2026-06-03,12:30,90,Outdoor 2,36.0,frei,5
2026-05-29T21:29:01,2026-06-03,12:30,120,Outdoor 2,48.0,frei,5
2026-05-29T21:29:01,2026-06-03,13:00,60,Outdoor 2,24.0,frei,5
2026-05-29T21:29:01,2026-06-03,13:00,90,Outdoor 2,36.0,frei,5
2026-05-29T21:29:01,2026-06-03,13:00,150,Outdoor 2,60.0,frei,5
2026-05-29T21:29:01,2026-06-03,13:30,60,Outdoor 2,24.0,frei,5
2026-05-29T21:29:01,2026-06-03,13:30,120,Outdoor 2,48.0,frei,5
2026-05-29T21:29:01,2026-06-03,14:00,90,Outdoor 2,36.0,frei,5
2026-05-29T21:29:01,2026-06-03,14:30,60,Outdoor 2,24.0,frei,5
2026-05-29T21:29:01,2026-06-03,08:00,60,Outdoor 4,24.0,frei,5
2026-05-29T21:29:01,2026-06-03,08:00,90,Outdoor 4,36.0,frei,5
2026-05-29T21:29:01,2026-06-03,08:00,120,Outdoor 4,48.0,frei,5
2026-05-29T21:29:01,2026-06-03,08:00,150,Outdoor 4,60.0,frei,5
2026-05-29T21:29:01,2026-06-03,08:30,60,Outdoor 4,24.0,frei,5
2026-05-29T21:29:01,2026-06-03,08:30,90,Outdoor 4,36.0,frei,5
2026-05-29T21:29:01,2026-06-03,08:30,120,Outdoor 4,48.0,frei,5
2026-05-29T21:29:01,2026-06-03,08:30,150,Outdoor 4,60.0,frei,5
2026-05-29T21:29:01,2026-06-03,09:00,60,Outdoor 4,24.0,frei,5
2026-05-29T21:29:01,2026-06-03,09:00,90,Outdoor 4,36.0,frei,5
2026-05-29T21:29:01,2026-06-03,09:00,120,Outdoor 4,48.0,frei,5
2026-05-29T21:29:01,2026-06-03,09:00,150,Outdoor 4,60.0,frei,5
2026-05-29T21:29:01,2026-06-03,09:30,60,Outdoor 4,24.0,frei,5
2026-05-29T21:29:01,2026-06-03,09:30,90,Outdoor 4,36.0,frei,5
2026-05-29T21:29:01,2026-06-03,09:30,120,Outdoor 4,48.0,frei,5
2026-05-29T21:29:01,2026-06-03,09:30,150,Outdoor 4,60.0,frei,5
2026-05-29T21:29:01,2026-06-03,10:00,60,Outdoor 4,24.0,frei,5
2026-05-29T21:29:01,2026-06-03,10:00,90,Outdoor 4,36.0,frei,5
2026-05-29T21:29:01,2026-06-03,10:00,120,Outdoor 4,48.0,frei,5
2026-05-29T21:29:01,2026-06-03,10:00,150,Outdoor 4,60.0,frei,5
2026-05-29T21:29:01,2026-06-03,10:30,60,Outdoor 4,24.0,frei,5
2026-05-29T21:29:01,2026-06-03,10:30,90,Outdoor 4,36.0,frei,5
2026-05-29T21:29:01,2026-06-03,10:30,120,Outdoor 4,48.0,frei,5
2026-05-29T21:29:01,2026-06-03,10:30,150,Outdoor 4,60.0,frei,5
2026-05-29T21:29:01,2026-06-03,11:00,60,Outdoor 4,24.0,frei,5
2026-05-29T21:29:01,2026-06-03,11:00,90,Outdoor 4,36.0,frei,5
2026-05-29T21:29:01,2026-06-03,11:00,120,Outdoor 4,48.0,frei,5
2026-05-29T21:29:01,2026-06-03,11:00,150,Outdoor 4,60.0,frei,5
2026-05-29T21:29:01,2026-06-03,11:30,60,Outdoor 4,24.0,frei,5
2026-05-29T21:29:01,2026-06-03,11:30,90,Outdoor 4,36.0,frei,5
2026-05-29T21:29:01,2026-06-03,11:30,120,Outdoor 4,48.0,frei,5
2026-05-29T21:29:01,2026-06-03,11:30,150,Outdoor 4,60.0,frei,5
2026-05-29T21:29:01,2026-06-03,12:00,60,Outdoor 4,24.0,frei,5
2026-05-29T21:29:01,2026-06-03,12:00,90,Outdoor 4,36.0,frei,5
2026-05-29T21:29:01,2026-06-03,12:00,120,Outdoor 4,48.0,frei,5
2026-05-29T21:29:01,2026-06-03,12:00,150,Outdoor 4,60.0,frei,5
2026-05-29T21:29:01,2026-06-03,12:30,60,Outdoor 4,24.0,frei,5
2026-05-29T21:29:01,2026-06-03,12:30,90,Outdoor 4,36.0,frei,5
2026-05-29T21:29:01,2026-06-03,12:30,120,Outdoor 4,48.0,frei,5
2026-05-29T21:29:01,2026-06-03,12:30,150,Outdoor 4,60.0,frei,5
2026-05-29T21:29:01,2026-06-03,13:00,60,Outdoor 4,24.0,frei,5
2026-05-29T21:29:01,2026-06-03,13:00,90,Outdoor 4,36.0,frei,5
2026-05-29T21:29:01,2026-06-03,13:00,120,Outdoor 4,48.0,frei,5
2026-05-29T21:29:01,2026-06-03,13:00,150,Outdoor 4,60.0,frei,5
2026-05-29T21:29:01,2026-06-03,13:30,60,Outdoor 4,24.0,frei,5
2026-05-29T21:29:01,2026-06-03,13:30,90,Outdoor 4,36.0,frei,5
2026-05-29T21:29:01,2026-06-03,13:30,120,Outdoor 4,48.0,frei,5
2026-05-29T21:29:01,2026-06-03,14:00,60,Outdoor 4,24.0,frei,5
2026-05-29T21:29:01,2026-06-03,14:00,90,Outdoor 4,36.0,frei,5
2026-05-29T21:29:01,2026-06-03,14:00,150,Outdoor 4,66.0,frei,5
2026-05-29T21:29:01,2026-06-03,14:30,60,Outdoor 4,24.0,frei,5
2026-05-29T21:29:01,2026-06-03,14:30,120,Outdoor 4,54.0,frei,5
2026-05-29T21:29:01,2026-06-03,15:00,90,Outdoor 4,42.0,frei,5
2026-05-29T21:29:01,2026-06-03,15:30,60,Outdoor 4,30.0,frei,5
2026-05-29T21:29:01,2026-06-03,08:00,90,Indoor 1,45.0,frei,5
2026-05-29T21:29:01,2026-06-03,12:30,90,Indoor 1,45.0,frei,5
2026-05-29T21:29:01,2026-06-03,23:00,60,Indoor 1,30.0,frei,5
2026-05-29T21:29:01,2026-06-03,08:00,60,Outdoor 3,24.0,frei,5
2026-05-29T21:29:01,2026-06-03,08:00,90,Outdoor 3,36.0,frei,5
2026-05-29T21:29:01,2026-06-03,08:00,120,Outdoor 3,48.0,frei,5
2026-05-29T21:29:01,2026-06-03,08:30,60,Outdoor 3,24.0,frei,5
2026-05-29T21:29:01,2026-06-03,08:30,90,Outdoor 3,36.0,frei,5
2026-05-29T21:29:01,2026-06-03,08:30,150,Outdoor 3,60.0,frei,5
2026-05-29T21:29:01,2026-06-03,09:00,60,Outdoor 3,24.0,frei,5
2026-05-29T21:29:01,2026-06-03,09:00,120,Outdoor 3,48.0,frei,5
2026-05-29T21:29:01,2026-06-03,09:30,90,Outdoor 3,36.0,frei,5
2026-05-29T21:29:01,2026-06-03,10:00,60,Outdoor 3,24.0,frei,5
2026-05-29T21:29:01,2026-06-03,12:30,60,Outdoor 3,24.0,frei,5
2026-05-29T21:29:01,2026-06-03,12:30,90,Outdoor 3,36.0,frei,5
2026-05-29T21:29:01,2026-06-03,12:30,150,Outdoor 3,60.0,frei,5
2026-05-29T21:29:01,2026-06-03,13:30,90,Outdoor 3,36.0,frei,5
2026-05-29T21:29:01,2026-06-03,14:00,60,Outdoor 3,24.0,frei,5
2026-05-29T21:29:01,2026-06-03,08:00,60,Outdoor 1,24.0,frei,5
2026-05-29T21:29:01,2026-06-03,08:00,90,Outdoor 1,36.0,frei,5
2026-05-29T21:29:01,2026-06-03,08:00,120,Outdoor 1,48.0,frei,5
2026-05-29T21:29:01,2026-06-03,08:30,60,Outdoor 1,24.0,frei,5
2026-05-29T21:29:01,2026-06-03,08:30,90,Outdoor 1,36.0,frei,5
2026-05-29T21:29:01,2026-06-03,08:30,150,Outdoor 1,60.0,frei,5
2026-05-29T21:29:01,2026-06-03,09:00,60,Outdoor 1,24.0,frei,5
2026-05-29T21:29:01,2026-06-03,09:00,120,Outdoor 1,48.0,frei,5
2026-05-29T21:29:01,2026-06-03,09:30,90,Outdoor 1,36.0,frei,5
2026-05-29T21:29:01,2026-06-03,10:00,60,Outdoor 1,24.0,frei,5
2026-05-29T21:29:01,2026-06-03,13:00,60,Outdoor 1,24.0,frei,5
2026-05-29T21:29:01,2026-06-03,13:00,90,Outdoor 1,36.0,frei,5
2026-05-29T21:29:01,2026-06-03,13:00,150,Outdoor 1,60.0,frei,5
2026-05-29T21:29:01,2026-06-03,14:00,90,Outdoor 1,36.0,frei,5
2026-05-29T21:29:01,2026-06-03,14:30,60,Outdoor 1,24.0,frei,5
2026-05-29T21:29:01,2026-06-03,08:00,60,Indoor 4,30.0,frei,5
2026-05-29T21:29:01,2026-06-03,08:00,90,Indoor 4,45.0,frei,5
2026-05-29T21:29:01,2026-06-03,08:00,120,Indoor 4,60.0,frei,5
2026-05-29T21:29:01,2026-06-03,09:00,60,Indoor 4,30.0,frei,5
2026-05-29T21:29:01,2026-06-03,09:00,90,Indoor 4,45.0,frei,5
2026-05-29T21:29:01,2026-06-03,09:00,120,Indoor 4,60.0,frei,5
2026-05-29T21:29:01,2026-06-03,09:30,60,Indoor 4,30.0,frei,5
2026-05-29T21:29:01,2026-06-03,09:30,90,Indoor 4,45.0,frei,5
2026-05-29T21:29:01,2026-06-03,10:00,60,Indoor 4,30.0,frei,5
2026-05-29T21:29:01,2026-06-03,10:00,120,Indoor 4,60.0,frei,5
2026-05-29T21:29:01,2026-06-03,10:30,90,Indoor 4,45.0,frei,5
2026-05-29T21:29:01,2026-06-03,11:00,60,Indoor 4,30.0,frei,5
2026-05-29T21:29:01,2026-06-03,13:00,60,Indoor 4,30.0,frei,5
2026-05-29T21:29:01,2026-06-03,13:00,90,Indoor 4,45.0,frei,5
2026-05-29T21:29:01,2026-06-03,13:00,120,Indoor 4,60.0,frei,5
2026-05-29T21:29:01,2026-06-03,14:00,60,Indoor 4,30.0,frei,5
2026-05-29T21:29:01,2026-06-03,14:00,90,Indoor 4,45.0,frei,5
2026-05-29T21:29:01,2026-06-03,14:00,120,Indoor 4,60.0,frei,5
2026-05-29T21:29:01,2026-06-03,14:30,60,Indoor 4,30.0,frei,5
2026-05-29T21:29:01,2026-06-03,14:30,90,Indoor 4,45.0,frei,5
2026-05-29T21:29:01,2026-06-03,15:00,60,Indoor 4,30.0,frei,5
2026-05-29T21:29:01,2026-06-03,15:00,120,Indoor 4,72.0,frei,5
2026-05-29T21:29:01,2026-06-03,15:30,90,Indoor 4,57.0,frei,5
2026-05-29T21:29:01,2026-06-03,16:00,60,Indoor 4,42.0,frei,5
2026-05-29T21:29:01,2026-06-03,22:00,60,Indoor 4,36.0,frei,5
2026-05-29T21:29:01,2026-06-03,22:00,120,Indoor 4,66.0,frei,5
2026-05-29T21:29:01,2026-06-03,23:00,60,Indoor 4,30.0,frei,5
2026-05-29T21:29:01,2026-06-03,09:00,60,Single Indoor,22.0,frei,5
2026-05-29T21:29:01,2026-06-03,11:30,60,Single Indoor,22.0,frei,5
2026-05-29T21:29:01,2026-06-03,11:30,90,Single Indoor,33.0,frei,5
2026-05-29T21:29:01,2026-06-03,11:30,120,Single Indoor,44.0,frei,5
2026-05-29T21:29:01,2026-06-03,12:30,60,Single Indoor,22.0,frei,5
2026-05-29T21:29:01,2026-06-03,12:30,120,Single Indoor,44.0,frei,5
2026-05-29T21:29:01,2026-06-03,13:00,90,Single Indoor,33.0,frei,5
2026-05-29T21:29:01,2026-06-03,13:30,60,Single Indoor,22.0,frei,5
2026-05-29T21:29:01,2026-06-03,22:00,60,Single Indoor,26.0,frei,5
2026-05-29T21:29:01,2026-06-03,22:00,120,Single Indoor,48.0,frei,5
2026-05-29T21:29:01,2026-06-03,23:00,60,Single Indoor,22.0,frei,5
2026-05-29T21:29:01,2026-06-03,08:00,60,Indoor 3,30.0,frei,5
2026-05-29T21:29:01,2026-06-03,08:00,120,Indoor 3,60.0,frei,5
2026-05-29T21:29:01,2026-06-03,09:00,60,Indoor 3,30.0,frei,5
2026-05-29T21:29:01,2026-06-03,11:00,60,Indoor 3,30.0,frei,5
2026-05-29T21:29:01,2026-06-03,14:00,60,Indoor 3,30.0,frei,5
2026-05-29T21:29:01,2026-06-03,14:00,90,Indoor 3,45.0,frei,5
2026-05-29T21:29:01,2026-06-03,14:00,120,Indoor 3,60.0,frei,5
2026-05-29T21:29:01,2026-06-03,15:00,60,Indoor 3,30.0,frei,5
2026-05-29T21:29:01,2026-06-03,15:00,120,Indoor 3,72.0,frei,5
2026-05-29T21:29:01,2026-06-03,15:30,90,Indoor 3,57.0,frei,5
2026-05-29T21:29:01,2026-06-03,16:00,60,Indoor 3,42.0,frei,5
2026-05-29T21:29:01,2026-06-03,22:00,60,Indoor 3,36.0,frei,5
2026-05-29T21:29:01,2026-06-03,22:00,120,Indoor 3,66.0,frei,5
2026-05-29T21:29:01,2026-06-03,23:00,60,Indoor 3,30.0,frei,5
2026-05-29T21:29:01,2026-06-04,08:00,60,Indoor 2,30.0,frei,6
2026-05-29T21:29:01,2026-06-04,22:00,60,Indoor 2,36.0,frei,6
2026-05-29T21:29:01,2026-06-04,22:00,120,Indoor 2,66.0,frei,6
2026-05-29T21:29:01,2026-06-04,23:00,60,Indoor 2,30.0,frei,6
2026-05-29T21:29:01,2026-06-04,08:00,60,Outdoor 2,24.0,frei,6
2026-05-29T21:29:01,2026-06-04,08:00,90,Outdoor 2,36.0,frei,6
2026-05-29T21:29:01,2026-06-04,08:00,120,Outdoor 2,48.0,frei,6
2026-05-29T21:29:01,2026-06-04,08:30,60,Outdoor 2,24.0,frei,6
2026-05-29T21:29:01,2026-06-04,08:30,90,Outdoor 2,36.0,frei,6
2026-05-29T21:29:01,2026-06-04,08:30,150,Outdoor 2,60.0,frei,6
2026-05-29T21:29:01,2026-06-04,09:00,60,Outdoor 2,24.0,frei,6
2026-05-29T21:29:01,2026-06-04,09:00,120,Outdoor 2,48.0,frei,6
2026-05-29T21:29:01,2026-06-04,09:30,90,Outdoor 2,36.0,frei,6
2026-05-29T21:29:01,2026-06-04,10:00,60,Outdoor 2,24.0,frei,6
2026-05-29T21:29:01,2026-06-04,08:00,60,Indoor 1,30.0,frei,6
2026-05-29T21:29:01,2026-06-04,08:00,60,Outdoor 1,24.0,frei,6
2026-05-29T21:29:01,2026-06-04,08:00,90,Outdoor 1,36.0,frei,6
2026-05-29T21:29:01,2026-06-04,08:00,120,Outdoor 1,48.0,frei,6
2026-05-29T21:29:01,2026-06-04,08:30,60,Outdoor 1,24.0,frei,6
2026-05-29T21:29:01,2026-06-04,08:30,90,Outdoor 1,36.0,frei,6
2026-05-29T21:29:01,2026-06-04,08:30,150,Outdoor 1,60.0,frei,6
2026-05-29T21:29:01,2026-06-04,09:00,60,Outdoor 1,24.0,frei,6
2026-05-29T21:29:01,2026-06-04,09:00,120,Outdoor 1,48.0,frei,6
2026-05-29T21:29:01,2026-06-04,09:30,90,Outdoor 1,36.0,frei,6
2026-05-29T21:29:01,2026-06-04,10:00,60,Outdoor 1,24.0,frei,6
2026-05-29T21:29:01,2026-06-04,08:00,60,Indoor 3,30.0,frei,6
2026-05-29T21:29:01,2026-06-04,22:00,60,Indoor 3,36.0,frei,6
2026-05-29T21:29:01,2026-06-04,22:00,120,Indoor 3,66.0,frei,6
2026-05-29T21:29:01,2026-06-04,23:00,60,Indoor 3,30.0,frei,6
2026-05-29T21:29:01,2026-06-04,08:00,60,Outdoor 3,24.0,frei,6
2026-05-29T21:29:01,2026-06-04,08:00,60,Outdoor 4,24.0,frei,6
2026-05-29T21:29:01,2026-06-04,08:00,90,Outdoor 4,36.0,frei,6
2026-05-29T21:29:01,2026-06-04,08:00,120,Outdoor 4,48.0,frei,6
2026-05-29T21:29:01,2026-06-04,08:30,60,Outdoor 4,24.0,frei,6
2026-05-29T21:29:01,2026-06-04,08:30,90,Outdoor 4,36.0,frei,6
2026-05-29T21:29:01,2026-06-04,08:30,150,Outdoor 4,60.0,frei,6
2026-05-29T21:29:01,2026-06-04,09:00,60,Outdoor 4,24.0,frei,6
2026-05-29T21:29:01,2026-06-04,09:00,120,Outdoor 4,48.0,frei,6
2026-05-29T21:29:01,2026-06-04,09:30,90,Outdoor 4,36.0,frei,6
2026-05-29T21:29:01,2026-06-04,10:00,60,Outdoor 4,24.0,frei,6
2026-05-29T21:29:01,2026-06-04,22:00,60,Indoor 4,36.0,frei,6
2026-05-29T21:29:01,2026-06-04,22:00,120,Indoor 4,66.0,frei,6
2026-05-29T21:29:01,2026-06-04,23:00,60,Indoor 4,30.0,frei,6
2026-05-29T21:29:01,2026-06-04,10:00,60,Single Indoor,22.0,frei,6
2026-05-29T21:29:01,2026-06-04,10:00,120,Single Indoor,44.0,frei,6
2026-05-29T21:29:01,2026-06-04,11:00,60,Single Indoor,22.0,frei,6
2026-05-29T21:29:01,2026-06-04,13:00,90,Single Indoor,33.0,frei,6
2026-05-29T21:29:01,2026-06-04,22:00,60,Single Indoor,26.0,frei,6
2026-05-29T21:29:01,2026-06-04,22:00,120,Single Indoor,48.0,frei,6
2026-05-29T21:29:01,2026-06-04,23:00,60,Single Indoor,22.0,frei,6
2026-05-29T21:29:01,2026-06-05,22:00,60,Indoor 2,36.0,frei,7
2026-05-29T21:29:01,2026-06-05,22:00,120,Indoor 2,66.0,frei,7
2026-05-29T21:29:01,2026-06-05,23:00,60,Indoor 2,30.0,frei,7
2026-05-29T21:29:01,2026-06-05,22:00,60,Indoor 3,36.0,frei,7
2026-05-29T21:29:01,2026-06-05,22:00,120,Indoor 3,66.0,frei,7
2026-05-29T21:29:01,2026-06-05,23:00,60,Indoor 3,30.0,frei,7
2026-05-29T21:29:01,2026-06-05,23:00,60,Indoor 4,30.0,frei,7
2026-05-29T21:29:01,2026-06-05,13:30,60,Single Indoor,22.0,frei,7
2026-05-29T21:29:01,2026-06-05,20:30,60,Single Indoor,30.0,frei,7
2026-05-29T21:29:01,2026-06-05,20:30,90,Single Indoor,45.0,frei,7
2026-05-29T21:29:01,2026-06-05,20:30,120,Single Indoor,60.0,frei,7
2026-05-29T21:29:01,2026-06-05,21:30,60,Single Indoor,30.0,frei,7
2026-05-29T21:29:01,2026-06-05,21:30,90,Single Indoor,41.0,frei,7
2026-05-29T21:29:01,2026-06-05,22:00,60,Single Indoor,26.0,frei,7
2026-05-29T21:29:01,2026-06-05,22:00,120,Single Indoor,48.0,frei,7
2026-05-29T21:29:01,2026-06-05,22:30,90,Single Indoor,33.0,frei,7
2026-05-29T21:29:01,2026-06-05,23:00,60,Single Indoor,22.0,frei,7
2026-05-29T21:29:01,2026-06-06,08:00,60,Outdoor 2,36.0,frei,8
2026-05-29T21:29:01,2026-06-06,08:00,60,Indoor 2,42.0,frei,8
2026-05-29T21:29:01,2026-06-06,08:00,90,Outdoor 3,54.0,frei,8
2026-05-29T21:29:01,2026-06-06,08:30,60,Outdoor 3,36.0,frei,8
2026-05-29T21:29:01,2026-06-06,08:00,60,Outdoor 4,36.0,frei,8
2026-05-29T21:29:01,2026-06-06,08:00,120,Outdoor 4,72.0,frei,8
2026-05-29T21:29:01,2026-06-06,08:30,90,Outdoor 4,54.0,frei,8
2026-05-29T21:29:01,2026-06-06,09:00,60,Outdoor 4,36.0,frei,8
2026-05-29T21:29:01,2026-06-06,20:30,90,Outdoor 4,54.0,frei,8
2026-05-29T21:29:01,2026-06-06,08:00,60,Indoor 3,42.0,frei,8
2026-05-29T21:29:01,2026-06-06,11:00,90,Indoor 3,63.0,frei,8
2026-05-29T21:29:01,2026-06-06,22:00,60,Indoor 3,36.0,frei,8
2026-05-29T21:29:01,2026-06-06,22:00,120,Indoor 3,66.0,frei,8
2026-05-29T21:29:01,2026-06-06,23:00,60,Indoor 3,30.0,frei,8
2026-05-29T21:29:01,2026-06-06,08:00,60,Indoor 4,42.0,frei,8
2026-05-29T21:29:01,2026-06-06,20:30,60,Indoor 4,42.0,frei,8
2026-05-29T21:29:01,2026-06-06,20:30,90,Indoor 4,63.0,frei,8
2026-05-29T21:29:01,2026-06-06,20:30,120,Indoor 4,84.0,frei,8
2026-05-29T21:29:01,2026-06-06,21:30,60,Indoor 4,42.0,frei,8
2026-05-29T21:29:01,2026-06-06,21:30,90,Indoor 4,57.0,frei,8
2026-05-29T21:29:01,2026-06-06,22:00,60,Indoor 4,36.0,frei,8
2026-05-29T21:29:01,2026-06-06,22:00,120,Indoor 4,66.0,frei,8
2026-05-29T21:29:01,2026-06-06,22:30,90,Indoor 4,45.0,frei,8
2026-05-29T21:29:01,2026-06-06,23:00,60,Indoor 4,30.0,frei,8
2026-05-29T21:29:01,2026-06-06,08:00,60,Single Indoor,30.0,frei,8
2026-05-29T21:29:01,2026-06-06,16:00,60,Single Indoor,30.0,frei,8
2026-05-29T21:29:01,2026-06-06,16:00,120,Single Indoor,60.0,frei,8
2026-05-29T21:29:01,2026-06-06,17:00,60,Single Indoor,30.0,frei,8
2026-05-29T21:29:01,2026-06-06,19:00,60,Single Indoor,30.0,frei,8
2026-05-29T21:29:01,2026-06-06,19:00,90,Single Indoor,45.0,frei,8
2026-05-29T21:29:01,2026-06-06,19:00,120,Single Indoor,60.0,frei,8
2026-05-29T21:29:01,2026-06-06,20:00,60,Single Indoor,30.0,frei,8
2026-05-29T21:29:01,2026-06-06,20:00,90,Single Indoor,45.0,frei,8
2026-05-29T21:29:01,2026-06-06,20:00,120,Single Indoor,60.0,frei,8
2026-05-29T21:29:01,2026-06-06,20:30,60,Single Indoor,30.0,frei,8
2026-05-29T21:29:01,2026-06-06,20:30,90,Single Indoor,45.0,frei,8
2026-05-29T21:29:01,2026-06-06,20:30,120,Single Indoor,60.0,frei,8
2026-05-29T21:29:01,2026-06-06,21:00,60,Single Indoor,30.0,frei,8
2026-05-29T21:29:01,2026-06-06,21:00,90,Single Indoor,45.0,frei,8
2026-05-29T21:29:01,2026-06-06,21:00,120,Single Indoor,60.0,frei,8
2026-05-29T21:29:01,2026-06-06,21:30,60,Single Indoor,30.0,frei,8
2026-05-29T21:29:01,2026-06-06,21:30,90,Single Indoor,45.0,frei,8
2026-05-29T21:29:01,2026-06-06,22:00,60,Single Indoor,30.0,frei,8
2026-05-29T21:29:01,2026-06-06,22:00,120,Single Indoor,60.0,frei,8
2026-05-29T21:29:01,2026-06-06,22:30,90,Single Indoor,45.0,frei,8
2026-05-29T21:29:01,2026-06-06,23:00,60,Single Indoor,30.0,frei,8
2026-05-29T21:29:01,2026-06-07,08:00,60,Indoor 1,42.0,frei,9
2026-05-29T21:29:01,2026-06-07,08:00,60,Outdoor 1,36.0,frei,9
2026-05-29T21:29:01,2026-06-07,08:00,60,Outdoor 4,36.0,frei,9
2026-05-29T21:29:01,2026-06-07,20:30,90,Outdoor 4,54.0,frei,9
2026-05-29T21:29:01,2026-06-07,20:00,60,Outdoor 3,36.0,frei,9
2026-05-29T21:29:01,2026-06-07,20:00,120,Outdoor 3,72.0,frei,9
2026-05-29T21:29:01,2026-06-07,21:00,60,Outdoor 3,36.0,frei,9
2026-05-29T21:29:01,2026-06-07,16:00,60,Indoor 3,42.0,frei,9
2026-05-29T21:29:01,2026-06-07,21:30,60,Indoor 3,42.0,frei,9
2026-05-29T21:29:01,2026-06-07,21:30,90,Indoor 3,57.0,frei,9
2026-05-29T21:29:01,2026-06-07,22:30,90,Indoor 3,45.0,frei,9
2026-05-29T21:29:01,2026-06-07,23:00,60,Indoor 3,30.0,frei,9
2026-05-29T21:29:01,2026-06-07,08:00,60,Indoor 2,42.0,frei,9
2026-05-29T21:29:01,2026-06-07,08:00,60,Indoor 4,42.0,frei,9
2026-05-29T21:29:01,2026-06-07,08:00,120,Indoor 4,84.0,frei,9
2026-05-29T21:29:01,2026-06-07,09:00,60,Indoor 4,42.0,frei,9
2026-05-29T21:29:01,2026-06-07,14:00,60,Indoor 4,42.0,frei,9
2026-05-29T21:29:01,2026-06-07,22:30,90,Indoor 4,45.0,frei,9
2026-05-29T21:29:01,2026-06-07,08:00,60,Single Indoor,30.0,frei,9
2026-05-29T21:29:01,2026-06-07,14:00,60,Single Indoor,30.0,frei,9
2026-05-29T21:29:01,2026-06-07,19:00,60,Single Indoor,30.0,frei,9
2026-05-29T21:29:01,2026-06-07,21:00,60,Single Indoor,30.0,frei,9
2026-05-29T21:29:01,2026-06-07,21:00,90,Single Indoor,45.0,frei,9
2026-05-29T21:29:01,2026-06-07,21:00,120,Single Indoor,60.0,frei,9
2026-05-29T21:29:01,2026-06-07,22:00,60,Single Indoor,30.0,frei,9
2026-05-29T21:29:01,2026-06-07,22:00,120,Single Indoor,60.0,frei,9
2026-05-29T21:29:01,2026-06-07,22:30,90,Single Indoor,45.0,frei,9
2026-05-29T21:29:01,2026-06-07,23:00,60,Single Indoor,30.0,frei,9
2026-05-29T21:29:01,2026-06-07,08:00,90,Outdoor 2,54.0,frei,9
2026-05-29T21:29:01,2026-06-07,08:30,60,Outdoor 2,36.0,frei,9
2026-05-29T21:29:01,2026-06-07,20:30,90,Outdoor 2,54.0,frei,9
2026-05-29T21:29:01,2026-06-08,08:00,60,Indoor 1,30.0,frei,10
2026-05-29T21:29:01,2026-06-08,08:00,90,Indoor 1,45.0,frei,10
2026-05-29T21:29:01,2026-06-08,08:00,120,Indoor 1,60.0,frei,10
2026-05-29T21:29:01,2026-06-08,09:00,60,Indoor 1,30.0,frei,10
2026-05-29T21:29:01,2026-06-08,09:00,90,Indoor 1,45.0,frei,10
2026-05-29T21:29:01,2026-06-08,09:00,120,Indoor 1,60.0,frei,10
2026-05-29T21:29:01,2026-06-08,09:30,60,Indoor 1,30.0,frei,10
2026-05-29T21:29:01,2026-06-08,09:30,90,Indoor 1,45.0,frei,10
2026-05-29T21:29:01,2026-06-08,09:30,120,Indoor 1,60.0,frei,10
2026-05-29T21:29:01,2026-06-08,10:00,60,Indoor 1,30.0,frei,10
2026-05-29T21:29:01,2026-06-08,10:00,90,Indoor 1,45.0,frei,10
2026-05-29T21:29:01,2026-06-08,10:00,120,Indoor 1,60.0,frei,10
2026-05-29T21:29:01,2026-06-08,10:30,60,Indoor 1,30.0,frei,10
2026-05-29T21:29:01,2026-06-08,10:30,90,Indoor 1,45.0,frei,10
2026-05-29T21:29:01,2026-06-08,11:00,60,Indoor 1,30.0,frei,10
2026-05-29T21:29:01,2026-06-08,11:00,120,Indoor 1,60.0,frei,10
2026-05-29T21:29:01,2026-06-08,11:30,90,Indoor 1,45.0,frei,10
2026-05-29T21:29:01,2026-06-08,12:00,60,Indoor 1,30.0,frei,10
2026-05-29T21:29:01,2026-06-08,14:00,60,Indoor 1,30.0,frei,10
2026-05-29T21:29:01,2026-06-08,14:00,120,Indoor 1,60.0,frei,10
2026-05-29T21:29:01,2026-06-08,15:00,60,Indoor 1,30.0,frei,10
2026-05-29T21:29:01,2026-06-08,22:00,60,Indoor 1,36.0,frei,10
2026-05-29T21:29:01,2026-06-08,22:00,120,Indoor 1,66.0,frei,10
2026-05-29T21:29:01,2026-06-08,23:00,60,Indoor 1,30.0,frei,10
2026-05-29T21:29:01,2026-06-08,08:00,60,Outdoor 1,24.0,frei,10
2026-05-29T21:29:01,2026-06-08,08:00,90,Outdoor 1,36.0,frei,10
2026-05-29T21:29:01,2026-06-08,08:00,120,Outdoor 1,48.0,frei,10
2026-05-29T21:29:01,2026-06-08,08:00,150,Outdoor 1,60.0,frei,10
2026-05-29T21:29:01,2026-06-08,08:30,60,Outdoor 1,24.0,frei,10
2026-05-29T21:29:01,2026-06-08,08:30,90,Outdoor 1,36.0,frei,10
2026-05-29T21:29:01,2026-06-08,08:30,120,Outdoor 1,48.0,frei,10
2026-05-29T21:29:01,2026-06-08,08:30,150,Outdoor 1,60.0,frei,10
2026-05-29T21:29:01,2026-06-08,09:00,60,Outdoor 1,24.0,frei,10
2026-05-29T21:29:01,2026-06-08,09:00,90,Outdoor 1,36.0,frei,10
2026-05-29T21:29:01,2026-06-08,09:00,120,Outdoor 1,48.0,frei,10
2026-05-29T21:29:01,2026-06-08,09:00,150,Outdoor 1,60.0,frei,10
2026-05-29T21:29:01,2026-06-08,09:30,60,Outdoor 1,24.0,frei,10
2026-05-29T21:29:01,2026-06-08,09:30,90,Outdoor 1,36.0,frei,10
2026-05-29T21:29:01,2026-06-08,09:30,120,Outdoor 1,48.0,frei,10
2026-05-29T21:29:01,2026-06-08,09:30,150,Outdoor 1,60.0,frei,10
2026-05-29T21:29:01,2026-06-08,10:00,60,Outdoor 1,24.0,frei,10
2026-05-29T21:29:01,2026-06-08,10:00,90,Outdoor 1,36.0,frei,10
2026-05-29T21:29:01,2026-06-08,10:00,120,Outdoor 1,48.0,frei,10
2026-05-29T21:29:01,2026-06-08,10:00,150,Outdoor 1,60.0,frei,10
2026-05-29T21:29:01,2026-06-08,10:30,60,Outdoor 1,24.0,frei,10
2026-05-29T21:29:01,2026-06-08,10:30,90,Outdoor 1,36.0,frei,10
2026-05-29T21:29:01,2026-06-08,10:30,120,Outdoor 1,48.0,frei,10
2026-05-29T21:29:01,2026-06-08,10:30,150,Outdoor 1,60.0,frei,10
2026-05-29T21:29:01,2026-06-08,11:00,60,Outdoor 1,24.0,frei,10
2026-05-29T21:29:01,2026-06-08,11:00,90,Outdoor 1,36.0,frei,10
2026-05-29T21:29:01,2026-06-08,11:00,120,Outdoor 1,48.0,frei,10
2026-05-29T21:29:01,2026-06-08,11:00,150,Outdoor 1,60.0,frei,10
2026-05-29T21:29:01,2026-06-08,11:30,60,Outdoor 1,24.0,frei,10
2026-05-29T21:29:01,2026-06-08,11:30,90,Outdoor 1,36.0,frei,10
2026-05-29T21:29:01,2026-06-08,11:30,120,Outdoor 1,48.0,frei,10
2026-05-29T21:29:01,2026-06-08,11:30,150,Outdoor 1,60.0,frei,10
2026-05-29T21:29:01,2026-06-08,12:00,60,Outdoor 1,24.0,frei,10
2026-05-29T21:29:01,2026-06-08,12:00,90,Outdoor 1,36.0,frei,10
2026-05-29T21:29:01,2026-06-08,12:00,120,Outdoor 1,48.0,frei,10
2026-05-29T21:29:01,2026-06-08,12:00,150,Outdoor 1,60.0,frei,10
2026-05-29T21:29:01,2026-06-08,12:30,60,Outdoor 1,24.0,frei,10
2026-05-29T21:29:01,2026-06-08,12:30,90,Outdoor 1,36.0,frei,10
2026-05-29T21:29:01,2026-06-08,12:30,120,Outdoor 1,48.0,frei,10
2026-05-29T21:29:01,2026-06-08,12:30,150,Outdoor 1,60.0,frei,10
2026-05-29T21:29:01,2026-06-08,13:00,60,Outdoor 1,24.0,frei,10
2026-05-29T21:29:01,2026-06-08,13:00,90,Outdoor 1,36.0,frei,10
2026-05-29T21:29:01,2026-06-08,13:00,120,Outdoor 1,48.0,frei,10
2026-05-29T21:29:01,2026-06-08,13:30,60,Outdoor 1,24.0,frei,10
2026-05-29T21:29:01,2026-06-08,13:30,90,Outdoor 1,36.0,frei,10
2026-05-29T21:29:01,2026-06-08,13:30,150,Outdoor 1,60.0,frei,10
2026-05-29T21:29:01,2026-06-08,14:00,60,Outdoor 1,24.0,frei,10
2026-05-29T21:29:01,2026-06-08,14:00,120,Outdoor 1,48.0,frei,10
2026-05-29T21:29:01,2026-06-08,14:30,90,Outdoor 1,36.0,frei,10
2026-05-29T21:29:01,2026-06-08,15:00,60,Outdoor 1,24.0,frei,10
2026-05-29T21:29:01,2026-06-08,08:00,60,Indoor 3,30.0,frei,10
2026-05-29T21:29:01,2026-06-08,08:00,90,Indoor 3,45.0,frei,10
2026-05-29T21:29:01,2026-06-08,08:00,120,Indoor 3,60.0,frei,10
2026-05-29T21:29:01,2026-06-08,09:00,60,Indoor 3,30.0,frei,10
2026-05-29T21:29:01,2026-06-08,09:00,90,Indoor 3,45.0,frei,10
2026-05-29T21:29:01,2026-06-08,09:00,120,Indoor 3,60.0,frei,10
2026-05-29T21:29:01,2026-06-08,09:30,60,Indoor 3,30.0,frei,10
2026-05-29T21:29:01,2026-06-08,09:30,90,Indoor 3,45.0,frei,10
2026-05-29T21:29:01,2026-06-08,09:30,120,Indoor 3,60.0,frei,10
2026-05-29T21:29:01,2026-06-08,10:00,60,Indoor 3,30.0,frei,10
2026-05-29T21:29:01,2026-06-08,10:00,90,Indoor 3,45.0,frei,10
2026-05-29T21:29:01,2026-06-08,10:00,120,Indoor 3,60.0,frei,10
2026-05-29T21:29:01,2026-06-08,10:30,60,Indoor 3,30.0,frei,10
2026-05-29T21:29:01,2026-06-08,10:30,90,Indoor 3,45.0,frei,10
2026-05-29T21:29:01,2026-06-08,10:30,120,Indoor 3,60.0,frei,10
2026-05-29T21:29:01,2026-06-08,11:00,60,Indoor 3,30.0,frei,10
2026-05-29T21:29:01,2026-06-08,11:00,90,Indoor 3,45.0,frei,10
2026-05-29T21:29:01,2026-06-08,11:00,120,Indoor 3,60.0,frei,10
2026-05-29T21:29:01,2026-06-08,11:30,60,Indoor 3,30.0,frei,10
2026-05-29T21:29:01,2026-06-08,11:30,90,Indoor 3,45.0,frei,10
2026-05-29T21:29:01,2026-06-08,11:30,120,Indoor 3,60.0,frei,10
2026-05-29T21:29:01,2026-06-08,12:00,60,Indoor 3,30.0,frei,10
2026-05-29T21:29:01,2026-06-08,12:00,90,Indoor 3,45.0,frei,10
2026-05-29T21:29:01,2026-06-08,12:00,120,Indoor 3,60.0,frei,10
2026-05-29T21:29:01,2026-06-08,12:30,60,Indoor 3,30.0,frei,10
2026-05-29T21:29:01,2026-06-08,12:30,90,Indoor 3,45.0,frei,10
2026-05-29T21:29:01,2026-06-08,12:30,120,Indoor 3,60.0,frei,10
2026-05-29T21:29:01,2026-06-08,13:00,60,Indoor 3,30.0,frei,10
2026-05-29T21:29:01,2026-06-08,13:00,90,Indoor 3,45.0,frei,10
2026-05-29T21:29:01,2026-06-08,13:00,120,Indoor 3,60.0,frei,10
2026-05-29T21:29:01,2026-06-08,13:30,60,Indoor 3,30.0,frei,10
2026-05-29T21:29:01,2026-06-08,13:30,90,Indoor 3,45.0,frei,10
2026-05-29T21:29:01,2026-06-08,14:00,60,Indoor 3,30.0,frei,10
2026-05-29T21:29:01,2026-06-08,14:00,120,Indoor 3,60.0,frei,10
2026-05-29T21:29:01,2026-06-08,14:30,90,Indoor 3,45.0,frei,10
2026-05-29T21:29:01,2026-06-08,15:00,60,Indoor 3,30.0,frei,10
2026-05-29T21:29:01,2026-06-08,22:00,60,Indoor 3,36.0,frei,10
2026-05-29T21:29:01,2026-06-08,22:00,120,Indoor 3,66.0,frei,10
2026-05-29T21:29:01,2026-06-08,23:00,60,Indoor 3,30.0,frei,10
2026-05-29T21:29:01,2026-06-08,08:00,60,Indoor 2,30.0,frei,10
2026-05-29T21:29:01,2026-06-08,08:00,90,Indoor 2,45.0,frei,10
2026-05-29T21:29:01,2026-06-08,08:00,120,Indoor 2,60.0,frei,10
2026-05-29T21:29:01,2026-06-08,09:00,60,Indoor 2,30.0,frei,10
2026-05-29T21:29:01,2026-06-08,09:00,90,Indoor 2,45.0,frei,10
2026-05-29T21:29:01,2026-06-08,09:00,120,Indoor 2,60.0,frei,10
2026-05-29T21:29:01,2026-06-08,09:30,60,Indoor 2,30.0,frei,10
2026-05-29T21:29:01,2026-06-08,09:30,90,Indoor 2,45.0,frei,10
2026-05-29T21:29:01,2026-06-08,09:30,120,Indoor 2,60.0,frei,10
2026-05-29T21:29:01,2026-06-08,10:00,60,Indoor 2,30.0,frei,10
2026-05-29T21:29:01,2026-06-08,10:00,90,Indoor 2,45.0,frei,10
2026-05-29T21:29:01,2026-06-08,10:00,120,Indoor 2,60.0,frei,10
2026-05-29T21:29:01,2026-06-08,10:30,60,Indoor 2,30.0,frei,10
2026-05-29T21:29:01,2026-06-08,10:30,90,Indoor 2,45.0,frei,10
2026-05-29T21:29:01,2026-06-08,10:30,120,Indoor 2,60.0,frei,10
2026-05-29T21:29:01,2026-06-08,11:00,60,Indoor 2,30.0,frei,10
2026-05-29T21:29:01,2026-06-08,11:00,90,Indoor 2,45.0,frei,10
2026-05-29T21:29:01,2026-06-08,11:00,120,Indoor 2,60.0,frei,10
2026-05-29T21:29:01,2026-06-08,11:30,60,Indoor 2,30.0,frei,10
2026-05-29T21:29:01,2026-06-08,11:30,90,Indoor 2,45.0,frei,10
2026-05-29T21:29:01,2026-06-08,11:30,120,Indoor 2,60.0,frei,10
2026-05-29T21:29:01,2026-06-08,12:00,60,Indoor 2,30.0,frei,10
2026-05-29T21:29:01,2026-06-08,12:00,90,Indoor 2,45.0,frei,10
2026-05-29T21:29:01,2026-06-08,12:00,120,Indoor 2,60.0,frei,10
2026-05-29T21:29:01,2026-06-08,12:30,60,Indoor 2,30.0,frei,10
2026-05-29T21:29:01,2026-06-08,12:30,90,Indoor 2,45.0,frei,10
2026-05-29T21:29:01,2026-06-08,13:00,60,Indoor 2,30.0,frei,10
2026-05-29T21:29:01,2026-06-08,13:00,120,Indoor 2,60.0,frei,10
2026-05-29T21:29:01,2026-06-08,13:30,90,Indoor 2,45.0,frei,10
2026-05-29T21:29:01,2026-06-08,14:00,60,Indoor 2,30.0,frei,10
2026-05-29T21:29:01,2026-06-08,16:00,60,Indoor 2,42.0,frei,10
2026-05-29T21:29:01,2026-06-08,22:00,60,Indoor 2,36.0,frei,10
2026-05-29T21:29:01,2026-06-08,22:00,120,Indoor 2,66.0,frei,10
2026-05-29T21:29:01,2026-06-08,23:00,60,Indoor 2,30.0,frei,10
2026-05-29T21:29:01,2026-06-08,08:00,60,Outdoor 3,24.0,frei,10
2026-05-29T21:29:01,2026-06-08,08:00,90,Outdoor 3,36.0,frei,10
2026-05-29T21:29:01,2026-06-08,08:00,120,Outdoor 3,48.0,frei,10
2026-05-29T21:29:01,2026-06-08,08:00,150,Outdoor 3,60.0,frei,10
2026-05-29T21:29:01,2026-06-08,08:30,60,Outdoor 3,24.0,frei,10
2026-05-29T21:29:01,2026-06-08,08:30,90,Outdoor 3,36.0,frei,10
2026-05-29T21:29:01,2026-06-08,08:30,120,Outdoor 3,48.0,frei,10
2026-05-29T21:29:01,2026-06-08,08:30,150,Outdoor 3,60.0,frei,10
2026-05-29T21:29:01,2026-06-08,09:00,60,Outdoor 3,24.0,frei,10
2026-05-29T21:29:01,2026-06-08,09:00,90,Outdoor 3,36.0,frei,10
2026-05-29T21:29:01,2026-06-08,09:00,120,Outdoor 3,48.0,frei,10
2026-05-29T21:29:01,2026-06-08,09:00,150,Outdoor 3,60.0,frei,10
2026-05-29T21:29:01,2026-06-08,09:30,60,Outdoor 3,24.0,frei,10
2026-05-29T21:29:01,2026-06-08,09:30,90,Outdoor 3,36.0,frei,10
2026-05-29T21:29:01,2026-06-08,09:30,120,Outdoor 3,48.0,frei,10
2026-05-29T21:29:01,2026-06-08,09:30,150,Outdoor 3,60.0,frei,10
2026-05-29T21:29:01,2026-06-08,10:00,60,Outdoor 3,24.0,frei,10
2026-05-29T21:29:01,2026-06-08,10:00,90,Outdoor 3,36.0,frei,10
2026-05-29T21:29:01,2026-06-08,10:00,120,Outdoor 3,48.0,frei,10
2026-05-29T21:29:01,2026-06-08,10:00,150,Outdoor 3,60.0,frei,10
2026-05-29T21:29:01,2026-06-08,10:30,60,Outdoor 3,24.0,frei,10
2026-05-29T21:29:01,2026-06-08,10:30,90,Outdoor 3,36.0,frei,10
2026-05-29T21:29:01,2026-06-08,10:30,120,Outdoor 3,48.0,frei,10
2026-05-29T21:29:01,2026-06-08,10:30,150,Outdoor 3,60.0,frei,10
2026-05-29T21:29:01,2026-06-08,11:00,60,Outdoor 3,24.0,frei,10
2026-05-29T21:29:01,2026-06-08,11:00,90,Outdoor 3,36.0,frei,10
2026-05-29T21:29:01,2026-06-08,11:00,120,Outdoor 3,48.0,frei,10
2026-05-29T21:29:01,2026-06-08,11:00,150,Outdoor 3,60.0,frei,10
2026-05-29T21:29:01,2026-06-08,11:30,60,Outdoor 3,24.0,frei,10
2026-05-29T21:29:01,2026-06-08,11:30,90,Outdoor 3,36.0,frei,10
2026-05-29T21:29:01,2026-06-08,11:30,120,Outdoor 3,48.0,frei,10
2026-05-29T21:29:01,2026-06-08,11:30,150,Outdoor 3,60.0,frei,10
2026-05-29T21:29:01,2026-06-08,12:00,60,Outdoor 3,24.0,frei,10
2026-05-29T21:29:01,2026-06-08,12:00,90,Outdoor 3,36.0,frei,10
2026-05-29T21:29:01,2026-06-08,12:00,120,Outdoor 3,48.0,frei,10
2026-05-29T21:29:01,2026-06-08,12:00,150,Outdoor 3,60.0,frei,10
2026-05-29T21:29:01,2026-06-08,12:30,60,Outdoor 3,24.0,frei,10
2026-05-29T21:29:01,2026-06-08,12:30,90,Outdoor 3,36.0,frei,10
2026-05-29T21:29:01,2026-06-08,12:30,120,Outdoor 3,48.0,frei,10
2026-05-29T21:29:01,2026-06-08,12:30,150,Outdoor 3,60.0,frei,10
2026-05-29T21:29:01,2026-06-08,13:00,60,Outdoor 3,24.0,frei,10
2026-05-29T21:29:01,2026-06-08,13:00,90,Outdoor 3,36.0,frei,10
2026-05-29T21:29:01,2026-06-08,13:00,120,Outdoor 3,48.0,frei,10
2026-05-29T21:29:01,2026-06-08,13:30,60,Outdoor 3,24.0,frei,10
2026-05-29T21:29:01,2026-06-08,13:30,90,Outdoor 3,36.0,frei,10
2026-05-29T21:29:01,2026-06-08,13:30,150,Outdoor 3,60.0,frei,10
2026-05-29T21:29:01,2026-06-08,14:00,60,Outdoor 3,24.0,frei,10
2026-05-29T21:29:01,2026-06-08,14:00,120,Outdoor 3,48.0,frei,10
2026-05-29T21:29:01,2026-06-08,14:30,90,Outdoor 3,36.0,frei,10
2026-05-29T21:29:01,2026-06-08,15:00,60,Outdoor 3,24.0,frei,10
2026-05-29T21:29:01,2026-06-08,08:00,60,Outdoor 2,24.0,frei,10
2026-05-29T21:29:01,2026-06-08,08:00,90,Outdoor 2,36.0,frei,10
2026-05-29T21:29:01,2026-06-08,08:00,120,Outdoor 2,48.0,frei,10
2026-05-29T21:29:01,2026-06-08,08:00,150,Outdoor 2,60.0,frei,10
2026-05-29T21:29:01,2026-06-08,08:30,60,Outdoor 2,24.0,frei,10
2026-05-29T21:29:01,2026-06-08,08:30,90,Outdoor 2,36.0,frei,10
2026-05-29T21:29:01,2026-06-08,08:30,120,Outdoor 2,48.0,frei,10
2026-05-29T21:29:01,2026-06-08,08:30,150,Outdoor 2,60.0,frei,10
2026-05-29T21:29:01,2026-06-08,09:00,60,Outdoor 2,24.0,frei,10
2026-05-29T21:29:01,2026-06-08,09:00,90,Outdoor 2,36.0,frei,10
2026-05-29T21:29:01,2026-06-08,09:00,120,Outdoor 2,48.0,frei,10
2026-05-29T21:29:01,2026-06-08,09:00,150,Outdoor 2,60.0,frei,10
2026-05-29T21:29:01,2026-06-08,09:30,60,Outdoor 2,24.0,frei,10
2026-05-29T21:29:01,2026-06-08,09:30,90,Outdoor 2,36.0,frei,10
2026-05-29T21:29:01,2026-06-08,09:30,120,Outdoor 2,48.0,frei,10
2026-05-29T21:29:01,2026-06-08,09:30,150,Outdoor 2,60.0,frei,10
2026-05-29T21:29:01,2026-06-08,10:00,60,Outdoor 2,24.0,frei,10
2026-05-29T21:29:01,2026-06-08,10:00,90,Outdoor 2,36.0,frei,10
2026-05-29T21:29:01,2026-06-08,10:00,120,Outdoor 2,48.0,frei,10
2026-05-29T21:29:01,2026-06-08,10:00,150,Outdoor 2,60.0,frei,10
2026-05-29T21:29:01,2026-06-08,10:30,60,Outdoor 2,24.0,frei,10
2026-05-29T21:29:01,2026-06-08,10:30,90,Outdoor 2,36.0,frei,10
2026-05-29T21:29:01,2026-06-08,10:30,120,Outdoor 2,48.0,frei,10
2026-05-29T21:29:01,2026-06-08,10:30,150,Outdoor 2,60.0,frei,10
2026-05-29T21:29:01,2026-06-08,11:00,60,Outdoor 2,24.0,frei,10
2026-05-29T21:29:01,2026-06-08,11:00,90,Outdoor 2,36.0,frei,10
2026-05-29T21:29:01,2026-06-08,11:00,120,Outdoor 2,48.0,frei,10
2026-05-29T21:29:01,2026-06-08,11:00,150,Outdoor 2,60.0,frei,10
2026-05-29T21:29:01,2026-06-08,11:30,60,Outdoor 2,24.0,frei,10
2026-05-29T21:29:01,2026-06-08,11:30,90,Outdoor 2,36.0,frei,10
2026-05-29T21:29:01,2026-06-08,11:30,120,Outdoor 2,48.0,frei,10
2026-05-29T21:29:01,2026-06-08,11:30,150,Outdoor 2,60.0,frei,10
2026-05-29T21:29:01,2026-06-08,12:00,60,Outdoor 2,24.0,frei,10
2026-05-29T21:29:01,2026-06-08,12:00,90,Outdoor 2,36.0,frei,10
2026-05-29T21:29:01,2026-06-08,12:00,120,Outdoor 2,48.0,frei,10
2026-05-29T21:29:01,2026-06-08,12:00,150,Outdoor 2,60.0,frei,10
2026-05-29T21:29:01,2026-06-08,12:30,60,Outdoor 2,24.0,frei,10
2026-05-29T21:29:01,2026-06-08,12:30,90,Outdoor 2,36.0,frei,10
2026-05-29T21:29:01,2026-06-08,12:30,120,Outdoor 2,48.0,frei,10
2026-05-29T21:29:01,2026-06-08,12:30,150,Outdoor 2,60.0,frei,10
2026-05-29T21:29:01,2026-06-08,13:00,60,Outdoor 2,24.0,frei,10
2026-05-29T21:29:01,2026-06-08,13:00,90,Outdoor 2,36.0,frei,10
2026-05-29T21:29:01,2026-06-08,13:00,120,Outdoor 2,48.0,frei,10
2026-05-29T21:29:01,2026-06-08,13:00,150,Outdoor 2,60.0,frei,10
2026-05-29T21:29:01,2026-06-08,13:30,60,Outdoor 2,24.0,frei,10
2026-05-29T21:29:01,2026-06-08,13:30,90,Outdoor 2,36.0,frei,10
2026-05-29T21:29:01,2026-06-08,13:30,120,Outdoor 2,48.0,frei,10
2026-05-29T21:29:01,2026-06-08,14:00,60,Outdoor 2,24.0,frei,10
2026-05-29T21:29:01,2026-06-08,14:00,90,Outdoor 2,36.0,frei,10
2026-05-29T21:29:01,2026-06-08,14:00,150,Outdoor 2,66.0,frei,10
2026-05-29T21:29:01,2026-06-08,14:30,60,Outdoor 2,24.0,frei,10
2026-05-29T21:29:01,2026-06-08,14:30,120,Outdoor 2,54.0,frei,10
2026-05-29T21:29:01,2026-06-08,15:00,90,Outdoor 2,42.0,frei,10
2026-05-29T21:29:01,2026-06-08,15:30,60,Outdoor 2,30.0,frei,10
2026-05-29T21:29:01,2026-06-08,08:00,60,Outdoor 4,24.0,frei,10
2026-05-29T21:29:01,2026-06-08,08:00,90,Outdoor 4,36.0,frei,10
2026-05-29T21:29:01,2026-06-08,08:00,120,Outdoor 4,48.0,frei,10
2026-05-29T21:29:01,2026-06-08,08:00,150,Outdoor 4,60.0,frei,10
2026-05-29T21:29:01,2026-06-08,08:30,60,Outdoor 4,24.0,frei,10
2026-05-29T21:29:01,2026-06-08,08:30,90,Outdoor 4,36.0,frei,10
2026-05-29T21:29:01,2026-06-08,08:30,120,Outdoor 4,48.0,frei,10
2026-05-29T21:29:01,2026-06-08,08:30,150,Outdoor 4,60.0,frei,10
2026-05-29T21:29:01,2026-06-08,09:00,60,Outdoor 4,24.0,frei,10
2026-05-29T21:29:01,2026-06-08,09:00,90,Outdoor 4,36.0,frei,10
2026-05-29T21:29:01,2026-06-08,09:00,120,Outdoor 4,48.0,frei,10
2026-05-29T21:29:01,2026-06-08,09:00,150,Outdoor 4,60.0,frei,10
2026-05-29T21:29:01,2026-06-08,09:30,60,Outdoor 4,24.0,frei,10
2026-05-29T21:29:01,2026-06-08,09:30,90,Outdoor 4,36.0,frei,10
2026-05-29T21:29:01,2026-06-08,09:30,120,Outdoor 4,48.0,frei,10
2026-05-29T21:29:01,2026-06-08,09:30,150,Outdoor 4,60.0,frei,10
2026-05-29T21:29:01,2026-06-08,10:00,60,Outdoor 4,24.0,frei,10
2026-05-29T21:29:01,2026-06-08,10:00,90,Outdoor 4,36.0,frei,10
2026-05-29T21:29:01,2026-06-08,10:00,120,Outdoor 4,48.0,frei,10
2026-05-29T21:29:01,2026-06-08,10:00,150,Outdoor 4,60.0,frei,10
2026-05-29T21:29:01,2026-06-08,10:30,60,Outdoor 4,24.0,frei,10
2026-05-29T21:29:01,2026-06-08,10:30,90,Outdoor 4,36.0,frei,10
2026-05-29T21:29:01,2026-06-08,10:30,120,Outdoor 4,48.0,frei,10
2026-05-29T21:29:01,2026-06-08,10:30,150,Outdoor 4,60.0,frei,10
2026-05-29T21:29:01,2026-06-08,11:00,60,Outdoor 4,24.0,frei,10
2026-05-29T21:29:01,2026-06-08,11:00,90,Outdoor 4,36.0,frei,10
2026-05-29T21:29:01,2026-06-08,11:00,120,Outdoor 4,48.0,frei,10
2026-05-29T21:29:01,2026-06-08,11:00,150,Outdoor 4,60.0,frei,10
2026-05-29T21:29:01,2026-06-08,11:30,60,Outdoor 4,24.0,frei,10
2026-05-29T21:29:01,2026-06-08,11:30,90,Outdoor 4,36.0,frei,10
2026-05-29T21:29:01,2026-06-08,11:30,120,Outdoor 4,48.0,frei,10
2026-05-29T21:29:01,2026-06-08,11:30,150,Outdoor 4,60.0,frei,10
2026-05-29T21:29:01,2026-06-08,12:00,60,Outdoor 4,24.0,frei,10
2026-05-29T21:29:01,2026-06-08,12:00,90,Outdoor 4,36.0,frei,10
2026-05-29T21:29:01,2026-06-08,12:00,120,Outdoor 4,48.0,frei,10
2026-05-29T21:29:01,2026-06-08,12:00,150,Outdoor 4,60.0,frei,10
2026-05-29T21:29:01,2026-06-08,12:30,60,Outdoor 4,24.0,frei,10
2026-05-29T21:29:01,2026-06-08,12:30,90,Outdoor 4,36.0,frei,10
2026-05-29T21:29:01,2026-06-08,12:30,120,Outdoor 4,48.0,frei,10
2026-05-29T21:29:01,2026-06-08,13:00,60,Outdoor 4,24.0,frei,10
2026-05-29T21:29:01,2026-06-08,13:00,90,Outdoor 4,36.0,frei,10
2026-05-29T21:29:01,2026-06-08,13:00,150,Outdoor 4,60.0,frei,10
2026-05-29T21:29:01,2026-06-08,13:30,60,Outdoor 4,24.0,frei,10
2026-05-29T21:29:01,2026-06-08,13:30,120,Outdoor 4,48.0,frei,10
2026-05-29T21:29:01,2026-06-08,14:00,90,Outdoor 4,36.0,frei,10
2026-05-29T21:29:01,2026-06-08,14:30,60,Outdoor 4,24.0,frei,10
2026-05-29T21:29:01,2026-06-08,08:00,60,Indoor 4,30.0,frei,10
2026-05-29T21:29:01,2026-06-08,08:00,90,Indoor 4,45.0,frei,10
2026-05-29T21:29:01,2026-06-08,08:00,120,Indoor 4,60.0,frei,10
2026-05-29T21:29:01,2026-06-08,09:00,60,Indoor 4,30.0,frei,10
2026-05-29T21:29:01,2026-06-08,09:00,90,Indoor 4,45.0,frei,10
2026-05-29T21:29:01,2026-06-08,09:00,120,Indoor 4,60.0,frei,10
2026-05-29T21:29:01,2026-06-08,09:30,60,Indoor 4,30.0,frei,10
2026-05-29T21:29:01,2026-06-08,09:30,90,Indoor 4,45.0,frei,10
2026-05-29T21:29:01,2026-06-08,09:30,120,Indoor 4,60.0,frei,10
2026-05-29T21:29:01,2026-06-08,10:00,60,Indoor 4,30.0,frei,10
2026-05-29T21:29:01,2026-06-08,10:00,90,Indoor 4,45.0,frei,10
2026-05-29T21:29:01,2026-06-08,10:00,120,Indoor 4,60.0,frei,10
2026-05-29T21:29:01,2026-06-08,10:30,60,Indoor 4,30.0,frei,10
2026-05-29T21:29:01,2026-06-08,10:30,90,Indoor 4,45.0,frei,10
2026-05-29T21:29:01,2026-06-08,10:30,120,Indoor 4,60.0,frei,10
2026-05-29T21:29:01,2026-06-08,11:00,60,Indoor 4,30.0,frei,10
2026-05-29T21:29:01,2026-06-08,11:00,90,Indoor 4,45.0,frei,10
2026-05-29T21:29:01,2026-06-08,11:00,120,Indoor 4,60.0,frei,10
2026-05-29T21:29:01,2026-06-08,11:30,60,Indoor 4,30.0,frei,10
2026-05-29T21:29:01,2026-06-08,11:30,90,Indoor 4,45.0,frei,10
2026-05-29T21:29:01,2026-06-08,11:30,120,Indoor 4,60.0,frei,10
2026-05-29T21:29:01,2026-06-08,12:00,60,Indoor 4,30.0,frei,10
2026-05-29T21:29:01,2026-06-08,12:00,90,Indoor 4,45.0,frei,10
2026-05-29T21:29:01,2026-06-08,12:00,120,Indoor 4,60.0,frei,10
2026-05-29T21:29:01,2026-06-08,12:30,60,Indoor 4,30.0,frei,10
2026-05-29T21:29:01,2026-06-08,12:30,90,Indoor 4,45.0,frei,10
2026-05-29T21:29:01,2026-06-08,12:30,120,Indoor 4,60.0,frei,10
2026-05-29T21:29:01,2026-06-08,13:00,60,Indoor 4,30.0,frei,10
2026-05-29T21:29:01,2026-06-08,13:00,90,Indoor 4,45.0,frei,10
2026-05-29T21:29:01,2026-06-08,13:00,120,Indoor 4,60.0,frei,10
2026-05-29T21:29:01,2026-06-08,13:30,60,Indoor 4,30.0,frei,10
2026-05-29T21:29:01,2026-06-08,13:30,90,Indoor 4,45.0,frei,10
2026-05-29T21:29:01,2026-06-08,13:30,120,Indoor 4,60.0,frei,10
2026-05-29T21:29:01,2026-06-08,14:00,60,Indoor 4,30.0,frei,10
2026-05-29T21:29:01,2026-06-08,14:00,90,Indoor 4,45.0,frei,10
2026-05-29T21:29:01,2026-06-08,14:30,60,Indoor 4,30.0,frei,10
2026-05-29T21:29:01,2026-06-08,14:30,120,Indoor 4,66.0,frei,10
2026-05-29T21:29:01,2026-06-08,15:00,90,Indoor 4,51.0,frei,10
2026-05-29T21:29:01,2026-06-08,15:30,60,Indoor 4,36.0,frei,10
2026-05-29T21:29:01,2026-06-08,22:30,90,Indoor 4,45.0,frei,10
2026-05-29T21:29:01,2026-06-08,08:00,60,Single Indoor,22.0,frei,10
2026-05-29T21:29:01,2026-06-08,08:00,90,Single Indoor,33.0,frei,10
2026-05-29T21:29:01,2026-06-08,08:00,120,Single Indoor,44.0,frei,10
2026-05-29T21:29:01,2026-06-08,09:00,60,Single Indoor,22.0,frei,10
2026-05-29T21:29:01,2026-06-08,09:00,90,Single Indoor,33.0,frei,10
2026-05-29T21:29:01,2026-06-08,09:00,120,Single Indoor,44.0,frei,10
2026-05-29T21:29:01,2026-06-08,09:30,60,Single Indoor,22.0,frei,10
2026-05-29T21:29:01,2026-06-08,09:30,90,Single Indoor,33.0,frei,10
2026-05-29T21:29:01,2026-06-08,09:30,120,Single Indoor,44.0,frei,10
2026-05-29T21:29:01,2026-06-08,10:00,60,Single Indoor,22.0,frei,10
2026-05-29T21:29:01,2026-06-08,10:00,90,Single Indoor,33.0,frei,10
2026-05-29T21:29:01,2026-06-08,10:00,120,Single Indoor,44.0,frei,10
2026-05-29T21:29:01,2026-06-08,10:30,60,Single Indoor,22.0,frei,10
2026-05-29T21:29:01,2026-06-08,10:30,90,Single Indoor,33.0,frei,10
2026-05-29T21:29:01,2026-06-08,10:30,120,Single Indoor,44.0,frei,10
2026-05-29T21:29:01,2026-06-08,11:00,60,Single Indoor,22.0,frei,10
2026-05-29T21:29:01,2026-06-08,11:00,90,Single Indoor,33.0,frei,10
2026-05-29T21:29:01,2026-06-08,11:00,120,Single Indoor,44.0,frei,10
2026-05-29T21:29:01,2026-06-08,11:30,60,Single Indoor,22.0,frei,10
2026-05-29T21:29:01,2026-06-08,11:30,90,Single Indoor,33.0,frei,10
2026-05-29T21:29:01,2026-06-08,11:30,120,Single Indoor,44.0,frei,10
2026-05-29T21:29:01,2026-06-08,12:00,60,Single Indoor,22.0,frei,10
2026-05-29T21:29:01,2026-06-08,12:00,90,Single Indoor,33.0,frei,10
2026-05-29T21:29:01,2026-06-08,12:00,120,Single Indoor,44.0,frei,10
2026-05-29T21:29:01,2026-06-08,12:30,60,Single Indoor,22.0,frei,10
2026-05-29T21:29:01,2026-06-08,12:30,90,Single Indoor,33.0,frei,10
2026-05-29T21:29:01,2026-06-08,12:30,120,Single Indoor,44.0,frei,10
2026-05-29T21:29:01,2026-06-08,13:00,60,Single Indoor,22.0,frei,10
2026-05-29T21:29:01,2026-06-08,13:00,90,Single Indoor,33.0,frei,10
2026-05-29T21:29:01,2026-06-08,13:00,120,Single Indoor,44.0,frei,10
2026-05-29T21:29:01,2026-06-08,13:30,60,Single Indoor,22.0,frei,10
2026-05-29T21:29:01,2026-06-08,13:30,90,Single Indoor,33.0,frei,10
2026-05-29T21:29:01,2026-06-08,13:30,120,Single Indoor,44.0,frei,10
2026-05-29T21:29:01,2026-06-08,14:00,60,Single Indoor,22.0,frei,10
2026-05-29T21:29:01,2026-06-08,14:00,90,Single Indoor,33.0,frei,10
2026-05-29T21:29:01,2026-06-08,14:30,60,Single Indoor,22.0,frei,10
2026-05-29T21:29:01,2026-06-08,14:30,120,Single Indoor,48.0,frei,10
2026-05-29T21:29:01,2026-06-08,15:00,90,Single Indoor,37.0,frei,10
2026-05-29T21:29:01,2026-06-08,15:30,60,Single Indoor,26.0,frei,10
2026-05-29T21:29:01,2026-06-08,17:30,90,Single Indoor,45.0,frei,10
2026-05-29T21:29:01,2026-06-08,21:30,60,Single Indoor,30.0,frei,10
2026-05-29T21:29:01,2026-06-08,21:30,90,Single Indoor,41.0,frei,10
2026-05-29T21:29:01,2026-06-08,22:30,90,Single Indoor,33.0,frei,10
2026-05-29T21:29:01,2026-06-08,23:00,60,Single Indoor,22.0,frei,10
2026-05-29T21:29:01,2026-06-09,08:00,60,Outdoor 1,24.0,frei,11
2026-05-29T21:29:01,2026-06-09,08:00,90,Outdoor 1,36.0,frei,11
2026-05-29T21:29:01,2026-06-09,08:00,120,Outdoor 1,48.0,frei,11
2026-05-29T21:29:01,2026-06-09,08:00,150,Outdoor 1,60.0,frei,11
2026-05-29T21:29:01,2026-06-09,08:30,60,Outdoor 1,24.0,frei,11
2026-05-29T21:29:01,2026-06-09,08:30,90,Outdoor 1,36.0,frei,11
2026-05-29T21:29:01,2026-06-09,08:30,120,Outdoor 1,48.0,frei,11
2026-05-29T21:29:01,2026-06-09,08:30,150,Outdoor 1,60.0,frei,11
2026-05-29T21:29:01,2026-06-09,09:00,60,Outdoor 1,24.0,frei,11
2026-05-29T21:29:01,2026-06-09,09:00,90,Outdoor 1,36.0,frei,11
2026-05-29T21:29:01,2026-06-09,09:00,120,Outdoor 1,48.0,frei,11
2026-05-29T21:29:01,2026-06-09,09:00,150,Outdoor 1,60.0,frei,11
2026-05-29T21:29:01,2026-06-09,09:30,60,Outdoor 1,24.0,frei,11
2026-05-29T21:29:01,2026-06-09,09:30,90,Outdoor 1,36.0,frei,11
2026-05-29T21:29:01,2026-06-09,09:30,120,Outdoor 1,48.0,frei,11
2026-05-29T21:29:01,2026-06-09,09:30,150,Outdoor 1,60.0,frei,11
2026-05-29T21:29:01,2026-06-09,10:00,60,Outdoor 1,24.0,frei,11
2026-05-29T21:29:01,2026-06-09,10:00,90,Outdoor 1,36.0,frei,11
2026-05-29T21:29:01,2026-06-09,10:00,120,Outdoor 1,48.0,frei,11
2026-05-29T21:29:01,2026-06-09,10:00,150,Outdoor 1,60.0,frei,11
2026-05-29T21:29:01,2026-06-09,10:30,60,Outdoor 1,24.0,frei,11
2026-05-29T21:29:01,2026-06-09,10:30,90,Outdoor 1,36.0,frei,11
2026-05-29T21:29:01,2026-06-09,10:30,120,Outdoor 1,48.0,frei,11
2026-05-29T21:29:01,2026-06-09,10:30,150,Outdoor 1,60.0,frei,11
2026-05-29T21:29:01,2026-06-09,11:00,60,Outdoor 1,24.0,frei,11
2026-05-29T21:29:01,2026-06-09,11:00,90,Outdoor 1,36.0,frei,11
2026-05-29T21:29:01,2026-06-09,11:00,120,Outdoor 1,48.0,frei,11
2026-05-29T21:29:01,2026-06-09,11:00,150,Outdoor 1,60.0,frei,11
2026-05-29T21:29:01,2026-06-09,11:30,60,Outdoor 1,24.0,frei,11
2026-05-29T21:29:01,2026-06-09,11:30,90,Outdoor 1,36.0,frei,11
2026-05-29T21:29:01,2026-06-09,11:30,120,Outdoor 1,48.0,frei,11
2026-05-29T21:29:01,2026-06-09,11:30,150,Outdoor 1,60.0,frei,11
2026-05-29T21:29:01,2026-06-09,12:00,60,Outdoor 1,24.0,frei,11
2026-05-29T21:29:01,2026-06-09,12:00,90,Outdoor 1,36.0,frei,11
2026-05-29T21:29:01,2026-06-09,12:00,120,Outdoor 1,48.0,frei,11
2026-05-29T21:29:01,2026-06-09,12:00,150,Outdoor 1,60.0,frei,11
2026-05-29T21:29:01,2026-06-09,12:30,60,Outdoor 1,24.0,frei,11
2026-05-29T21:29:01,2026-06-09,12:30,90,Outdoor 1,36.0,frei,11
2026-05-29T21:29:01,2026-06-09,12:30,120,Outdoor 1,48.0,frei,11
2026-05-29T21:29:01,2026-06-09,12:30,150,Outdoor 1,60.0,frei,11
2026-05-29T21:29:01,2026-06-09,13:00,60,Outdoor 1,24.0,frei,11
2026-05-29T21:29:01,2026-06-09,13:00,90,Outdoor 1,36.0,frei,11
2026-05-29T21:29:01,2026-06-09,13:00,120,Outdoor 1,48.0,frei,11
2026-05-29T21:29:01,2026-06-09,13:30,60,Outdoor 1,24.0,frei,11
2026-05-29T21:29:01,2026-06-09,13:30,90,Outdoor 1,36.0,frei,11
2026-05-29T21:29:01,2026-06-09,13:30,150,Outdoor 1,60.0,frei,11
2026-05-29T21:29:01,2026-06-09,14:00,60,Outdoor 1,24.0,frei,11
2026-05-29T21:29:01,2026-06-09,14:00,120,Outdoor 1,48.0,frei,11
2026-05-29T21:29:01,2026-06-09,14:30,90,Outdoor 1,36.0,frei,11
2026-05-29T21:29:01,2026-06-09,15:00,60,Outdoor 1,24.0,frei,11
2026-05-29T21:29:01,2026-06-09,08:00,60,Indoor 1,30.0,frei,11
2026-05-29T21:29:01,2026-06-09,08:00,90,Indoor 1,45.0,frei,11
2026-05-29T21:29:01,2026-06-09,08:00,120,Indoor 1,60.0,frei,11
2026-05-29T21:29:01,2026-06-09,09:00,60,Indoor 1,30.0,frei,11
2026-05-29T21:29:01,2026-06-09,09:00,90,Indoor 1,45.0,frei,11
2026-05-29T21:29:01,2026-06-09,09:00,120,Indoor 1,60.0,frei,11
2026-05-29T21:29:01,2026-06-09,09:30,60,Indoor 1,30.0,frei,11
2026-05-29T21:29:01,2026-06-09,09:30,90,Indoor 1,45.0,frei,11
2026-05-29T21:29:01,2026-06-09,09:30,120,Indoor 1,60.0,frei,11
2026-05-29T21:29:01,2026-06-09,10:00,60,Indoor 1,30.0,frei,11
2026-05-29T21:29:01,2026-06-09,10:00,90,Indoor 1,45.0,frei,11
2026-05-29T21:29:01,2026-06-09,10:00,120,Indoor 1,60.0,frei,11
2026-05-29T21:29:01,2026-06-09,10:30,60,Indoor 1,30.0,frei,11
2026-05-29T21:29:01,2026-06-09,10:30,90,Indoor 1,45.0,frei,11
2026-05-29T21:29:01,2026-06-09,10:30,120,Indoor 1,60.0,frei,11
2026-05-29T21:29:01,2026-06-09,11:00,60,Indoor 1,30.0,frei,11
2026-05-29T21:29:01,2026-06-09,11:00,90,Indoor 1,45.0,frei,11
2026-05-29T21:29:01,2026-06-09,11:00,120,Indoor 1,60.0,frei,11
2026-05-29T21:29:01,2026-06-09,11:30,60,Indoor 1,30.0,frei,11
2026-05-29T21:29:01,2026-06-09,11:30,90,Indoor 1,45.0,frei,11
2026-05-29T21:29:01,2026-06-09,12:00,60,Indoor 1,30.0,frei,11
2026-05-29T21:29:01,2026-06-09,12:00,120,Indoor 1,60.0,frei,11
2026-05-29T21:29:01,2026-06-09,12:30,90,Indoor 1,45.0,frei,11
2026-05-29T21:29:01,2026-06-09,13:00,60,Indoor 1,30.0,frei,11
2026-05-29T21:29:01,2026-06-09,15:30,60,Indoor 1,36.0,frei,11
2026-05-29T21:29:01,2026-06-09,08:00,60,Indoor 3,30.0,frei,11
2026-05-29T21:29:01,2026-06-09,08:00,90,Indoor 3,45.0,frei,11
2026-05-29T21:29:01,2026-06-09,08:00,120,Indoor 3,60.0,frei,11
2026-05-29T21:29:01,2026-06-09,09:00,60,Indoor 3,30.0,frei,11
2026-05-29T21:29:01,2026-06-09,09:00,90,Indoor 3,45.0,frei,11
2026-05-29T21:29:01,2026-06-09,09:00,120,Indoor 3,60.0,frei,11
2026-05-29T21:29:01,2026-06-09,09:30,60,Indoor 3,30.0,frei,11
2026-05-29T21:29:01,2026-06-09,09:30,90,Indoor 3,45.0,frei,11
2026-05-29T21:29:01,2026-06-09,09:30,120,Indoor 3,60.0,frei,11
2026-05-29T21:29:01,2026-06-09,10:00,60,Indoor 3,30.0,frei,11
2026-05-29T21:29:01,2026-06-09,10:00,90,Indoor 3,45.0,frei,11
2026-05-29T21:29:01,2026-06-09,10:00,120,Indoor 3,60.0,frei,11
2026-05-29T21:29:01,2026-06-09,10:30,60,Indoor 3,30.0,frei,11
2026-05-29T21:29:01,2026-06-09,10:30,90,Indoor 3,45.0,frei,11
2026-05-29T21:29:01,2026-06-09,10:30,120,Indoor 3,60.0,frei,11
2026-05-29T21:29:01,2026-06-09,11:00,60,Indoor 3,30.0,frei,11
2026-05-29T21:29:01,2026-06-09,11:00,90,Indoor 3,45.0,frei,11
2026-05-29T21:29:01,2026-06-09,11:00,120,Indoor 3,60.0,frei,11
2026-05-29T21:29:01,2026-06-09,11:30,60,Indoor 3,30.0,frei,11
2026-05-29T21:29:01,2026-06-09,11:30,90,Indoor 3,45.0,frei,11
2026-05-29T21:29:01,2026-06-09,11:30,120,Indoor 3,60.0,frei,11
2026-05-29T21:29:01,2026-06-09,12:00,60,Indoor 3,30.0,frei,11
2026-05-29T21:29:01,2026-06-09,12:00,90,Indoor 3,45.0,frei,11
2026-05-29T21:29:01,2026-06-09,12:00,120,Indoor 3,60.0,frei,11
2026-05-29T21:29:01,2026-06-09,12:30,60,Indoor 3,30.0,frei,11
2026-05-29T21:29:01,2026-06-09,12:30,90,Indoor 3,45.0,frei,11
2026-05-29T21:29:01,2026-06-09,12:30,120,Indoor 3,60.0,frei,11
2026-05-29T21:29:01,2026-06-09,13:00,60,Indoor 3,30.0,frei,11
2026-05-29T21:29:01,2026-06-09,13:00,90,Indoor 3,45.0,frei,11
2026-05-29T21:29:01,2026-06-09,13:00,120,Indoor 3,60.0,frei,11
2026-05-29T21:29:01,2026-06-09,13:30,60,Indoor 3,30.0,frei,11
2026-05-29T21:29:01,2026-06-09,13:30,90,Indoor 3,45.0,frei,11
2026-05-29T21:29:01,2026-06-09,14:00,60,Indoor 3,30.0,frei,11
2026-05-29T21:29:01,2026-06-09,14:00,120,Indoor 3,60.0,frei,11
2026-05-29T21:29:01,2026-06-09,14:30,90,Indoor 3,45.0,frei,11
2026-05-29T21:29:01,2026-06-09,15:00,60,Indoor 3,30.0,frei,11
2026-05-29T21:29:01,2026-06-09,22:30,90,Indoor 3,45.0,frei,11
2026-05-29T21:29:01,2026-06-09,08:00,60,Outdoor 2,24.0,frei,11
2026-05-29T21:29:01,2026-06-09,08:00,90,Outdoor 2,36.0,frei,11
2026-05-29T21:29:01,2026-06-09,08:00,120,Outdoor 2,48.0,frei,11
2026-05-29T21:29:01,2026-06-09,08:00,150,Outdoor 2,60.0,frei,11
2026-05-29T21:29:01,2026-06-09,08:30,60,Outdoor 2,24.0,frei,11
2026-05-29T21:29:01,2026-06-09,08:30,90,Outdoor 2,36.0,frei,11
2026-05-29T21:29:01,2026-06-09,08:30,120,Outdoor 2,48.0,frei,11
2026-05-29T21:29:01,2026-06-09,08:30,150,Outdoor 2,60.0,frei,11
2026-05-29T21:29:01,2026-06-09,09:00,60,Outdoor 2,24.0,frei,11
2026-05-29T21:29:01,2026-06-09,09:00,90,Outdoor 2,36.0,frei,11
2026-05-29T21:29:01,2026-06-09,09:00,120,Outdoor 2,48.0,frei,11
2026-05-29T21:29:01,2026-06-09,09:00,150,Outdoor 2,60.0,frei,11
2026-05-29T21:29:01,2026-06-09,09:30,60,Outdoor 2,24.0,frei,11
2026-05-29T21:29:01,2026-06-09,09:30,90,Outdoor 2,36.0,frei,11
2026-05-29T21:29:01,2026-06-09,09:30,120,Outdoor 2,48.0,frei,11
2026-05-29T21:29:01,2026-06-09,09:30,150,Outdoor 2,60.0,frei,11
2026-05-29T21:29:01,2026-06-09,10:00,60,Outdoor 2,24.0,frei,11
2026-05-29T21:29:01,2026-06-09,10:00,90,Outdoor 2,36.0,frei,11
2026-05-29T21:29:01,2026-06-09,10:00,120,Outdoor 2,48.0,frei,11
2026-05-29T21:29:01,2026-06-09,10:00,150,Outdoor 2,60.0,frei,11
2026-05-29T21:29:01,2026-06-09,10:30,60,Outdoor 2,24.0,frei,11
2026-05-29T21:29:01,2026-06-09,10:30,90,Outdoor 2,36.0,frei,11
2026-05-29T21:29:01,2026-06-09,10:30,120,Outdoor 2,48.0,frei,11
2026-05-29T21:29:01,2026-06-09,10:30,150,Outdoor 2,60.0,frei,11
2026-05-29T21:29:01,2026-06-09,11:00,60,Outdoor 2,24.0,frei,11
2026-05-29T21:29:01,2026-06-09,11:00,90,Outdoor 2,36.0,frei,11
2026-05-29T21:29:01,2026-06-09,11:00,120,Outdoor 2,48.0,frei,11
2026-05-29T21:29:01,2026-06-09,11:00,150,Outdoor 2,60.0,frei,11
2026-05-29T21:29:01,2026-06-09,11:30,60,Outdoor 2,24.0,frei,11
2026-05-29T21:29:01,2026-06-09,11:30,90,Outdoor 2,36.0,frei,11
2026-05-29T21:29:01,2026-06-09,11:30,120,Outdoor 2,48.0,frei,11
2026-05-29T21:29:01,2026-06-09,11:30,150,Outdoor 2,60.0,frei,11
2026-05-29T21:29:01,2026-06-09,12:00,60,Outdoor 2,24.0,frei,11
2026-05-29T21:29:01,2026-06-09,12:00,90,Outdoor 2,36.0,frei,11
2026-05-29T21:29:01,2026-06-09,12:00,120,Outdoor 2,48.0,frei,11
2026-05-29T21:29:01,2026-06-09,12:00,150,Outdoor 2,60.0,frei,11
2026-05-29T21:29:01,2026-06-09,12:30,60,Outdoor 2,24.0,frei,11
2026-05-29T21:29:01,2026-06-09,12:30,90,Outdoor 2,36.0,frei,11
2026-05-29T21:29:01,2026-06-09,12:30,120,Outdoor 2,48.0,frei,11
2026-05-29T21:29:01,2026-06-09,12:30,150,Outdoor 2,60.0,frei,11
2026-05-29T21:29:01,2026-06-09,13:00,60,Outdoor 2,24.0,frei,11
2026-05-29T21:29:01,2026-06-09,13:00,90,Outdoor 2,36.0,frei,11
2026-05-29T21:29:01,2026-06-09,13:00,120,Outdoor 2,48.0,frei,11
2026-05-29T21:29:01,2026-06-09,13:30,60,Outdoor 2,24.0,frei,11
2026-05-29T21:29:01,2026-06-09,13:30,90,Outdoor 2,36.0,frei,11
2026-05-29T21:29:01,2026-06-09,13:30,150,Outdoor 2,60.0,frei,11
2026-05-29T21:29:01,2026-06-09,14:00,60,Outdoor 2,24.0,frei,11
2026-05-29T21:29:01,2026-06-09,14:00,120,Outdoor 2,48.0,frei,11
2026-05-29T21:29:01,2026-06-09,14:30,90,Outdoor 2,36.0,frei,11
2026-05-29T21:29:01,2026-06-09,15:00,60,Outdoor 2,24.0,frei,11
2026-05-29T21:29:01,2026-06-09,08:00,60,Outdoor 4,24.0,frei,11
2026-05-29T21:29:01,2026-06-09,08:00,90,Outdoor 4,36.0,frei,11
2026-05-29T21:29:01,2026-06-09,08:00,120,Outdoor 4,48.0,frei,11
2026-05-29T21:29:01,2026-06-09,08:00,150,Outdoor 4,60.0,frei,11
2026-05-29T21:29:01,2026-06-09,08:30,60,Outdoor 4,24.0,frei,11
2026-05-29T21:29:01,2026-06-09,08:30,90,Outdoor 4,36.0,frei,11
2026-05-29T21:29:01,2026-06-09,08:30,120,Outdoor 4,48.0,frei,11
2026-05-29T21:29:01,2026-06-09,08:30,150,Outdoor 4,60.0,frei,11
2026-05-29T21:29:01,2026-06-09,09:00,60,Outdoor 4,24.0,frei,11
2026-05-29T21:29:01,2026-06-09,09:00,90,Outdoor 4,36.0,frei,11
2026-05-29T21:29:01,2026-06-09,09:00,120,Outdoor 4,48.0,frei,11
2026-05-29T21:29:01,2026-06-09,09:00,150,Outdoor 4,60.0,frei,11
2026-05-29T21:29:01,2026-06-09,09:30,60,Outdoor 4,24.0,frei,11
2026-05-29T21:29:01,2026-06-09,09:30,90,Outdoor 4,36.0,frei,11
2026-05-29T21:29:01,2026-06-09,09:30,120,Outdoor 4,48.0,frei,11
2026-05-29T21:29:01,2026-06-09,09:30,150,Outdoor 4,60.0,frei,11
2026-05-29T21:29:01,2026-06-09,10:00,60,Outdoor 4,24.0,frei,11
2026-05-29T21:29:01,2026-06-09,10:00,90,Outdoor 4,36.0,frei,11
2026-05-29T21:29:01,2026-06-09,10:00,120,Outdoor 4,48.0,frei,11
2026-05-29T21:29:01,2026-06-09,10:00,150,Outdoor 4,60.0,frei,11
2026-05-29T21:29:01,2026-06-09,10:30,60,Outdoor 4,24.0,frei,11
2026-05-29T21:29:01,2026-06-09,10:30,90,Outdoor 4,36.0,frei,11
2026-05-29T21:29:01,2026-06-09,10:30,120,Outdoor 4,48.0,frei,11
2026-05-29T21:29:01,2026-06-09,10:30,150,Outdoor 4,60.0,frei,11
2026-05-29T21:29:01,2026-06-09,11:00,60,Outdoor 4,24.0,frei,11
2026-05-29T21:29:01,2026-06-09,11:00,90,Outdoor 4,36.0,frei,11
2026-05-29T21:29:01,2026-06-09,11:00,120,Outdoor 4,48.0,frei,11
2026-05-29T21:29:01,2026-06-09,11:00,150,Outdoor 4,60.0,frei,11
2026-05-29T21:29:01,2026-06-09,11:30,60,Outdoor 4,24.0,frei,11
2026-05-29T21:29:01,2026-06-09,11:30,90,Outdoor 4,36.0,frei,11
2026-05-29T21:29:01,2026-06-09,11:30,120,Outdoor 4,48.0,frei,11
2026-05-29T21:29:01,2026-06-09,11:30,150,Outdoor 4,60.0,frei,11
2026-05-29T21:29:01,2026-06-09,12:00,60,Outdoor 4,24.0,frei,11
2026-05-29T21:29:01,2026-06-09,12:00,90,Outdoor 4,36.0,frei,11
2026-05-29T21:29:01,2026-06-09,12:00,120,Outdoor 4,48.0,frei,11
2026-05-29T21:29:01,2026-06-09,12:00,150,Outdoor 4,60.0,frei,11
2026-05-29T21:29:01,2026-06-09,12:30,60,Outdoor 4,24.0,frei,11
2026-05-29T21:29:01,2026-06-09,12:30,90,Outdoor 4,36.0,frei,11
2026-05-29T21:29:01,2026-06-09,12:30,120,Outdoor 4,48.0,frei,11
2026-05-29T21:29:01,2026-06-09,12:30,150,Outdoor 4,60.0,frei,11
2026-05-29T21:29:01,2026-06-09,13:00,60,Outdoor 4,24.0,frei,11
2026-05-29T21:29:01,2026-06-09,13:00,90,Outdoor 4,36.0,frei,11
2026-05-29T21:29:01,2026-06-09,13:00,120,Outdoor 4,48.0,frei,11
2026-05-29T21:29:01,2026-06-09,13:00,150,Outdoor 4,60.0,frei,11
2026-05-29T21:29:01,2026-06-09,13:30,60,Outdoor 4,24.0,frei,11
2026-05-29T21:29:01,2026-06-09,13:30,90,Outdoor 4,36.0,frei,11
2026-05-29T21:29:01,2026-06-09,13:30,120,Outdoor 4,48.0,frei,11
2026-05-29T21:29:01,2026-06-09,14:00,60,Outdoor 4,24.0,frei,11
2026-05-29T21:29:01,2026-06-09,14:00,90,Outdoor 4,36.0,frei,11
2026-05-29T21:29:01,2026-06-09,14:00,150,Outdoor 4,66.0,frei,11
2026-05-29T21:29:01,2026-06-09,14:30,60,Outdoor 4,24.0,frei,11
2026-05-29T21:29:01,2026-06-09,14:30,120,Outdoor 4,54.0,frei,11
2026-05-29T21:29:01,2026-06-09,15:00,90,Outdoor 4,42.0,frei,11
2026-05-29T21:29:01,2026-06-09,15:30,60,Outdoor 4,30.0,frei,11
2026-05-29T21:29:01,2026-06-09,08:00,60,Indoor 2,30.0,frei,11
2026-05-29T21:29:01,2026-06-09,08:00,90,Indoor 2,45.0,frei,11
2026-05-29T21:29:01,2026-06-09,08:00,120,Indoor 2,60.0,frei,11
2026-05-29T21:29:01,2026-06-09,09:00,60,Indoor 2,30.0,frei,11
2026-05-29T21:29:01,2026-06-09,09:00,90,Indoor 2,45.0,frei,11
2026-05-29T21:29:01,2026-06-09,09:00,120,Indoor 2,60.0,frei,11
2026-05-29T21:29:01,2026-06-09,09:30,60,Indoor 2,30.0,frei,11
2026-05-29T21:29:01,2026-06-09,09:30,90,Indoor 2,45.0,frei,11
2026-05-29T21:29:01,2026-06-09,09:30,120,Indoor 2,60.0,frei,11
2026-05-29T21:29:01,2026-06-09,10:00,60,Indoor 2,30.0,frei,11
2026-05-29T21:29:01,2026-06-09,10:00,90,Indoor 2,45.0,frei,11
2026-05-29T21:29:01,2026-06-09,10:00,120,Indoor 2,60.0,frei,11
2026-05-29T21:29:01,2026-06-09,10:30,60,Indoor 2,30.0,frei,11
2026-05-29T21:29:01,2026-06-09,10:30,90,Indoor 2,45.0,frei,11
2026-05-29T21:29:01,2026-06-09,10:30,120,Indoor 2,60.0,frei,11
2026-05-29T21:29:01,2026-06-09,11:00,60,Indoor 2,30.0,frei,11
2026-05-29T21:29:01,2026-06-09,11:00,90,Indoor 2,45.0,frei,11
2026-05-29T21:29:01,2026-06-09,11:00,120,Indoor 2,60.0,frei,11
2026-05-29T21:29:01,2026-06-09,11:30,60,Indoor 2,30.0,frei,11
2026-05-29T21:29:01,2026-06-09,11:30,90,Indoor 2,45.0,frei,11
2026-05-29T21:29:01,2026-06-09,11:30,120,Indoor 2,60.0,frei,11
2026-05-29T21:29:01,2026-06-09,12:00,60,Indoor 2,30.0,frei,11
2026-05-29T21:29:01,2026-06-09,12:00,90,Indoor 2,45.0,frei,11
2026-05-29T21:29:01,2026-06-09,12:00,120,Indoor 2,60.0,frei,11
2026-05-29T21:29:01,2026-06-09,12:30,60,Indoor 2,30.0,frei,11
2026-05-29T21:29:01,2026-06-09,12:30,90,Indoor 2,45.0,frei,11
2026-05-29T21:29:01,2026-06-09,12:30,120,Indoor 2,60.0,frei,11
2026-05-29T21:29:01,2026-06-09,13:00,60,Indoor 2,30.0,frei,11
2026-05-29T21:29:01,2026-06-09,13:00,90,Indoor 2,45.0,frei,11
2026-05-29T21:29:01,2026-06-09,13:00,120,Indoor 2,60.0,frei,11
2026-05-29T21:29:01,2026-06-09,13:30,60,Indoor 2,30.0,frei,11
2026-05-29T21:29:01,2026-06-09,13:30,90,Indoor 2,45.0,frei,11
2026-05-29T21:29:01,2026-06-09,14:00,60,Indoor 2,30.0,frei,11
2026-05-29T21:29:01,2026-06-09,14:00,120,Indoor 2,60.0,frei,11
2026-05-29T21:29:01,2026-06-09,14:30,90,Indoor 2,45.0,frei,11
2026-05-29T21:29:01,2026-06-09,15:00,60,Indoor 2,30.0,frei,11
2026-05-29T21:29:01,2026-06-09,23:00,60,Indoor 2,30.0,frei,11
2026-05-29T21:29:01,2026-06-09,08:00,60,Indoor 4,30.0,frei,11
2026-05-29T21:29:01,2026-06-09,08:00,90,Indoor 4,45.0,frei,11
2026-05-29T21:29:01,2026-06-09,08:00,120,Indoor 4,60.0,frei,11
2026-05-29T21:29:01,2026-06-09,09:00,60,Indoor 4,30.0,frei,11
2026-05-29T21:29:01,2026-06-09,09:00,90,Indoor 4,45.0,frei,11
2026-05-29T21:29:01,2026-06-09,09:00,120,Indoor 4,60.0,frei,11
2026-05-29T21:29:01,2026-06-09,09:30,60,Indoor 4,30.0,frei,11
2026-05-29T21:29:01,2026-06-09,09:30,90,Indoor 4,45.0,frei,11
2026-05-29T21:29:01,2026-06-09,09:30,120,Indoor 4,60.0,frei,11
2026-05-29T21:29:01,2026-06-09,10:00,60,Indoor 4,30.0,frei,11
2026-05-29T21:29:01,2026-06-09,10:00,90,Indoor 4,45.0,frei,11
2026-05-29T21:29:01,2026-06-09,10:00,120,Indoor 4,60.0,frei,11
2026-05-29T21:29:01,2026-06-09,10:30,60,Indoor 4,30.0,frei,11
2026-05-29T21:29:01,2026-06-09,10:30,90,Indoor 4,45.0,frei,11
2026-05-29T21:29:01,2026-06-09,10:30,120,Indoor 4,60.0,frei,11
2026-05-29T21:29:01,2026-06-09,11:00,60,Indoor 4,30.0,frei,11
2026-05-29T21:29:01,2026-06-09,11:00,90,Indoor 4,45.0,frei,11
2026-05-29T21:29:01,2026-06-09,11:00,120,Indoor 4,60.0,frei,11
2026-05-29T21:29:01,2026-06-09,11:30,60,Indoor 4,30.0,frei,11
2026-05-29T21:29:01,2026-06-09,11:30,90,Indoor 4,45.0,frei,11
2026-05-29T21:29:01,2026-06-09,11:30,120,Indoor 4,60.0,frei,11
2026-05-29T21:29:01,2026-06-09,12:00,60,Indoor 4,30.0,frei,11
2026-05-29T21:29:01,2026-06-09,12:00,90,Indoor 4,45.0,frei,11
2026-05-29T21:29:01,2026-06-09,12:00,120,Indoor 4,60.0,frei,11
2026-05-29T21:29:01,2026-06-09,12:30,60,Indoor 4,30.0,frei,11
2026-05-29T21:29:01,2026-06-09,12:30,90,Indoor 4,45.0,frei,11
2026-05-29T21:29:01,2026-06-09,12:30,120,Indoor 4,60.0,frei,11
2026-05-29T21:29:01,2026-06-09,13:00,60,Indoor 4,30.0,frei,11
2026-05-29T21:29:01,2026-06-09,13:00,90,Indoor 4,45.0,frei,11
2026-05-29T21:29:01,2026-06-09,13:00,120,Indoor 4,60.0,frei,11
2026-05-29T21:29:01,2026-06-09,13:30,60,Indoor 4,30.0,frei,11
2026-05-29T21:29:01,2026-06-09,13:30,90,Indoor 4,45.0,frei,11
2026-05-29T21:29:01,2026-06-09,13:30,120,Indoor 4,60.0,frei,11
2026-05-29T21:29:01,2026-06-09,14:00,60,Indoor 4,30.0,frei,11
2026-05-29T21:29:01,2026-06-09,14:00,90,Indoor 4,45.0,frei,11
2026-05-29T21:29:01,2026-06-09,14:00,120,Indoor 4,60.0,frei,11
2026-05-29T21:29:01,2026-06-09,14:30,60,Indoor 4,30.0,frei,11
2026-05-29T21:29:01,2026-06-09,14:30,90,Indoor 4,45.0,frei,11
2026-05-29T21:29:01,2026-06-09,14:30,120,Indoor 4,66.0,frei,11
2026-05-29T21:29:01,2026-06-09,15:00,60,Indoor 4,30.0,frei,11
2026-05-29T21:29:01,2026-06-09,15:00,90,Indoor 4,51.0,frei,11
2026-05-29T21:29:01,2026-06-09,15:30,60,Indoor 4,36.0,frei,11
2026-05-29T21:29:01,2026-06-09,15:30,120,Indoor 4,78.0,frei,11
2026-05-29T21:29:01,2026-06-09,16:00,90,Indoor 4,63.0,frei,11
2026-05-29T21:29:01,2026-06-09,16:30,60,Indoor 4,42.0,frei,11
2026-05-29T21:29:01,2026-06-09,22:30,90,Indoor 4,45.0,frei,11
2026-05-29T21:29:01,2026-06-09,08:00,60,Single Indoor,22.0,frei,11
2026-05-29T21:29:01,2026-06-09,08:00,90,Single Indoor,33.0,frei,11
2026-05-29T21:29:01,2026-06-09,09:00,90,Single Indoor,33.0,frei,11
2026-05-29T21:29:01,2026-06-09,09:30,60,Single Indoor,22.0,frei,11
2026-05-29T21:29:01,2026-06-09,12:00,60,Single Indoor,22.0,frei,11
2026-05-29T21:29:01,2026-06-09,12:00,90,Single Indoor,33.0,frei,11
2026-05-29T21:29:01,2026-06-09,12:00,120,Single Indoor,44.0,frei,11
2026-05-29T21:29:01,2026-06-09,13:00,60,Single Indoor,22.0,frei,11
2026-05-29T21:29:01,2026-06-09,13:00,90,Single Indoor,33.0,frei,11
2026-05-29T21:29:01,2026-06-09,13:00,120,Single Indoor,44.0,frei,11
2026-05-29T21:29:01,2026-06-09,13:30,60,Single Indoor,22.0,frei,11
2026-05-29T21:29:01,2026-06-09,13:30,90,Single Indoor,33.0,frei,11
2026-05-29T21:29:01,2026-06-09,13:30,120,Single Indoor,44.0,frei,11
2026-05-29T21:29:01,2026-06-09,14:00,60,Single Indoor,22.0,frei,11
2026-05-29T21:29:01,2026-06-09,14:00,90,Single Indoor,33.0,frei,11
2026-05-29T21:29:01,2026-06-09,14:00,120,Single Indoor,44.0,frei,11
2026-05-29T21:29:01,2026-06-09,14:30,60,Single Indoor,22.0,frei,11
2026-05-29T21:29:01,2026-06-09,14:30,90,Single Indoor,33.0,frei,11
2026-05-29T21:29:01,2026-06-09,15:00,60,Single Indoor,22.0,frei,11
2026-05-29T21:29:01,2026-06-09,15:00,120,Single Indoor,52.0,frei,11
2026-05-29T21:29:01,2026-06-09,15:30,90,Single Indoor,41.0,frei,11
2026-05-29T21:29:01,2026-06-09,16:00,60,Single Indoor,30.0,frei,11
2026-05-29T21:29:01,2026-06-09,21:30,60,Single Indoor,30.0,frei,11
2026-05-29T21:29:01,2026-06-09,21:30,90,Single Indoor,41.0,frei,11
2026-05-29T21:29:01,2026-06-09,22:30,90,Single Indoor,33.0,frei,11
2026-05-29T21:29:01,2026-06-09,23:00,60,Single Indoor,22.0,frei,11
2026-05-29T21:29:01,2026-06-09,10:00,60,Outdoor 3,24.0,frei,11
2026-05-29T21:29:01,2026-06-09,10:00,90,Outdoor 3,36.0,frei,11
2026-05-29T21:29:01,2026-06-09,10:00,120,Outdoor 3,48.0,frei,11
2026-05-29T21:29:01,2026-06-09,10:00,150,Outdoor 3,60.0,frei,11
2026-05-29T21:29:01,2026-06-09,11:00,60,Outdoor 3,24.0,frei,11
2026-05-29T21:29:01,2026-06-09,11:00,90,Outdoor 3,36.0,frei,11
2026-05-29T21:29:01,2026-06-09,11:00,120,Outdoor 3,48.0,frei,11
2026-05-29T21:29:01,2026-06-09,11:00,150,Outdoor 3,60.0,frei,11
2026-05-29T21:29:01,2026-06-09,11:30,60,Outdoor 3,24.0,frei,11
2026-05-29T21:29:01,2026-06-09,11:30,90,Outdoor 3,36.0,frei,11
2026-05-29T21:29:01,2026-06-09,11:30,120,Outdoor 3,48.0,frei,11
2026-05-29T21:29:01,2026-06-09,11:30,150,Outdoor 3,60.0,frei,11
2026-05-29T21:29:01,2026-06-09,12:00,60,Outdoor 3,24.0,frei,11
2026-05-29T21:29:01,2026-06-09,12:00,90,Outdoor 3,36.0,frei,11
2026-05-29T21:29:01,2026-06-09,12:00,120,Outdoor 3,48.0,frei,11
2026-05-29T21:29:01,2026-06-09,12:00,150,Outdoor 3,60.0,frei,11
2026-05-29T21:29:01,2026-06-09,12:30,60,Outdoor 3,24.0,frei,11
2026-05-29T21:29:01,2026-06-09,12:30,90,Outdoor 3,36.0,frei,11
2026-05-29T21:29:01,2026-06-09,12:30,120,Outdoor 3,48.0,frei,11
2026-05-29T21:29:01,2026-06-09,12:30,150,Outdoor 3,60.0,frei,11
2026-05-29T21:29:01,2026-06-09,13:00,60,Outdoor 3,24.0,frei,11
2026-05-29T21:29:01,2026-06-09,13:00,90,Outdoor 3,36.0,frei,11
2026-05-29T21:29:01,2026-06-09,13:00,120,Outdoor 3,48.0,frei,11
2026-05-29T21:29:01,2026-06-09,13:00,150,Outdoor 3,60.0,frei,11
2026-05-29T21:29:01,2026-06-09,13:30,60,Outdoor 3,24.0,frei,11
2026-05-29T21:29:01,2026-06-09,13:30,90,Outdoor 3,36.0,frei,11
2026-05-29T21:29:01,2026-06-09,13:30,120,Outdoor 3,48.0,frei,11
2026-05-29T21:29:01,2026-06-09,14:00,60,Outdoor 3,24.0,frei,11
2026-05-29T21:29:01,2026-06-09,14:00,90,Outdoor 3,36.0,frei,11
2026-05-29T21:29:01,2026-06-09,14:00,150,Outdoor 3,66.0,frei,11
2026-05-29T21:29:01,2026-06-09,14:30,60,Outdoor 3,24.0,frei,11
2026-05-29T21:29:01,2026-06-09,14:30,120,Outdoor 3,54.0,frei,11
2026-05-29T21:29:01,2026-06-09,15:00,90,Outdoor 3,42.0,frei,11
2026-05-29T21:29:01,2026-06-09,15:30,60,Outdoor 3,30.0,frei,11
2026-05-29T21:29:01,2026-06-10,08:00,60,Outdoor 1,24.0,frei,12
2026-05-29T21:29:01,2026-06-10,08:00,90,Outdoor 1,36.0,frei,12
2026-05-29T21:29:01,2026-06-10,08:00,120,Outdoor 1,48.0,frei,12
2026-05-29T21:29:01,2026-06-10,08:00,150,Outdoor 1,60.0,frei,12
2026-05-29T21:29:01,2026-06-10,08:30,60,Outdoor 1,24.0,frei,12
2026-05-29T21:29:01,2026-06-10,08:30,90,Outdoor 1,36.0,frei,12
2026-05-29T21:29:01,2026-06-10,08:30,120,Outdoor 1,48.0,frei,12
2026-05-29T21:29:01,2026-06-10,08:30,150,Outdoor 1,60.0,frei,12
2026-05-29T21:29:01,2026-06-10,09:00,60,Outdoor 1,24.0,frei,12
2026-05-29T21:29:01,2026-06-10,09:00,90,Outdoor 1,36.0,frei,12
2026-05-29T21:29:01,2026-06-10,09:00,120,Outdoor 1,48.0,frei,12
2026-05-29T21:29:01,2026-06-10,09:00,150,Outdoor 1,60.0,frei,12
2026-05-29T21:29:01,2026-06-10,09:30,60,Outdoor 1,24.0,frei,12
2026-05-29T21:29:01,2026-06-10,09:30,90,Outdoor 1,36.0,frei,12
2026-05-29T21:29:01,2026-06-10,09:30,120,Outdoor 1,48.0,frei,12
2026-05-29T21:29:01,2026-06-10,09:30,150,Outdoor 1,60.0,frei,12
2026-05-29T21:29:01,2026-06-10,10:00,60,Outdoor 1,24.0,frei,12
2026-05-29T21:29:01,2026-06-10,10:00,90,Outdoor 1,36.0,frei,12
2026-05-29T21:29:01,2026-06-10,10:00,120,Outdoor 1,48.0,frei,12
2026-05-29T21:29:01,2026-06-10,10:00,150,Outdoor 1,60.0,frei,12
2026-05-29T21:29:01,2026-06-10,10:30,60,Outdoor 1,24.0,frei,12
2026-05-29T21:29:01,2026-06-10,10:30,90,Outdoor 1,36.0,frei,12
2026-05-29T21:29:01,2026-06-10,10:30,120,Outdoor 1,48.0,frei,12
2026-05-29T21:29:01,2026-06-10,10:30,150,Outdoor 1,60.0,frei,12
2026-05-29T21:29:01,2026-06-10,11:00,60,Outdoor 1,24.0,frei,12
2026-05-29T21:29:01,2026-06-10,11:00,90,Outdoor 1,36.0,frei,12
2026-05-29T21:29:01,2026-06-10,11:00,120,Outdoor 1,48.0,frei,12
2026-05-29T21:29:01,2026-06-10,11:00,150,Outdoor 1,60.0,frei,12
2026-05-29T21:29:01,2026-06-10,11:30,60,Outdoor 1,24.0,frei,12
2026-05-29T21:29:01,2026-06-10,11:30,90,Outdoor 1,36.0,frei,12
2026-05-29T21:29:01,2026-06-10,11:30,120,Outdoor 1,48.0,frei,12
2026-05-29T21:29:01,2026-06-10,11:30,150,Outdoor 1,60.0,frei,12
2026-05-29T21:29:01,2026-06-10,12:00,60,Outdoor 1,24.0,frei,12
2026-05-29T21:29:01,2026-06-10,12:00,90,Outdoor 1,36.0,frei,12
2026-05-29T21:29:01,2026-06-10,12:00,120,Outdoor 1,48.0,frei,12
2026-05-29T21:29:01,2026-06-10,12:00,150,Outdoor 1,60.0,frei,12
2026-05-29T21:29:01,2026-06-10,12:30,60,Outdoor 1,24.0,frei,12
2026-05-29T21:29:01,2026-06-10,12:30,90,Outdoor 1,36.0,frei,12
2026-05-29T21:29:01,2026-06-10,12:30,120,Outdoor 1,48.0,frei,12
2026-05-29T21:29:01,2026-06-10,12:30,150,Outdoor 1,60.0,frei,12
2026-05-29T21:29:01,2026-06-10,13:00,60,Outdoor 1,24.0,frei,12
2026-05-29T21:29:01,2026-06-10,13:00,90,Outdoor 1,36.0,frei,12
2026-05-29T21:29:01,2026-06-10,13:00,120,Outdoor 1,48.0,frei,12
2026-05-29T21:29:01,2026-06-10,13:00,150,Outdoor 1,60.0,frei,12
2026-05-29T21:29:01,2026-06-10,13:30,60,Outdoor 1,24.0,frei,12
2026-05-29T21:29:01,2026-06-10,13:30,90,Outdoor 1,36.0,frei,12
2026-05-29T21:29:01,2026-06-10,13:30,120,Outdoor 1,48.0,frei,12
2026-05-29T21:29:01,2026-06-10,13:30,150,Outdoor 1,60.0,frei,12
2026-05-29T21:29:01,2026-06-10,14:00,60,Outdoor 1,24.0,frei,12
2026-05-29T21:29:01,2026-06-10,14:00,90,Outdoor 1,36.0,frei,12
2026-05-29T21:29:01,2026-06-10,14:00,120,Outdoor 1,48.0,frei,12
2026-05-29T21:29:01,2026-06-10,14:30,60,Outdoor 1,24.0,frei,12
2026-05-29T21:29:01,2026-06-10,14:30,90,Outdoor 1,36.0,frei,12
2026-05-29T21:29:01,2026-06-10,14:30,150,Outdoor 1,72.0,frei,12
2026-05-29T21:29:01,2026-06-10,15:00,60,Outdoor 1,24.0,frei,12
2026-05-29T21:29:01,2026-06-10,15:00,120,Outdoor 1,60.0,frei,12
2026-05-29T21:29:01,2026-06-10,15:30,90,Outdoor 1,48.0,frei,12
2026-05-29T21:29:01,2026-06-10,16:00,60,Outdoor 1,36.0,frei,12
2026-05-29T21:29:01,2026-06-10,08:00,60,Indoor 4,30.0,frei,12
2026-05-29T21:29:01,2026-06-10,08:00,90,Indoor 4,45.0,frei,12
2026-05-29T21:29:01,2026-06-10,08:00,120,Indoor 4,60.0,frei,12
2026-05-29T21:29:01,2026-06-10,09:00,60,Indoor 4,30.0,frei,12
2026-05-29T21:29:01,2026-06-10,09:00,90,Indoor 4,45.0,frei,12
2026-05-29T21:29:01,2026-06-10,09:00,120,Indoor 4,60.0,frei,12
2026-05-29T21:29:01,2026-06-10,09:30,60,Indoor 4,30.0,frei,12
2026-05-29T21:29:01,2026-06-10,09:30,90,Indoor 4,45.0,frei,12
2026-05-29T21:29:01,2026-06-10,10:00,60,Indoor 4,30.0,frei,12
2026-05-29T21:29:01,2026-06-10,10:00,120,Indoor 4,60.0,frei,12
2026-05-29T21:29:01,2026-06-10,10:30,90,Indoor 4,45.0,frei,12
2026-05-29T21:29:01,2026-06-10,11:00,60,Indoor 4,30.0,frei,12
2026-05-29T21:29:01,2026-06-10,13:00,60,Indoor 4,30.0,frei,12
2026-05-29T21:29:01,2026-06-10,22:30,90,Indoor 4,45.0,frei,12
2026-05-29T21:29:01,2026-06-10,09:30,60,Single Indoor,22.0,frei,12
2026-05-29T21:29:01,2026-06-10,09:30,90,Single Indoor,33.0,frei,12
2026-05-29T21:29:01,2026-06-10,10:30,90,Single Indoor,33.0,frei,12
2026-05-29T21:29:01,2026-06-10,11:00,60,Single Indoor,22.0,frei,12
2026-05-29T21:29:01,2026-06-10,13:30,60,Single Indoor,22.0,frei,12
2026-05-29T21:29:01,2026-06-10,13:30,120,Single Indoor,44.0,frei,12
2026-05-29T21:29:01,2026-06-10,14:30,60,Single Indoor,22.0,frei,12
2026-05-29T21:29:01,2026-06-10,19:00,60,Single Indoor,30.0,frei,12
2026-05-29T21:29:01,2026-06-10,19:00,90,Single Indoor,45.0,frei,12
2026-05-29T21:29:01,2026-06-10,19:00,120,Single Indoor,60.0,frei,12
2026-05-29T21:29:01,2026-06-10,20:00,60,Single Indoor,30.0,frei,12
2026-05-29T21:29:01,2026-06-10,20:00,90,Single Indoor,45.0,frei,12
2026-05-29T21:29:01,2026-06-10,20:00,120,Single Indoor,60.0,frei,12
2026-05-29T21:29:01,2026-06-10,20:30,60,Single Indoor,30.0,frei,12
2026-05-29T21:29:01,2026-06-10,20:30,90,Single Indoor,45.0,frei,12
2026-05-29T21:29:01,2026-06-10,20:30,120,Single Indoor,60.0,frei,12
2026-05-29T21:29:01,2026-06-10,21:00,60,Single Indoor,30.0,frei,12
2026-05-29T21:29:01,2026-06-10,21:00,90,Single Indoor,45.0,frei,12
2026-05-29T21:29:01,2026-06-10,21:00,120,Single Indoor,56.0,frei,12
2026-05-29T21:29:01,2026-06-10,21:30,60,Single Indoor,30.0,frei,12
2026-05-29T21:29:01,2026-06-10,21:30,90,Single Indoor,41.0,frei,12
2026-05-29T21:29:01,2026-06-10,22:00,60,Single Indoor,26.0,frei,12
2026-05-29T21:29:01,2026-06-10,22:00,120,Single Indoor,48.0,frei,12
2026-05-29T21:29:01,2026-06-10,22:30,90,Single Indoor,33.0,frei,12
2026-05-29T21:29:01,2026-06-10,23:00,60,Single Indoor,22.0,frei,12
2026-05-29T21:29:01,2026-06-10,08:00,60,Indoor 1,30.0,frei,12
2026-05-29T21:29:01,2026-06-10,08:00,90,Indoor 1,45.0,frei,12
2026-05-29T21:29:01,2026-06-10,08:00,120,Indoor 1,60.0,frei,12
2026-05-29T21:29:01,2026-06-10,09:00,60,Indoor 1,30.0,frei,12
2026-05-29T21:29:01,2026-06-10,09:00,90,Indoor 1,45.0,frei,12
2026-05-29T21:29:01,2026-06-10,09:00,120,Indoor 1,60.0,frei,12
2026-05-29T21:29:01,2026-06-10,09:30,60,Indoor 1,30.0,frei,12
2026-05-29T21:29:01,2026-06-10,09:30,90,Indoor 1,45.0,frei,12
2026-05-29T21:29:01,2026-06-10,09:30,120,Indoor 1,60.0,frei,12
2026-05-29T21:29:01,2026-06-10,10:00,60,Indoor 1,30.0,frei,12
2026-05-29T21:29:01,2026-06-10,10:00,90,Indoor 1,45.0,frei,12
2026-05-29T21:29:01,2026-06-10,10:00,120,Indoor 1,60.0,frei,12
2026-05-29T21:29:01,2026-06-10,10:30,60,Indoor 1,30.0,frei,12
2026-05-29T21:29:01,2026-06-10,10:30,90,Indoor 1,45.0,frei,12
2026-05-29T21:29:01,2026-06-10,10:30,120,Indoor 1,60.0,frei,12
2026-05-29T21:29:01,2026-06-10,11:00,60,Indoor 1,30.0,frei,12
2026-05-29T21:29:01,2026-06-10,11:00,90,Indoor 1,45.0,frei,12
2026-05-29T21:29:01,2026-06-10,11:00,120,Indoor 1,60.0,frei,12
2026-05-29T21:29:01,2026-06-10,11:30,60,Indoor 1,30.0,frei,12
2026-05-29T21:29:01,2026-06-10,11:30,90,Indoor 1,45.0,frei,12
2026-05-29T21:29:01,2026-06-10,11:30,120,Indoor 1,60.0,frei,12
2026-05-29T21:29:01,2026-06-10,12:00,60,Indoor 1,30.0,frei,12
2026-05-29T21:29:01,2026-06-10,12:00,90,Indoor 1,45.0,frei,12
2026-05-29T21:29:01,2026-06-10,12:00,120,Indoor 1,60.0,frei,12
2026-05-29T21:29:01,2026-06-10,12:30,60,Indoor 1,30.0,frei,12
2026-05-29T21:29:01,2026-06-10,12:30,90,Indoor 1,45.0,frei,12
2026-05-29T21:29:01,2026-06-10,13:00,60,Indoor 1,30.0,frei,12
2026-05-29T21:29:01,2026-06-10,13:00,120,Indoor 1,60.0,frei,12
2026-05-29T21:29:01,2026-06-10,13:30,90,Indoor 1,45.0,frei,12
2026-05-29T21:29:01,2026-06-10,14:00,60,Indoor 1,30.0,frei,12
2026-05-29T21:29:01,2026-06-10,16:30,60,Indoor 1,42.0,frei,12
2026-05-29T21:29:01,2026-06-10,16:30,120,Indoor 1,84.0,frei,12
2026-05-29T21:29:01,2026-06-10,17:30,60,Indoor 1,42.0,frei,12
2026-05-29T21:29:01,2026-06-10,08:00,60,Indoor 3,30.0,frei,12
2026-05-29T21:29:01,2026-06-10,08:00,120,Indoor 3,60.0,frei,12
2026-05-29T21:29:01,2026-06-10,09:00,60,Indoor 3,30.0,frei,12
2026-05-29T21:29:01,2026-06-10,11:00,60,Indoor 3,30.0,frei,12
2026-05-29T21:29:01,2026-06-10,11:00,90,Indoor 3,45.0,frei,12
2026-05-29T21:29:01,2026-06-10,11:00,120,Indoor 3,60.0,frei,12
2026-05-29T21:29:01,2026-06-10,12:00,60,Indoor 3,30.0,frei,12
2026-05-29T21:29:01,2026-06-10,12:00,120,Indoor 3,60.0,frei,12
2026-05-29T21:29:01,2026-06-10,12:30,90,Indoor 3,45.0,frei,12
2026-05-29T21:29:01,2026-06-10,13:00,60,Indoor 3,30.0,frei,12
2026-05-29T21:29:01,2026-06-10,22:30,90,Indoor 3,45.0,frei,12
2026-05-29T21:29:01,2026-06-10,08:00,60,Outdoor 3,24.0,frei,12
2026-05-29T21:29:01,2026-06-10,08:00,90,Outdoor 3,36.0,frei,12
2026-05-29T21:29:01,2026-06-10,08:00,120,Outdoor 3,48.0,frei,12
2026-05-29T21:29:01,2026-06-10,08:00,150,Outdoor 3,60.0,frei,12
2026-05-29T21:29:01,2026-06-10,08:30,60,Outdoor 3,24.0,frei,12
2026-05-29T21:29:01,2026-06-10,08:30,90,Outdoor 3,36.0,frei,12
2026-05-29T21:29:01,2026-06-10,08:30,120,Outdoor 3,48.0,frei,12
2026-05-29T21:29:01,2026-06-10,08:30,150,Outdoor 3,60.0,frei,12
2026-05-29T21:29:01,2026-06-10,09:00,60,Outdoor 3,24.0,frei,12
2026-05-29T21:29:01,2026-06-10,09:00,90,Outdoor 3,36.0,frei,12
2026-05-29T21:29:01,2026-06-10,09:00,120,Outdoor 3,48.0,frei,12
2026-05-29T21:29:01,2026-06-10,09:00,150,Outdoor 3,60.0,frei,12
2026-05-29T21:29:01,2026-06-10,09:30,60,Outdoor 3,24.0,frei,12
2026-05-29T21:29:01,2026-06-10,09:30,90,Outdoor 3,36.0,frei,12
2026-05-29T21:29:01,2026-06-10,09:30,120,Outdoor 3,48.0,frei,12
2026-05-29T21:29:01,2026-06-10,09:30,150,Outdoor 3,60.0,frei,12
2026-05-29T21:29:01,2026-06-10,10:00,60,Outdoor 3,24.0,frei,12
2026-05-29T21:29:01,2026-06-10,10:00,90,Outdoor 3,36.0,frei,12
2026-05-29T21:29:01,2026-06-10,10:00,120,Outdoor 3,48.0,frei,12
2026-05-29T21:29:01,2026-06-10,10:00,150,Outdoor 3,60.0,frei,12
2026-05-29T21:29:01,2026-06-10,10:30,60,Outdoor 3,24.0,frei,12
2026-05-29T21:29:01,2026-06-10,10:30,90,Outdoor 3,36.0,frei,12
2026-05-29T21:29:01,2026-06-10,10:30,120,Outdoor 3,48.0,frei,12
2026-05-29T21:29:01,2026-06-10,10:30,150,Outdoor 3,60.0,frei,12
2026-05-29T21:29:01,2026-06-10,11:00,60,Outdoor 3,24.0,frei,12
2026-05-29T21:29:01,2026-06-10,11:00,90,Outdoor 3,36.0,frei,12
2026-05-29T21:29:01,2026-06-10,11:00,120,Outdoor 3,48.0,frei,12
2026-05-29T21:29:01,2026-06-10,11:00,150,Outdoor 3,60.0,frei,12
2026-05-29T21:29:01,2026-06-10,11:30,60,Outdoor 3,24.0,frei,12
2026-05-29T21:29:01,2026-06-10,11:30,90,Outdoor 3,36.0,frei,12
2026-05-29T21:29:01,2026-06-10,11:30,120,Outdoor 3,48.0,frei,12
2026-05-29T21:29:01,2026-06-10,11:30,150,Outdoor 3,60.0,frei,12
2026-05-29T21:29:01,2026-06-10,12:00,60,Outdoor 3,24.0,frei,12
2026-05-29T21:29:01,2026-06-10,12:00,90,Outdoor 3,36.0,frei,12
2026-05-29T21:29:01,2026-06-10,12:00,120,Outdoor 3,48.0,frei,12
2026-05-29T21:29:01,2026-06-10,12:00,150,Outdoor 3,60.0,frei,12
2026-05-29T21:29:01,2026-06-10,12:30,60,Outdoor 3,24.0,frei,12
2026-05-29T21:29:01,2026-06-10,12:30,90,Outdoor 3,36.0,frei,12
2026-05-29T21:29:01,2026-06-10,12:30,120,Outdoor 3,48.0,frei,12
2026-05-29T21:29:01,2026-06-10,12:30,150,Outdoor 3,60.0,frei,12
2026-05-29T21:29:01,2026-06-10,13:00,60,Outdoor 3,24.0,frei,12
2026-05-29T21:29:01,2026-06-10,13:00,90,Outdoor 3,36.0,frei,12
2026-05-29T21:29:01,2026-06-10,13:00,120,Outdoor 3,48.0,frei,12
2026-05-29T21:29:01,2026-06-10,13:00,150,Outdoor 3,60.0,frei,12
2026-05-29T21:29:01,2026-06-10,13:30,60,Outdoor 3,24.0,frei,12
2026-05-29T21:29:01,2026-06-10,13:30,90,Outdoor 3,36.0,frei,12
2026-05-29T21:29:01,2026-06-10,13:30,120,Outdoor 3,48.0,frei,12
2026-05-29T21:29:01,2026-06-10,13:30,150,Outdoor 3,60.0,frei,12
2026-05-29T21:29:01,2026-06-10,14:00,60,Outdoor 3,24.0,frei,12
2026-05-29T21:29:01,2026-06-10,14:00,90,Outdoor 3,36.0,frei,12
2026-05-29T21:29:01,2026-06-10,14:00,120,Outdoor 3,48.0,frei,12
2026-05-29T21:29:01,2026-06-10,14:30,60,Outdoor 3,24.0,frei,12
2026-05-29T21:29:01,2026-06-10,14:30,90,Outdoor 3,36.0,frei,12
2026-05-29T21:29:01,2026-06-10,14:30,150,Outdoor 3,72.0,frei,12
2026-05-29T21:29:01,2026-06-10,15:00,60,Outdoor 3,24.0,frei,12
2026-05-29T21:29:01,2026-06-10,15:00,120,Outdoor 3,60.0,frei,12
2026-05-29T21:29:01,2026-06-10,15:30,90,Outdoor 3,48.0,frei,12
2026-05-29T21:29:01,2026-06-10,16:00,60,Outdoor 3,36.0,frei,12
2026-05-29T21:29:01,2026-06-10,08:00,60,Outdoor 2,24.0,frei,12
2026-05-29T21:29:01,2026-06-10,08:00,90,Outdoor 2,36.0,frei,12
2026-05-29T21:29:01,2026-06-10,08:00,120,Outdoor 2,48.0,frei,12
2026-05-29T21:29:01,2026-06-10,08:00,150,Outdoor 2,60.0,frei,12
2026-05-29T21:29:01,2026-06-10,08:30,60,Outdoor 2,24.0,frei,12
2026-05-29T21:29:01,2026-06-10,08:30,90,Outdoor 2,36.0,frei,12
2026-05-29T21:29:01,2026-06-10,08:30,120,Outdoor 2,48.0,frei,12
2026-05-29T21:29:01,2026-06-10,08:30,150,Outdoor 2,60.0,frei,12
2026-05-29T21:29:01,2026-06-10,09:00,60,Outdoor 2,24.0,frei,12
2026-05-29T21:29:01,2026-06-10,09:00,90,Outdoor 2,36.0,frei,12
2026-05-29T21:29:01,2026-06-10,09:00,120,Outdoor 2,48.0,frei,12
2026-05-29T21:29:01,2026-06-10,09:00,150,Outdoor 2,60.0,frei,12
2026-05-29T21:29:01,2026-06-10,09:30,60,Outdoor 2,24.0,frei,12
2026-05-29T21:29:01,2026-06-10,09:30,90,Outdoor 2,36.0,frei,12
2026-05-29T21:29:01,2026-06-10,09:30,120,Outdoor 2,48.0,frei,12
2026-05-29T21:29:01,2026-06-10,09:30,150,Outdoor 2,60.0,frei,12
2026-05-29T21:29:01,2026-06-10,10:00,60,Outdoor 2,24.0,frei,12
2026-05-29T21:29:01,2026-06-10,10:00,90,Outdoor 2,36.0,frei,12
2026-05-29T21:29:01,2026-06-10,10:00,120,Outdoor 2,48.0,frei,12
2026-05-29T21:29:01,2026-06-10,10:00,150,Outdoor 2,60.0,frei,12
2026-05-29T21:29:01,2026-06-10,10:30,60,Outdoor 2,24.0,frei,12
2026-05-29T21:29:01,2026-06-10,10:30,90,Outdoor 2,36.0,frei,12
2026-05-29T21:29:01,2026-06-10,10:30,120,Outdoor 2,48.0,frei,12
2026-05-29T21:29:01,2026-06-10,10:30,150,Outdoor 2,60.0,frei,12
2026-05-29T21:29:01,2026-06-10,11:00,60,Outdoor 2,24.0,frei,12
2026-05-29T21:29:01,2026-06-10,11:00,90,Outdoor 2,36.0,frei,12
2026-05-29T21:29:01,2026-06-10,11:00,120,Outdoor 2,48.0,frei,12
2026-05-29T21:29:01,2026-06-10,11:00,150,Outdoor 2,60.0,frei,12
2026-05-29T21:29:01,2026-06-10,11:30,60,Outdoor 2,24.0,frei,12
2026-05-29T21:29:01,2026-06-10,11:30,90,Outdoor 2,36.0,frei,12
2026-05-29T21:29:01,2026-06-10,11:30,120,Outdoor 2,48.0,frei,12
2026-05-29T21:29:01,2026-06-10,11:30,150,Outdoor 2,60.0,frei,12
2026-05-29T21:29:01,2026-06-10,12:00,60,Outdoor 2,24.0,frei,12
2026-05-29T21:29:01,2026-06-10,12:00,90,Outdoor 2,36.0,frei,12
2026-05-29T21:29:01,2026-06-10,12:00,120,Outdoor 2,48.0,frei,12
2026-05-29T21:29:01,2026-06-10,12:00,150,Outdoor 2,60.0,frei,12
2026-05-29T21:29:01,2026-06-10,12:30,60,Outdoor 2,24.0,frei,12
2026-05-29T21:29:01,2026-06-10,12:30,90,Outdoor 2,36.0,frei,12
2026-05-29T21:29:01,2026-06-10,12:30,120,Outdoor 2,48.0,frei,12
2026-05-29T21:29:01,2026-06-10,12:30,150,Outdoor 2,60.0,frei,12
2026-05-29T21:29:01,2026-06-10,13:00,60,Outdoor 2,24.0,frei,12
2026-05-29T21:29:01,2026-06-10,13:00,90,Outdoor 2,36.0,frei,12
2026-05-29T21:29:01,2026-06-10,13:00,120,Outdoor 2,48.0,frei,12
2026-05-29T21:29:01,2026-06-10,13:00,150,Outdoor 2,60.0,frei,12
2026-05-29T21:29:01,2026-06-10,13:30,60,Outdoor 2,24.0,frei,12
2026-05-29T21:29:01,2026-06-10,13:30,90,Outdoor 2,36.0,frei,12
2026-05-29T21:29:01,2026-06-10,13:30,120,Outdoor 2,48.0,frei,12
2026-05-29T21:29:01,2026-06-10,13:30,150,Outdoor 2,60.0,frei,12
2026-05-29T21:29:01,2026-06-10,14:00,60,Outdoor 2,24.0,frei,12
2026-05-29T21:29:01,2026-06-10,14:00,90,Outdoor 2,36.0,frei,12
2026-05-29T21:29:01,2026-06-10,14:00,120,Outdoor 2,48.0,frei,12
2026-05-29T21:29:01,2026-06-10,14:30,60,Outdoor 2,24.0,frei,12
2026-05-29T21:29:01,2026-06-10,14:30,90,Outdoor 2,36.0,frei,12
2026-05-29T21:29:01,2026-06-10,14:30,150,Outdoor 2,72.0,frei,12
2026-05-29T21:29:01,2026-06-10,15:00,60,Outdoor 2,24.0,frei,12
2026-05-29T21:29:01,2026-06-10,15:00,120,Outdoor 2,60.0,frei,12
2026-05-29T21:29:01,2026-06-10,15:30,90,Outdoor 2,48.0,frei,12
2026-05-29T21:29:01,2026-06-10,16:00,60,Outdoor 2,36.0,frei,12
2026-05-29T21:29:01,2026-06-10,08:00,60,Outdoor 4,24.0,frei,12
2026-05-29T21:29:01,2026-06-10,08:00,90,Outdoor 4,36.0,frei,12
2026-05-29T21:29:01,2026-06-10,08:00,120,Outdoor 4,48.0,frei,12
2026-05-29T21:29:01,2026-06-10,08:00,150,Outdoor 4,60.0,frei,12
2026-05-29T21:29:01,2026-06-10,08:30,60,Outdoor 4,24.0,frei,12
2026-05-29T21:29:01,2026-06-10,08:30,90,Outdoor 4,36.0,frei,12
2026-05-29T21:29:01,2026-06-10,08:30,120,Outdoor 4,48.0,frei,12
2026-05-29T21:29:01,2026-06-10,08:30,150,Outdoor 4,60.0,frei,12
2026-05-29T21:29:01,2026-06-10,09:00,60,Outdoor 4,24.0,frei,12
2026-05-29T21:29:01,2026-06-10,09:00,90,Outdoor 4,36.0,frei,12
2026-05-29T21:29:01,2026-06-10,09:00,120,Outdoor 4,48.0,frei,12
2026-05-29T21:29:01,2026-06-10,09:00,150,Outdoor 4,60.0,frei,12
2026-05-29T21:29:01,2026-06-10,09:30,60,Outdoor 4,24.0,frei,12
2026-05-29T21:29:01,2026-06-10,09:30,90,Outdoor 4,36.0,frei,12
2026-05-29T21:29:01,2026-06-10,09:30,120,Outdoor 4,48.0,frei,12
2026-05-29T21:29:01,2026-06-10,09:30,150,Outdoor 4,60.0,frei,12
2026-05-29T21:29:01,2026-06-10,10:00,60,Outdoor 4,24.0,frei,12
2026-05-29T21:29:01,2026-06-10,10:00,90,Outdoor 4,36.0,frei,12
2026-05-29T21:29:01,2026-06-10,10:00,120,Outdoor 4,48.0,frei,12
2026-05-29T21:29:01,2026-06-10,10:00,150,Outdoor 4,60.0,frei,12
2026-05-29T21:29:01,2026-06-10,10:30,60,Outdoor 4,24.0,frei,12
2026-05-29T21:29:01,2026-06-10,10:30,90,Outdoor 4,36.0,frei,12
2026-05-29T21:29:01,2026-06-10,10:30,120,Outdoor 4,48.0,frei,12
2026-05-29T21:29:01,2026-06-10,10:30,150,Outdoor 4,60.0,frei,12
2026-05-29T21:29:01,2026-06-10,11:00,60,Outdoor 4,24.0,frei,12
2026-05-29T21:29:01,2026-06-10,11:00,90,Outdoor 4,36.0,frei,12
2026-05-29T21:29:01,2026-06-10,11:00,120,Outdoor 4,48.0,frei,12
2026-05-29T21:29:01,2026-06-10,11:00,150,Outdoor 4,60.0,frei,12
2026-05-29T21:29:01,2026-06-10,11:30,60,Outdoor 4,24.0,frei,12
2026-05-29T21:29:01,2026-06-10,11:30,90,Outdoor 4,36.0,frei,12
2026-05-29T21:29:01,2026-06-10,11:30,120,Outdoor 4,48.0,frei,12
2026-05-29T21:29:01,2026-06-10,11:30,150,Outdoor 4,60.0,frei,12
2026-05-29T21:29:01,2026-06-10,12:00,60,Outdoor 4,24.0,frei,12
2026-05-29T21:29:01,2026-06-10,12:00,90,Outdoor 4,36.0,frei,12
2026-05-29T21:29:01,2026-06-10,12:00,120,Outdoor 4,48.0,frei,12
2026-05-29T21:29:01,2026-06-10,12:00,150,Outdoor 4,60.0,frei,12
2026-05-29T21:29:01,2026-06-10,12:30,60,Outdoor 4,24.0,frei,12
2026-05-29T21:29:01,2026-06-10,12:30,90,Outdoor 4,36.0,frei,12
2026-05-29T21:29:01,2026-06-10,12:30,120,Outdoor 4,48.0,frei,12
2026-05-29T21:29:01,2026-06-10,12:30,150,Outdoor 4,60.0,frei,12
2026-05-29T21:29:01,2026-06-10,13:00,60,Outdoor 4,24.0,frei,12
2026-05-29T21:29:01,2026-06-10,13:00,90,Outdoor 4,36.0,frei,12
2026-05-29T21:29:01,2026-06-10,13:00,120,Outdoor 4,48.0,frei,12
2026-05-29T21:29:01,2026-06-10,13:00,150,Outdoor 4,60.0,frei,12
2026-05-29T21:29:01,2026-06-10,13:30,60,Outdoor 4,24.0,frei,12
2026-05-29T21:29:01,2026-06-10,13:30,90,Outdoor 4,36.0,frei,12
2026-05-29T21:29:01,2026-06-10,13:30,120,Outdoor 4,48.0,frei,12
2026-05-29T21:29:01,2026-06-10,13:30,150,Outdoor 4,60.0,frei,12
2026-05-29T21:29:01,2026-06-10,14:00,60,Outdoor 4,24.0,frei,12
2026-05-29T21:29:01,2026-06-10,14:00,90,Outdoor 4,36.0,frei,12
2026-05-29T21:29:01,2026-06-10,14:00,120,Outdoor 4,48.0,frei,12
2026-05-29T21:29:01,2026-06-10,14:30,60,Outdoor 4,24.0,frei,12
2026-05-29T21:29:01,2026-06-10,14:30,90,Outdoor 4,36.0,frei,12
2026-05-29T21:29:01,2026-06-10,14:30,150,Outdoor 4,72.0,frei,12
2026-05-29T21:29:01,2026-06-10,15:00,60,Outdoor 4,24.0,frei,12
2026-05-29T21:29:01,2026-06-10,15:00,120,Outdoor 4,60.0,frei,12
2026-05-29T21:29:01,2026-06-10,15:30,90,Outdoor 4,48.0,frei,12
2026-05-29T21:29:01,2026-06-10,16:00,60,Outdoor 4,36.0,frei,12
2026-05-29T21:29:01,2026-06-10,21:00,60,Outdoor 4,36.0,frei,12
2026-05-29T21:29:01,2026-06-10,08:00,60,Indoor 2,30.0,frei,12
2026-05-29T21:29:01,2026-06-10,08:00,90,Indoor 2,45.0,frei,12
2026-05-29T21:29:01,2026-06-10,08:00,120,Indoor 2,60.0,frei,12
2026-05-29T21:29:01,2026-06-10,09:00,60,Indoor 2,30.0,frei,12
2026-05-29T21:29:01,2026-06-10,09:00,90,Indoor 2,45.0,frei,12
2026-05-29T21:29:01,2026-06-10,09:00,120,Indoor 2,60.0,frei,12
2026-05-29T21:29:01,2026-06-10,09:30,60,Indoor 2,30.0,frei,12
2026-05-29T21:29:01,2026-06-10,09:30,90,Indoor 2,45.0,frei,12
2026-05-29T21:29:01,2026-06-10,09:30,120,Indoor 2,60.0,frei,12
2026-05-29T21:29:01,2026-06-10,10:00,60,Indoor 2,30.0,frei,12
2026-05-29T21:29:01,2026-06-10,10:00,90,Indoor 2,45.0,frei,12
2026-05-29T21:29:01,2026-06-10,10:00,120,Indoor 2,60.0,frei,12
2026-05-29T21:29:01,2026-06-10,10:30,60,Indoor 2,30.0,frei,12
2026-05-29T21:29:01,2026-06-10,10:30,90,Indoor 2,45.0,frei,12
2026-05-29T21:29:01,2026-06-10,10:30,120,Indoor 2,60.0,frei,12
2026-05-29T21:29:01,2026-06-10,11:00,60,Indoor 2,30.0,frei,12
2026-05-29T21:29:01,2026-06-10,11:00,90,Indoor 2,45.0,frei,12
2026-05-29T21:29:01,2026-06-10,11:00,120,Indoor 2,60.0,frei,12
2026-05-29T21:29:01,2026-06-10,11:30,60,Indoor 2,30.0,frei,12
2026-05-29T21:29:01,2026-06-10,11:30,90,Indoor 2,45.0,frei,12
2026-05-29T21:29:01,2026-06-10,12:00,60,Indoor 2,30.0,frei,12
2026-05-29T21:29:01,2026-06-10,12:00,120,Indoor 2,60.0,frei,12
2026-05-29T21:29:01,2026-06-10,12:30,90,Indoor 2,45.0,frei,12
2026-05-29T21:29:01,2026-06-10,13:00,60,Indoor 2,30.0,frei,12
2026-05-29T21:29:01,2026-06-11,08:00,60,Outdoor 1,24.0,frei,13
2026-05-29T21:29:01,2026-06-11,08:00,90,Outdoor 1,36.0,frei,13
2026-05-29T21:29:01,2026-06-11,08:00,120,Outdoor 1,48.0,frei,13
2026-05-29T21:29:01,2026-06-11,08:00,150,Outdoor 1,60.0,frei,13
2026-05-29T21:29:01,2026-06-11,08:30,60,Outdoor 1,24.0,frei,13
2026-05-29T21:29:01,2026-06-11,08:30,90,Outdoor 1,36.0,frei,13
2026-05-29T21:29:01,2026-06-11,08:30,120,Outdoor 1,48.0,frei,13
2026-05-29T21:29:01,2026-06-11,08:30,150,Outdoor 1,60.0,frei,13
2026-05-29T21:29:01,2026-06-11,09:00,60,Outdoor 1,24.0,frei,13
2026-05-29T21:29:01,2026-06-11,09:00,90,Outdoor 1,36.0,frei,13
2026-05-29T21:29:01,2026-06-11,09:00,120,Outdoor 1,48.0,frei,13
2026-05-29T21:29:01,2026-06-11,09:00,150,Outdoor 1,60.0,frei,13
2026-05-29T21:29:01,2026-06-11,09:30,60,Outdoor 1,24.0,frei,13
2026-05-29T21:29:01,2026-06-11,09:30,90,Outdoor 1,36.0,frei,13
2026-05-29T21:29:01,2026-06-11,09:30,120,Outdoor 1,48.0,frei,13
2026-05-29T21:29:01,2026-06-11,09:30,150,Outdoor 1,60.0,frei,13
2026-05-29T21:29:01,2026-06-11,10:00,60,Outdoor 1,24.0,frei,13
2026-05-29T21:29:01,2026-06-11,10:00,90,Outdoor 1,36.0,frei,13
2026-05-29T21:29:01,2026-06-11,10:00,120,Outdoor 1,48.0,frei,13
2026-05-29T21:29:01,2026-06-11,10:00,150,Outdoor 1,60.0,frei,13
2026-05-29T21:29:01,2026-06-11,10:30,60,Outdoor 1,24.0,frei,13
2026-05-29T21:29:01,2026-06-11,10:30,90,Outdoor 1,36.0,frei,13
2026-05-29T21:29:01,2026-06-11,10:30,120,Outdoor 1,48.0,frei,13
2026-05-29T21:29:01,2026-06-11,10:30,150,Outdoor 1,60.0,frei,13
2026-05-29T21:29:01,2026-06-11,11:00,60,Outdoor 1,24.0,frei,13
2026-05-29T21:29:01,2026-06-11,11:00,90,Outdoor 1,36.0,frei,13
2026-05-29T21:29:01,2026-06-11,11:00,120,Outdoor 1,48.0,frei,13
2026-05-29T21:29:01,2026-06-11,11:00,150,Outdoor 1,60.0,frei,13
2026-05-29T21:29:01,2026-06-11,11:30,60,Outdoor 1,24.0,frei,13
2026-05-29T21:29:01,2026-06-11,11:30,90,Outdoor 1,36.0,frei,13
2026-05-29T21:29:01,2026-06-11,11:30,120,Outdoor 1,48.0,frei,13
2026-05-29T21:29:01,2026-06-11,11:30,150,Outdoor 1,60.0,frei,13
2026-05-29T21:29:01,2026-06-11,12:00,60,Outdoor 1,24.0,frei,13
2026-05-29T21:29:01,2026-06-11,12:00,90,Outdoor 1,36.0,frei,13
2026-05-29T21:29:01,2026-06-11,12:00,120,Outdoor 1,48.0,frei,13
2026-05-29T21:29:01,2026-06-11,12:00,150,Outdoor 1,60.0,frei,13
2026-05-29T21:29:01,2026-06-11,12:30,60,Outdoor 1,24.0,frei,13
2026-05-29T21:29:01,2026-06-11,12:30,90,Outdoor 1,36.0,frei,13
2026-05-29T21:29:01,2026-06-11,12:30,120,Outdoor 1,48.0,frei,13
2026-05-29T21:29:01,2026-06-11,13:00,60,Outdoor 1,24.0,frei,13
2026-05-29T21:29:01,2026-06-11,13:00,90,Outdoor 1,36.0,frei,13
2026-05-29T21:29:01,2026-06-11,13:00,150,Outdoor 1,60.0,frei,13
2026-05-29T21:29:01,2026-06-11,13:30,60,Outdoor 1,24.0,frei,13
2026-05-29T21:29:01,2026-06-11,13:30,120,Outdoor 1,48.0,frei,13
2026-05-29T21:29:01,2026-06-11,14:00,90,Outdoor 1,36.0,frei,13
2026-05-29T21:29:01,2026-06-11,14:30,60,Outdoor 1,24.0,frei,13
2026-05-29T21:29:01,2026-06-11,21:00,60,Outdoor 1,36.0,frei,13
2026-05-29T21:29:01,2026-06-11,08:00,60,Indoor 4,30.0,frei,13
2026-05-29T21:29:01,2026-06-11,08:00,90,Indoor 4,45.0,frei,13
2026-05-29T21:29:01,2026-06-11,08:00,120,Indoor 4,60.0,frei,13
2026-05-29T21:29:01,2026-06-11,09:00,60,Indoor 4,30.0,frei,13
2026-05-29T21:29:01,2026-06-11,09:00,90,Indoor 4,45.0,frei,13
2026-05-29T21:29:01,2026-06-11,09:00,120,Indoor 4,60.0,frei,13
2026-05-29T21:29:01,2026-06-11,09:30,60,Indoor 4,30.0,frei,13
2026-05-29T21:29:01,2026-06-11,09:30,90,Indoor 4,45.0,frei,13
2026-05-29T21:29:01,2026-06-11,09:30,120,Indoor 4,60.0,frei,13
2026-05-29T21:29:01,2026-06-11,10:00,60,Indoor 4,30.0,frei,13
2026-05-29T21:29:01,2026-06-11,10:00,90,Indoor 4,45.0,frei,13
2026-05-29T21:29:01,2026-06-11,10:00,120,Indoor 4,60.0,frei,13
2026-05-29T21:29:01,2026-06-11,10:30,60,Indoor 4,30.0,frei,13
2026-05-29T21:29:01,2026-06-11,10:30,90,Indoor 4,45.0,frei,13
2026-05-29T21:29:01,2026-06-11,10:30,120,Indoor 4,60.0,frei,13
2026-05-29T21:29:01,2026-06-11,11:00,60,Indoor 4,30.0,frei,13
2026-05-29T21:29:01,2026-06-11,11:00,90,Indoor 4,45.0,frei,13
2026-05-29T21:29:01,2026-06-11,11:00,120,Indoor 4,60.0,frei,13
2026-05-29T21:29:01,2026-06-11,11:30,60,Indoor 4,30.0,frei,13
2026-05-29T21:29:01,2026-06-11,11:30,90,Indoor 4,45.0,frei,13
2026-05-29T21:29:01,2026-06-11,11:30,120,Indoor 4,60.0,frei,13
2026-05-29T21:29:01,2026-06-11,12:00,60,Indoor 4,30.0,frei,13
2026-05-29T21:29:01,2026-06-11,12:00,90,Indoor 4,45.0,frei,13
2026-05-29T21:29:01,2026-06-11,12:00,120,Indoor 4,60.0,frei,13
2026-05-29T21:29:01,2026-06-11,12:30,60,Indoor 4,30.0,frei,13
2026-05-29T21:29:01,2026-06-11,12:30,90,Indoor 4,45.0,frei,13
2026-05-29T21:29:01,2026-06-11,12:30,120,Indoor 4,60.0,frei,13
2026-05-29T21:29:01,2026-06-11,13:00,60,Indoor 4,30.0,frei,13
2026-05-29T21:29:01,2026-06-11,13:00,90,Indoor 4,45.0,frei,13
2026-05-29T21:29:01,2026-06-11,13:00,120,Indoor 4,60.0,frei,13
2026-05-29T21:29:01,2026-06-11,13:30,60,Indoor 4,30.0,frei,13
2026-05-29T21:29:01,2026-06-11,13:30,90,Indoor 4,45.0,frei,13
2026-05-29T21:29:01,2026-06-11,13:30,120,Indoor 4,60.0,frei,13
2026-05-29T21:29:01,2026-06-11,14:00,60,Indoor 4,30.0,frei,13
2026-05-29T21:29:01,2026-06-11,14:00,90,Indoor 4,45.0,frei,13
2026-05-29T21:29:01,2026-06-11,14:00,120,Indoor 4,60.0,frei,13
2026-05-29T21:29:01,2026-06-11,14:30,60,Indoor 4,30.0,frei,13
2026-05-29T21:29:01,2026-06-11,14:30,90,Indoor 4,45.0,frei,13
2026-05-29T21:29:01,2026-06-11,14:30,120,Indoor 4,66.0,frei,13
2026-05-29T21:29:01,2026-06-11,15:00,60,Indoor 4,30.0,frei,13
2026-05-29T21:29:01,2026-06-11,15:00,90,Indoor 4,51.0,frei,13
2026-05-29T21:29:01,2026-06-11,15:30,60,Indoor 4,36.0,frei,13
2026-05-29T21:29:01,2026-06-11,15:30,120,Indoor 4,78.0,frei,13
2026-05-29T21:29:01,2026-06-11,16:00,90,Indoor 4,63.0,frei,13
2026-05-29T21:29:01,2026-06-11,16:30,60,Indoor 4,42.0,frei,13
2026-05-29T21:29:01,2026-06-11,22:00,60,Indoor 4,36.0,frei,13
2026-05-29T21:29:01,2026-06-11,22:00,120,Indoor 4,66.0,frei,13
2026-05-29T21:29:01,2026-06-11,23:00,60,Indoor 4,30.0,frei,13
2026-05-29T21:29:01,2026-06-11,08:00,60,Single Indoor,22.0,frei,13
2026-05-29T21:29:01,2026-06-11,08:00,90,Single Indoor,33.0,frei,13
2026-05-29T21:29:01,2026-06-11,08:00,120,Single Indoor,44.0,frei,13
2026-05-29T21:29:01,2026-06-11,09:00,60,Single Indoor,22.0,frei,13
2026-05-29T21:29:01,2026-06-11,09:00,90,Single Indoor,33.0,frei,13
2026-05-29T21:29:01,2026-06-11,09:00,120,Single Indoor,44.0,frei,13
2026-05-29T21:29:01,2026-06-11,09:30,60,Single Indoor,22.0,frei,13
2026-05-29T21:29:01,2026-06-11,09:30,90,Single Indoor,33.0,frei,13
2026-05-29T21:29:01,2026-06-11,09:30,120,Single Indoor,44.0,frei,13
2026-05-29T21:29:01,2026-06-11,10:00,60,Single Indoor,22.0,frei,13
2026-05-29T21:29:01,2026-06-11,10:00,90,Single Indoor,33.0,frei,13
2026-05-29T21:29:01,2026-06-11,10:00,120,Single Indoor,44.0,frei,13
2026-05-29T21:29:01,2026-06-11,10:30,60,Single Indoor,22.0,frei,13
2026-05-29T21:29:01,2026-06-11,10:30,90,Single Indoor,33.0,frei,13
2026-05-29T21:29:01,2026-06-11,10:30,120,Single Indoor,44.0,frei,13
2026-05-29T21:29:01,2026-06-11,11:00,60,Single Indoor,22.0,frei,13
2026-05-29T21:29:01,2026-06-11,11:00,90,Single Indoor,33.0,frei,13
2026-05-29T21:29:01,2026-06-11,11:00,120,Single Indoor,44.0,frei,13
2026-05-29T21:29:01,2026-06-11,11:30,60,Single Indoor,22.0,frei,13
2026-05-29T21:29:01,2026-06-11,11:30,90,Single Indoor,33.0,frei,13
2026-05-29T21:29:01,2026-06-11,11:30,120,Single Indoor,44.0,frei,13
2026-05-29T21:29:01,2026-06-11,12:00,60,Single Indoor,22.0,frei,13
2026-05-29T21:29:01,2026-06-11,12:00,90,Single Indoor,33.0,frei,13
2026-05-29T21:29:01,2026-06-11,12:00,120,Single Indoor,44.0,frei,13
2026-05-29T21:29:01,2026-06-11,12:30,60,Single Indoor,22.0,frei,13
2026-05-29T21:29:01,2026-06-11,12:30,90,Single Indoor,33.0,frei,13
2026-05-29T21:29:01,2026-06-11,12:30,120,Single Indoor,44.0,frei,13
2026-05-29T21:29:01,2026-06-11,13:00,60,Single Indoor,22.0,frei,13
2026-05-29T21:29:01,2026-06-11,13:00,90,Single Indoor,33.0,frei,13
2026-05-29T21:29:01,2026-06-11,13:00,120,Single Indoor,44.0,frei,13
2026-05-29T21:29:01,2026-06-11,13:30,60,Single Indoor,22.0,frei,13
2026-05-29T21:29:01,2026-06-11,13:30,90,Single Indoor,33.0,frei,13
2026-05-29T21:29:01,2026-06-11,13:30,120,Single Indoor,44.0,frei,13
2026-05-29T21:29:01,2026-06-11,14:00,60,Single Indoor,22.0,frei,13
2026-05-29T21:29:01,2026-06-11,14:00,90,Single Indoor,33.0,frei,13
2026-05-29T21:29:01,2026-06-11,14:00,120,Single Indoor,44.0,frei,13
2026-05-29T21:29:01,2026-06-11,14:30,60,Single Indoor,22.0,frei,13
2026-05-29T21:29:01,2026-06-11,14:30,90,Single Indoor,33.0,frei,13
2026-05-29T21:29:01,2026-06-11,14:30,120,Single Indoor,48.0,frei,13
2026-05-29T21:29:01,2026-06-11,15:00,60,Single Indoor,22.0,frei,13
2026-05-29T21:29:01,2026-06-11,15:00,90,Single Indoor,37.0,frei,13
2026-05-29T21:29:01,2026-06-11,15:00,120,Single Indoor,52.0,frei,13
2026-05-29T21:29:01,2026-06-11,15:30,60,Single Indoor,26.0,frei,13
2026-05-29T21:29:01,2026-06-11,15:30,90,Single Indoor,41.0,frei,13
2026-05-29T21:29:01,2026-06-11,15:30,120,Single Indoor,56.0,frei,13
2026-05-29T21:29:01,2026-06-11,16:00,60,Single Indoor,30.0,frei,13
2026-05-29T21:29:01,2026-06-11,16:00,90,Single Indoor,45.0,frei,13
2026-05-29T21:29:01,2026-06-11,16:00,120,Single Indoor,60.0,frei,13
2026-05-29T21:29:01,2026-06-11,16:30,60,Single Indoor,30.0,frei,13
2026-05-29T21:29:01,2026-06-11,16:30,90,Single Indoor,45.0,frei,13
2026-05-29T21:29:01,2026-06-11,17:00,60,Single Indoor,30.0,frei,13
2026-05-29T21:29:01,2026-06-11,17:00,120,Single Indoor,60.0,frei,13
2026-05-29T21:29:01,2026-06-11,17:30,90,Single Indoor,45.0,frei,13
2026-05-29T21:29:01,2026-06-11,18:00,60,Single Indoor,30.0,frei,13
2026-05-29T21:29:01,2026-06-11,21:00,60,Single Indoor,30.0,frei,13
2026-05-29T21:29:01,2026-06-11,21:00,90,Single Indoor,45.0,frei,13
2026-05-29T21:29:01,2026-06-11,21:00,120,Single Indoor,56.0,frei,13
2026-05-29T21:29:01,2026-06-11,22:00,60,Single Indoor,26.0,frei,13
2026-05-29T21:29:01,2026-06-11,22:00,120,Single Indoor,48.0,frei,13
2026-05-29T21:29:01,2026-06-11,22:30,90,Single Indoor,33.0,frei,13
2026-05-29T21:29:01,2026-06-11,23:00,60,Single Indoor,22.0,frei,13
2026-05-29T21:29:01,2026-06-11,08:00,60,Indoor 3,30.0,frei,13
2026-05-29T21:29:01,2026-06-11,08:00,90,Indoor 3,45.0,frei,13
2026-05-29T21:29:01,2026-06-11,08:00,120,Indoor 3,60.0,frei,13
2026-05-29T21:29:01,2026-06-11,09:00,60,Indoor 3,30.0,frei,13
2026-05-29T21:29:01,2026-06-11,09:00,90,Indoor 3,45.0,frei,13
2026-05-29T21:29:01,2026-06-11,09:00,120,Indoor 3,60.0,frei,13
2026-05-29T21:29:01,2026-06-11,09:30,60,Indoor 3,30.0,frei,13
2026-05-29T21:29:01,2026-06-11,09:30,90,Indoor 3,45.0,frei,13
2026-05-29T21:29:01,2026-06-11,09:30,120,Indoor 3,60.0,frei,13
2026-05-29T21:29:01,2026-06-11,10:00,60,Indoor 3,30.0,frei,13
2026-05-29T21:29:01,2026-06-11,10:00,90,Indoor 3,45.0,frei,13
2026-05-29T21:29:01,2026-06-11,10:00,120,Indoor 3,60.0,frei,13
2026-05-29T21:29:01,2026-06-11,10:30,60,Indoor 3,30.0,frei,13
2026-05-29T21:29:01,2026-06-11,10:30,90,Indoor 3,45.0,frei,13
2026-05-29T21:29:01,2026-06-11,10:30,120,Indoor 3,60.0,frei,13
2026-05-29T21:29:01,2026-06-11,11:00,60,Indoor 3,30.0,frei,13
2026-05-29T21:29:01,2026-06-11,11:00,90,Indoor 3,45.0,frei,13
2026-05-29T21:29:01,2026-06-11,11:00,120,Indoor 3,60.0,frei,13
2026-05-29T21:29:01,2026-06-11,11:30,60,Indoor 3,30.0,frei,13
2026-05-29T21:29:01,2026-06-11,11:30,90,Indoor 3,45.0,frei,13
2026-05-29T21:29:01,2026-06-11,11:30,120,Indoor 3,60.0,frei,13
2026-05-29T21:29:01,2026-06-11,12:00,60,Indoor 3,30.0,frei,13
2026-05-29T21:29:01,2026-06-11,12:00,90,Indoor 3,45.0,frei,13
2026-05-29T21:29:01,2026-06-11,12:00,120,Indoor 3,60.0,frei,13
2026-05-29T21:29:01,2026-06-11,12:30,60,Indoor 3,30.0,frei,13
2026-05-29T21:29:01,2026-06-11,12:30,90,Indoor 3,45.0,frei,13
2026-05-29T21:29:01,2026-06-11,12:30,120,Indoor 3,60.0,frei,13
2026-05-29T21:29:01,2026-06-11,13:00,60,Indoor 3,30.0,frei,13
2026-05-29T21:29:01,2026-06-11,13:00,90,Indoor 3,45.0,frei,13
2026-05-29T21:29:01,2026-06-11,13:00,120,Indoor 3,60.0,frei,13
2026-05-29T21:29:01,2026-06-11,13:30,60,Indoor 3,30.0,frei,13
2026-05-29T21:29:01,2026-06-11,13:30,90,Indoor 3,45.0,frei,13
2026-05-29T21:29:01,2026-06-11,13:30,120,Indoor 3,60.0,frei,13
2026-05-29T21:29:01,2026-06-11,14:00,60,Indoor 3,30.0,frei,13
2026-05-29T21:29:01,2026-06-11,14:00,90,Indoor 3,45.0,frei,13
2026-05-29T21:29:01,2026-06-11,14:00,120,Indoor 3,60.0,frei,13
2026-05-29T21:29:01,2026-06-11,14:30,60,Indoor 3,30.0,frei,13
2026-05-29T21:29:01,2026-06-11,14:30,90,Indoor 3,45.0,frei,13
2026-05-29T21:29:01,2026-06-11,14:30,120,Indoor 3,66.0,frei,13
2026-05-29T21:29:01,2026-06-11,15:00,60,Indoor 3,30.0,frei,13
2026-05-29T21:29:01,2026-06-11,15:00,90,Indoor 3,51.0,frei,13
2026-05-29T21:29:01,2026-06-11,15:30,60,Indoor 3,36.0,frei,13
2026-05-29T21:29:01,2026-06-11,15:30,120,Indoor 3,78.0,frei,13
2026-05-29T21:29:01,2026-06-11,16:00,90,Indoor 3,63.0,frei,13
2026-05-29T21:29:01,2026-06-11,16:30,60,Indoor 3,42.0,frei,13
2026-05-29T21:29:01,2026-06-11,22:00,60,Indoor 3,36.0,frei,13
2026-05-29T21:29:01,2026-06-11,22:00,120,Indoor 3,66.0,frei,13
2026-05-29T21:29:01,2026-06-11,23:00,60,Indoor 3,30.0,frei,13
2026-05-29T21:29:01,2026-06-11,08:00,60,Indoor 2,30.0,frei,13
2026-05-29T21:29:01,2026-06-11,08:00,90,Indoor 2,45.0,frei,13
2026-05-29T21:29:01,2026-06-11,08:00,120,Indoor 2,60.0,frei,13
2026-05-29T21:29:01,2026-06-11,09:00,60,Indoor 2,30.0,frei,13
2026-05-29T21:29:01,2026-06-11,09:00,90,Indoor 2,45.0,frei,13
2026-05-29T21:29:01,2026-06-11,09:00,120,Indoor 2,60.0,frei,13
2026-05-29T21:29:01,2026-06-11,09:30,60,Indoor 2,30.0,frei,13
2026-05-29T21:29:01,2026-06-11,09:30,90,Indoor 2,45.0,frei,13
2026-05-29T21:29:01,2026-06-11,09:30,120,Indoor 2,60.0,frei,13
2026-05-29T21:29:01,2026-06-11,10:00,60,Indoor 2,30.0,frei,13
2026-05-29T21:29:01,2026-06-11,10:00,90,Indoor 2,45.0,frei,13
2026-05-29T21:29:01,2026-06-11,10:00,120,Indoor 2,60.0,frei,13
2026-05-29T21:29:01,2026-06-11,10:30,60,Indoor 2,30.0,frei,13
2026-05-29T21:29:01,2026-06-11,10:30,90,Indoor 2,45.0,frei,13
2026-05-29T21:29:01,2026-06-11,10:30,120,Indoor 2,60.0,frei,13
2026-05-29T21:29:01,2026-06-11,11:00,60,Indoor 2,30.0,frei,13
2026-05-29T21:29:01,2026-06-11,11:00,90,Indoor 2,45.0,frei,13
2026-05-29T21:29:01,2026-06-11,11:00,120,Indoor 2,60.0,frei,13
2026-05-29T21:29:01,2026-06-11,11:30,60,Indoor 2,30.0,frei,13
2026-05-29T21:29:01,2026-06-11,11:30,90,Indoor 2,45.0,frei,13
2026-05-29T21:29:01,2026-06-11,11:30,120,Indoor 2,60.0,frei,13
2026-05-29T21:29:01,2026-06-11,12:00,60,Indoor 2,30.0,frei,13
2026-05-29T21:29:01,2026-06-11,12:00,90,Indoor 2,45.0,frei,13
2026-05-29T21:29:01,2026-06-11,12:00,120,Indoor 2,60.0,frei,13
2026-05-29T21:29:01,2026-06-11,12:30,60,Indoor 2,30.0,frei,13
2026-05-29T21:29:01,2026-06-11,12:30,90,Indoor 2,45.0,frei,13
2026-05-29T21:29:01,2026-06-11,12:30,120,Indoor 2,60.0,frei,13
2026-05-29T21:29:01,2026-06-11,13:00,60,Indoor 2,30.0,frei,13
2026-05-29T21:29:01,2026-06-11,13:00,90,Indoor 2,45.0,frei,13
2026-05-29T21:29:01,2026-06-11,13:00,120,Indoor 2,60.0,frei,13
2026-05-29T21:29:01,2026-06-11,13:30,60,Indoor 2,30.0,frei,13
2026-05-29T21:29:01,2026-06-11,13:30,90,Indoor 2,45.0,frei,13
2026-05-29T21:29:01,2026-06-11,14:00,60,Indoor 2,30.0,frei,13
2026-05-29T21:29:01,2026-06-11,14:00,120,Indoor 2,60.0,frei,13
2026-05-29T21:29:01,2026-06-11,14:30,90,Indoor 2,45.0,frei,13
2026-05-29T21:29:01,2026-06-11,15:00,60,Indoor 2,30.0,frei,13
2026-05-29T21:29:01,2026-06-11,21:00,60,Indoor 2,42.0,frei,13
2026-05-29T21:29:01,2026-06-11,21:00,90,Indoor 2,63.0,frei,13
2026-05-29T21:29:01,2026-06-11,21:00,120,Indoor 2,78.0,frei,13
2026-05-29T21:29:01,2026-06-11,22:00,60,Indoor 2,36.0,frei,13
2026-05-29T21:29:01,2026-06-11,22:00,120,Indoor 2,66.0,frei,13
2026-05-29T21:29:01,2026-06-11,22:30,90,Indoor 2,45.0,frei,13
2026-05-29T21:29:01,2026-06-11,23:00,60,Indoor 2,30.0,frei,13
2026-05-29T21:29:01,2026-06-11,08:00,60,Outdoor 2,24.0,frei,13
2026-05-29T21:29:01,2026-06-11,08:00,90,Outdoor 2,36.0,frei,13
2026-05-29T21:29:01,2026-06-11,08:00,120,Outdoor 2,48.0,frei,13
2026-05-29T21:29:01,2026-06-11,08:00,150,Outdoor 2,60.0,frei,13
2026-05-29T21:29:01,2026-06-11,08:30,60,Outdoor 2,24.0,frei,13
2026-05-29T21:29:01,2026-06-11,08:30,90,Outdoor 2,36.0,frei,13
2026-05-29T21:29:01,2026-06-11,08:30,120,Outdoor 2,48.0,frei,13
2026-05-29T21:29:01,2026-06-11,08:30,150,Outdoor 2,60.0,frei,13
2026-05-29T21:29:01,2026-06-11,09:00,60,Outdoor 2,24.0,frei,13
2026-05-29T21:29:01,2026-06-11,09:00,90,Outdoor 2,36.0,frei,13
2026-05-29T21:29:01,2026-06-11,09:00,120,Outdoor 2,48.0,frei,13
2026-05-29T21:29:01,2026-06-11,09:00,150,Outdoor 2,60.0,frei,13
2026-05-29T21:29:01,2026-06-11,09:30,60,Outdoor 2,24.0,frei,13
2026-05-29T21:29:01,2026-06-11,09:30,90,Outdoor 2,36.0,frei,13
2026-05-29T21:29:01,2026-06-11,09:30,120,Outdoor 2,48.0,frei,13
2026-05-29T21:29:01,2026-06-11,09:30,150,Outdoor 2,60.0,frei,13
2026-05-29T21:29:01,2026-06-11,10:00,60,Outdoor 2,24.0,frei,13
2026-05-29T21:29:01,2026-06-11,10:00,90,Outdoor 2,36.0,frei,13
2026-05-29T21:29:01,2026-06-11,10:00,120,Outdoor 2,48.0,frei,13
2026-05-29T21:29:01,2026-06-11,10:00,150,Outdoor 2,60.0,frei,13
2026-05-29T21:29:01,2026-06-11,10:30,60,Outdoor 2,24.0,frei,13
2026-05-29T21:29:01,2026-06-11,10:30,90,Outdoor 2,36.0,frei,13
2026-05-29T21:29:01,2026-06-11,10:30,120,Outdoor 2,48.0,frei,13
2026-05-29T21:29:01,2026-06-11,10:30,150,Outdoor 2,60.0,frei,13
2026-05-29T21:29:01,2026-06-11,11:00,60,Outdoor 2,24.0,frei,13
2026-05-29T21:29:01,2026-06-11,11:00,90,Outdoor 2,36.0,frei,13
2026-05-29T21:29:01,2026-06-11,11:00,120,Outdoor 2,48.0,frei,13
2026-05-29T21:29:01,2026-06-11,11:00,150,Outdoor 2,60.0,frei,13
2026-05-29T21:29:01,2026-06-11,11:30,60,Outdoor 2,24.0,frei,13
2026-05-29T21:29:01,2026-06-11,11:30,90,Outdoor 2,36.0,frei,13
2026-05-29T21:29:01,2026-06-11,11:30,120,Outdoor 2,48.0,frei,13
2026-05-29T21:29:01,2026-06-11,11:30,150,Outdoor 2,60.0,frei,13
2026-05-29T21:29:01,2026-06-11,12:00,60,Outdoor 2,24.0,frei,13
2026-05-29T21:29:01,2026-06-11,12:00,90,Outdoor 2,36.0,frei,13
2026-05-29T21:29:01,2026-06-11,12:00,120,Outdoor 2,48.0,frei,13
2026-05-29T21:29:01,2026-06-11,12:00,150,Outdoor 2,60.0,frei,13
2026-05-29T21:29:01,2026-06-11,12:30,60,Outdoor 2,24.0,frei,13
2026-05-29T21:29:01,2026-06-11,12:30,90,Outdoor 2,36.0,frei,13
2026-05-29T21:29:01,2026-06-11,12:30,120,Outdoor 2,48.0,frei,13
2026-05-29T21:29:01,2026-06-11,12:30,150,Outdoor 2,60.0,frei,13
2026-05-29T21:29:01,2026-06-11,13:00,60,Outdoor 2,24.0,frei,13
2026-05-29T21:29:01,2026-06-11,13:00,90,Outdoor 2,36.0,frei,13
2026-05-29T21:29:01,2026-06-11,13:00,120,Outdoor 2,48.0,frei,13
2026-05-29T21:29:01,2026-06-11,13:00,150,Outdoor 2,60.0,frei,13
2026-05-29T21:29:01,2026-06-11,13:30,60,Outdoor 2,24.0,frei,13
2026-05-29T21:29:01,2026-06-11,13:30,90,Outdoor 2,36.0,frei,13
2026-05-29T21:29:01,2026-06-11,13:30,120,Outdoor 2,48.0,frei,13
2026-05-29T21:29:01,2026-06-11,13:30,150,Outdoor 2,60.0,frei,13
2026-05-29T21:29:01,2026-06-11,14:00,60,Outdoor 2,24.0,frei,13
2026-05-29T21:29:01,2026-06-11,14:00,90,Outdoor 2,36.0,frei,13
2026-05-29T21:29:01,2026-06-11,14:00,120,Outdoor 2,48.0,frei,13
2026-05-29T21:29:01,2026-06-11,14:30,60,Outdoor 2,24.0,frei,13
2026-05-29T21:29:01,2026-06-11,14:30,90,Outdoor 2,36.0,frei,13
2026-05-29T21:29:01,2026-06-11,14:30,150,Outdoor 2,72.0,frei,13
2026-05-29T21:29:01,2026-06-11,15:00,60,Outdoor 2,24.0,frei,13
2026-05-29T21:29:01,2026-06-11,15:00,120,Outdoor 2,60.0,frei,13
2026-05-29T21:29:01,2026-06-11,15:30,90,Outdoor 2,48.0,frei,13
2026-05-29T21:29:01,2026-06-11,16:00,60,Outdoor 2,36.0,frei,13
2026-05-29T21:29:01,2026-06-11,08:00,60,Outdoor 4,24.0,frei,13
2026-05-29T21:29:01,2026-06-11,08:00,90,Outdoor 4,36.0,frei,13
2026-05-29T21:29:01,2026-06-11,08:00,120,Outdoor 4,48.0,frei,13
2026-05-29T21:29:01,2026-06-11,08:00,150,Outdoor 4,60.0,frei,13
2026-05-29T21:29:01,2026-06-11,08:30,60,Outdoor 4,24.0,frei,13
2026-05-29T21:29:01,2026-06-11,08:30,90,Outdoor 4,36.0,frei,13
2026-05-29T21:29:01,2026-06-11,08:30,120,Outdoor 4,48.0,frei,13
2026-05-29T21:29:01,2026-06-11,08:30,150,Outdoor 4,60.0,frei,13
2026-05-29T21:29:01,2026-06-11,09:00,60,Outdoor 4,24.0,frei,13
2026-05-29T21:29:01,2026-06-11,09:00,90,Outdoor 4,36.0,frei,13
2026-05-29T21:29:01,2026-06-11,09:00,120,Outdoor 4,48.0,frei,13
2026-05-29T21:29:01,2026-06-11,09:00,150,Outdoor 4,60.0,frei,13
2026-05-29T21:29:01,2026-06-11,09:30,60,Outdoor 4,24.0,frei,13
2026-05-29T21:29:01,2026-06-11,09:30,90,Outdoor 4,36.0,frei,13
2026-05-29T21:29:01,2026-06-11,09:30,120,Outdoor 4,48.0,frei,13
2026-05-29T21:29:01,2026-06-11,09:30,150,Outdoor 4,60.0,frei,13
2026-05-29T21:29:01,2026-06-11,10:00,60,Outdoor 4,24.0,frei,13
2026-05-29T21:29:01,2026-06-11,10:00,90,Outdoor 4,36.0,frei,13
2026-05-29T21:29:01,2026-06-11,10:00,120,Outdoor 4,48.0,frei,13
2026-05-29T21:29:01,2026-06-11,10:00,150,Outdoor 4,60.0,frei,13
2026-05-29T21:29:01,2026-06-11,10:30,60,Outdoor 4,24.0,frei,13
2026-05-29T21:29:01,2026-06-11,10:30,90,Outdoor 4,36.0,frei,13
2026-05-29T21:29:01,2026-06-11,10:30,120,Outdoor 4,48.0,frei,13
2026-05-29T21:29:01,2026-06-11,10:30,150,Outdoor 4,60.0,frei,13
2026-05-29T21:29:01,2026-06-11,11:00,60,Outdoor 4,24.0,frei,13
2026-05-29T21:29:01,2026-06-11,11:00,90,Outdoor 4,36.0,frei,13
2026-05-29T21:29:01,2026-06-11,11:00,120,Outdoor 4,48.0,frei,13
2026-05-29T21:29:01,2026-06-11,11:00,150,Outdoor 4,60.0,frei,13
2026-05-29T21:29:01,2026-06-11,11:30,60,Outdoor 4,24.0,frei,13
2026-05-29T21:29:01,2026-06-11,11:30,90,Outdoor 4,36.0,frei,13
2026-05-29T21:29:01,2026-06-11,11:30,120,Outdoor 4,48.0,frei,13
2026-05-29T21:29:01,2026-06-11,11:30,150,Outdoor 4,60.0,frei,13
2026-05-29T21:29:01,2026-06-11,12:00,60,Outdoor 4,24.0,frei,13
2026-05-29T21:29:01,2026-06-11,12:00,90,Outdoor 4,36.0,frei,13
2026-05-29T21:29:01,2026-06-11,12:00,120,Outdoor 4,48.0,frei,13
2026-05-29T21:29:01,2026-06-11,12:00,150,Outdoor 4,60.0,frei,13
2026-05-29T21:29:01,2026-06-11,12:30,60,Outdoor 4,24.0,frei,13
2026-05-29T21:29:01,2026-06-11,12:30,90,Outdoor 4,36.0,frei,13
2026-05-29T21:29:01,2026-06-11,12:30,120,Outdoor 4,48.0,frei,13
2026-05-29T21:29:01,2026-06-11,12:30,150,Outdoor 4,60.0,frei,13
2026-05-29T21:29:01,2026-06-11,13:00,60,Outdoor 4,24.0,frei,13
2026-05-29T21:29:01,2026-06-11,13:00,90,Outdoor 4,36.0,frei,13
2026-05-29T21:29:01,2026-06-11,13:00,120,Outdoor 4,48.0,frei,13
2026-05-29T21:29:01,2026-06-11,13:00,150,Outdoor 4,60.0,frei,13
2026-05-29T21:29:01,2026-06-11,13:30,60,Outdoor 4,24.0,frei,13
2026-05-29T21:29:01,2026-06-11,13:30,90,Outdoor 4,36.0,frei,13
2026-05-29T21:29:01,2026-06-11,13:30,120,Outdoor 4,48.0,frei,13
2026-05-29T21:29:01,2026-06-11,13:30,150,Outdoor 4,60.0,frei,13
2026-05-29T21:29:01,2026-06-11,14:00,60,Outdoor 4,24.0,frei,13
2026-05-29T21:29:01,2026-06-11,14:00,90,Outdoor 4,36.0,frei,13
2026-05-29T21:29:01,2026-06-11,14:00,120,Outdoor 4,48.0,frei,13
2026-05-29T21:29:01,2026-06-11,14:00,150,Outdoor 4,66.0,frei,13
2026-05-29T21:29:01,2026-06-11,14:30,60,Outdoor 4,24.0,frei,13
2026-05-29T21:29:01,2026-06-11,14:30,90,Outdoor 4,36.0,frei,13
2026-05-29T21:29:01,2026-06-11,14:30,120,Outdoor 4,54.0,frei,13
2026-05-29T21:29:01,2026-06-11,15:00,60,Outdoor 4,24.0,frei,13
2026-05-29T21:29:01,2026-06-11,15:00,90,Outdoor 4,42.0,frei,13
2026-05-29T21:29:01,2026-06-11,15:00,150,Outdoor 4,78.0,frei,13
2026-05-29T21:29:01,2026-06-11,15:30,60,Outdoor 4,30.0,frei,13
2026-05-29T21:29:01,2026-06-11,15:30,120,Outdoor 4,66.0,frei,13
2026-05-29T21:29:01,2026-06-11,16:00,90,Outdoor 4,54.0,frei,13
2026-05-29T21:29:01,2026-06-11,16:30,60,Outdoor 4,36.0,frei,13
2026-05-29T21:29:01,2026-06-11,08:00,60,Indoor 1,30.0,frei,13
2026-05-29T21:29:01,2026-06-11,08:00,90,Indoor 1,45.0,frei,13
2026-05-29T21:29:01,2026-06-11,08:00,120,Indoor 1,60.0,frei,13
2026-05-29T21:29:01,2026-06-11,09:00,60,Indoor 1,30.0,frei,13
2026-05-29T21:29:01,2026-06-11,09:00,90,Indoor 1,45.0,frei,13
2026-05-29T21:29:01,2026-06-11,09:00,120,Indoor 1,60.0,frei,13
2026-05-29T21:29:01,2026-06-11,09:30,60,Indoor 1,30.0,frei,13
2026-05-29T21:29:01,2026-06-11,09:30,90,Indoor 1,45.0,frei,13
2026-05-29T21:29:01,2026-06-11,09:30,120,Indoor 1,60.0,frei,13
2026-05-29T21:29:01,2026-06-11,10:00,60,Indoor 1,30.0,frei,13
2026-05-29T21:29:01,2026-06-11,10:00,90,Indoor 1,45.0,frei,13
2026-05-29T21:29:01,2026-06-11,10:00,120,Indoor 1,60.0,frei,13
2026-05-29T21:29:01,2026-06-11,10:30,60,Indoor 1,30.0,frei,13
2026-05-29T21:29:01,2026-06-11,10:30,90,Indoor 1,45.0,frei,13
2026-05-29T21:29:01,2026-06-11,10:30,120,Indoor 1,60.0,frei,13
2026-05-29T21:29:01,2026-06-11,11:00,60,Indoor 1,30.0,frei,13
2026-05-29T21:29:01,2026-06-11,11:00,90,Indoor 1,45.0,frei,13
2026-05-29T21:29:01,2026-06-11,11:00,120,Indoor 1,60.0,frei,13
2026-05-29T21:29:01,2026-06-11,11:30,60,Indoor 1,30.0,frei,13
2026-05-29T21:29:01,2026-06-11,11:30,90,Indoor 1,45.0,frei,13
2026-05-29T21:29:01,2026-06-11,11:30,120,Indoor 1,60.0,frei,13
2026-05-29T21:29:01,2026-06-11,12:00,60,Indoor 1,30.0,frei,13
2026-05-29T21:29:01,2026-06-11,12:00,90,Indoor 1,45.0,frei,13
2026-05-29T21:29:01,2026-06-11,12:00,120,Indoor 1,60.0,frei,13
2026-05-29T21:29:01,2026-06-11,12:30,60,Indoor 1,30.0,frei,13
2026-05-29T21:29:01,2026-06-11,12:30,90,Indoor 1,45.0,frei,13
2026-05-29T21:29:01,2026-06-11,12:30,120,Indoor 1,60.0,frei,13
2026-05-29T21:29:01,2026-06-11,13:00,60,Indoor 1,30.0,frei,13
2026-05-29T21:29:01,2026-06-11,13:00,90,Indoor 1,45.0,frei,13
2026-05-29T21:29:01,2026-06-11,13:00,120,Indoor 1,60.0,frei,13
2026-05-29T21:29:01,2026-06-11,13:30,60,Indoor 1,30.0,frei,13
2026-05-29T21:29:01,2026-06-11,13:30,90,Indoor 1,45.0,frei,13
2026-05-29T21:29:01,2026-06-11,13:30,120,Indoor 1,60.0,frei,13
2026-05-29T21:29:01,2026-06-11,14:00,60,Indoor 1,30.0,frei,13
2026-05-29T21:29:01,2026-06-11,14:00,90,Indoor 1,45.0,frei,13
2026-05-29T21:29:01,2026-06-11,14:30,60,Indoor 1,30.0,frei,13
2026-05-29T21:29:01,2026-06-11,14:30,120,Indoor 1,66.0,frei,13
2026-05-29T21:29:01,2026-06-11,15:00,90,Indoor 1,51.0,frei,13
2026-05-29T21:29:01,2026-06-11,15:30,60,Indoor 1,36.0,frei,13
2026-05-29T21:29:01,2026-06-11,22:30,90,Indoor 1,45.0,frei,13
2026-05-29T21:29:01,2026-06-11,08:00,60,Outdoor 3,24.0,frei,13
2026-05-29T21:29:01,2026-06-11,08:00,90,Outdoor 3,36.0,frei,13
2026-05-29T21:29:01,2026-06-11,08:00,120,Outdoor 3,48.0,frei,13
2026-05-29T21:29:01,2026-06-11,08:00,150,Outdoor 3,60.0,frei,13
2026-05-29T21:29:01,2026-06-11,08:30,60,Outdoor 3,24.0,frei,13
2026-05-29T21:29:01,2026-06-11,08:30,90,Outdoor 3,36.0,frei,13
2026-05-29T21:29:01,2026-06-11,08:30,120,Outdoor 3,48.0,frei,13
2026-05-29T21:29:01,2026-06-11,08:30,150,Outdoor 3,60.0,frei,13
2026-05-29T21:29:01,2026-06-11,09:00,60,Outdoor 3,24.0,frei,13
2026-05-29T21:29:01,2026-06-11,09:00,90,Outdoor 3,36.0,frei,13
2026-05-29T21:29:01,2026-06-11,09:00,120,Outdoor 3,48.0,frei,13
2026-05-29T21:29:01,2026-06-11,09:00,150,Outdoor 3,60.0,frei,13
2026-05-29T21:29:01,2026-06-11,09:30,60,Outdoor 3,24.0,frei,13
2026-05-29T21:29:01,2026-06-11,09:30,90,Outdoor 3,36.0,frei,13
2026-05-29T21:29:01,2026-06-11,09:30,120,Outdoor 3,48.0,frei,13
2026-05-29T21:29:01,2026-06-11,09:30,150,Outdoor 3,60.0,frei,13
2026-05-29T21:29:01,2026-06-11,10:00,60,Outdoor 3,24.0,frei,13
2026-05-29T21:29:01,2026-06-11,10:00,90,Outdoor 3,36.0,frei,13
2026-05-29T21:29:01,2026-06-11,10:00,120,Outdoor 3,48.0,frei,13
2026-05-29T21:29:01,2026-06-11,10:00,150,Outdoor 3,60.0,frei,13
2026-05-29T21:29:01,2026-06-11,10:30,60,Outdoor 3,24.0,frei,13
2026-05-29T21:29:01,2026-06-11,10:30,90,Outdoor 3,36.0,frei,13
2026-05-29T21:29:01,2026-06-11,10:30,120,Outdoor 3,48.0,frei,13
2026-05-29T21:29:01,2026-06-11,10:30,150,Outdoor 3,60.0,frei,13
2026-05-29T21:29:01,2026-06-11,11:00,60,Outdoor 3,24.0,frei,13
2026-05-29T21:29:01,2026-06-11,11:00,90,Outdoor 3,36.0,frei,13
2026-05-29T21:29:01,2026-06-11,11:00,120,Outdoor 3,48.0,frei,13
2026-05-29T21:29:01,2026-06-11,11:00,150,Outdoor 3,60.0,frei,13
2026-05-29T21:29:01,2026-06-11,11:30,60,Outdoor 3,24.0,frei,13
2026-05-29T21:29:01,2026-06-11,11:30,90,Outdoor 3,36.0,frei,13
2026-05-29T21:29:01,2026-06-11,11:30,120,Outdoor 3,48.0,frei,13
2026-05-29T21:29:01,2026-06-11,11:30,150,Outdoor 3,60.0,frei,13
2026-05-29T21:29:01,2026-06-11,12:00,60,Outdoor 3,24.0,frei,13
2026-05-29T21:29:01,2026-06-11,12:00,90,Outdoor 3,36.0,frei,13
2026-05-29T21:29:01,2026-06-11,12:00,120,Outdoor 3,48.0,frei,13
2026-05-29T21:29:01,2026-06-11,12:00,150,Outdoor 3,60.0,frei,13
2026-05-29T21:29:01,2026-06-11,12:30,60,Outdoor 3,24.0,frei,13
2026-05-29T21:29:01,2026-06-11,12:30,90,Outdoor 3,36.0,frei,13
2026-05-29T21:29:01,2026-06-11,12:30,120,Outdoor 3,48.0,frei,13
2026-05-29T21:29:01,2026-06-11,12:30,150,Outdoor 3,60.0,frei,13
2026-05-29T21:29:01,2026-06-11,13:00,60,Outdoor 3,24.0,frei,13
2026-05-29T21:29:01,2026-06-11,13:00,90,Outdoor 3,36.0,frei,13
2026-05-29T21:29:01,2026-06-11,13:00,120,Outdoor 3,48.0,frei,13
2026-05-29T21:29:01,2026-06-11,13:00,150,Outdoor 3,60.0,frei,13
2026-05-29T21:29:01,2026-06-11,13:30,60,Outdoor 3,24.0,frei,13
2026-05-29T21:29:01,2026-06-11,13:30,90,Outdoor 3,36.0,frei,13
2026-05-29T21:29:01,2026-06-11,13:30,120,Outdoor 3,48.0,frei,13
2026-05-29T21:29:01,2026-06-11,13:30,150,Outdoor 3,60.0,frei,13
2026-05-29T21:29:01,2026-06-11,14:00,60,Outdoor 3,24.0,frei,13
2026-05-29T21:29:01,2026-06-11,14:00,90,Outdoor 3,36.0,frei,13
2026-05-29T21:29:01,2026-06-11,14:00,120,Outdoor 3,48.0,frei,13
2026-05-29T21:29:01,2026-06-11,14:00,150,Outdoor 3,66.0,frei,13
2026-05-29T21:29:01,2026-06-11,14:30,60,Outdoor 3,24.0,frei,13
2026-05-29T21:29:01,2026-06-11,14:30,90,Outdoor 3,36.0,frei,13
2026-05-29T21:29:01,2026-06-11,14:30,120,Outdoor 3,54.0,frei,13
2026-05-29T21:29:01,2026-06-11,15:00,60,Outdoor 3,24.0,frei,13
2026-05-29T21:29:01,2026-06-11,15:00,90,Outdoor 3,42.0,frei,13
2026-05-29T21:29:01,2026-06-11,15:00,150,Outdoor 3,78.0,frei,13
2026-05-29T21:29:01,2026-06-11,15:30,60,Outdoor 3,30.0,frei,13
2026-05-29T21:29:01,2026-06-11,15:30,120,Outdoor 3,66.0,frei,13
2026-05-29T21:29:01,2026-06-11,16:00,90,Outdoor 3,54.0,frei,13
2026-05-29T21:29:01,2026-06-11,16:30,60,Outdoor 3,36.0,frei,13
2026-05-29T21:29:01,2026-06-11,21:00,60,Outdoor 3,36.0,frei,13
2026-05-29T21:29:01,2026-06-12,08:00,60,Indoor 3,30.0,frei,14
2026-05-29T21:29:01,2026-06-12,08:00,90,Indoor 3,45.0,frei,14
2026-05-29T21:29:01,2026-06-12,08:00,120,Indoor 3,60.0,frei,14
2026-05-29T21:29:01,2026-06-12,09:00,60,Indoor 3,30.0,frei,14
2026-05-29T21:29:01,2026-06-12,09:00,90,Indoor 3,45.0,frei,14
2026-05-29T21:29:01,2026-06-12,09:00,120,Indoor 3,60.0,frei,14
2026-05-29T21:29:01,2026-06-12,09:30,60,Indoor 3,30.0,frei,14
2026-05-29T21:29:01,2026-06-12,09:30,90,Indoor 3,45.0,frei,14
2026-05-29T21:29:01,2026-06-12,09:30,120,Indoor 3,60.0,frei,14
2026-05-29T21:29:01,2026-06-12,10:00,60,Indoor 3,30.0,frei,14
2026-05-29T21:29:01,2026-06-12,10:00,90,Indoor 3,45.0,frei,14
2026-05-29T21:29:01,2026-06-12,10:00,120,Indoor 3,60.0,frei,14
2026-05-29T21:29:01,2026-06-12,10:30,60,Indoor 3,30.0,frei,14
2026-05-29T21:29:01,2026-06-12,10:30,90,Indoor 3,45.0,frei,14
2026-05-29T21:29:01,2026-06-12,10:30,120,Indoor 3,60.0,frei,14
2026-05-29T21:29:01,2026-06-12,11:00,60,Indoor 3,30.0,frei,14
2026-05-29T21:29:01,2026-06-12,11:00,90,Indoor 3,45.0,frei,14
2026-05-29T21:29:01,2026-06-12,11:00,120,Indoor 3,60.0,frei,14
2026-05-29T21:29:01,2026-06-12,11:30,60,Indoor 3,30.0,frei,14
2026-05-29T21:29:01,2026-06-12,11:30,90,Indoor 3,45.0,frei,14
2026-05-29T21:29:01,2026-06-12,11:30,120,Indoor 3,60.0,frei,14
2026-05-29T21:29:01,2026-06-12,12:00,60,Indoor 3,30.0,frei,14
2026-05-29T21:29:01,2026-06-12,12:00,90,Indoor 3,45.0,frei,14
2026-05-29T21:29:01,2026-06-12,12:00,120,Indoor 3,60.0,frei,14
2026-05-29T21:29:01,2026-06-12,12:30,60,Indoor 3,30.0,frei,14
2026-05-29T21:29:01,2026-06-12,12:30,90,Indoor 3,45.0,frei,14
2026-05-29T21:29:01,2026-06-12,12:30,120,Indoor 3,60.0,frei,14
2026-05-29T21:29:01,2026-06-12,13:00,60,Indoor 3,30.0,frei,14
2026-05-29T21:29:01,2026-06-12,13:00,90,Indoor 3,45.0,frei,14
2026-05-29T21:29:01,2026-06-12,13:00,120,Indoor 3,60.0,frei,14
2026-05-29T21:29:01,2026-06-12,13:30,60,Indoor 3,30.0,frei,14
2026-05-29T21:29:01,2026-06-12,13:30,90,Indoor 3,45.0,frei,14
2026-05-29T21:29:01,2026-06-12,13:30,120,Indoor 3,60.0,frei,14
2026-05-29T21:29:01,2026-06-12,14:00,60,Indoor 3,30.0,frei,14
2026-05-29T21:29:01,2026-06-12,14:00,90,Indoor 3,45.0,frei,14
2026-05-29T21:29:01,2026-06-12,14:30,60,Indoor 3,30.0,frei,14
2026-05-29T21:29:01,2026-06-12,14:30,120,Indoor 3,66.0,frei,14
2026-05-29T21:29:01,2026-06-12,15:00,90,Indoor 3,51.0,frei,14
2026-05-29T21:29:01,2026-06-12,15:30,60,Indoor 3,36.0,frei,14
2026-05-29T21:29:01,2026-06-12,20:00,60,Indoor 3,42.0,frei,14
2026-05-29T21:29:01,2026-06-12,20:00,90,Indoor 3,63.0,frei,14
2026-05-29T21:29:01,2026-06-12,20:00,120,Indoor 3,84.0,frei,14
2026-05-29T21:29:01,2026-06-12,21:00,60,Indoor 3,42.0,frei,14
2026-05-29T21:29:01,2026-06-12,21:00,90,Indoor 3,63.0,frei,14
2026-05-29T21:29:01,2026-06-12,21:00,120,Indoor 3,78.0,frei,14
2026-05-29T21:29:01,2026-06-12,08:00,60,Outdoor 3,24.0,frei,14
2026-05-29T21:29:01,2026-06-12,08:00,90,Outdoor 3,36.0,frei,14
2026-05-29T21:29:01,2026-06-12,08:00,120,Outdoor 3,48.0,frei,14
2026-05-29T21:29:01,2026-06-12,08:00,150,Outdoor 3,60.0,frei,14
2026-05-29T21:29:01,2026-06-12,08:30,60,Outdoor 3,24.0,frei,14
2026-05-29T21:29:01,2026-06-12,08:30,90,Outdoor 3,36.0,frei,14
2026-05-29T21:29:01,2026-06-12,08:30,120,Outdoor 3,48.0,frei,14
2026-05-29T21:29:01,2026-06-12,08:30,150,Outdoor 3,60.0,frei,14
2026-05-29T21:29:01,2026-06-12,09:00,60,Outdoor 3,24.0,frei,14
2026-05-29T21:29:01,2026-06-12,09:00,90,Outdoor 3,36.0,frei,14
2026-05-29T21:29:01,2026-06-12,09:00,120,Outdoor 3,48.0,frei,14
2026-05-29T21:29:01,2026-06-12,09:00,150,Outdoor 3,60.0,frei,14
2026-05-29T21:29:01,2026-06-12,09:30,60,Outdoor 3,24.0,frei,14
2026-05-29T21:29:01,2026-06-12,09:30,90,Outdoor 3,36.0,frei,14
2026-05-29T21:29:01,2026-06-12,09:30,120,Outdoor 3,48.0,frei,14
2026-05-29T21:29:01,2026-06-12,09:30,150,Outdoor 3,60.0,frei,14
2026-05-29T21:29:01,2026-06-12,10:00,60,Outdoor 3,24.0,frei,14
2026-05-29T21:29:01,2026-06-12,10:00,90,Outdoor 3,36.0,frei,14
2026-05-29T21:29:01,2026-06-12,10:00,120,Outdoor 3,48.0,frei,14
2026-05-29T21:29:01,2026-06-12,10:00,150,Outdoor 3,60.0,frei,14
2026-05-29T21:29:01,2026-06-12,10:30,60,Outdoor 3,24.0,frei,14
2026-05-29T21:29:01,2026-06-12,10:30,90,Outdoor 3,36.0,frei,14
2026-05-29T21:29:01,2026-06-12,10:30,120,Outdoor 3,48.0,frei,14
2026-05-29T21:29:01,2026-06-12,10:30,150,Outdoor 3,60.0,frei,14
2026-05-29T21:29:01,2026-06-12,11:00,60,Outdoor 3,24.0,frei,14
2026-05-29T21:29:01,2026-06-12,11:00,90,Outdoor 3,36.0,frei,14
2026-05-29T21:29:01,2026-06-12,11:00,120,Outdoor 3,48.0,frei,14
2026-05-29T21:29:01,2026-06-12,11:00,150,Outdoor 3,60.0,frei,14
2026-05-29T21:29:01,2026-06-12,11:30,60,Outdoor 3,24.0,frei,14
2026-05-29T21:29:01,2026-06-12,11:30,90,Outdoor 3,36.0,frei,14
2026-05-29T21:29:01,2026-06-12,11:30,120,Outdoor 3,48.0,frei,14
2026-05-29T21:29:01,2026-06-12,11:30,150,Outdoor 3,60.0,frei,14
2026-05-29T21:29:01,2026-06-12,12:00,60,Outdoor 3,24.0,frei,14
2026-05-29T21:29:01,2026-06-12,12:00,90,Outdoor 3,36.0,frei,14
2026-05-29T21:29:01,2026-06-12,12:00,120,Outdoor 3,48.0,frei,14
2026-05-29T21:29:01,2026-06-12,12:00,150,Outdoor 3,60.0,frei,14
2026-05-29T21:29:01,2026-06-12,12:30,60,Outdoor 3,24.0,frei,14
2026-05-29T21:29:01,2026-06-12,12:30,90,Outdoor 3,36.0,frei,14
2026-05-29T21:29:01,2026-06-12,12:30,120,Outdoor 3,48.0,frei,14
2026-05-29T21:29:01,2026-06-12,12:30,150,Outdoor 3,60.0,frei,14
2026-05-29T21:29:01,2026-06-12,13:00,60,Outdoor 3,24.0,frei,14
2026-05-29T21:29:01,2026-06-12,13:00,90,Outdoor 3,36.0,frei,14
2026-05-29T21:29:01,2026-06-12,13:00,120,Outdoor 3,48.0,frei,14
2026-05-29T21:29:01,2026-06-12,13:00,150,Outdoor 3,60.0,frei,14
2026-05-29T21:29:01,2026-06-12,13:30,60,Outdoor 3,24.0,frei,14
2026-05-29T21:29:01,2026-06-12,13:30,90,Outdoor 3,36.0,frei,14
2026-05-29T21:29:01,2026-06-12,13:30,120,Outdoor 3,48.0,frei,14
2026-05-29T21:29:01,2026-06-12,14:00,60,Outdoor 3,24.0,frei,14
2026-05-29T21:29:01,2026-06-12,14:00,90,Outdoor 3,36.0,frei,14
2026-05-29T21:29:01,2026-06-12,14:00,150,Outdoor 3,66.0,frei,14
2026-05-29T21:29:01,2026-06-12,14:30,60,Outdoor 3,24.0,frei,14
2026-05-29T21:29:01,2026-06-12,14:30,120,Outdoor 3,54.0,frei,14
2026-05-29T21:29:01,2026-06-12,15:00,90,Outdoor 3,42.0,frei,14
2026-05-29T21:29:01,2026-06-12,15:30,60,Outdoor 3,30.0,frei,14
2026-05-29T21:29:01,2026-06-12,08:00,60,Outdoor 4,24.0,frei,14
2026-05-29T21:29:01,2026-06-12,08:00,90,Outdoor 4,36.0,frei,14
2026-05-29T21:29:01,2026-06-12,08:00,120,Outdoor 4,48.0,frei,14
2026-05-29T21:29:01,2026-06-12,08:00,150,Outdoor 4,60.0,frei,14
2026-05-29T21:29:01,2026-06-12,08:30,60,Outdoor 4,24.0,frei,14
2026-05-29T21:29:01,2026-06-12,08:30,90,Outdoor 4,36.0,frei,14
2026-05-29T21:29:01,2026-06-12,08:30,120,Outdoor 4,48.0,frei,14
2026-05-29T21:29:01,2026-06-12,08:30,150,Outdoor 4,60.0,frei,14
2026-05-29T21:29:01,2026-06-12,09:00,60,Outdoor 4,24.0,frei,14
2026-05-29T21:29:01,2026-06-12,09:00,90,Outdoor 4,36.0,frei,14
2026-05-29T21:29:01,2026-06-12,09:00,120,Outdoor 4,48.0,frei,14
2026-05-29T21:29:01,2026-06-12,09:00,150,Outdoor 4,60.0,frei,14
2026-05-29T21:29:01,2026-06-12,09:30,60,Outdoor 4,24.0,frei,14
2026-05-29T21:29:01,2026-06-12,09:30,90,Outdoor 4,36.0,frei,14
2026-05-29T21:29:01,2026-06-12,09:30,120,Outdoor 4,48.0,frei,14
2026-05-29T21:29:01,2026-06-12,09:30,150,Outdoor 4,60.0,frei,14
2026-05-29T21:29:01,2026-06-12,10:00,60,Outdoor 4,24.0,frei,14
2026-05-29T21:29:01,2026-06-12,10:00,90,Outdoor 4,36.0,frei,14
2026-05-29T21:29:01,2026-06-12,10:00,120,Outdoor 4,48.0,frei,14
2026-05-29T21:29:01,2026-06-12,10:00,150,Outdoor 4,60.0,frei,14
2026-05-29T21:29:01,2026-06-12,10:30,60,Outdoor 4,24.0,frei,14
2026-05-29T21:29:01,2026-06-12,10:30,90,Outdoor 4,36.0,frei,14
2026-05-29T21:29:01,2026-06-12,10:30,120,Outdoor 4,48.0,frei,14
2026-05-29T21:29:01,2026-06-12,10:30,150,Outdoor 4,60.0,frei,14
2026-05-29T21:29:01,2026-06-12,11:00,60,Outdoor 4,24.0,frei,14
2026-05-29T21:29:01,2026-06-12,11:00,90,Outdoor 4,36.0,frei,14
2026-05-29T21:29:01,2026-06-12,11:00,120,Outdoor 4,48.0,frei,14
2026-05-29T21:29:01,2026-06-12,11:00,150,Outdoor 4,60.0,frei,14
2026-05-29T21:29:01,2026-06-12,11:30,60,Outdoor 4,24.0,frei,14
2026-05-29T21:29:01,2026-06-12,11:30,90,Outdoor 4,36.0,frei,14
2026-05-29T21:29:01,2026-06-12,11:30,120,Outdoor 4,48.0,frei,14
2026-05-29T21:29:01,2026-06-12,11:30,150,Outdoor 4,60.0,frei,14
2026-05-29T21:29:01,2026-06-12,12:00,60,Outdoor 4,24.0,frei,14
2026-05-29T21:29:01,2026-06-12,12:00,90,Outdoor 4,36.0,frei,14
2026-05-29T21:29:01,2026-06-12,12:00,120,Outdoor 4,48.0,frei,14
2026-05-29T21:29:01,2026-06-12,12:00,150,Outdoor 4,60.0,frei,14
2026-05-29T21:29:01,2026-06-12,12:30,60,Outdoor 4,24.0,frei,14
2026-05-29T21:29:01,2026-06-12,12:30,90,Outdoor 4,36.0,frei,14
2026-05-29T21:29:01,2026-06-12,12:30,120,Outdoor 4,48.0,frei,14
2026-05-29T21:29:01,2026-06-12,12:30,150,Outdoor 4,60.0,frei,14
2026-05-29T21:29:01,2026-06-12,13:00,60,Outdoor 4,24.0,frei,14
2026-05-29T21:29:01,2026-06-12,13:00,90,Outdoor 4,36.0,frei,14
2026-05-29T21:29:01,2026-06-12,13:00,120,Outdoor 4,48.0,frei,14
2026-05-29T21:29:01,2026-06-12,13:30,60,Outdoor 4,24.0,frei,14
2026-05-29T21:29:01,2026-06-12,13:30,90,Outdoor 4,36.0,frei,14
2026-05-29T21:29:01,2026-06-12,13:30,150,Outdoor 4,60.0,frei,14
2026-05-29T21:29:01,2026-06-12,14:00,60,Outdoor 4,24.0,frei,14
2026-05-29T21:29:01,2026-06-12,14:00,120,Outdoor 4,48.0,frei,14
2026-05-29T21:29:01,2026-06-12,14:30,90,Outdoor 4,36.0,frei,14
2026-05-29T21:29:01,2026-06-12,15:00,60,Outdoor 4,24.0,frei,14
2026-05-29T21:29:01,2026-06-12,08:00,60,Indoor 4,30.0,frei,14
2026-05-29T21:29:01,2026-06-12,08:00,90,Indoor 4,45.0,frei,14
2026-05-29T21:29:01,2026-06-12,08:00,120,Indoor 4,60.0,frei,14
2026-05-29T21:29:01,2026-06-12,09:00,60,Indoor 4,30.0,frei,14
2026-05-29T21:29:01,2026-06-12,09:00,90,Indoor 4,45.0,frei,14
2026-05-29T21:29:01,2026-06-12,09:00,120,Indoor 4,60.0,frei,14
2026-05-29T21:29:01,2026-06-12,09:30,60,Indoor 4,30.0,frei,14
2026-05-29T21:29:01,2026-06-12,09:30,90,Indoor 4,45.0,frei,14
2026-05-29T21:29:01,2026-06-12,09:30,120,Indoor 4,60.0,frei,14
2026-05-29T21:29:01,2026-06-12,10:00,60,Indoor 4,30.0,frei,14
2026-05-29T21:29:01,2026-06-12,10:00,90,Indoor 4,45.0,frei,14
2026-05-29T21:29:01,2026-06-12,10:00,120,Indoor 4,60.0,frei,14
2026-05-29T21:29:01,2026-06-12,10:30,60,Indoor 4,30.0,frei,14
2026-05-29T21:29:01,2026-06-12,10:30,90,Indoor 4,45.0,frei,14
2026-05-29T21:29:01,2026-06-12,10:30,120,Indoor 4,60.0,frei,14
2026-05-29T21:29:01,2026-06-12,11:00,60,Indoor 4,30.0,frei,14
2026-05-29T21:29:01,2026-06-12,11:00,90,Indoor 4,45.0,frei,14
2026-05-29T21:29:01,2026-06-12,11:00,120,Indoor 4,60.0,frei,14
2026-05-29T21:29:01,2026-06-12,11:30,60,Indoor 4,30.0,frei,14
2026-05-29T21:29:01,2026-06-12,11:30,90,Indoor 4,45.0,frei,14
2026-05-29T21:29:01,2026-06-12,11:30,120,Indoor 4,60.0,frei,14
2026-05-29T21:29:01,2026-06-12,12:00,60,Indoor 4,30.0,frei,14
2026-05-29T21:29:01,2026-06-12,12:00,90,Indoor 4,45.0,frei,14
2026-05-29T21:29:01,2026-06-12,12:00,120,Indoor 4,60.0,frei,14
2026-05-29T21:29:01,2026-06-12,12:30,60,Indoor 4,30.0,frei,14
2026-05-29T21:29:01,2026-06-12,12:30,90,Indoor 4,45.0,frei,14
2026-05-29T21:29:01,2026-06-12,12:30,120,Indoor 4,60.0,frei,14
2026-05-29T21:29:01,2026-06-12,13:00,60,Indoor 4,30.0,frei,14
2026-05-29T21:29:01,2026-06-12,13:00,90,Indoor 4,45.0,frei,14
2026-05-29T21:29:01,2026-06-12,13:00,120,Indoor 4,60.0,frei,14
2026-05-29T21:29:01,2026-06-12,13:30,60,Indoor 4,30.0,frei,14
2026-05-29T21:29:01,2026-06-12,13:30,90,Indoor 4,45.0,frei,14
2026-05-29T21:29:01,2026-06-12,13:30,120,Indoor 4,60.0,frei,14
2026-05-29T21:29:01,2026-06-12,14:00,60,Indoor 4,30.0,frei,14
2026-05-29T21:29:01,2026-06-12,14:00,90,Indoor 4,45.0,frei,14
2026-05-29T21:29:01,2026-06-12,14:30,60,Indoor 4,30.0,frei,14
2026-05-29T21:29:01,2026-06-12,14:30,120,Indoor 4,66.0,frei,14
2026-05-29T21:29:01,2026-06-12,15:00,90,Indoor 4,51.0,frei,14
2026-05-29T21:29:01,2026-06-12,15:30,60,Indoor 4,36.0,frei,14
2026-05-29T21:29:01,2026-06-12,20:00,60,Indoor 4,42.0,frei,14
2026-05-29T21:29:01,2026-06-12,20:00,90,Indoor 4,63.0,frei,14
2026-05-29T21:29:01,2026-06-12,20:00,120,Indoor 4,84.0,frei,14
2026-05-29T21:29:01,2026-06-12,21:00,60,Indoor 4,42.0,frei,14
2026-05-29T21:29:01,2026-06-12,21:00,90,Indoor 4,63.0,frei,14
2026-05-29T21:29:01,2026-06-12,21:00,120,Indoor 4,78.0,frei,14
2026-05-29T21:29:01,2026-06-12,08:00,60,Single Indoor,22.0,frei,14
2026-05-29T21:29:01,2026-06-12,08:00,90,Single Indoor,33.0,frei,14
2026-05-29T21:29:01,2026-06-12,08:00,120,Single Indoor,44.0,frei,14
2026-05-29T21:29:01,2026-06-12,09:00,60,Single Indoor,22.0,frei,14
2026-05-29T21:29:01,2026-06-12,09:00,90,Single Indoor,33.0,frei,14
2026-05-29T21:29:01,2026-06-12,09:00,120,Single Indoor,44.0,frei,14
2026-05-29T21:29:01,2026-06-12,09:30,60,Single Indoor,22.0,frei,14
2026-05-29T21:29:01,2026-06-12,09:30,90,Single Indoor,33.0,frei,14
2026-05-29T21:29:01,2026-06-12,09:30,120,Single Indoor,44.0,frei,14
2026-05-29T21:29:01,2026-06-12,10:00,60,Single Indoor,22.0,frei,14
2026-05-29T21:29:01,2026-06-12,10:00,90,Single Indoor,33.0,frei,14
2026-05-29T21:29:01,2026-06-12,10:00,120,Single Indoor,44.0,frei,14
2026-05-29T21:29:01,2026-06-12,10:30,60,Single Indoor,22.0,frei,14
2026-05-29T21:29:01,2026-06-12,10:30,90,Single Indoor,33.0,frei,14
2026-05-29T21:29:01,2026-06-12,10:30,120,Single Indoor,44.0,frei,14
2026-05-29T21:29:01,2026-06-12,11:00,60,Single Indoor,22.0,frei,14
2026-05-29T21:29:01,2026-06-12,11:00,90,Single Indoor,33.0,frei,14
2026-05-29T21:29:01,2026-06-12,11:00,120,Single Indoor,44.0,frei,14
2026-05-29T21:29:01,2026-06-12,11:30,60,Single Indoor,22.0,frei,14
2026-05-29T21:29:01,2026-06-12,11:30,90,Single Indoor,33.0,frei,14
2026-05-29T21:29:01,2026-06-12,11:30,120,Single Indoor,44.0,frei,14
2026-05-29T21:29:01,2026-06-12,12:00,60,Single Indoor,22.0,frei,14
2026-05-29T21:29:01,2026-06-12,12:00,90,Single Indoor,33.0,frei,14
2026-05-29T21:29:01,2026-06-12,12:00,120,Single Indoor,44.0,frei,14
2026-05-29T21:29:01,2026-06-12,12:30,60,Single Indoor,22.0,frei,14
2026-05-29T21:29:01,2026-06-12,12:30,90,Single Indoor,33.0,frei,14
2026-05-29T21:29:01,2026-06-12,12:30,120,Single Indoor,44.0,frei,14
2026-05-29T21:29:01,2026-06-12,13:00,60,Single Indoor,22.0,frei,14
2026-05-29T21:29:01,2026-06-12,13:00,90,Single Indoor,33.0,frei,14
2026-05-29T21:29:01,2026-06-12,13:00,120,Single Indoor,44.0,frei,14
2026-05-29T21:29:01,2026-06-12,13:30,60,Single Indoor,22.0,frei,14
2026-05-29T21:29:01,2026-06-12,13:30,90,Single Indoor,33.0,frei,14
2026-05-29T21:29:01,2026-06-12,13:30,120,Single Indoor,44.0,frei,14
2026-05-29T21:29:01,2026-06-12,14:00,60,Single Indoor,22.0,frei,14
2026-05-29T21:29:01,2026-06-12,14:00,90,Single Indoor,33.0,frei,14
2026-05-29T21:29:01,2026-06-12,14:30,60,Single Indoor,22.0,frei,14
2026-05-29T21:29:01,2026-06-12,14:30,120,Single Indoor,48.0,frei,14
2026-05-29T21:29:01,2026-06-12,15:00,90,Single Indoor,37.0,frei,14
2026-05-29T21:29:01,2026-06-12,15:30,60,Single Indoor,26.0,frei,14
2026-05-29T21:29:01,2026-06-12,17:30,60,Single Indoor,30.0,frei,14
2026-05-29T21:29:01,2026-06-12,17:30,90,Single Indoor,45.0,frei,14
2026-05-29T21:29:01,2026-06-12,17:30,120,Single Indoor,60.0,frei,14
2026-05-29T21:29:01,2026-06-12,18:30,60,Single Indoor,30.0,frei,14
2026-05-29T21:29:01,2026-06-12,18:30,90,Single Indoor,45.0,frei,14
2026-05-29T21:29:01,2026-06-12,18:30,120,Single Indoor,60.0,frei,14
2026-05-29T21:29:01,2026-06-12,19:00,60,Single Indoor,30.0,frei,14
2026-05-29T21:29:01,2026-06-12,19:00,90,Single Indoor,45.0,frei,14
2026-05-29T21:29:01,2026-06-12,19:00,120,Single Indoor,60.0,frei,14
2026-05-29T21:29:01,2026-06-12,19:30,60,Single Indoor,30.0,frei,14
2026-05-29T21:29:01,2026-06-12,19:30,90,Single Indoor,45.0,frei,14
2026-05-29T21:29:01,2026-06-12,19:30,120,Single Indoor,60.0,frei,14
2026-05-29T21:29:01,2026-06-12,20:00,60,Single Indoor,30.0,frei,14
2026-05-29T21:29:01,2026-06-12,20:00,90,Single Indoor,45.0,frei,14
2026-05-29T21:29:01,2026-06-12,20:00,120,Single Indoor,60.0,frei,14
2026-05-29T21:29:01,2026-06-12,20:30,60,Single Indoor,30.0,frei,14
2026-05-29T21:29:01,2026-06-12,20:30,90,Single Indoor,45.0,frei,14
2026-05-29T21:29:01,2026-06-12,20:30,120,Single Indoor,60.0,frei,14
2026-05-29T21:29:01,2026-06-12,21:00,60,Single Indoor,30.0,frei,14
2026-05-29T21:29:01,2026-06-12,21:00,90,Single Indoor,45.0,frei,14
2026-05-29T21:29:01,2026-06-12,21:00,120,Single Indoor,56.0,frei,14
2026-05-29T21:29:01,2026-06-12,08:00,60,Indoor 2,30.0,frei,14
2026-05-29T21:29:01,2026-06-12,08:00,90,Indoor 2,45.0,frei,14
2026-05-29T21:29:01,2026-06-12,08:00,120,Indoor 2,60.0,frei,14
2026-05-29T21:29:01,2026-06-12,09:00,60,Indoor 2,30.0,frei,14
2026-05-29T21:29:01,2026-06-12,09:00,90,Indoor 2,45.0,frei,14
2026-05-29T21:29:01,2026-06-12,09:00,120,Indoor 2,60.0,frei,14
2026-05-29T21:29:01,2026-06-12,09:30,60,Indoor 2,30.0,frei,14
2026-05-29T21:29:01,2026-06-12,09:30,90,Indoor 2,45.0,frei,14
2026-05-29T21:29:01,2026-06-12,09:30,120,Indoor 2,60.0,frei,14
2026-05-29T21:29:01,2026-06-12,10:00,60,Indoor 2,30.0,frei,14
2026-05-29T21:29:01,2026-06-12,10:00,90,Indoor 2,45.0,frei,14
2026-05-29T21:29:01,2026-06-12,10:00,120,Indoor 2,60.0,frei,14
2026-05-29T21:29:01,2026-06-12,10:30,60,Indoor 2,30.0,frei,14
2026-05-29T21:29:01,2026-06-12,10:30,90,Indoor 2,45.0,frei,14
2026-05-29T21:29:01,2026-06-12,10:30,120,Indoor 2,60.0,frei,14
2026-05-29T21:29:01,2026-06-12,11:00,60,Indoor 2,30.0,frei,14
2026-05-29T21:29:01,2026-06-12,11:00,90,Indoor 2,45.0,frei,14
2026-05-29T21:29:01,2026-06-12,11:00,120,Indoor 2,60.0,frei,14
2026-05-29T21:29:01,2026-06-12,11:30,60,Indoor 2,30.0,frei,14
2026-05-29T21:29:01,2026-06-12,11:30,90,Indoor 2,45.0,frei,14
2026-05-29T21:29:01,2026-06-12,11:30,120,Indoor 2,60.0,frei,14
2026-05-29T21:29:01,2026-06-12,12:00,60,Indoor 2,30.0,frei,14
2026-05-29T21:29:01,2026-06-12,12:00,90,Indoor 2,45.0,frei,14
2026-05-29T21:29:01,2026-06-12,12:00,120,Indoor 2,60.0,frei,14
2026-05-29T21:29:01,2026-06-12,12:30,60,Indoor 2,30.0,frei,14
2026-05-29T21:29:01,2026-06-12,12:30,90,Indoor 2,45.0,frei,14
2026-05-29T21:29:01,2026-06-12,12:30,120,Indoor 2,60.0,frei,14
2026-05-29T21:29:01,2026-06-12,13:00,60,Indoor 2,30.0,frei,14
2026-05-29T21:29:01,2026-06-12,13:00,90,Indoor 2,45.0,frei,14
2026-05-29T21:29:01,2026-06-12,13:00,120,Indoor 2,60.0,frei,14
2026-05-29T21:29:01,2026-06-12,13:30,60,Indoor 2,30.0,frei,14
2026-05-29T21:29:01,2026-06-12,13:30,90,Indoor 2,45.0,frei,14
2026-05-29T21:29:01,2026-06-12,13:30,120,Indoor 2,60.0,frei,14
2026-05-29T21:29:01,2026-06-12,14:00,60,Indoor 2,30.0,frei,14
2026-05-29T21:29:01,2026-06-12,14:00,90,Indoor 2,45.0,frei,14
2026-05-29T21:29:01,2026-06-12,14:00,120,Indoor 2,60.0,frei,14
2026-05-29T21:29:01,2026-06-12,14:30,60,Indoor 2,30.0,frei,14
2026-05-29T21:29:01,2026-06-12,14:30,90,Indoor 2,45.0,frei,14
2026-05-29T21:29:01,2026-06-12,14:30,120,Indoor 2,66.0,frei,14
2026-05-29T21:29:01,2026-06-12,15:00,60,Indoor 2,30.0,frei,14
2026-05-29T21:29:01,2026-06-12,15:00,90,Indoor 2,51.0,frei,14
2026-05-29T21:29:01,2026-06-12,15:30,60,Indoor 2,36.0,frei,14
2026-05-29T21:29:01,2026-06-12,15:30,120,Indoor 2,78.0,frei,14
2026-05-29T21:29:01,2026-06-12,16:00,90,Indoor 2,63.0,frei,14
2026-05-29T21:29:01,2026-06-12,16:30,60,Indoor 2,42.0,frei,14
2026-05-29T21:29:01,2026-06-12,21:00,60,Indoor 2,42.0,frei,14
2026-05-29T21:29:01,2026-06-12,21:00,90,Indoor 2,63.0,frei,14
2026-05-29T21:29:01,2026-06-12,21:00,120,Indoor 2,78.0,frei,14
2026-05-29T21:29:01,2026-06-12,08:00,60,Outdoor 2,24.0,frei,14
2026-05-29T21:29:01,2026-06-12,08:00,120,Outdoor 2,48.0,frei,14
2026-05-29T21:29:01,2026-06-12,08:30,90,Outdoor 2,36.0,frei,14
2026-05-29T21:29:01,2026-06-12,09:00,60,Outdoor 2,24.0,frei,14
2026-05-29T21:29:01,2026-06-12,11:30,60,Outdoor 2,24.0,frei,14
2026-05-29T21:29:01,2026-06-12,11:30,90,Outdoor 2,36.0,frei,14
2026-05-29T21:29:01,2026-06-12,11:30,120,Outdoor 2,48.0,frei,14
2026-05-29T21:29:01,2026-06-12,11:30,150,Outdoor 2,60.0,frei,14
2026-05-29T21:29:01,2026-06-12,12:30,60,Outdoor 2,24.0,frei,14
2026-05-29T21:29:01,2026-06-12,12:30,90,Outdoor 2,36.0,frei,14
2026-05-29T21:29:01,2026-06-12,12:30,150,Outdoor 2,60.0,frei,14
2026-05-29T21:29:01,2026-06-12,13:00,60,Outdoor 2,24.0,frei,14
2026-05-29T21:29:01,2026-06-12,13:00,120,Outdoor 2,48.0,frei,14
2026-05-29T21:29:01,2026-06-12,13:30,90,Outdoor 2,36.0,frei,14
2026-05-29T21:29:01,2026-06-12,14:00,60,Outdoor 2,24.0,frei,14
2026-05-29T21:29:01,2026-06-12,08:00,60,Indoor 1,30.0,frei,14
2026-05-29T21:29:01,2026-06-12,08:00,90,Indoor 1,45.0,frei,14
2026-05-29T21:29:01,2026-06-12,08:00,120,Indoor 1,60.0,frei,14
2026-05-29T21:29:01,2026-06-12,09:00,60,Indoor 1,30.0,frei,14
2026-05-29T21:29:01,2026-06-12,09:00,90,Indoor 1,45.0,frei,14
2026-05-29T21:29:01,2026-06-12,09:00,120,Indoor 1,60.0,frei,14
2026-05-29T21:29:01,2026-06-12,09:30,60,Indoor 1,30.0,frei,14
2026-05-29T21:29:01,2026-06-12,09:30,90,Indoor 1,45.0,frei,14
2026-05-29T21:29:01,2026-06-12,09:30,120,Indoor 1,60.0,frei,14
2026-05-29T21:29:01,2026-06-12,10:00,60,Indoor 1,30.0,frei,14
2026-05-29T21:29:01,2026-06-12,10:00,90,Indoor 1,45.0,frei,14
2026-05-29T21:29:01,2026-06-12,10:00,120,Indoor 1,60.0,frei,14
2026-05-29T21:29:01,2026-06-12,10:30,60,Indoor 1,30.0,frei,14
2026-05-29T21:29:01,2026-06-12,10:30,90,Indoor 1,45.0,frei,14
2026-05-29T21:29:01,2026-06-12,10:30,120,Indoor 1,60.0,frei,14
2026-05-29T21:29:01,2026-06-12,11:00,60,Indoor 1,30.0,frei,14
2026-05-29T21:29:01,2026-06-12,11:00,90,Indoor 1,45.0,frei,14
2026-05-29T21:29:01,2026-06-12,11:00,120,Indoor 1,60.0,frei,14
2026-05-29T21:29:01,2026-06-12,11:30,60,Indoor 1,30.0,frei,14
2026-05-29T21:29:01,2026-06-12,11:30,90,Indoor 1,45.0,frei,14
2026-05-29T21:29:01,2026-06-12,11:30,120,Indoor 1,60.0,frei,14
2026-05-29T21:29:01,2026-06-12,12:00,60,Indoor 1,30.0,frei,14
2026-05-29T21:29:01,2026-06-12,12:00,90,Indoor 1,45.0,frei,14
2026-05-29T21:29:01,2026-06-12,12:00,120,Indoor 1,60.0,frei,14
2026-05-29T21:29:01,2026-06-12,12:30,60,Indoor 1,30.0,frei,14
2026-05-29T21:29:01,2026-06-12,12:30,90,Indoor 1,45.0,frei,14
2026-05-29T21:29:01,2026-06-12,13:00,60,Indoor 1,30.0,frei,14
2026-05-29T21:29:01,2026-06-12,13:00,120,Indoor 1,60.0,frei,14
2026-05-29T21:29:01,2026-06-12,13:30,90,Indoor 1,45.0,frei,14
2026-05-29T21:29:01,2026-06-12,14:00,60,Indoor 1,30.0,frei,14
2026-05-29T21:29:01,2026-06-12,21:00,60,Indoor 1,42.0,frei,14
2026-05-29T21:29:01,2026-06-12,21:00,90,Indoor 1,63.0,frei,14
2026-05-29T21:29:01,2026-06-12,21:00,120,Indoor 1,78.0,frei,14
2026-05-29T21:29:01,2026-06-12,08:00,60,Outdoor 1,24.0,frei,14
2026-05-29T21:29:01,2026-06-12,08:00,90,Outdoor 1,36.0,frei,14
2026-05-29T21:29:01,2026-06-12,08:00,120,Outdoor 1,48.0,frei,14
2026-05-29T21:29:01,2026-06-12,08:00,150,Outdoor 1,60.0,frei,14
2026-05-29T21:29:01,2026-06-12,08:30,60,Outdoor 1,24.0,frei,14
2026-05-29T21:29:01,2026-06-12,08:30,90,Outdoor 1,36.0,frei,14
2026-05-29T21:29:01,2026-06-12,08:30,120,Outdoor 1,48.0,frei,14
2026-05-29T21:29:01,2026-06-12,08:30,150,Outdoor 1,60.0,frei,14
2026-05-29T21:29:01,2026-06-12,09:00,60,Outdoor 1,24.0,frei,14
2026-05-29T21:29:01,2026-06-12,09:00,90,Outdoor 1,36.0,frei,14
2026-05-29T21:29:01,2026-06-12,09:00,120,Outdoor 1,48.0,frei,14
2026-05-29T21:29:01,2026-06-12,09:00,150,Outdoor 1,60.0,frei,14
2026-05-29T21:29:01,2026-06-12,09:30,60,Outdoor 1,24.0,frei,14
2026-05-29T21:29:01,2026-06-12,09:30,90,Outdoor 1,36.0,frei,14
2026-05-29T21:29:01,2026-06-12,09:30,120,Outdoor 1,48.0,frei,14
2026-05-29T21:29:01,2026-06-12,09:30,150,Outdoor 1,60.0,frei,14
2026-05-29T21:29:01,2026-06-12,10:00,60,Outdoor 1,24.0,frei,14
2026-05-29T21:29:01,2026-06-12,10:00,90,Outdoor 1,36.0,frei,14
2026-05-29T21:29:01,2026-06-12,10:00,120,Outdoor 1,48.0,frei,14
2026-05-29T21:29:01,2026-06-12,10:00,150,Outdoor 1,60.0,frei,14
2026-05-29T21:29:01,2026-06-12,10:30,60,Outdoor 1,24.0,frei,14
2026-05-29T21:29:01,2026-06-12,10:30,90,Outdoor 1,36.0,frei,14
2026-05-29T21:29:01,2026-06-12,10:30,120,Outdoor 1,48.0,frei,14
2026-05-29T21:29:01,2026-06-12,10:30,150,Outdoor 1,60.0,frei,14
2026-05-29T21:29:01,2026-06-12,11:00,60,Outdoor 1,24.0,frei,14
2026-05-29T21:29:01,2026-06-12,11:00,90,Outdoor 1,36.0,frei,14
2026-05-29T21:29:01,2026-06-12,11:00,120,Outdoor 1,48.0,frei,14
2026-05-29T21:29:01,2026-06-12,11:30,60,Outdoor 1,24.0,frei,14
2026-05-29T21:29:01,2026-06-12,11:30,90,Outdoor 1,36.0,frei,14
2026-05-29T21:29:01,2026-06-12,11:30,150,Outdoor 1,60.0,frei,14
2026-05-29T21:29:01,2026-06-12,12:00,60,Outdoor 1,24.0,frei,14
2026-05-29T21:29:01,2026-06-12,12:00,120,Outdoor 1,48.0,frei,14
2026-05-29T21:29:01,2026-06-12,12:30,90,Outdoor 1,36.0,frei,14
2026-05-29T21:29:01,2026-06-12,13:00,60,Outdoor 1,24.0,frei,14
2026-05-29T21:29:01,2026-06-12,15:30,60,Outdoor 1,30.0,frei,14
