datum_snapshot,datum_slot,uhrzeit_slot,dauer_minuten,court,preis,status,tage_im_voraus
2026-05-27T09:55:01,2026-05-27,10:00,90,Outdoor 1,36.0,frei,0
2026-05-27T09:55:01,2026-05-27,13:00,60,Outdoor 1,24.0,frei,0
2026-05-27T09:55:01,2026-05-27,12:30,60,Indoor 4,30.0,frei,0
2026-05-27T09:55:01,2026-05-27,12:30,120,Indoor 4,60.0,frei,0
2026-05-27T09:55:01,2026-05-27,13:30,60,Indoor 4,30.0,frei,0
2026-05-27T09:55:01,2026-05-27,23:00,60,Indoor 4,30.0,frei,0
2026-05-27T09:55:01,2026-05-27,10:00,60,Indoor 3,30.0,frei,0
2026-05-27T09:55:01,2026-05-27,10:00,120,Indoor 3,60.0,frei,0
2026-05-27T09:55:01,2026-05-27,10:30,90,Indoor 3,45.0,frei,0
2026-05-27T09:55:01,2026-05-27,11:00,60,Indoor 3,30.0,frei,0
2026-05-27T09:55:01,2026-05-27,13:00,60,Indoor 3,30.0,frei,0
2026-05-27T09:55:01,2026-05-27,13:00,90,Indoor 3,45.0,frei,0
2026-05-27T09:55:01,2026-05-27,13:00,120,Indoor 3,60.0,frei,0
2026-05-27T09:55:01,2026-05-27,14:00,60,Indoor 3,30.0,frei,0
2026-05-27T09:55:01,2026-05-27,14:00,90,Indoor 3,45.0,frei,0
2026-05-27T09:55:01,2026-05-27,14:30,60,Indoor 3,30.0,frei,0
2026-05-27T09:55:01,2026-05-27,14:30,120,Indoor 3,66.0,frei,0
2026-05-27T09:55:01,2026-05-27,15:00,90,Indoor 3,51.0,frei,0
2026-05-27T09:55:01,2026-05-27,15:30,60,Indoor 3,36.0,frei,0
2026-05-27T09:55:01,2026-05-27,11:00,60,Indoor 2,30.0,frei,0
2026-05-27T09:55:01,2026-05-27,11:00,90,Indoor 2,45.0,frei,0
2026-05-27T09:55:01,2026-05-27,11:00,120,Indoor 2,60.0,frei,0
2026-05-27T09:55:01,2026-05-27,12:00,60,Indoor 2,30.0,frei,0
2026-05-27T09:55:01,2026-05-27,12:00,90,Indoor 2,45.0,frei,0
2026-05-27T09:55:01,2026-05-27,12:00,120,Indoor 2,60.0,frei,0
2026-05-27T09:55:01,2026-05-27,12:30,60,Indoor 2,30.0,frei,0
2026-05-27T09:55:01,2026-05-27,12:30,90,Indoor 2,45.0,frei,0
2026-05-27T09:55:01,2026-05-27,13:00,60,Indoor 2,30.0,frei,0
2026-05-27T09:55:01,2026-05-27,13:00,120,Indoor 2,60.0,frei,0
2026-05-27T09:55:01,2026-05-27,13:30,90,Indoor 2,45.0,frei,0
2026-05-27T09:55:01,2026-05-27,14:00,60,Indoor 2,30.0,frei,0
2026-05-27T09:55:01,2026-05-27,11:00,60,Outdoor 2,24.0,frei,0
2026-05-27T09:55:01,2026-05-27,11:00,90,Outdoor 2,36.0,frei,0
2026-05-27T09:55:01,2026-05-27,11:00,120,Outdoor 2,48.0,frei,0
2026-05-27T09:55:01,2026-05-27,11:00,150,Outdoor 2,60.0,frei,0
2026-05-27T09:55:01,2026-05-27,12:00,60,Outdoor 2,24.0,frei,0
2026-05-27T09:55:01,2026-05-27,12:00,90,Outdoor 2,36.0,frei,0
2026-05-27T09:55:01,2026-05-27,12:00,120,Outdoor 2,48.0,frei,0
2026-05-27T09:55:01,2026-05-27,12:00,150,Outdoor 2,60.0,frei,0
2026-05-27T09:55:01,2026-05-27,12:30,60,Outdoor 2,24.0,frei,0
2026-05-27T09:55:01,2026-05-27,12:30,90,Outdoor 2,36.0,frei,0
2026-05-27T09:55:01,2026-05-27,12:30,120,Outdoor 2,48.0,frei,0
2026-05-27T09:55:01,2026-05-27,12:30,150,Outdoor 2,60.0,frei,0
2026-05-27T09:55:01,2026-05-27,13:00,60,Outdoor 2,24.0,frei,0
2026-05-27T09:55:01,2026-05-27,13:00,90,Outdoor 2,36.0,frei,0
2026-05-27T09:55:01,2026-05-27,13:00,120,Outdoor 2,48.0,frei,0
2026-05-27T09:55:01,2026-05-27,13:30,60,Outdoor 2,24.0,frei,0
2026-05-27T09:55:01,2026-05-27,13:30,90,Outdoor 2,36.0,frei,0
2026-05-27T09:55:01,2026-05-27,13:30,150,Outdoor 2,60.0,frei,0
2026-05-27T09:55:01,2026-05-27,14:00,60,Outdoor 2,24.0,frei,0
2026-05-27T09:55:01,2026-05-27,14:00,120,Outdoor 2,48.0,frei,0
2026-05-27T09:55:01,2026-05-27,14:30,90,Outdoor 2,36.0,frei,0
2026-05-27T09:55:01,2026-05-27,15:00,60,Outdoor 2,24.0,frei,0
2026-05-27T09:55:01,2026-05-27,10:00,60,Outdoor 4,24.0,frei,0
2026-05-27T09:55:01,2026-05-27,10:00,90,Outdoor 4,36.0,frei,0
2026-05-27T09:55:01,2026-05-27,10:00,120,Outdoor 4,48.0,frei,0
2026-05-27T09:55:01,2026-05-27,10:00,150,Outdoor 4,60.0,frei,0
2026-05-27T09:55:01,2026-05-27,10:30,60,Outdoor 4,24.0,frei,0
2026-05-27T09:55:01,2026-05-27,10:30,90,Outdoor 4,36.0,frei,0
2026-05-27T09:55:01,2026-05-27,10:30,120,Outdoor 4,48.0,frei,0
2026-05-27T09:55:01,2026-05-27,10:30,150,Outdoor 4,60.0,frei,0
2026-05-27T09:55:01,2026-05-27,11:00,60,Outdoor 4,24.0,frei,0
2026-05-27T09:55:01,2026-05-27,11:00,90,Outdoor 4,36.0,frei,0
2026-05-27T09:55:01,2026-05-27,11:00,120,Outdoor 4,48.0,frei,0
2026-05-27T09:55:01,2026-05-27,11:00,150,Outdoor 4,60.0,frei,0
2026-05-27T09:55:01,2026-05-27,11:30,60,Outdoor 4,24.0,frei,0
2026-05-27T09:55:01,2026-05-27,11:30,90,Outdoor 4,36.0,frei,0
2026-05-27T09:55:01,2026-05-27,11:30,120,Outdoor 4,48.0,frei,0
2026-05-27T09:55:01,2026-05-27,11:30,150,Outdoor 4,60.0,frei,0
2026-05-27T09:55:01,2026-05-27,12:00,60,Outdoor 4,24.0,frei,0
2026-05-27T09:55:01,2026-05-27,12:00,90,Outdoor 4,36.0,frei,0
2026-05-27T09:55:01,2026-05-27,12:00,120,Outdoor 4,48.0,frei,0
2026-05-27T09:55:01,2026-05-27,12:30,60,Outdoor 4,24.0,frei,0
2026-05-27T09:55:01,2026-05-27,12:30,90,Outdoor 4,36.0,frei,0
2026-05-27T09:55:01,2026-05-27,12:30,150,Outdoor 4,60.0,frei,0
2026-05-27T09:55:01,2026-05-27,13:00,60,Outdoor 4,24.0,frei,0
2026-05-27T09:55:01,2026-05-27,13:00,120,Outdoor 4,48.0,frei,0
2026-05-27T09:55:01,2026-05-27,13:30,90,Outdoor 4,36.0,frei,0
2026-05-27T09:55:01,2026-05-27,14:00,60,Outdoor 4,24.0,frei,0
2026-05-27T09:55:01,2026-05-27,11:30,60,Indoor 1,30.0,frei,0
2026-05-27T09:55:01,2026-05-27,11:30,90,Indoor 1,45.0,frei,0
2026-05-27T09:55:01,2026-05-27,11:30,120,Indoor 1,60.0,frei,0
2026-05-27T09:55:01,2026-05-27,12:30,60,Indoor 1,30.0,frei,0
2026-05-27T09:55:01,2026-05-27,12:30,90,Indoor 1,45.0,frei,0
2026-05-27T09:55:01,2026-05-27,13:00,60,Indoor 1,30.0,frei,0
2026-05-27T09:55:01,2026-05-27,13:00,120,Indoor 1,60.0,frei,0
2026-05-27T09:55:01,2026-05-27,13:30,90,Indoor 1,45.0,frei,0
2026-05-27T09:55:01,2026-05-27,14:00,60,Indoor 1,30.0,frei,0
2026-05-27T09:55:01,2026-05-27,23:00,60,Indoor 1,30.0,frei,0
2026-05-27T09:55:01,2026-05-27,10:00,60,Outdoor 3,24.0,frei,0
2026-05-27T09:55:01,2026-05-27,14:00,90,Outdoor 3,36.0,frei,0
2026-05-27T09:55:01,2026-05-28,08:00,60,Indoor 3,30.0,frei,1
2026-05-27T09:55:01,2026-05-28,08:00,90,Indoor 3,45.0,frei,1
2026-05-27T09:55:01,2026-05-28,08:00,120,Indoor 3,60.0,frei,1
2026-05-27T09:55:01,2026-05-28,09:00,60,Indoor 3,30.0,frei,1
2026-05-27T09:55:01,2026-05-28,09:00,90,Indoor 3,45.0,frei,1
2026-05-27T09:55:01,2026-05-28,09:00,120,Indoor 3,60.0,frei,1
2026-05-27T09:55:01,2026-05-28,09:30,60,Indoor 3,30.0,frei,1
2026-05-27T09:55:01,2026-05-28,09:30,90,Indoor 3,45.0,frei,1
2026-05-27T09:55:01,2026-05-28,09:30,120,Indoor 3,60.0,frei,1
2026-05-27T09:55:01,2026-05-28,10:00,60,Indoor 3,30.0,frei,1
2026-05-27T09:55:01,2026-05-28,10:00,90,Indoor 3,45.0,frei,1
2026-05-27T09:55:01,2026-05-28,10:00,120,Indoor 3,60.0,frei,1
2026-05-27T09:55:01,2026-05-28,10:30,60,Indoor 3,30.0,frei,1
2026-05-27T09:55:01,2026-05-28,10:30,90,Indoor 3,45.0,frei,1
2026-05-27T09:55:01,2026-05-28,10:30,120,Indoor 3,60.0,frei,1
2026-05-27T09:55:01,2026-05-28,11:00,60,Indoor 3,30.0,frei,1
2026-05-27T09:55:01,2026-05-28,11:00,90,Indoor 3,45.0,frei,1
2026-05-27T09:55:01,2026-05-28,11:00,120,Indoor 3,60.0,frei,1
2026-05-27T09:55:01,2026-05-28,11:30,60,Indoor 3,30.0,frei,1
2026-05-27T09:55:01,2026-05-28,11:30,90,Indoor 3,45.0,frei,1
2026-05-27T09:55:01,2026-05-28,11:30,120,Indoor 3,60.0,frei,1
2026-05-27T09:55:01,2026-05-28,12:00,60,Indoor 3,30.0,frei,1
2026-05-27T09:55:01,2026-05-28,12:00,90,Indoor 3,45.0,frei,1
2026-05-27T09:55:01,2026-05-28,12:00,120,Indoor 3,60.0,frei,1
2026-05-27T09:55:01,2026-05-28,12:30,60,Indoor 3,30.0,frei,1
2026-05-27T09:55:01,2026-05-28,12:30,90,Indoor 3,45.0,frei,1
2026-05-27T09:55:01,2026-05-28,12:30,120,Indoor 3,60.0,frei,1
2026-05-27T09:55:01,2026-05-28,13:00,60,Indoor 3,30.0,frei,1
2026-05-27T09:55:01,2026-05-28,13:00,90,Indoor 3,45.0,frei,1
2026-05-27T09:55:01,2026-05-28,13:00,120,Indoor 3,60.0,frei,1
2026-05-27T09:55:01,2026-05-28,13:30,60,Indoor 3,30.0,frei,1
2026-05-27T09:55:01,2026-05-28,13:30,90,Indoor 3,45.0,frei,1
2026-05-27T09:55:01,2026-05-28,14:00,60,Indoor 3,30.0,frei,1
2026-05-27T09:55:01,2026-05-28,14:00,120,Indoor 3,60.0,frei,1
2026-05-27T09:55:01,2026-05-28,14:30,90,Indoor 3,45.0,frei,1
2026-05-27T09:55:01,2026-05-28,15:00,60,Indoor 3,30.0,frei,1
2026-05-27T09:55:01,2026-05-28,22:00,60,Indoor 3,36.0,frei,1
2026-05-27T09:55:01,2026-05-28,22:00,120,Indoor 3,66.0,frei,1
2026-05-27T09:55:01,2026-05-28,23:00,60,Indoor 3,30.0,frei,1
2026-05-27T09:55:01,2026-05-28,09:00,60,Outdoor 3,24.0,frei,1
2026-05-27T09:55:01,2026-05-28,09:00,90,Outdoor 3,36.0,frei,1
2026-05-27T09:55:01,2026-05-28,09:00,120,Outdoor 3,48.0,frei,1
2026-05-27T09:55:01,2026-05-28,10:00,60,Outdoor 3,24.0,frei,1
2026-05-27T09:55:01,2026-05-28,10:00,120,Outdoor 3,48.0,frei,1
2026-05-27T09:55:01,2026-05-28,10:30,90,Outdoor 3,36.0,frei,1
2026-05-27T09:55:01,2026-05-28,11:00,60,Outdoor 3,24.0,frei,1
2026-05-27T09:55:01,2026-05-28,13:00,60,Outdoor 3,24.0,frei,1
2026-05-27T09:55:01,2026-05-28,13:00,90,Outdoor 3,36.0,frei,1
2026-05-27T09:55:01,2026-05-28,13:00,120,Outdoor 3,48.0,frei,1
2026-05-27T09:55:01,2026-05-28,14:00,60,Outdoor 3,24.0,frei,1
2026-05-27T09:55:01,2026-05-28,14:00,120,Outdoor 3,48.0,frei,1
2026-05-27T09:55:01,2026-05-28,14:30,90,Outdoor 3,36.0,frei,1
2026-05-27T09:55:01,2026-05-28,15:00,60,Outdoor 3,24.0,frei,1
2026-05-27T09:55:01,2026-05-28,08:00,60,Outdoor 4,24.0,frei,1
2026-05-27T09:55:01,2026-05-28,08:00,90,Outdoor 4,36.0,frei,1
2026-05-27T09:55:01,2026-05-28,08:00,150,Outdoor 4,60.0,frei,1
2026-05-27T09:55:01,2026-05-28,08:30,60,Outdoor 4,24.0,frei,1
2026-05-27T09:55:01,2026-05-28,08:30,120,Outdoor 4,48.0,frei,1
2026-05-27T09:55:01,2026-05-28,09:00,90,Outdoor 4,36.0,frei,1
2026-05-27T09:55:01,2026-05-28,09:30,60,Outdoor 4,24.0,frei,1
2026-05-27T09:55:01,2026-05-28,11:30,60,Outdoor 4,24.0,frei,1
2026-05-27T09:55:01,2026-05-28,11:30,120,Outdoor 4,48.0,frei,1
2026-05-27T09:55:01,2026-05-28,12:30,60,Outdoor 4,24.0,frei,1
2026-05-27T09:55:01,2026-05-28,08:00,60,Indoor 4,30.0,frei,1
2026-05-27T09:55:01,2026-05-28,08:00,90,Indoor 4,45.0,frei,1
2026-05-27T09:55:01,2026-05-28,08:00,120,Indoor 4,60.0,frei,1
2026-05-27T09:55:01,2026-05-28,09:00,60,Indoor 4,30.0,frei,1
2026-05-27T09:55:01,2026-05-28,09:00,90,Indoor 4,45.0,frei,1
2026-05-27T09:55:01,2026-05-28,09:00,120,Indoor 4,60.0,frei,1
2026-05-27T09:55:01,2026-05-28,09:30,60,Indoor 4,30.0,frei,1
2026-05-27T09:55:01,2026-05-28,09:30,90,Indoor 4,45.0,frei,1
2026-05-27T09:55:01,2026-05-28,09:30,120,Indoor 4,60.0,frei,1
2026-05-27T09:55:01,2026-05-28,10:00,60,Indoor 4,30.0,frei,1
2026-05-27T09:55:01,2026-05-28,10:00,90,Indoor 4,45.0,frei,1
2026-05-27T09:55:01,2026-05-28,10:00,120,Indoor 4,60.0,frei,1
2026-05-27T09:55:01,2026-05-28,10:30,60,Indoor 4,30.0,frei,1
2026-05-27T09:55:01,2026-05-28,10:30,90,Indoor 4,45.0,frei,1
2026-05-27T09:55:01,2026-05-28,10:30,120,Indoor 4,60.0,frei,1
2026-05-27T09:55:01,2026-05-28,11:00,60,Indoor 4,30.0,frei,1
2026-05-27T09:55:01,2026-05-28,11:00,90,Indoor 4,45.0,frei,1
2026-05-27T09:55:01,2026-05-28,11:00,120,Indoor 4,60.0,frei,1
2026-05-27T09:55:01,2026-05-28,11:30,60,Indoor 4,30.0,frei,1
2026-05-27T09:55:01,2026-05-28,11:30,90,Indoor 4,45.0,frei,1
2026-05-27T09:55:01,2026-05-28,11:30,120,Indoor 4,60.0,frei,1
2026-05-27T09:55:01,2026-05-28,12:00,60,Indoor 4,30.0,frei,1
2026-05-27T09:55:01,2026-05-28,12:00,90,Indoor 4,45.0,frei,1
2026-05-27T09:55:01,2026-05-28,12:00,120,Indoor 4,60.0,frei,1
2026-05-27T09:55:01,2026-05-28,12:30,60,Indoor 4,30.0,frei,1
2026-05-27T09:55:01,2026-05-28,12:30,90,Indoor 4,45.0,frei,1
2026-05-27T09:55:01,2026-05-28,12:30,120,Indoor 4,60.0,frei,1
2026-05-27T09:55:01,2026-05-28,13:00,60,Indoor 4,30.0,frei,1
2026-05-27T09:55:01,2026-05-28,13:00,90,Indoor 4,45.0,frei,1
2026-05-27T09:55:01,2026-05-28,13:30,60,Indoor 4,30.0,frei,1
2026-05-27T09:55:01,2026-05-28,13:30,120,Indoor 4,60.0,frei,1
2026-05-27T09:55:01,2026-05-28,14:00,90,Indoor 4,45.0,frei,1
2026-05-27T09:55:01,2026-05-28,14:30,60,Indoor 4,30.0,frei,1
2026-05-27T09:55:01,2026-05-28,23:00,60,Indoor 4,30.0,frei,1
2026-05-27T09:55:01,2026-05-28,08:00,60,Single Indoor,22.0,frei,1
2026-05-27T09:55:01,2026-05-28,08:00,90,Single Indoor,33.0,frei,1
2026-05-27T09:55:01,2026-05-28,09:00,90,Single Indoor,33.0,frei,1
2026-05-27T09:55:01,2026-05-28,09:30,60,Single Indoor,22.0,frei,1
2026-05-27T09:55:01,2026-05-28,13:00,60,Single Indoor,22.0,frei,1
2026-05-27T09:55:01,2026-05-28,13:00,120,Single Indoor,44.0,frei,1
2026-05-27T09:55:01,2026-05-28,14:00,60,Single Indoor,22.0,frei,1
2026-05-27T09:55:01,2026-05-28,18:30,90,Single Indoor,45.0,frei,1
2026-05-27T09:55:01,2026-05-28,22:00,60,Single Indoor,26.0,frei,1
2026-05-27T09:55:01,2026-05-28,22:00,120,Single Indoor,48.0,frei,1
2026-05-27T09:55:01,2026-05-28,23:00,60,Single Indoor,22.0,frei,1
2026-05-27T09:55:01,2026-05-28,10:00,60,2a814736-d933-4638-9e80-70b394a417dc,24.0,frei,1
2026-05-27T09:55:01,2026-05-28,10:00,120,2a814736-d933-4638-9e80-70b394a417dc,48.0,frei,1
2026-05-27T09:55:01,2026-05-28,11:00,60,2a814736-d933-4638-9e80-70b394a417dc,24.0,frei,1
2026-05-27T09:55:01,2026-05-28,08:00,60,Indoor 2,30.0,frei,1
2026-05-27T09:55:01,2026-05-28,08:00,120,Indoor 2,60.0,frei,1
2026-05-27T09:55:01,2026-05-28,09:00,60,Indoor 2,30.0,frei,1
2026-05-27T09:55:01,2026-05-28,11:30,60,Indoor 2,30.0,frei,1
2026-05-27T09:55:01,2026-05-28,11:30,90,Indoor 2,45.0,frei,1
2026-05-27T09:55:01,2026-05-28,11:30,120,Indoor 2,60.0,frei,1
2026-05-27T09:55:01,2026-05-28,12:30,60,Indoor 2,30.0,frei,1
2026-05-27T09:55:01,2026-05-28,12:30,90,Indoor 2,45.0,frei,1
2026-05-27T09:55:01,2026-05-28,12:30,120,Indoor 2,60.0,frei,1
2026-05-27T09:55:01,2026-05-28,13:00,60,Indoor 2,30.0,frei,1
2026-05-27T09:55:01,2026-05-28,13:00,90,Indoor 2,45.0,frei,1
2026-05-27T09:55:01,2026-05-28,13:00,120,Indoor 2,60.0,frei,1
2026-05-27T09:55:01,2026-05-28,13:30,60,Indoor 2,30.0,frei,1
2026-05-27T09:55:01,2026-05-28,13:30,90,Indoor 2,45.0,frei,1
2026-05-27T09:55:01,2026-05-28,14:00,60,Indoor 2,30.0,frei,1
2026-05-27T09:55:01,2026-05-28,14:00,120,Indoor 2,60.0,frei,1
2026-05-27T09:55:01,2026-05-28,14:30,90,Indoor 2,45.0,frei,1
2026-05-27T09:55:01,2026-05-28,15:00,60,Indoor 2,30.0,frei,1
2026-05-27T09:55:01,2026-05-28,23:00,60,Indoor 2,30.0,frei,1
2026-05-27T09:55:01,2026-05-28,09:00,60,Outdoor 2,24.0,frei,1
2026-05-27T09:55:01,2026-05-28,09:00,90,Outdoor 2,36.0,frei,1
2026-05-27T09:55:01,2026-05-28,09:00,120,Outdoor 2,48.0,frei,1
2026-05-27T09:55:01,2026-05-28,10:00,60,Outdoor 2,24.0,frei,1
2026-05-27T09:55:01,2026-05-28,10:00,120,Outdoor 2,48.0,frei,1
2026-05-27T09:55:01,2026-05-28,10:30,90,Outdoor 2,36.0,frei,1
2026-05-27T09:55:01,2026-05-28,11:00,60,Outdoor 2,24.0,frei,1
2026-05-27T09:55:01,2026-05-28,13:30,60,Outdoor 2,24.0,frei,1
2026-05-27T09:55:01,2026-05-28,13:30,120,Outdoor 2,48.0,frei,1
2026-05-27T09:55:01,2026-05-28,14:30,60,Outdoor 2,24.0,frei,1
2026-05-27T09:55:01,2026-05-28,09:30,60,Indoor 1,30.0,frei,1
2026-05-27T09:55:01,2026-05-28,09:30,90,Indoor 1,45.0,frei,1
2026-05-27T09:55:01,2026-05-28,09:30,120,Indoor 1,60.0,frei,1
2026-05-27T09:55:01,2026-05-28,10:30,60,Indoor 1,30.0,frei,1
2026-05-27T09:55:01,2026-05-28,10:30,90,Indoor 1,45.0,frei,1
2026-05-27T09:55:01,2026-05-28,10:30,120,Indoor 1,60.0,frei,1
2026-05-27T09:55:01,2026-05-28,11:00,60,Indoor 1,30.0,frei,1
2026-05-27T09:55:01,2026-05-28,11:00,90,Indoor 1,45.0,frei,1
2026-05-27T09:55:01,2026-05-28,11:00,120,Indoor 1,60.0,frei,1
2026-05-27T09:55:01,2026-05-28,11:30,60,Indoor 1,30.0,frei,1
2026-05-27T09:55:01,2026-05-28,11:30,90,Indoor 1,45.0,frei,1
2026-05-27T09:55:01,2026-05-28,11:30,120,Indoor 1,60.0,frei,1
2026-05-27T09:55:01,2026-05-28,12:00,60,Indoor 1,30.0,frei,1
2026-05-27T09:55:01,2026-05-28,12:00,90,Indoor 1,45.0,frei,1
2026-05-27T09:55:01,2026-05-28,12:00,120,Indoor 1,60.0,frei,1
2026-05-27T09:55:01,2026-05-28,12:30,60,Indoor 1,30.0,frei,1
2026-05-27T09:55:01,2026-05-28,12:30,90,Indoor 1,45.0,frei,1
2026-05-27T09:55:01,2026-05-28,12:30,120,Indoor 1,60.0,frei,1
2026-05-27T09:55:01,2026-05-28,13:00,60,Indoor 1,30.0,frei,1
2026-05-27T09:55:01,2026-05-28,13:00,90,Indoor 1,45.0,frei,1
2026-05-27T09:55:01,2026-05-28,13:00,120,Indoor 1,60.0,frei,1
2026-05-27T09:55:01,2026-05-28,13:30,60,Indoor 1,30.0,frei,1
2026-05-27T09:55:01,2026-05-28,13:30,90,Indoor 1,45.0,frei,1
2026-05-27T09:55:01,2026-05-28,14:00,60,Indoor 1,30.0,frei,1
2026-05-27T09:55:01,2026-05-28,14:00,120,Indoor 1,60.0,frei,1
2026-05-27T09:55:01,2026-05-28,14:30,90,Indoor 1,45.0,frei,1
2026-05-27T09:55:01,2026-05-28,15:00,60,Indoor 1,30.0,frei,1
2026-05-27T09:55:01,2026-05-28,23:00,60,Indoor 1,30.0,frei,1
2026-05-27T09:55:01,2026-05-28,10:00,60,Outdoor 1,24.0,frei,1
2026-05-27T09:55:01,2026-05-28,10:00,120,Outdoor 1,48.0,frei,1
2026-05-27T09:55:01,2026-05-28,11:00,60,Outdoor 1,24.0,frei,1
2026-05-27T09:55:01,2026-05-28,13:30,60,Outdoor 1,24.0,frei,1
2026-05-27T09:55:01,2026-05-28,13:30,120,Outdoor 1,48.0,frei,1
2026-05-27T09:55:01,2026-05-28,14:30,60,Outdoor 1,24.0,frei,1
2026-05-27T09:55:01,2026-05-29,08:00,60,Indoor 3,30.0,frei,2
2026-05-27T09:55:01,2026-05-29,10:30,60,Indoor 3,30.0,frei,2
2026-05-27T09:55:01,2026-05-29,10:30,90,Indoor 3,45.0,frei,2
2026-05-27T09:55:01,2026-05-29,10:30,120,Indoor 3,60.0,frei,2
2026-05-27T09:55:01,2026-05-29,11:30,60,Indoor 3,30.0,frei,2
2026-05-27T09:55:01,2026-05-29,11:30,90,Indoor 3,45.0,frei,2
2026-05-27T09:55:01,2026-05-29,11:30,120,Indoor 3,60.0,frei,2
2026-05-27T09:55:01,2026-05-29,12:00,60,Indoor 3,30.0,frei,2
2026-05-27T09:55:01,2026-05-29,12:00,90,Indoor 3,45.0,frei,2
2026-05-27T09:55:01,2026-05-29,12:00,120,Indoor 3,60.0,frei,2
2026-05-27T09:55:01,2026-05-29,12:30,60,Indoor 3,30.0,frei,2
2026-05-27T09:55:01,2026-05-29,12:30,90,Indoor 3,45.0,frei,2
2026-05-27T09:55:01,2026-05-29,13:00,60,Indoor 3,30.0,frei,2
2026-05-27T09:55:01,2026-05-29,13:00,120,Indoor 3,60.0,frei,2
2026-05-27T09:55:01,2026-05-29,13:30,90,Indoor 3,45.0,frei,2
2026-05-27T09:55:01,2026-05-29,14:00,60,Indoor 3,30.0,frei,2
2026-05-27T09:55:01,2026-05-29,08:00,90,Outdoor 4,36.0,frei,2
2026-05-27T09:55:01,2026-05-29,08:30,60,Outdoor 4,24.0,frei,2
2026-05-27T09:55:01,2026-05-29,12:30,60,Outdoor 4,24.0,frei,2
2026-05-27T09:55:01,2026-05-29,12:30,120,Outdoor 4,48.0,frei,2
2026-05-27T09:55:01,2026-05-29,13:30,60,Outdoor 4,24.0,frei,2
2026-05-27T09:55:01,2026-05-29,08:00,60,Indoor 4,30.0,frei,2
2026-05-27T09:55:01,2026-05-29,12:00,60,Indoor 4,30.0,frei,2
2026-05-27T09:55:01,2026-05-29,14:30,60,Indoor 4,30.0,frei,2
2026-05-27T09:55:01,2026-05-29,14:30,120,Indoor 4,66.0,frei,2
2026-05-27T09:55:01,2026-05-29,15:30,60,Indoor 4,36.0,frei,2
2026-05-27T09:55:01,2026-05-29,23:00,60,Indoor 4,30.0,frei,2
2026-05-27T09:55:01,2026-05-29,08:00,60,Outdoor 3,24.0,frei,2
2026-05-27T09:55:01,2026-05-29,10:30,90,Outdoor 3,36.0,frei,2
2026-05-27T09:55:01,2026-05-29,13:00,90,Outdoor 3,36.0,frei,2
2026-05-27T09:55:01,2026-05-29,08:00,90,Outdoor 2,36.0,frei,2
2026-05-27T09:55:01,2026-05-29,08:30,60,Outdoor 2,24.0,frei,2
2026-05-27T09:55:01,2026-05-29,11:00,60,Outdoor 2,24.0,frei,2
2026-05-27T09:55:01,2026-05-29,11:00,120,Outdoor 2,48.0,frei,2
2026-05-27T09:55:01,2026-05-29,12:00,60,Outdoor 2,24.0,frei,2
2026-05-27T09:55:01,2026-05-29,08:00,60,Indoor 2,30.0,frei,2
2026-05-27T09:55:01,2026-05-29,12:00,60,Indoor 2,30.0,frei,2
2026-05-27T09:55:01,2026-05-29,12:00,90,Indoor 2,45.0,frei,2
2026-05-27T09:55:01,2026-05-29,12:00,120,Indoor 2,60.0,frei,2
2026-05-27T09:55:01,2026-05-29,13:00,60,Indoor 2,30.0,frei,2
2026-05-27T09:55:01,2026-05-29,13:00,90,Indoor 2,45.0,frei,2
2026-05-27T09:55:01,2026-05-29,13:00,120,Indoor 2,60.0,frei,2
2026-05-27T09:55:01,2026-05-29,13:30,60,Indoor 2,30.0,frei,2
2026-05-27T09:55:01,2026-05-29,13:30,90,Indoor 2,45.0,frei,2
2026-05-27T09:55:01,2026-05-29,14:00,60,Indoor 2,30.0,frei,2
2026-05-27T09:55:01,2026-05-29,14:00,120,Indoor 2,60.0,frei,2
2026-05-27T09:55:01,2026-05-29,14:30,90,Indoor 2,45.0,frei,2
2026-05-27T09:55:01,2026-05-29,15:00,60,Indoor 2,30.0,frei,2
2026-05-27T09:55:01,2026-05-29,08:00,60,Outdoor 1,24.0,frei,2
2026-05-27T09:55:01,2026-05-29,12:30,90,Outdoor 1,36.0,frei,2
2026-05-27T09:55:01,2026-05-29,08:00,60,Indoor 1,30.0,frei,2
2026-05-27T09:55:01,2026-05-29,10:30,60,Indoor 1,30.0,frei,2
2026-05-27T09:55:01,2026-05-29,10:30,90,Indoor 1,45.0,frei,2
2026-05-27T09:55:01,2026-05-29,11:30,90,Indoor 1,45.0,frei,2
2026-05-27T09:55:01,2026-05-29,12:00,60,Indoor 1,30.0,frei,2
2026-05-27T09:55:01,2026-05-29,14:30,90,Indoor 1,45.0,frei,2
2026-05-27T09:55:01,2026-05-30,08:00,60,Outdoor 3,36.0,frei,3
2026-05-27T09:55:01,2026-05-30,14:00,60,Outdoor 3,36.0,frei,3
2026-05-27T09:55:01,2026-05-30,16:00,90,Outdoor 4,54.0,frei,3
2026-05-27T09:55:01,2026-05-30,08:00,60,Indoor 3,42.0,frei,3
2026-05-27T09:55:01,2026-05-30,08:00,120,Indoor 3,84.0,frei,3
2026-05-27T09:55:01,2026-05-30,09:00,60,Indoor 3,42.0,frei,3
2026-05-27T09:55:01,2026-05-30,21:30,60,Indoor 4,42.0,frei,3
2026-05-27T09:55:01,2026-05-30,21:30,90,Indoor 4,57.0,frei,3
2026-05-27T09:55:01,2026-05-30,22:30,90,Indoor 4,45.0,frei,3
2026-05-27T09:55:01,2026-05-30,23:00,60,Indoor 4,30.0,frei,3
2026-05-27T09:55:01,2026-05-30,08:00,60,Single Indoor,30.0,frei,3
2026-05-27T09:55:01,2026-05-30,21:30,60,Single Indoor,30.0,frei,3
2026-05-27T09:55:01,2026-05-30,21:30,90,Single Indoor,45.0,frei,3
2026-05-27T09:55:01,2026-05-30,22:30,90,Single Indoor,45.0,frei,3
2026-05-27T09:55:01,2026-05-30,23:00,60,Single Indoor,30.0,frei,3
2026-05-27T09:55:01,2026-05-30,21:00,60,Outdoor 2,36.0,frei,3
2026-05-27T09:55:01,2026-05-30,08:00,60,Indoor 2,42.0,frei,3
2026-05-27T09:55:01,2026-05-31,08:00,90,Outdoor 4,54.0,frei,4
2026-05-27T09:55:01,2026-05-31,08:30,60,Outdoor 4,36.0,frei,4
2026-05-27T09:55:01,2026-05-31,21:00,60,Outdoor 4,36.0,frei,4
2026-05-27T09:55:01,2026-05-31,08:00,60,Outdoor 3,36.0,frei,4
2026-05-27T09:55:01,2026-05-31,10:30,60,Outdoor 3,36.0,frei,4
2026-05-27T09:55:01,2026-05-31,20:30,90,Outdoor 3,54.0,frei,4
2026-05-27T09:55:01,2026-05-31,08:00,60,Indoor 3,42.0,frei,4
2026-05-27T09:55:01,2026-05-31,08:00,120,Indoor 3,84.0,frei,4
2026-05-27T09:55:01,2026-05-31,09:00,60,Indoor 3,42.0,frei,4
2026-05-27T09:55:01,2026-05-31,18:00,60,Indoor 3,42.0,frei,4
2026-05-27T09:55:01,2026-05-31,20:30,60,Indoor 3,42.0,frei,4
2026-05-27T09:55:01,2026-05-31,20:30,90,Indoor 3,63.0,frei,4
2026-05-27T09:55:01,2026-05-31,20:30,120,Indoor 3,84.0,frei,4
2026-05-27T09:55:01,2026-05-31,21:30,60,Indoor 3,42.0,frei,4
2026-05-27T09:55:01,2026-05-31,21:30,90,Indoor 3,57.0,frei,4
2026-05-27T09:55:01,2026-05-31,22:00,60,Indoor 3,36.0,frei,4
2026-05-27T09:55:01,2026-05-31,22:00,120,Indoor 3,66.0,frei,4
2026-05-27T09:55:01,2026-05-31,22:30,90,Indoor 3,45.0,frei,4
2026-05-27T09:55:01,2026-05-31,23:00,60,Indoor 3,30.0,frei,4
2026-05-27T09:55:01,2026-05-31,15:30,60,Indoor 2,42.0,frei,4
2026-05-27T09:55:01,2026-05-31,21:00,60,Indoor 2,42.0,frei,4
2026-05-27T09:55:01,2026-05-31,21:00,90,Indoor 2,63.0,frei,4
2026-05-27T09:55:01,2026-05-31,21:00,120,Indoor 2,78.0,frei,4
2026-05-27T09:55:01,2026-05-31,22:00,60,Indoor 2,36.0,frei,4
2026-05-27T09:55:01,2026-05-31,22:00,120,Indoor 2,66.0,frei,4
2026-05-27T09:55:01,2026-05-31,22:30,90,Indoor 2,45.0,frei,4
2026-05-27T09:55:01,2026-05-31,23:00,60,Indoor 2,30.0,frei,4
2026-05-27T09:55:01,2026-05-31,08:00,60,Indoor 4,42.0,frei,4
2026-05-27T09:55:01,2026-05-31,08:00,120,Indoor 4,84.0,frei,4
2026-05-27T09:55:01,2026-05-31,09:00,60,Indoor 4,42.0,frei,4
2026-05-27T09:55:01,2026-05-31,21:30,60,Indoor 4,42.0,frei,4
2026-05-27T09:55:01,2026-05-31,21:30,90,Indoor 4,57.0,frei,4
2026-05-27T09:55:01,2026-05-31,22:30,90,Indoor 4,45.0,frei,4
2026-05-27T09:55:01,2026-05-31,23:00,60,Indoor 4,30.0,frei,4
2026-05-27T09:55:01,2026-05-31,08:00,60,Single Indoor,30.0,frei,4
2026-05-27T09:55:01,2026-05-31,21:30,60,Single Indoor,30.0,frei,4
2026-05-27T09:55:01,2026-05-31,21:30,90,Single Indoor,45.0,frei,4
2026-05-27T09:55:01,2026-05-31,22:30,90,Single Indoor,45.0,frei,4
2026-05-27T09:55:01,2026-05-31,23:00,60,Single Indoor,30.0,frei,4
2026-05-27T09:55:01,2026-05-31,08:00,60,Outdoor 2,36.0,frei,4
2026-05-27T09:55:01,2026-05-31,08:00,120,Outdoor 2,72.0,frei,4
2026-05-27T09:55:01,2026-05-31,08:30,90,Outdoor 2,54.0,frei,4
2026-05-27T09:55:01,2026-05-31,09:00,60,Outdoor 2,36.0,frei,4
2026-05-27T09:55:01,2026-05-31,19:30,60,Outdoor 2,36.0,frei,4
2026-05-27T09:55:01,2026-05-31,19:30,90,Outdoor 2,54.0,frei,4
2026-05-27T09:55:01,2026-05-31,19:30,150,Outdoor 2,90.0,frei,4
2026-05-27T09:55:01,2026-05-31,20:30,90,Outdoor 2,54.0,frei,4
2026-05-27T09:55:01,2026-05-31,21:00,60,Outdoor 2,36.0,frei,4
2026-05-27T09:55:01,2026-05-31,09:00,60,Indoor 1,42.0,frei,4
2026-05-27T09:55:01,2026-05-31,19:00,60,Indoor 1,42.0,frei,4
2026-05-27T09:55:01,2026-05-31,22:00,60,Indoor 1,36.0,frei,4
2026-05-27T09:55:01,2026-05-31,22:00,120,Indoor 1,66.0,frei,4
2026-05-27T09:55:01,2026-05-31,23:00,60,Indoor 1,30.0,frei,4
2026-05-27T09:55:01,2026-05-31,09:00,60,Outdoor 1,36.0,frei,4
2026-05-27T09:55:01,2026-06-01,08:00,60,Outdoor 2,24.0,frei,5
2026-05-27T09:55:01,2026-06-01,08:00,90,Outdoor 2,36.0,frei,5
2026-05-27T09:55:01,2026-06-01,08:00,120,Outdoor 2,48.0,frei,5
2026-05-27T09:55:01,2026-06-01,08:00,150,Outdoor 2,60.0,frei,5
2026-05-27T09:55:01,2026-06-01,08:30,60,Outdoor 2,24.0,frei,5
2026-05-27T09:55:01,2026-06-01,08:30,90,Outdoor 2,36.0,frei,5
2026-05-27T09:55:01,2026-06-01,08:30,120,Outdoor 2,48.0,frei,5
2026-05-27T09:55:01,2026-06-01,08:30,150,Outdoor 2,60.0,frei,5
2026-05-27T09:55:01,2026-06-01,09:00,60,Outdoor 2,24.0,frei,5
2026-05-27T09:55:01,2026-06-01,09:00,90,Outdoor 2,36.0,frei,5
2026-05-27T09:55:01,2026-06-01,09:00,120,Outdoor 2,48.0,frei,5
2026-05-27T09:55:01,2026-06-01,09:00,150,Outdoor 2,60.0,frei,5
2026-05-27T09:55:01,2026-06-01,09:30,60,Outdoor 2,24.0,frei,5
2026-05-27T09:55:01,2026-06-01,09:30,90,Outdoor 2,36.0,frei,5
2026-05-27T09:55:01,2026-06-01,09:30,120,Outdoor 2,48.0,frei,5
2026-05-27T09:55:01,2026-06-01,09:30,150,Outdoor 2,60.0,frei,5
2026-05-27T09:55:01,2026-06-01,10:00,60,Outdoor 2,24.0,frei,5
2026-05-27T09:55:01,2026-06-01,10:00,90,Outdoor 2,36.0,frei,5
2026-05-27T09:55:01,2026-06-01,10:00,120,Outdoor 2,48.0,frei,5
2026-05-27T09:55:01,2026-06-01,10:00,150,Outdoor 2,60.0,frei,5
2026-05-27T09:55:01,2026-06-01,10:30,60,Outdoor 2,24.0,frei,5
2026-05-27T09:55:01,2026-06-01,10:30,90,Outdoor 2,36.0,frei,5
2026-05-27T09:55:01,2026-06-01,10:30,120,Outdoor 2,48.0,frei,5
2026-05-27T09:55:01,2026-06-01,10:30,150,Outdoor 2,60.0,frei,5
2026-05-27T09:55:01,2026-06-01,11:00,60,Outdoor 2,24.0,frei,5
2026-05-27T09:55:01,2026-06-01,11:00,90,Outdoor 2,36.0,frei,5
2026-05-27T09:55:01,2026-06-01,11:00,120,Outdoor 2,48.0,frei,5
2026-05-27T09:55:01,2026-06-01,11:00,150,Outdoor 2,60.0,frei,5
2026-05-27T09:55:01,2026-06-01,11:30,60,Outdoor 2,24.0,frei,5
2026-05-27T09:55:01,2026-06-01,11:30,90,Outdoor 2,36.0,frei,5
2026-05-27T09:55:01,2026-06-01,11:30,120,Outdoor 2,48.0,frei,5
2026-05-27T09:55:01,2026-06-01,11:30,150,Outdoor 2,60.0,frei,5
2026-05-27T09:55:01,2026-06-01,12:00,60,Outdoor 2,24.0,frei,5
2026-05-27T09:55:01,2026-06-01,12:00,90,Outdoor 2,36.0,frei,5
2026-05-27T09:55:01,2026-06-01,12:00,120,Outdoor 2,48.0,frei,5
2026-05-27T09:55:01,2026-06-01,12:00,150,Outdoor 2,60.0,frei,5
2026-05-27T09:55:01,2026-06-01,12:30,60,Outdoor 2,24.0,frei,5
2026-05-27T09:55:01,2026-06-01,12:30,90,Outdoor 2,36.0,frei,5
2026-05-27T09:55:01,2026-06-01,12:30,120,Outdoor 2,48.0,frei,5
2026-05-27T09:55:01,2026-06-01,13:00,60,Outdoor 2,24.0,frei,5
2026-05-27T09:55:01,2026-06-01,13:00,90,Outdoor 2,36.0,frei,5
2026-05-27T09:55:01,2026-06-01,13:00,150,Outdoor 2,60.0,frei,5
2026-05-27T09:55:01,2026-06-01,13:30,60,Outdoor 2,24.0,frei,5
2026-05-27T09:55:01,2026-06-01,13:30,120,Outdoor 2,48.0,frei,5
2026-05-27T09:55:01,2026-06-01,14:00,90,Outdoor 2,36.0,frei,5
2026-05-27T09:55:01,2026-06-01,14:30,60,Outdoor 2,24.0,frei,5
2026-05-27T09:55:01,2026-06-01,08:00,60,Outdoor 4,24.0,frei,5
2026-05-27T09:55:01,2026-06-01,08:00,90,Outdoor 4,36.0,frei,5
2026-05-27T09:55:01,2026-06-01,08:00,120,Outdoor 4,48.0,frei,5
2026-05-27T09:55:01,2026-06-01,08:00,150,Outdoor 4,60.0,frei,5
2026-05-27T09:55:01,2026-06-01,08:30,60,Outdoor 4,24.0,frei,5
2026-05-27T09:55:01,2026-06-01,08:30,90,Outdoor 4,36.0,frei,5
2026-05-27T09:55:01,2026-06-01,08:30,120,Outdoor 4,48.0,frei,5
2026-05-27T09:55:01,2026-06-01,08:30,150,Outdoor 4,60.0,frei,5
2026-05-27T09:55:01,2026-06-01,09:00,60,Outdoor 4,24.0,frei,5
2026-05-27T09:55:01,2026-06-01,09:00,90,Outdoor 4,36.0,frei,5
2026-05-27T09:55:01,2026-06-01,09:00,120,Outdoor 4,48.0,frei,5
2026-05-27T09:55:01,2026-06-01,09:00,150,Outdoor 4,60.0,frei,5
2026-05-27T09:55:01,2026-06-01,09:30,60,Outdoor 4,24.0,frei,5
2026-05-27T09:55:01,2026-06-01,09:30,90,Outdoor 4,36.0,frei,5
2026-05-27T09:55:01,2026-06-01,09:30,120,Outdoor 4,48.0,frei,5
2026-05-27T09:55:01,2026-06-01,09:30,150,Outdoor 4,60.0,frei,5
2026-05-27T09:55:01,2026-06-01,10:00,60,Outdoor 4,24.0,frei,5
2026-05-27T09:55:01,2026-06-01,10:00,90,Outdoor 4,36.0,frei,5
2026-05-27T09:55:01,2026-06-01,10:00,120,Outdoor 4,48.0,frei,5
2026-05-27T09:55:01,2026-06-01,10:00,150,Outdoor 4,60.0,frei,5
2026-05-27T09:55:01,2026-06-01,10:30,60,Outdoor 4,24.0,frei,5
2026-05-27T09:55:01,2026-06-01,10:30,90,Outdoor 4,36.0,frei,5
2026-05-27T09:55:01,2026-06-01,10:30,120,Outdoor 4,48.0,frei,5
2026-05-27T09:55:01,2026-06-01,10:30,150,Outdoor 4,60.0,frei,5
2026-05-27T09:55:01,2026-06-01,11:00,60,Outdoor 4,24.0,frei,5
2026-05-27T09:55:01,2026-06-01,11:00,90,Outdoor 4,36.0,frei,5
2026-05-27T09:55:01,2026-06-01,11:00,120,Outdoor 4,48.0,frei,5
2026-05-27T09:55:01,2026-06-01,11:00,150,Outdoor 4,60.0,frei,5
2026-05-27T09:55:01,2026-06-01,11:30,60,Outdoor 4,24.0,frei,5
2026-05-27T09:55:01,2026-06-01,11:30,90,Outdoor 4,36.0,frei,5
2026-05-27T09:55:01,2026-06-01,11:30,120,Outdoor 4,48.0,frei,5
2026-05-27T09:55:01,2026-06-01,11:30,150,Outdoor 4,60.0,frei,5
2026-05-27T09:55:01,2026-06-01,12:00,60,Outdoor 4,24.0,frei,5
2026-05-27T09:55:01,2026-06-01,12:00,90,Outdoor 4,36.0,frei,5
2026-05-27T09:55:01,2026-06-01,12:00,120,Outdoor 4,48.0,frei,5
2026-05-27T09:55:01,2026-06-01,12:00,150,Outdoor 4,60.0,frei,5
2026-05-27T09:55:01,2026-06-01,12:30,60,Outdoor 4,24.0,frei,5
2026-05-27T09:55:01,2026-06-01,12:30,90,Outdoor 4,36.0,frei,5
2026-05-27T09:55:01,2026-06-01,12:30,120,Outdoor 4,48.0,frei,5
2026-05-27T09:55:01,2026-06-01,12:30,150,Outdoor 4,60.0,frei,5
2026-05-27T09:55:01,2026-06-01,13:00,60,Outdoor 4,24.0,frei,5
2026-05-27T09:55:01,2026-06-01,13:00,90,Outdoor 4,36.0,frei,5
2026-05-27T09:55:01,2026-06-01,13:00,120,Outdoor 4,48.0,frei,5
2026-05-27T09:55:01,2026-06-01,13:00,150,Outdoor 4,60.0,frei,5
2026-05-27T09:55:01,2026-06-01,13:30,60,Outdoor 4,24.0,frei,5
2026-05-27T09:55:01,2026-06-01,13:30,90,Outdoor 4,36.0,frei,5
2026-05-27T09:55:01,2026-06-01,13:30,120,Outdoor 4,48.0,frei,5
2026-05-27T09:55:01,2026-06-01,13:30,150,Outdoor 4,60.0,frei,5
2026-05-27T09:55:01,2026-06-01,14:00,60,Outdoor 4,24.0,frei,5
2026-05-27T09:55:01,2026-06-01,14:00,90,Outdoor 4,36.0,frei,5
2026-05-27T09:55:01,2026-06-01,14:00,120,Outdoor 4,48.0,frei,5
2026-05-27T09:55:01,2026-06-01,14:30,60,Outdoor 4,24.0,frei,5
2026-05-27T09:55:01,2026-06-01,14:30,90,Outdoor 4,36.0,frei,5
2026-05-27T09:55:01,2026-06-01,14:30,150,Outdoor 4,72.0,frei,5
2026-05-27T09:55:01,2026-06-01,15:00,60,Outdoor 4,24.0,frei,5
2026-05-27T09:55:01,2026-06-01,15:00,120,Outdoor 4,60.0,frei,5
2026-05-27T09:55:01,2026-06-01,15:30,90,Outdoor 4,48.0,frei,5
2026-05-27T09:55:01,2026-06-01,16:00,60,Outdoor 4,36.0,frei,5
2026-05-27T09:55:01,2026-06-01,08:00,60,Indoor 2,30.0,frei,5
2026-05-27T09:55:01,2026-06-01,10:30,60,Indoor 2,30.0,frei,5
2026-05-27T09:55:01,2026-06-01,10:30,90,Indoor 2,45.0,frei,5
2026-05-27T09:55:01,2026-06-01,10:30,120,Indoor 2,60.0,frei,5
2026-05-27T09:55:01,2026-06-01,11:30,60,Indoor 2,30.0,frei,5
2026-05-27T09:55:01,2026-06-01,11:30,90,Indoor 2,45.0,frei,5
2026-05-27T09:55:01,2026-06-01,11:30,120,Indoor 2,60.0,frei,5
2026-05-27T09:55:01,2026-06-01,12:00,60,Indoor 2,30.0,frei,5
2026-05-27T09:55:01,2026-06-01,12:00,90,Indoor 2,45.0,frei,5
2026-05-27T09:55:01,2026-06-01,12:00,120,Indoor 2,60.0,frei,5
2026-05-27T09:55:01,2026-06-01,12:30,60,Indoor 2,30.0,frei,5
2026-05-27T09:55:01,2026-06-01,12:30,90,Indoor 2,45.0,frei,5
2026-05-27T09:55:01,2026-06-01,12:30,120,Indoor 2,60.0,frei,5
2026-05-27T09:55:01,2026-06-01,13:00,60,Indoor 2,30.0,frei,5
2026-05-27T09:55:01,2026-06-01,13:00,90,Indoor 2,45.0,frei,5
2026-05-27T09:55:01,2026-06-01,13:30,60,Indoor 2,30.0,frei,5
2026-05-27T09:55:01,2026-06-01,13:30,120,Indoor 2,60.0,frei,5
2026-05-27T09:55:01,2026-06-01,14:00,90,Indoor 2,45.0,frei,5
2026-05-27T09:55:01,2026-06-01,14:30,60,Indoor 2,30.0,frei,5
2026-05-27T09:55:01,2026-06-01,22:00,60,Indoor 2,36.0,frei,5
2026-05-27T09:55:01,2026-06-01,22:00,120,Indoor 2,66.0,frei,5
2026-05-27T09:55:01,2026-06-01,23:00,60,Indoor 2,30.0,frei,5
2026-05-27T09:55:01,2026-06-01,10:30,60,Indoor 4,30.0,frei,5
2026-05-27T09:55:01,2026-06-01,10:30,90,Indoor 4,45.0,frei,5
2026-05-27T09:55:01,2026-06-01,10:30,120,Indoor 4,60.0,frei,5
2026-05-27T09:55:01,2026-06-01,11:30,60,Indoor 4,30.0,frei,5
2026-05-27T09:55:01,2026-06-01,11:30,90,Indoor 4,45.0,frei,5
2026-05-27T09:55:01,2026-06-01,11:30,120,Indoor 4,60.0,frei,5
2026-05-27T09:55:01,2026-06-01,12:00,60,Indoor 4,30.0,frei,5
2026-05-27T09:55:01,2026-06-01,12:00,90,Indoor 4,45.0,frei,5
2026-05-27T09:55:01,2026-06-01,12:00,120,Indoor 4,60.0,frei,5
2026-05-27T09:55:01,2026-06-01,12:30,60,Indoor 4,30.0,frei,5
2026-05-27T09:55:01,2026-06-01,12:30,90,Indoor 4,45.0,frei,5
2026-05-27T09:55:01,2026-06-01,12:30,120,Indoor 4,60.0,frei,5
2026-05-27T09:55:01,2026-06-01,13:00,60,Indoor 4,30.0,frei,5
2026-05-27T09:55:01,2026-06-01,13:00,90,Indoor 4,45.0,frei,5
2026-05-27T09:55:01,2026-06-01,13:30,60,Indoor 4,30.0,frei,5
2026-05-27T09:55:01,2026-06-01,13:30,120,Indoor 4,60.0,frei,5
2026-05-27T09:55:01,2026-06-01,14:00,90,Indoor 4,45.0,frei,5
2026-05-27T09:55:01,2026-06-01,14:30,60,Indoor 4,30.0,frei,5
2026-05-27T09:55:01,2026-06-01,22:00,60,Indoor 4,36.0,frei,5
2026-05-27T09:55:01,2026-06-01,22:00,120,Indoor 4,66.0,frei,5
2026-05-27T09:55:01,2026-06-01,23:00,60,Indoor 4,30.0,frei,5
2026-05-27T09:55:01,2026-06-01,08:00,60,Single Indoor,22.0,frei,5
2026-05-27T09:55:01,2026-06-01,08:00,90,Single Indoor,33.0,frei,5
2026-05-27T09:55:01,2026-06-01,09:00,90,Single Indoor,33.0,frei,5
2026-05-27T09:55:01,2026-06-01,09:30,60,Single Indoor,22.0,frei,5
2026-05-27T09:55:01,2026-06-01,11:30,60,Single Indoor,22.0,frei,5
2026-05-27T09:55:01,2026-06-01,11:30,90,Single Indoor,33.0,frei,5
2026-05-27T09:55:01,2026-06-01,11:30,120,Single Indoor,44.0,frei,5
2026-05-27T09:55:01,2026-06-01,12:30,60,Single Indoor,22.0,frei,5
2026-05-27T09:55:01,2026-06-01,12:30,90,Single Indoor,33.0,frei,5
2026-05-27T09:55:01,2026-06-01,13:00,60,Single Indoor,22.0,frei,5
2026-05-27T09:55:01,2026-06-01,13:00,120,Single Indoor,44.0,frei,5
2026-05-27T09:55:01,2026-06-01,13:30,90,Single Indoor,33.0,frei,5
2026-05-27T09:55:01,2026-06-01,14:00,60,Single Indoor,22.0,frei,5
2026-05-27T09:55:01,2026-06-01,22:00,60,Single Indoor,26.0,frei,5
2026-05-27T09:55:01,2026-06-01,22:00,120,Single Indoor,48.0,frei,5
2026-05-27T09:55:01,2026-06-01,23:00,60,Single Indoor,22.0,frei,5
2026-05-27T09:55:01,2026-06-01,08:00,60,Outdoor 3,24.0,frei,5
2026-05-27T09:55:01,2026-06-01,08:00,90,Outdoor 3,36.0,frei,5
2026-05-27T09:55:01,2026-06-01,08:00,120,Outdoor 3,48.0,frei,5
2026-05-27T09:55:01,2026-06-01,08:00,150,Outdoor 3,60.0,frei,5
2026-05-27T09:55:01,2026-06-01,08:30,60,Outdoor 3,24.0,frei,5
2026-05-27T09:55:01,2026-06-01,08:30,90,Outdoor 3,36.0,frei,5
2026-05-27T09:55:01,2026-06-01,08:30,120,Outdoor 3,48.0,frei,5
2026-05-27T09:55:01,2026-06-01,08:30,150,Outdoor 3,60.0,frei,5
2026-05-27T09:55:01,2026-06-01,09:00,60,Outdoor 3,24.0,frei,5
2026-05-27T09:55:01,2026-06-01,09:00,90,Outdoor 3,36.0,frei,5
2026-05-27T09:55:01,2026-06-01,09:00,120,Outdoor 3,48.0,frei,5
2026-05-27T09:55:01,2026-06-01,09:00,150,Outdoor 3,60.0,frei,5
2026-05-27T09:55:01,2026-06-01,09:30,60,Outdoor 3,24.0,frei,5
2026-05-27T09:55:01,2026-06-01,09:30,90,Outdoor 3,36.0,frei,5
2026-05-27T09:55:01,2026-06-01,09:30,120,Outdoor 3,48.0,frei,5
2026-05-27T09:55:01,2026-06-01,09:30,150,Outdoor 3,60.0,frei,5
2026-05-27T09:55:01,2026-06-01,10:00,60,Outdoor 3,24.0,frei,5
2026-05-27T09:55:01,2026-06-01,10:00,90,Outdoor 3,36.0,frei,5
2026-05-27T09:55:01,2026-06-01,10:00,120,Outdoor 3,48.0,frei,5
2026-05-27T09:55:01,2026-06-01,10:00,150,Outdoor 3,60.0,frei,5
2026-05-27T09:55:01,2026-06-01,10:30,60,Outdoor 3,24.0,frei,5
2026-05-27T09:55:01,2026-06-01,10:30,90,Outdoor 3,36.0,frei,5
2026-05-27T09:55:01,2026-06-01,10:30,120,Outdoor 3,48.0,frei,5
2026-05-27T09:55:01,2026-06-01,10:30,150,Outdoor 3,60.0,frei,5
2026-05-27T09:55:01,2026-06-01,11:00,60,Outdoor 3,24.0,frei,5
2026-05-27T09:55:01,2026-06-01,11:00,90,Outdoor 3,36.0,frei,5
2026-05-27T09:55:01,2026-06-01,11:00,120,Outdoor 3,48.0,frei,5
2026-05-27T09:55:01,2026-06-01,11:00,150,Outdoor 3,60.0,frei,5
2026-05-27T09:55:01,2026-06-01,11:30,60,Outdoor 3,24.0,frei,5
2026-05-27T09:55:01,2026-06-01,11:30,90,Outdoor 3,36.0,frei,5
2026-05-27T09:55:01,2026-06-01,11:30,120,Outdoor 3,48.0,frei,5
2026-05-27T09:55:01,2026-06-01,11:30,150,Outdoor 3,60.0,frei,5
2026-05-27T09:55:01,2026-06-01,12:00,60,Outdoor 3,24.0,frei,5
2026-05-27T09:55:01,2026-06-01,12:00,90,Outdoor 3,36.0,frei,5
2026-05-27T09:55:01,2026-06-01,12:00,120,Outdoor 3,48.0,frei,5
2026-05-27T09:55:01,2026-06-01,12:00,150,Outdoor 3,60.0,frei,5
2026-05-27T09:55:01,2026-06-01,12:30,60,Outdoor 3,24.0,frei,5
2026-05-27T09:55:01,2026-06-01,12:30,90,Outdoor 3,36.0,frei,5
2026-05-27T09:55:01,2026-06-01,12:30,120,Outdoor 3,48.0,frei,5
2026-05-27T09:55:01,2026-06-01,12:30,150,Outdoor 3,60.0,frei,5
2026-05-27T09:55:01,2026-06-01,13:00,60,Outdoor 3,24.0,frei,5
2026-05-27T09:55:01,2026-06-01,13:00,90,Outdoor 3,36.0,frei,5
2026-05-27T09:55:01,2026-06-01,13:00,120,Outdoor 3,48.0,frei,5
2026-05-27T09:55:01,2026-06-01,13:00,150,Outdoor 3,60.0,frei,5
2026-05-27T09:55:01,2026-06-01,13:30,60,Outdoor 3,24.0,frei,5
2026-05-27T09:55:01,2026-06-01,13:30,90,Outdoor 3,36.0,frei,5
2026-05-27T09:55:01,2026-06-01,13:30,120,Outdoor 3,48.0,frei,5
2026-05-27T09:55:01,2026-06-01,13:30,150,Outdoor 3,60.0,frei,5
2026-05-27T09:55:01,2026-06-01,14:00,60,Outdoor 3,24.0,frei,5
2026-05-27T09:55:01,2026-06-01,14:00,90,Outdoor 3,36.0,frei,5
2026-05-27T09:55:01,2026-06-01,14:00,120,Outdoor 3,48.0,frei,5
2026-05-27T09:55:01,2026-06-01,14:30,60,Outdoor 3,24.0,frei,5
2026-05-27T09:55:01,2026-06-01,14:30,90,Outdoor 3,36.0,frei,5
2026-05-27T09:55:01,2026-06-01,14:30,150,Outdoor 3,72.0,frei,5
2026-05-27T09:55:01,2026-06-01,15:00,60,Outdoor 3,24.0,frei,5
2026-05-27T09:55:01,2026-06-01,15:00,120,Outdoor 3,60.0,frei,5
2026-05-27T09:55:01,2026-06-01,15:30,90,Outdoor 3,48.0,frei,5
2026-05-27T09:55:01,2026-06-01,16:00,60,Outdoor 3,36.0,frei,5
2026-05-27T09:55:01,2026-06-01,08:00,60,Outdoor 1,24.0,frei,5
2026-05-27T09:55:01,2026-06-01,08:00,120,Outdoor 1,48.0,frei,5
2026-05-27T09:55:01,2026-06-01,08:30,90,Outdoor 1,36.0,frei,5
2026-05-27T09:55:01,2026-06-01,09:00,60,Outdoor 1,24.0,frei,5
2026-05-27T09:55:01,2026-06-01,11:30,60,Outdoor 1,24.0,frei,5
2026-05-27T09:55:01,2026-06-01,11:30,90,Outdoor 1,36.0,frei,5
2026-05-27T09:55:01,2026-06-01,11:30,120,Outdoor 1,48.0,frei,5
2026-05-27T09:55:01,2026-06-01,11:30,150,Outdoor 1,60.0,frei,5
2026-05-27T09:55:01,2026-06-01,12:30,60,Outdoor 1,24.0,frei,5
2026-05-27T09:55:01,2026-06-01,12:30,90,Outdoor 1,36.0,frei,5
2026-05-27T09:55:01,2026-06-01,12:30,120,Outdoor 1,48.0,frei,5
2026-05-27T09:55:01,2026-06-01,13:00,60,Outdoor 1,24.0,frei,5
2026-05-27T09:55:01,2026-06-01,13:00,90,Outdoor 1,36.0,frei,5
2026-05-27T09:55:01,2026-06-01,13:00,150,Outdoor 1,60.0,frei,5
2026-05-27T09:55:01,2026-06-01,13:30,60,Outdoor 1,24.0,frei,5
2026-05-27T09:55:01,2026-06-01,13:30,120,Outdoor 1,48.0,frei,5
2026-05-27T09:55:01,2026-06-01,14:00,90,Outdoor 1,36.0,frei,5
2026-05-27T09:55:01,2026-06-01,14:30,60,Outdoor 1,24.0,frei,5
2026-05-27T09:55:01,2026-06-01,08:00,90,Indoor 1,45.0,frei,5
2026-05-27T09:55:01,2026-06-01,10:30,60,Indoor 1,30.0,frei,5
2026-05-27T09:55:01,2026-06-01,10:30,90,Indoor 1,45.0,frei,5
2026-05-27T09:55:01,2026-06-01,11:30,90,Indoor 1,45.0,frei,5
2026-05-27T09:55:01,2026-06-01,12:00,60,Indoor 1,30.0,frei,5
2026-05-27T09:55:01,2026-06-01,15:30,90,Indoor 1,57.0,frei,5
2026-05-27T09:55:01,2026-06-01,22:00,60,Indoor 1,36.0,frei,5
2026-05-27T09:55:01,2026-06-01,22:00,120,Indoor 1,66.0,frei,5
2026-05-27T09:55:01,2026-06-01,23:00,60,Indoor 1,30.0,frei,5
2026-05-27T09:55:01,2026-06-01,11:00,60,Indoor 3,30.0,frei,5
2026-05-27T09:55:01,2026-06-01,11:00,90,Indoor 3,45.0,frei,5
2026-05-27T09:55:01,2026-06-01,11:00,120,Indoor 3,60.0,frei,5
2026-05-27T09:55:01,2026-06-01,12:00,60,Indoor 3,30.0,frei,5
2026-05-27T09:55:01,2026-06-01,12:00,90,Indoor 3,45.0,frei,5
2026-05-27T09:55:01,2026-06-01,12:00,120,Indoor 3,60.0,frei,5
2026-05-27T09:55:01,2026-06-01,12:30,60,Indoor 3,30.0,frei,5
2026-05-27T09:55:01,2026-06-01,12:30,90,Indoor 3,45.0,frei,5
2026-05-27T09:55:01,2026-06-01,12:30,120,Indoor 3,60.0,frei,5
2026-05-27T09:55:01,2026-06-01,13:00,60,Indoor 3,30.0,frei,5
2026-05-27T09:55:01,2026-06-01,13:00,90,Indoor 3,45.0,frei,5
2026-05-27T09:55:01,2026-06-01,13:00,120,Indoor 3,60.0,frei,5
2026-05-27T09:55:01,2026-06-01,13:30,60,Indoor 3,30.0,frei,5
2026-05-27T09:55:01,2026-06-01,13:30,90,Indoor 3,45.0,frei,5
2026-05-27T09:55:01,2026-06-01,13:30,120,Indoor 3,60.0,frei,5
2026-05-27T09:55:01,2026-06-01,14:00,60,Indoor 3,30.0,frei,5
2026-05-27T09:55:01,2026-06-01,14:00,90,Indoor 3,45.0,frei,5
2026-05-27T09:55:01,2026-06-01,14:00,120,Indoor 3,60.0,frei,5
2026-05-27T09:55:01,2026-06-01,14:30,60,Indoor 3,30.0,frei,5
2026-05-27T09:55:01,2026-06-01,14:30,90,Indoor 3,45.0,frei,5
2026-05-27T09:55:01,2026-06-01,15:00,60,Indoor 3,30.0,frei,5
2026-05-27T09:55:01,2026-06-01,15:00,120,Indoor 3,72.0,frei,5
2026-05-27T09:55:01,2026-06-01,15:30,90,Indoor 3,57.0,frei,5
2026-05-27T09:55:01,2026-06-01,16:00,60,Indoor 3,42.0,frei,5
2026-05-27T09:55:01,2026-06-01,22:00,60,Indoor 3,36.0,frei,5
2026-05-27T09:55:01,2026-06-01,22:00,120,Indoor 3,66.0,frei,5
2026-05-27T09:55:01,2026-06-01,23:00,60,Indoor 3,30.0,frei,5
2026-05-27T09:55:01,2026-06-02,08:00,60,Outdoor 3,24.0,frei,6
2026-05-27T09:55:01,2026-06-02,08:00,90,Outdoor 3,36.0,frei,6
2026-05-27T09:55:01,2026-06-02,08:00,120,Outdoor 3,48.0,frei,6
2026-05-27T09:55:01,2026-06-02,08:00,150,Outdoor 3,60.0,frei,6
2026-05-27T09:55:01,2026-06-02,08:30,60,Outdoor 3,24.0,frei,6
2026-05-27T09:55:01,2026-06-02,08:30,90,Outdoor 3,36.0,frei,6
2026-05-27T09:55:01,2026-06-02,08:30,120,Outdoor 3,48.0,frei,6
2026-05-27T09:55:01,2026-06-02,08:30,150,Outdoor 3,60.0,frei,6
2026-05-27T09:55:01,2026-06-02,09:00,60,Outdoor 3,24.0,frei,6
2026-05-27T09:55:01,2026-06-02,09:00,90,Outdoor 3,36.0,frei,6
2026-05-27T09:55:01,2026-06-02,09:00,120,Outdoor 3,48.0,frei,6
2026-05-27T09:55:01,2026-06-02,09:00,150,Outdoor 3,60.0,frei,6
2026-05-27T09:55:01,2026-06-02,09:30,60,Outdoor 3,24.0,frei,6
2026-05-27T09:55:01,2026-06-02,09:30,90,Outdoor 3,36.0,frei,6
2026-05-27T09:55:01,2026-06-02,09:30,120,Outdoor 3,48.0,frei,6
2026-05-27T09:55:01,2026-06-02,09:30,150,Outdoor 3,60.0,frei,6
2026-05-27T09:55:01,2026-06-02,10:00,60,Outdoor 3,24.0,frei,6
2026-05-27T09:55:01,2026-06-02,10:00,90,Outdoor 3,36.0,frei,6
2026-05-27T09:55:01,2026-06-02,10:00,120,Outdoor 3,48.0,frei,6
2026-05-27T09:55:01,2026-06-02,10:00,150,Outdoor 3,60.0,frei,6
2026-05-27T09:55:01,2026-06-02,10:30,60,Outdoor 3,24.0,frei,6
2026-05-27T09:55:01,2026-06-02,10:30,90,Outdoor 3,36.0,frei,6
2026-05-27T09:55:01,2026-06-02,10:30,120,Outdoor 3,48.0,frei,6
2026-05-27T09:55:01,2026-06-02,11:00,60,Outdoor 3,24.0,frei,6
2026-05-27T09:55:01,2026-06-02,11:00,90,Outdoor 3,36.0,frei,6
2026-05-27T09:55:01,2026-06-02,11:00,150,Outdoor 3,60.0,frei,6
2026-05-27T09:55:01,2026-06-02,11:30,60,Outdoor 3,24.0,frei,6
2026-05-27T09:55:01,2026-06-02,11:30,120,Outdoor 3,48.0,frei,6
2026-05-27T09:55:01,2026-06-02,12:00,90,Outdoor 3,36.0,frei,6
2026-05-27T09:55:01,2026-06-02,12:30,60,Outdoor 3,24.0,frei,6
2026-05-27T09:55:01,2026-06-02,08:00,60,Outdoor 2,24.0,frei,6
2026-05-27T09:55:01,2026-06-02,08:00,90,Outdoor 2,36.0,frei,6
2026-05-27T09:55:01,2026-06-02,08:00,120,Outdoor 2,48.0,frei,6
2026-05-27T09:55:01,2026-06-02,08:00,150,Outdoor 2,60.0,frei,6
2026-05-27T09:55:01,2026-06-02,08:30,60,Outdoor 2,24.0,frei,6
2026-05-27T09:55:01,2026-06-02,08:30,90,Outdoor 2,36.0,frei,6
2026-05-27T09:55:01,2026-06-02,08:30,120,Outdoor 2,48.0,frei,6
2026-05-27T09:55:01,2026-06-02,08:30,150,Outdoor 2,60.0,frei,6
2026-05-27T09:55:01,2026-06-02,09:00,60,Outdoor 2,24.0,frei,6
2026-05-27T09:55:01,2026-06-02,09:00,90,Outdoor 2,36.0,frei,6
2026-05-27T09:55:01,2026-06-02,09:00,120,Outdoor 2,48.0,frei,6
2026-05-27T09:55:01,2026-06-02,09:00,150,Outdoor 2,60.0,frei,6
2026-05-27T09:55:01,2026-06-02,09:30,60,Outdoor 2,24.0,frei,6
2026-05-27T09:55:01,2026-06-02,09:30,90,Outdoor 2,36.0,frei,6
2026-05-27T09:55:01,2026-06-02,09:30,120,Outdoor 2,48.0,frei,6
2026-05-27T09:55:01,2026-06-02,09:30,150,Outdoor 2,60.0,frei,6
2026-05-27T09:55:01,2026-06-02,10:00,60,Outdoor 2,24.0,frei,6
2026-05-27T09:55:01,2026-06-02,10:00,90,Outdoor 2,36.0,frei,6
2026-05-27T09:55:01,2026-06-02,10:00,120,Outdoor 2,48.0,frei,6
2026-05-27T09:55:01,2026-06-02,10:00,150,Outdoor 2,60.0,frei,6
2026-05-27T09:55:01,2026-06-02,10:30,60,Outdoor 2,24.0,frei,6
2026-05-27T09:55:01,2026-06-02,10:30,90,Outdoor 2,36.0,frei,6
2026-05-27T09:55:01,2026-06-02,10:30,120,Outdoor 2,48.0,frei,6
2026-05-27T09:55:01,2026-06-02,10:30,150,Outdoor 2,60.0,frei,6
2026-05-27T09:55:01,2026-06-02,11:00,60,Outdoor 2,24.0,frei,6
2026-05-27T09:55:01,2026-06-02,11:00,90,Outdoor 2,36.0,frei,6
2026-05-27T09:55:01,2026-06-02,11:00,120,Outdoor 2,48.0,frei,6
2026-05-27T09:55:01,2026-06-02,11:00,150,Outdoor 2,60.0,frei,6
2026-05-27T09:55:01,2026-06-02,11:30,60,Outdoor 2,24.0,frei,6
2026-05-27T09:55:01,2026-06-02,11:30,90,Outdoor 2,36.0,frei,6
2026-05-27T09:55:01,2026-06-02,11:30,120,Outdoor 2,48.0,frei,6
2026-05-27T09:55:01,2026-06-02,11:30,150,Outdoor 2,60.0,frei,6
2026-05-27T09:55:01,2026-06-02,12:00,60,Outdoor 2,24.0,frei,6
2026-05-27T09:55:01,2026-06-02,12:00,90,Outdoor 2,36.0,frei,6
2026-05-27T09:55:01,2026-06-02,12:00,120,Outdoor 2,48.0,frei,6
2026-05-27T09:55:01,2026-06-02,12:00,150,Outdoor 2,60.0,frei,6
2026-05-27T09:55:01,2026-06-02,12:30,60,Outdoor 2,24.0,frei,6
2026-05-27T09:55:01,2026-06-02,12:30,90,Outdoor 2,36.0,frei,6
2026-05-27T09:55:01,2026-06-02,12:30,120,Outdoor 2,48.0,frei,6
2026-05-27T09:55:01,2026-06-02,12:30,150,Outdoor 2,60.0,frei,6
2026-05-27T09:55:01,2026-06-02,13:00,60,Outdoor 2,24.0,frei,6
2026-05-27T09:55:01,2026-06-02,13:00,90,Outdoor 2,36.0,frei,6
2026-05-27T09:55:01,2026-06-02,13:00,120,Outdoor 2,48.0,frei,6
2026-05-27T09:55:01,2026-06-02,13:00,150,Outdoor 2,60.0,frei,6
2026-05-27T09:55:01,2026-06-02,13:30,60,Outdoor 2,24.0,frei,6
2026-05-27T09:55:01,2026-06-02,13:30,90,Outdoor 2,36.0,frei,6
2026-05-27T09:55:01,2026-06-02,13:30,120,Outdoor 2,48.0,frei,6
2026-05-27T09:55:01,2026-06-02,14:00,60,Outdoor 2,24.0,frei,6
2026-05-27T09:55:01,2026-06-02,14:00,90,Outdoor 2,36.0,frei,6
2026-05-27T09:55:01,2026-06-02,14:00,150,Outdoor 2,66.0,frei,6
2026-05-27T09:55:01,2026-06-02,14:30,60,Outdoor 2,24.0,frei,6
2026-05-27T09:55:01,2026-06-02,14:30,120,Outdoor 2,54.0,frei,6
2026-05-27T09:55:01,2026-06-02,15:00,90,Outdoor 2,42.0,frei,6
2026-05-27T09:55:01,2026-06-02,15:30,60,Outdoor 2,30.0,frei,6
2026-05-27T09:55:01,2026-06-02,08:00,60,Outdoor 4,24.0,frei,6
2026-05-27T09:55:01,2026-06-02,08:00,90,Outdoor 4,36.0,frei,6
2026-05-27T09:55:01,2026-06-02,08:00,120,Outdoor 4,48.0,frei,6
2026-05-27T09:55:01,2026-06-02,08:00,150,Outdoor 4,60.0,frei,6
2026-05-27T09:55:01,2026-06-02,08:30,60,Outdoor 4,24.0,frei,6
2026-05-27T09:55:01,2026-06-02,08:30,90,Outdoor 4,36.0,frei,6
2026-05-27T09:55:01,2026-06-02,08:30,120,Outdoor 4,48.0,frei,6
2026-05-27T09:55:01,2026-06-02,08:30,150,Outdoor 4,60.0,frei,6
2026-05-27T09:55:01,2026-06-02,09:00,60,Outdoor 4,24.0,frei,6
2026-05-27T09:55:01,2026-06-02,09:00,90,Outdoor 4,36.0,frei,6
2026-05-27T09:55:01,2026-06-02,09:00,120,Outdoor 4,48.0,frei,6
2026-05-27T09:55:01,2026-06-02,09:00,150,Outdoor 4,60.0,frei,6
2026-05-27T09:55:01,2026-06-02,09:30,60,Outdoor 4,24.0,frei,6
2026-05-27T09:55:01,2026-06-02,09:30,90,Outdoor 4,36.0,frei,6
2026-05-27T09:55:01,2026-06-02,09:30,120,Outdoor 4,48.0,frei,6
2026-05-27T09:55:01,2026-06-02,09:30,150,Outdoor 4,60.0,frei,6
2026-05-27T09:55:01,2026-06-02,10:00,60,Outdoor 4,24.0,frei,6
2026-05-27T09:55:01,2026-06-02,10:00,90,Outdoor 4,36.0,frei,6
2026-05-27T09:55:01,2026-06-02,10:00,120,Outdoor 4,48.0,frei,6
2026-05-27T09:55:01,2026-06-02,10:00,150,Outdoor 4,60.0,frei,6
2026-05-27T09:55:01,2026-06-02,10:30,60,Outdoor 4,24.0,frei,6
2026-05-27T09:55:01,2026-06-02,10:30,90,Outdoor 4,36.0,frei,6
2026-05-27T09:55:01,2026-06-02,10:30,120,Outdoor 4,48.0,frei,6
2026-05-27T09:55:01,2026-06-02,10:30,150,Outdoor 4,60.0,frei,6
2026-05-27T09:55:01,2026-06-02,11:00,60,Outdoor 4,24.0,frei,6
2026-05-27T09:55:01,2026-06-02,11:00,90,Outdoor 4,36.0,frei,6
2026-05-27T09:55:01,2026-06-02,11:00,120,Outdoor 4,48.0,frei,6
2026-05-27T09:55:01,2026-06-02,11:00,150,Outdoor 4,60.0,frei,6
2026-05-27T09:55:01,2026-06-02,11:30,60,Outdoor 4,24.0,frei,6
2026-05-27T09:55:01,2026-06-02,11:30,90,Outdoor 4,36.0,frei,6
2026-05-27T09:55:01,2026-06-02,11:30,120,Outdoor 4,48.0,frei,6
2026-05-27T09:55:01,2026-06-02,11:30,150,Outdoor 4,60.0,frei,6
2026-05-27T09:55:01,2026-06-02,12:00,60,Outdoor 4,24.0,frei,6
2026-05-27T09:55:01,2026-06-02,12:00,90,Outdoor 4,36.0,frei,6
2026-05-27T09:55:01,2026-06-02,12:00,120,Outdoor 4,48.0,frei,6
2026-05-27T09:55:01,2026-06-02,12:00,150,Outdoor 4,60.0,frei,6
2026-05-27T09:55:01,2026-06-02,12:30,60,Outdoor 4,24.0,frei,6
2026-05-27T09:55:01,2026-06-02,12:30,90,Outdoor 4,36.0,frei,6
2026-05-27T09:55:01,2026-06-02,12:30,120,Outdoor 4,48.0,frei,6
2026-05-27T09:55:01,2026-06-02,12:30,150,Outdoor 4,60.0,frei,6
2026-05-27T09:55:01,2026-06-02,13:00,60,Outdoor 4,24.0,frei,6
2026-05-27T09:55:01,2026-06-02,13:00,90,Outdoor 4,36.0,frei,6
2026-05-27T09:55:01,2026-06-02,13:00,120,Outdoor 4,48.0,frei,6
2026-05-27T09:55:01,2026-06-02,13:30,60,Outdoor 4,24.0,frei,6
2026-05-27T09:55:01,2026-06-02,13:30,90,Outdoor 4,36.0,frei,6
2026-05-27T09:55:01,2026-06-02,13:30,150,Outdoor 4,60.0,frei,6
2026-05-27T09:55:01,2026-06-02,14:00,60,Outdoor 4,24.0,frei,6
2026-05-27T09:55:01,2026-06-02,14:00,120,Outdoor 4,48.0,frei,6
2026-05-27T09:55:01,2026-06-02,14:30,90,Outdoor 4,36.0,frei,6
2026-05-27T09:55:01,2026-06-02,15:00,60,Outdoor 4,24.0,frei,6
2026-05-27T09:55:01,2026-06-02,08:00,60,Indoor 2,30.0,frei,6
2026-05-27T09:55:01,2026-06-02,10:30,60,Indoor 2,30.0,frei,6
2026-05-27T09:55:01,2026-06-02,10:30,120,Indoor 2,60.0,frei,6
2026-05-27T09:55:01,2026-06-02,11:30,60,Indoor 2,30.0,frei,6
2026-05-27T09:55:01,2026-06-02,14:00,90,Indoor 2,45.0,frei,6
2026-05-27T09:55:01,2026-06-02,23:00,60,Indoor 2,30.0,frei,6
2026-05-27T09:55:01,2026-06-02,08:00,60,Outdoor 1,24.0,frei,6
2026-05-27T09:55:01,2026-06-02,08:00,90,Outdoor 1,36.0,frei,6
2026-05-27T09:55:01,2026-06-02,08:00,120,Outdoor 1,48.0,frei,6
2026-05-27T09:55:01,2026-06-02,08:00,150,Outdoor 1,60.0,frei,6
2026-05-27T09:55:01,2026-06-02,08:30,60,Outdoor 1,24.0,frei,6
2026-05-27T09:55:01,2026-06-02,08:30,90,Outdoor 1,36.0,frei,6
2026-05-27T09:55:01,2026-06-02,08:30,120,Outdoor 1,48.0,frei,6
2026-05-27T09:55:01,2026-06-02,08:30,150,Outdoor 1,60.0,frei,6
2026-05-27T09:55:01,2026-06-02,09:00,60,Outdoor 1,24.0,frei,6
2026-05-27T09:55:01,2026-06-02,09:00,90,Outdoor 1,36.0,frei,6
2026-05-27T09:55:01,2026-06-02,09:00,120,Outdoor 1,48.0,frei,6
2026-05-27T09:55:01,2026-06-02,09:00,150,Outdoor 1,60.0,frei,6
2026-05-27T09:55:01,2026-06-02,09:30,60,Outdoor 1,24.0,frei,6
2026-05-27T09:55:01,2026-06-02,09:30,90,Outdoor 1,36.0,frei,6
2026-05-27T09:55:01,2026-06-02,09:30,120,Outdoor 1,48.0,frei,6
2026-05-27T09:55:01,2026-06-02,09:30,150,Outdoor 1,60.0,frei,6
2026-05-27T09:55:01,2026-06-02,10:00,60,Outdoor 1,24.0,frei,6
2026-05-27T09:55:01,2026-06-02,10:00,90,Outdoor 1,36.0,frei,6
2026-05-27T09:55:01,2026-06-02,10:00,120,Outdoor 1,48.0,frei,6
2026-05-27T09:55:01,2026-06-02,10:30,60,Outdoor 1,24.0,frei,6
2026-05-27T09:55:01,2026-06-02,10:30,90,Outdoor 1,36.0,frei,6
2026-05-27T09:55:01,2026-06-02,10:30,150,Outdoor 1,60.0,frei,6
2026-05-27T09:55:01,2026-06-02,11:00,60,Outdoor 1,24.0,frei,6
2026-05-27T09:55:01,2026-06-02,11:00,120,Outdoor 1,48.0,frei,6
2026-05-27T09:55:01,2026-06-02,11:30,90,Outdoor 1,36.0,frei,6
2026-05-27T09:55:01,2026-06-02,12:00,60,Outdoor 1,24.0,frei,6
2026-05-27T09:55:01,2026-06-02,14:30,90,Outdoor 1,36.0,frei,6
2026-05-27T09:55:01,2026-06-02,08:00,60,Indoor 4,30.0,frei,6
2026-05-27T09:55:01,2026-06-02,08:00,90,Indoor 4,45.0,frei,6
2026-05-27T09:55:01,2026-06-02,08:00,120,Indoor 4,60.0,frei,6
2026-05-27T09:55:01,2026-06-02,09:00,60,Indoor 4,30.0,frei,6
2026-05-27T09:55:01,2026-06-02,09:00,90,Indoor 4,45.0,frei,6
2026-05-27T09:55:01,2026-06-02,09:00,120,Indoor 4,60.0,frei,6
2026-05-27T09:55:01,2026-06-02,09:30,60,Indoor 4,30.0,frei,6
2026-05-27T09:55:01,2026-06-02,09:30,90,Indoor 4,45.0,frei,6
2026-05-27T09:55:01,2026-06-02,09:30,120,Indoor 4,60.0,frei,6
2026-05-27T09:55:01,2026-06-02,10:00,60,Indoor 4,30.0,frei,6
2026-05-27T09:55:01,2026-06-02,10:00,90,Indoor 4,45.0,frei,6
2026-05-27T09:55:01,2026-06-02,10:00,120,Indoor 4,60.0,frei,6
2026-05-27T09:55:01,2026-06-02,10:30,60,Indoor 4,30.0,frei,6
2026-05-27T09:55:01,2026-06-02,10:30,90,Indoor 4,45.0,frei,6
2026-05-27T09:55:01,2026-06-02,10:30,120,Indoor 4,60.0,frei,6
2026-05-27T09:55:01,2026-06-02,11:00,60,Indoor 4,30.0,frei,6
2026-05-27T09:55:01,2026-06-02,11:00,90,Indoor 4,45.0,frei,6
2026-05-27T09:55:01,2026-06-02,11:00,120,Indoor 4,60.0,frei,6
2026-05-27T09:55:01,2026-06-02,11:30,60,Indoor 4,30.0,frei,6
2026-05-27T09:55:01,2026-06-02,11:30,90,Indoor 4,45.0,frei,6
2026-05-27T09:55:01,2026-06-02,11:30,120,Indoor 4,60.0,frei,6
2026-05-27T09:55:01,2026-06-02,12:00,60,Indoor 4,30.0,frei,6
2026-05-27T09:55:01,2026-06-02,12:00,90,Indoor 4,45.0,frei,6
2026-05-27T09:55:01,2026-06-02,12:00,120,Indoor 4,60.0,frei,6
2026-05-27T09:55:01,2026-06-02,12:30,60,Indoor 4,30.0,frei,6
2026-05-27T09:55:01,2026-06-02,12:30,90,Indoor 4,45.0,frei,6
2026-05-27T09:55:01,2026-06-02,12:30,120,Indoor 4,60.0,frei,6
2026-05-27T09:55:01,2026-06-02,13:00,60,Indoor 4,30.0,frei,6
2026-05-27T09:55:01,2026-06-02,13:00,90,Indoor 4,45.0,frei,6
2026-05-27T09:55:01,2026-06-02,13:30,60,Indoor 4,30.0,frei,6
2026-05-27T09:55:01,2026-06-02,13:30,120,Indoor 4,60.0,frei,6
2026-05-27T09:55:01,2026-06-02,14:00,90,Indoor 4,45.0,frei,6
2026-05-27T09:55:01,2026-06-02,14:30,60,Indoor 4,30.0,frei,6
2026-05-27T09:55:01,2026-06-02,22:30,90,Indoor 4,45.0,frei,6
2026-05-27T09:55:01,2026-06-02,08:00,60,Single Indoor,22.0,frei,6
2026-05-27T09:55:01,2026-06-02,08:00,90,Single Indoor,33.0,frei,6
2026-05-27T09:55:01,2026-06-02,08:00,120,Single Indoor,44.0,frei,6
2026-05-27T09:55:01,2026-06-02,09:00,60,Single Indoor,22.0,frei,6
2026-05-27T09:55:01,2026-06-02,09:00,90,Single Indoor,33.0,frei,6
2026-05-27T09:55:01,2026-06-02,09:00,120,Single Indoor,44.0,frei,6
2026-05-27T09:55:01,2026-06-02,09:30,60,Single Indoor,22.0,frei,6
2026-05-27T09:55:01,2026-06-02,09:30,90,Single Indoor,33.0,frei,6
2026-05-27T09:55:01,2026-06-02,10:00,60,Single Indoor,22.0,frei,6
2026-05-27T09:55:01,2026-06-02,10:00,120,Single Indoor,44.0,frei,6
2026-05-27T09:55:01,2026-06-02,10:30,90,Single Indoor,33.0,frei,6
2026-05-27T09:55:01,2026-06-02,11:00,60,Single Indoor,22.0,frei,6
2026-05-27T09:55:01,2026-06-02,13:00,60,Single Indoor,22.0,frei,6
2026-05-27T09:55:01,2026-06-02,13:00,90,Single Indoor,33.0,frei,6
2026-05-27T09:55:01,2026-06-02,13:00,120,Single Indoor,44.0,frei,6
2026-05-27T09:55:01,2026-06-02,14:00,60,Single Indoor,22.0,frei,6
2026-05-27T09:55:01,2026-06-02,14:00,120,Single Indoor,44.0,frei,6
2026-05-27T09:55:01,2026-06-02,14:30,90,Single Indoor,33.0,frei,6
2026-05-27T09:55:01,2026-06-02,15:00,60,Single Indoor,22.0,frei,6
2026-05-27T09:55:01,2026-06-02,21:30,60,Single Indoor,30.0,frei,6
2026-05-27T09:55:01,2026-06-02,21:30,90,Single Indoor,41.0,frei,6
2026-05-27T09:55:01,2026-06-02,22:30,90,Single Indoor,33.0,frei,6
2026-05-27T09:55:01,2026-06-02,23:00,60,Single Indoor,22.0,frei,6
2026-05-27T09:55:01,2026-06-02,08:00,60,Indoor 1,30.0,frei,6
2026-05-27T09:55:01,2026-06-02,08:00,90,Indoor 1,45.0,frei,6
2026-05-27T09:55:01,2026-06-02,08:00,120,Indoor 1,60.0,frei,6
2026-05-27T09:55:01,2026-06-02,09:00,60,Indoor 1,30.0,frei,6
2026-05-27T09:55:01,2026-06-02,09:00,90,Indoor 1,45.0,frei,6
2026-05-27T09:55:01,2026-06-02,09:00,120,Indoor 1,60.0,frei,6
2026-05-27T09:55:01,2026-06-02,09:30,60,Indoor 1,30.0,frei,6
2026-05-27T09:55:01,2026-06-02,09:30,90,Indoor 1,45.0,frei,6
2026-05-27T09:55:01,2026-06-02,10:00,60,Indoor 1,30.0,frei,6
2026-05-27T09:55:01,2026-06-02,10:00,120,Indoor 1,60.0,frei,6
2026-05-27T09:55:01,2026-06-02,10:30,90,Indoor 1,45.0,frei,6
2026-05-27T09:55:01,2026-06-02,11:00,60,Indoor 1,30.0,frei,6
2026-05-27T09:55:01,2026-06-02,13:00,60,Indoor 1,30.0,frei,6
2026-05-27T09:55:01,2026-06-02,13:00,90,Indoor 1,45.0,frei,6
2026-05-27T09:55:01,2026-06-02,14:00,90,Indoor 1,45.0,frei,6
2026-05-27T09:55:01,2026-06-02,14:30,60,Indoor 1,30.0,frei,6
2026-05-27T09:55:01,2026-06-02,08:00,60,Indoor 3,30.0,frei,6
2026-05-27T09:55:01,2026-06-02,08:00,90,Indoor 3,45.0,frei,6
2026-05-27T09:55:01,2026-06-02,08:00,120,Indoor 3,60.0,frei,6
2026-05-27T09:55:01,2026-06-02,09:00,60,Indoor 3,30.0,frei,6
2026-05-27T09:55:01,2026-06-02,09:00,90,Indoor 3,45.0,frei,6
2026-05-27T09:55:01,2026-06-02,09:00,120,Indoor 3,60.0,frei,6
2026-05-27T09:55:01,2026-06-02,09:30,60,Indoor 3,30.0,frei,6
2026-05-27T09:55:01,2026-06-02,09:30,90,Indoor 3,45.0,frei,6
2026-05-27T09:55:01,2026-06-02,09:30,120,Indoor 3,60.0,frei,6
2026-05-27T09:55:01,2026-06-02,10:00,60,Indoor 3,30.0,frei,6
2026-05-27T09:55:01,2026-06-02,10:00,90,Indoor 3,45.0,frei,6
2026-05-27T09:55:01,2026-06-02,10:00,120,Indoor 3,60.0,frei,6
2026-05-27T09:55:01,2026-06-02,10:30,60,Indoor 3,30.0,frei,6
2026-05-27T09:55:01,2026-06-02,10:30,90,Indoor 3,45.0,frei,6
2026-05-27T09:55:01,2026-06-02,10:30,120,Indoor 3,60.0,frei,6
2026-05-27T09:55:01,2026-06-02,11:00,60,Indoor 3,30.0,frei,6
2026-05-27T09:55:01,2026-06-02,11:00,90,Indoor 3,45.0,frei,6
2026-05-27T09:55:01,2026-06-02,11:00,120,Indoor 3,60.0,frei,6
2026-05-27T09:55:01,2026-06-02,11:30,60,Indoor 3,30.0,frei,6
2026-05-27T09:55:01,2026-06-02,11:30,90,Indoor 3,45.0,frei,6
2026-05-27T09:55:01,2026-06-02,11:30,120,Indoor 3,60.0,frei,6
2026-05-27T09:55:01,2026-06-02,12:00,60,Indoor 3,30.0,frei,6
2026-05-27T09:55:01,2026-06-02,12:00,90,Indoor 3,45.0,frei,6
2026-05-27T09:55:01,2026-06-02,12:00,120,Indoor 3,60.0,frei,6
2026-05-27T09:55:01,2026-06-02,12:30,60,Indoor 3,30.0,frei,6
2026-05-27T09:55:01,2026-06-02,12:30,90,Indoor 3,45.0,frei,6
2026-05-27T09:55:01,2026-06-02,12:30,120,Indoor 3,60.0,frei,6
2026-05-27T09:55:01,2026-06-02,13:00,60,Indoor 3,30.0,frei,6
2026-05-27T09:55:01,2026-06-02,13:00,90,Indoor 3,45.0,frei,6
2026-05-27T09:55:01,2026-06-02,13:30,60,Indoor 3,30.0,frei,6
2026-05-27T09:55:01,2026-06-02,13:30,120,Indoor 3,60.0,frei,6
2026-05-27T09:55:01,2026-06-02,14:00,90,Indoor 3,45.0,frei,6
2026-05-27T09:55:01,2026-06-02,14:30,60,Indoor 3,30.0,frei,6
2026-05-27T09:55:01,2026-06-02,22:30,90,Indoor 3,45.0,frei,6
2026-05-27T09:55:01,2026-06-03,08:00,60,Indoor 2,30.0,frei,7
2026-05-27T09:55:01,2026-06-03,08:00,90,Indoor 2,45.0,frei,7
2026-05-27T09:55:01,2026-06-03,08:00,120,Indoor 2,60.0,frei,7
2026-05-27T09:55:01,2026-06-03,09:00,60,Indoor 2,30.0,frei,7
2026-05-27T09:55:01,2026-06-03,09:00,90,Indoor 2,45.0,frei,7
2026-05-27T09:55:01,2026-06-03,09:00,120,Indoor 2,60.0,frei,7
2026-05-27T09:55:01,2026-06-03,09:30,60,Indoor 2,30.0,frei,7
2026-05-27T09:55:01,2026-06-03,09:30,90,Indoor 2,45.0,frei,7
2026-05-27T09:55:01,2026-06-03,09:30,120,Indoor 2,60.0,frei,7
2026-05-27T09:55:01,2026-06-03,10:00,60,Indoor 2,30.0,frei,7
2026-05-27T09:55:01,2026-06-03,10:00,90,Indoor 2,45.0,frei,7
2026-05-27T09:55:01,2026-06-03,10:00,120,Indoor 2,60.0,frei,7
2026-05-27T09:55:01,2026-06-03,10:30,60,Indoor 2,30.0,frei,7
2026-05-27T09:55:01,2026-06-03,10:30,90,Indoor 2,45.0,frei,7
2026-05-27T09:55:01,2026-06-03,10:30,120,Indoor 2,60.0,frei,7
2026-05-27T09:55:01,2026-06-03,11:00,60,Indoor 2,30.0,frei,7
2026-05-27T09:55:01,2026-06-03,11:00,90,Indoor 2,45.0,frei,7
2026-05-27T09:55:01,2026-06-03,11:00,120,Indoor 2,60.0,frei,7
2026-05-27T09:55:01,2026-06-03,11:30,60,Indoor 2,30.0,frei,7
2026-05-27T09:55:01,2026-06-03,11:30,90,Indoor 2,45.0,frei,7
2026-05-27T09:55:01,2026-06-03,11:30,120,Indoor 2,60.0,frei,7
2026-05-27T09:55:01,2026-06-03,12:00,60,Indoor 2,30.0,frei,7
2026-05-27T09:55:01,2026-06-03,12:00,90,Indoor 2,45.0,frei,7
2026-05-27T09:55:01,2026-06-03,12:00,120,Indoor 2,60.0,frei,7
2026-05-27T09:55:01,2026-06-03,12:30,60,Indoor 2,30.0,frei,7
2026-05-27T09:55:01,2026-06-03,12:30,90,Indoor 2,45.0,frei,7
2026-05-27T09:55:01,2026-06-03,12:30,120,Indoor 2,60.0,frei,7
2026-05-27T09:55:01,2026-06-03,13:00,60,Indoor 2,30.0,frei,7
2026-05-27T09:55:01,2026-06-03,13:00,90,Indoor 2,45.0,frei,7
2026-05-27T09:55:01,2026-06-03,13:00,120,Indoor 2,60.0,frei,7
2026-05-27T09:55:01,2026-06-03,13:30,60,Indoor 2,30.0,frei,7
2026-05-27T09:55:01,2026-06-03,13:30,90,Indoor 2,45.0,frei,7
2026-05-27T09:55:01,2026-06-03,13:30,120,Indoor 2,60.0,frei,7
2026-05-27T09:55:01,2026-06-03,14:00,60,Indoor 2,30.0,frei,7
2026-05-27T09:55:01,2026-06-03,14:00,90,Indoor 2,45.0,frei,7
2026-05-27T09:55:01,2026-06-03,14:00,120,Indoor 2,60.0,frei,7
2026-05-27T09:55:01,2026-06-03,14:30,60,Indoor 2,30.0,frei,7
2026-05-27T09:55:01,2026-06-03,14:30,90,Indoor 2,45.0,frei,7
2026-05-27T09:55:01,2026-06-03,14:30,120,Indoor 2,66.0,frei,7
2026-05-27T09:55:01,2026-06-03,15:00,60,Indoor 2,30.0,frei,7
2026-05-27T09:55:01,2026-06-03,15:00,90,Indoor 2,51.0,frei,7
2026-05-27T09:55:01,2026-06-03,15:00,120,Indoor 2,72.0,frei,7
2026-05-27T09:55:01,2026-06-03,15:30,60,Indoor 2,36.0,frei,7
2026-05-27T09:55:01,2026-06-03,15:30,90,Indoor 2,57.0,frei,7
2026-05-27T09:55:01,2026-06-03,15:30,120,Indoor 2,78.0,frei,7
2026-05-27T09:55:01,2026-06-03,16:00,60,Indoor 2,42.0,frei,7
2026-05-27T09:55:01,2026-06-03,16:00,90,Indoor 2,63.0,frei,7
2026-05-27T09:55:01,2026-06-03,16:30,60,Indoor 2,42.0,frei,7
2026-05-27T09:55:01,2026-06-03,16:30,120,Indoor 2,84.0,frei,7
2026-05-27T09:55:01,2026-06-03,17:00,90,Indoor 2,63.0,frei,7
2026-05-27T09:55:01,2026-06-03,17:30,60,Indoor 2,42.0,frei,7
2026-05-27T09:55:01,2026-06-03,22:00,60,Indoor 2,36.0,frei,7
2026-05-27T09:55:01,2026-06-03,22:00,120,Indoor 2,66.0,frei,7
2026-05-27T09:55:01,2026-06-03,23:00,60,Indoor 2,30.0,frei,7
2026-05-27T09:55:01,2026-06-03,08:00,60,Outdoor 2,24.0,frei,7
2026-05-27T09:55:01,2026-06-03,08:00,90,Outdoor 2,36.0,frei,7
2026-05-27T09:55:01,2026-06-03,08:00,120,Outdoor 2,48.0,frei,7
2026-05-27T09:55:01,2026-06-03,08:00,150,Outdoor 2,60.0,frei,7
2026-05-27T09:55:01,2026-06-03,08:30,60,Outdoor 2,24.0,frei,7
2026-05-27T09:55:01,2026-06-03,08:30,90,Outdoor 2,36.0,frei,7
2026-05-27T09:55:01,2026-06-03,08:30,120,Outdoor 2,48.0,frei,7
2026-05-27T09:55:01,2026-06-03,08:30,150,Outdoor 2,60.0,frei,7
2026-05-27T09:55:01,2026-06-03,09:00,60,Outdoor 2,24.0,frei,7
2026-05-27T09:55:01,2026-06-03,09:00,90,Outdoor 2,36.0,frei,7
2026-05-27T09:55:01,2026-06-03,09:00,120,Outdoor 2,48.0,frei,7
2026-05-27T09:55:01,2026-06-03,09:00,150,Outdoor 2,60.0,frei,7
2026-05-27T09:55:01,2026-06-03,09:30,60,Outdoor 2,24.0,frei,7
2026-05-27T09:55:01,2026-06-03,09:30,90,Outdoor 2,36.0,frei,7
2026-05-27T09:55:01,2026-06-03,09:30,120,Outdoor 2,48.0,frei,7
2026-05-27T09:55:01,2026-06-03,09:30,150,Outdoor 2,60.0,frei,7
2026-05-27T09:55:01,2026-06-03,10:00,60,Outdoor 2,24.0,frei,7
2026-05-27T09:55:01,2026-06-03,10:00,90,Outdoor 2,36.0,frei,7
2026-05-27T09:55:01,2026-06-03,10:00,120,Outdoor 2,48.0,frei,7
2026-05-27T09:55:01,2026-06-03,10:00,150,Outdoor 2,60.0,frei,7
2026-05-27T09:55:01,2026-06-03,10:30,60,Outdoor 2,24.0,frei,7
2026-05-27T09:55:01,2026-06-03,10:30,90,Outdoor 2,36.0,frei,7
2026-05-27T09:55:01,2026-06-03,10:30,120,Outdoor 2,48.0,frei,7
2026-05-27T09:55:01,2026-06-03,10:30,150,Outdoor 2,60.0,frei,7
2026-05-27T09:55:01,2026-06-03,11:00,60,Outdoor 2,24.0,frei,7
2026-05-27T09:55:01,2026-06-03,11:00,90,Outdoor 2,36.0,frei,7
2026-05-27T09:55:01,2026-06-03,11:00,120,Outdoor 2,48.0,frei,7
2026-05-27T09:55:01,2026-06-03,11:00,150,Outdoor 2,60.0,frei,7
2026-05-27T09:55:01,2026-06-03,11:30,60,Outdoor 2,24.0,frei,7
2026-05-27T09:55:01,2026-06-03,11:30,90,Outdoor 2,36.0,frei,7
2026-05-27T09:55:01,2026-06-03,11:30,120,Outdoor 2,48.0,frei,7
2026-05-27T09:55:01,2026-06-03,11:30,150,Outdoor 2,60.0,frei,7
2026-05-27T09:55:01,2026-06-03,12:00,60,Outdoor 2,24.0,frei,7
2026-05-27T09:55:01,2026-06-03,12:00,90,Outdoor 2,36.0,frei,7
2026-05-27T09:55:01,2026-06-03,12:00,120,Outdoor 2,48.0,frei,7
2026-05-27T09:55:01,2026-06-03,12:00,150,Outdoor 2,60.0,frei,7
2026-05-27T09:55:01,2026-06-03,12:30,60,Outdoor 2,24.0,frei,7
2026-05-27T09:55:01,2026-06-03,12:30,90,Outdoor 2,36.0,frei,7
2026-05-27T09:55:01,2026-06-03,12:30,120,Outdoor 2,48.0,frei,7
2026-05-27T09:55:01,2026-06-03,12:30,150,Outdoor 2,60.0,frei,7
2026-05-27T09:55:01,2026-06-03,13:00,60,Outdoor 2,24.0,frei,7
2026-05-27T09:55:01,2026-06-03,13:00,90,Outdoor 2,36.0,frei,7
2026-05-27T09:55:01,2026-06-03,13:00,120,Outdoor 2,48.0,frei,7
2026-05-27T09:55:01,2026-06-03,13:00,150,Outdoor 2,60.0,frei,7
2026-05-27T09:55:01,2026-06-03,13:30,60,Outdoor 2,24.0,frei,7
2026-05-27T09:55:01,2026-06-03,13:30,90,Outdoor 2,36.0,frei,7
2026-05-27T09:55:01,2026-06-03,13:30,120,Outdoor 2,48.0,frei,7
2026-05-27T09:55:01,2026-06-03,13:30,150,Outdoor 2,60.0,frei,7
2026-05-27T09:55:01,2026-06-03,14:00,60,Outdoor 2,24.0,frei,7
2026-05-27T09:55:01,2026-06-03,14:00,90,Outdoor 2,36.0,frei,7
2026-05-27T09:55:01,2026-06-03,14:00,120,Outdoor 2,48.0,frei,7
2026-05-27T09:55:01,2026-06-03,14:30,60,Outdoor 2,24.0,frei,7
2026-05-27T09:55:01,2026-06-03,14:30,90,Outdoor 2,36.0,frei,7
2026-05-27T09:55:01,2026-06-03,14:30,150,Outdoor 2,72.0,frei,7
2026-05-27T09:55:01,2026-06-03,15:00,60,Outdoor 2,24.0,frei,7
2026-05-27T09:55:01,2026-06-03,15:00,120,Outdoor 2,60.0,frei,7
2026-05-27T09:55:01,2026-06-03,15:30,90,Outdoor 2,48.0,frei,7
2026-05-27T09:55:01,2026-06-03,16:00,60,Outdoor 2,36.0,frei,7
2026-05-27T09:55:01,2026-06-03,08:00,60,Outdoor 4,24.0,frei,7
2026-05-27T09:55:01,2026-06-03,08:00,90,Outdoor 4,36.0,frei,7
2026-05-27T09:55:01,2026-06-03,08:00,120,Outdoor 4,48.0,frei,7
2026-05-27T09:55:01,2026-06-03,08:00,150,Outdoor 4,60.0,frei,7
2026-05-27T09:55:01,2026-06-03,08:30,60,Outdoor 4,24.0,frei,7
2026-05-27T09:55:01,2026-06-03,08:30,90,Outdoor 4,36.0,frei,7
2026-05-27T09:55:01,2026-06-03,08:30,120,Outdoor 4,48.0,frei,7
2026-05-27T09:55:01,2026-06-03,08:30,150,Outdoor 4,60.0,frei,7
2026-05-27T09:55:01,2026-06-03,09:00,60,Outdoor 4,24.0,frei,7
2026-05-27T09:55:01,2026-06-03,09:00,90,Outdoor 4,36.0,frei,7
2026-05-27T09:55:01,2026-06-03,09:00,120,Outdoor 4,48.0,frei,7
2026-05-27T09:55:01,2026-06-03,09:00,150,Outdoor 4,60.0,frei,7
2026-05-27T09:55:01,2026-06-03,09:30,60,Outdoor 4,24.0,frei,7
2026-05-27T09:55:01,2026-06-03,09:30,90,Outdoor 4,36.0,frei,7
2026-05-27T09:55:01,2026-06-03,09:30,120,Outdoor 4,48.0,frei,7
2026-05-27T09:55:01,2026-06-03,09:30,150,Outdoor 4,60.0,frei,7
2026-05-27T09:55:01,2026-06-03,10:00,60,Outdoor 4,24.0,frei,7
2026-05-27T09:55:01,2026-06-03,10:00,90,Outdoor 4,36.0,frei,7
2026-05-27T09:55:01,2026-06-03,10:00,120,Outdoor 4,48.0,frei,7
2026-05-27T09:55:01,2026-06-03,10:00,150,Outdoor 4,60.0,frei,7
2026-05-27T09:55:01,2026-06-03,10:30,60,Outdoor 4,24.0,frei,7
2026-05-27T09:55:01,2026-06-03,10:30,90,Outdoor 4,36.0,frei,7
2026-05-27T09:55:01,2026-06-03,10:30,120,Outdoor 4,48.0,frei,7
2026-05-27T09:55:01,2026-06-03,10:30,150,Outdoor 4,60.0,frei,7
2026-05-27T09:55:01,2026-06-03,11:00,60,Outdoor 4,24.0,frei,7
2026-05-27T09:55:01,2026-06-03,11:00,90,Outdoor 4,36.0,frei,7
2026-05-27T09:55:01,2026-06-03,11:00,120,Outdoor 4,48.0,frei,7
2026-05-27T09:55:01,2026-06-03,11:00,150,Outdoor 4,60.0,frei,7
2026-05-27T09:55:01,2026-06-03,11:30,60,Outdoor 4,24.0,frei,7
2026-05-27T09:55:01,2026-06-03,11:30,90,Outdoor 4,36.0,frei,7
2026-05-27T09:55:01,2026-06-03,11:30,120,Outdoor 4,48.0,frei,7
2026-05-27T09:55:01,2026-06-03,11:30,150,Outdoor 4,60.0,frei,7
2026-05-27T09:55:01,2026-06-03,12:00,60,Outdoor 4,24.0,frei,7
2026-05-27T09:55:01,2026-06-03,12:00,90,Outdoor 4,36.0,frei,7
2026-05-27T09:55:01,2026-06-03,12:00,120,Outdoor 4,48.0,frei,7
2026-05-27T09:55:01,2026-06-03,12:00,150,Outdoor 4,60.0,frei,7
2026-05-27T09:55:01,2026-06-03,12:30,60,Outdoor 4,24.0,frei,7
2026-05-27T09:55:01,2026-06-03,12:30,90,Outdoor 4,36.0,frei,7
2026-05-27T09:55:01,2026-06-03,12:30,120,Outdoor 4,48.0,frei,7
2026-05-27T09:55:01,2026-06-03,12:30,150,Outdoor 4,60.0,frei,7
2026-05-27T09:55:01,2026-06-03,13:00,60,Outdoor 4,24.0,frei,7
2026-05-27T09:55:01,2026-06-03,13:00,90,Outdoor 4,36.0,frei,7
2026-05-27T09:55:01,2026-06-03,13:00,120,Outdoor 4,48.0,frei,7
2026-05-27T09:55:01,2026-06-03,13:00,150,Outdoor 4,60.0,frei,7
2026-05-27T09:55:01,2026-06-03,13:30,60,Outdoor 4,24.0,frei,7
2026-05-27T09:55:01,2026-06-03,13:30,90,Outdoor 4,36.0,frei,7
2026-05-27T09:55:01,2026-06-03,13:30,120,Outdoor 4,48.0,frei,7
2026-05-27T09:55:01,2026-06-03,13:30,150,Outdoor 4,60.0,frei,7
2026-05-27T09:55:01,2026-06-03,14:00,60,Outdoor 4,24.0,frei,7
2026-05-27T09:55:01,2026-06-03,14:00,90,Outdoor 4,36.0,frei,7
2026-05-27T09:55:01,2026-06-03,14:00,120,Outdoor 4,48.0,frei,7
2026-05-27T09:55:01,2026-06-03,14:00,150,Outdoor 4,66.0,frei,7
2026-05-27T09:55:01,2026-06-03,14:30,60,Outdoor 4,24.0,frei,7
2026-05-27T09:55:01,2026-06-03,14:30,90,Outdoor 4,36.0,frei,7
2026-05-27T09:55:01,2026-06-03,14:30,120,Outdoor 4,54.0,frei,7
2026-05-27T09:55:01,2026-06-03,15:00,60,Outdoor 4,24.0,frei,7
2026-05-27T09:55:01,2026-06-03,15:00,90,Outdoor 4,42.0,frei,7
2026-05-27T09:55:01,2026-06-03,15:00,150,Outdoor 4,78.0,frei,7
2026-05-27T09:55:01,2026-06-03,15:30,60,Outdoor 4,30.0,frei,7
2026-05-27T09:55:01,2026-06-03,15:30,120,Outdoor 4,66.0,frei,7
2026-05-27T09:55:01,2026-06-03,16:00,90,Outdoor 4,54.0,frei,7
2026-05-27T09:55:01,2026-06-03,16:30,60,Outdoor 4,36.0,frei,7
2026-05-27T09:55:01,2026-06-03,08:00,90,Indoor 1,45.0,frei,7
2026-05-27T09:55:01,2026-06-03,11:00,60,Indoor 1,30.0,frei,7
2026-05-27T09:55:01,2026-06-03,11:00,90,Indoor 1,45.0,frei,7
2026-05-27T09:55:01,2026-06-03,11:00,120,Indoor 1,60.0,frei,7
2026-05-27T09:55:01,2026-06-03,12:00,60,Indoor 1,30.0,frei,7
2026-05-27T09:55:01,2026-06-03,12:00,120,Indoor 1,60.0,frei,7
2026-05-27T09:55:01,2026-06-03,12:30,90,Indoor 1,45.0,frei,7
2026-05-27T09:55:01,2026-06-03,13:00,60,Indoor 1,30.0,frei,7
2026-05-27T09:55:01,2026-06-03,16:00,90,Indoor 1,63.0,frei,7
2026-05-27T09:55:01,2026-06-03,19:00,60,Indoor 1,42.0,frei,7
2026-05-27T09:55:01,2026-06-03,22:00,60,Indoor 1,36.0,frei,7
2026-05-27T09:55:01,2026-06-03,22:00,120,Indoor 1,66.0,frei,7
2026-05-27T09:55:01,2026-06-03,23:00,60,Indoor 1,30.0,frei,7
2026-05-27T09:55:01,2026-06-03,08:00,60,Outdoor 3,24.0,frei,7
2026-05-27T09:55:01,2026-06-03,08:00,90,Outdoor 3,36.0,frei,7
2026-05-27T09:55:01,2026-06-03,08:00,120,Outdoor 3,48.0,frei,7
2026-05-27T09:55:01,2026-06-03,08:00,150,Outdoor 3,60.0,frei,7
2026-05-27T09:55:01,2026-06-03,08:30,60,Outdoor 3,24.0,frei,7
2026-05-27T09:55:01,2026-06-03,08:30,90,Outdoor 3,36.0,frei,7
2026-05-27T09:55:01,2026-06-03,08:30,120,Outdoor 3,48.0,frei,7
2026-05-27T09:55:01,2026-06-03,08:30,150,Outdoor 3,60.0,frei,7
2026-05-27T09:55:01,2026-06-03,09:00,60,Outdoor 3,24.0,frei,7
2026-05-27T09:55:01,2026-06-03,09:00,90,Outdoor 3,36.0,frei,7
2026-05-27T09:55:01,2026-06-03,09:00,120,Outdoor 3,48.0,frei,7
2026-05-27T09:55:01,2026-06-03,09:00,150,Outdoor 3,60.0,frei,7
2026-05-27T09:55:01,2026-06-03,09:30,60,Outdoor 3,24.0,frei,7
2026-05-27T09:55:01,2026-06-03,09:30,90,Outdoor 3,36.0,frei,7
2026-05-27T09:55:01,2026-06-03,09:30,120,Outdoor 3,48.0,frei,7
2026-05-27T09:55:01,2026-06-03,09:30,150,Outdoor 3,60.0,frei,7
2026-05-27T09:55:01,2026-06-03,10:00,60,Outdoor 3,24.0,frei,7
2026-05-27T09:55:01,2026-06-03,10:00,90,Outdoor 3,36.0,frei,7
2026-05-27T09:55:01,2026-06-03,10:00,120,Outdoor 3,48.0,frei,7
2026-05-27T09:55:01,2026-06-03,10:00,150,Outdoor 3,60.0,frei,7
2026-05-27T09:55:01,2026-06-03,10:30,60,Outdoor 3,24.0,frei,7
2026-05-27T09:55:01,2026-06-03,10:30,90,Outdoor 3,36.0,frei,7
2026-05-27T09:55:01,2026-06-03,10:30,120,Outdoor 3,48.0,frei,7
2026-05-27T09:55:01,2026-06-03,10:30,150,Outdoor 3,60.0,frei,7
2026-05-27T09:55:01,2026-06-03,11:00,60,Outdoor 3,24.0,frei,7
2026-05-27T09:55:01,2026-06-03,11:00,90,Outdoor 3,36.0,frei,7
2026-05-27T09:55:01,2026-06-03,11:00,120,Outdoor 3,48.0,frei,7
2026-05-27T09:55:01,2026-06-03,11:00,150,Outdoor 3,60.0,frei,7
2026-05-27T09:55:01,2026-06-03,11:30,60,Outdoor 3,24.0,frei,7
2026-05-27T09:55:01,2026-06-03,11:30,90,Outdoor 3,36.0,frei,7
2026-05-27T09:55:01,2026-06-03,11:30,120,Outdoor 3,48.0,frei,7
2026-05-27T09:55:01,2026-06-03,11:30,150,Outdoor 3,60.0,frei,7
2026-05-27T09:55:01,2026-06-03,12:00,60,Outdoor 3,24.0,frei,7
2026-05-27T09:55:01,2026-06-03,12:00,90,Outdoor 3,36.0,frei,7
2026-05-27T09:55:01,2026-06-03,12:00,120,Outdoor 3,48.0,frei,7
2026-05-27T09:55:01,2026-06-03,12:00,150,Outdoor 3,60.0,frei,7
2026-05-27T09:55:01,2026-06-03,12:30,60,Outdoor 3,24.0,frei,7
2026-05-27T09:55:01,2026-06-03,12:30,90,Outdoor 3,36.0,frei,7
2026-05-27T09:55:01,2026-06-03,12:30,120,Outdoor 3,48.0,frei,7
2026-05-27T09:55:01,2026-06-03,12:30,150,Outdoor 3,60.0,frei,7
2026-05-27T09:55:01,2026-06-03,13:00,60,Outdoor 3,24.0,frei,7
2026-05-27T09:55:01,2026-06-03,13:00,90,Outdoor 3,36.0,frei,7
2026-05-27T09:55:01,2026-06-03,13:00,120,Outdoor 3,48.0,frei,7
2026-05-27T09:55:01,2026-06-03,13:00,150,Outdoor 3,60.0,frei,7
2026-05-27T09:55:01,2026-06-03,13:30,60,Outdoor 3,24.0,frei,7
2026-05-27T09:55:01,2026-06-03,13:30,90,Outdoor 3,36.0,frei,7
2026-05-27T09:55:01,2026-06-03,13:30,120,Outdoor 3,48.0,frei,7
2026-05-27T09:55:01,2026-06-03,13:30,150,Outdoor 3,60.0,frei,7
2026-05-27T09:55:01,2026-06-03,14:00,60,Outdoor 3,24.0,frei,7
2026-05-27T09:55:01,2026-06-03,14:00,90,Outdoor 3,36.0,frei,7
2026-05-27T09:55:01,2026-06-03,14:00,120,Outdoor 3,48.0,frei,7
2026-05-27T09:55:01,2026-06-03,14:30,60,Outdoor 3,24.0,frei,7
2026-05-27T09:55:01,2026-06-03,14:30,90,Outdoor 3,36.0,frei,7
2026-05-27T09:55:01,2026-06-03,14:30,150,Outdoor 3,72.0,frei,7
2026-05-27T09:55:01,2026-06-03,15:00,60,Outdoor 3,24.0,frei,7
2026-05-27T09:55:01,2026-06-03,15:00,120,Outdoor 3,60.0,frei,7
2026-05-27T09:55:01,2026-06-03,15:30,90,Outdoor 3,48.0,frei,7
2026-05-27T09:55:01,2026-06-03,16:00,60,Outdoor 3,36.0,frei,7
2026-05-27T09:55:01,2026-06-03,21:00,60,Outdoor 3,36.0,frei,7
2026-05-27T09:55:01,2026-06-03,08:00,60,Outdoor 1,24.0,frei,7
2026-05-27T09:55:01,2026-06-03,08:00,90,Outdoor 1,36.0,frei,7
2026-05-27T09:55:01,2026-06-03,08:00,120,Outdoor 1,48.0,frei,7
2026-05-27T09:55:01,2026-06-03,08:30,60,Outdoor 1,24.0,frei,7
2026-05-27T09:55:01,2026-06-03,08:30,90,Outdoor 1,36.0,frei,7
2026-05-27T09:55:01,2026-06-03,08:30,150,Outdoor 1,60.0,frei,7
2026-05-27T09:55:01,2026-06-03,09:00,60,Outdoor 1,24.0,frei,7
2026-05-27T09:55:01,2026-06-03,09:00,120,Outdoor 1,48.0,frei,7
2026-05-27T09:55:01,2026-06-03,09:30,90,Outdoor 1,36.0,frei,7
2026-05-27T09:55:01,2026-06-03,10:00,60,Outdoor 1,24.0,frei,7
2026-05-27T09:55:01,2026-06-03,13:00,60,Outdoor 1,24.0,frei,7
2026-05-27T09:55:01,2026-06-03,13:00,90,Outdoor 1,36.0,frei,7
2026-05-27T09:55:01,2026-06-03,13:00,120,Outdoor 1,48.0,frei,7
2026-05-27T09:55:01,2026-06-03,13:00,150,Outdoor 1,60.0,frei,7
2026-05-27T09:55:01,2026-06-03,14:00,60,Outdoor 1,24.0,frei,7
2026-05-27T09:55:01,2026-06-03,14:00,90,Outdoor 1,36.0,frei,7
2026-05-27T09:55:01,2026-06-03,14:00,120,Outdoor 1,48.0,frei,7
2026-05-27T09:55:01,2026-06-03,14:30,60,Outdoor 1,24.0,frei,7
2026-05-27T09:55:01,2026-06-03,14:30,90,Outdoor 1,36.0,frei,7
2026-05-27T09:55:01,2026-06-03,14:30,150,Outdoor 1,72.0,frei,7
2026-05-27T09:55:01,2026-06-03,15:00,60,Outdoor 1,24.0,frei,7
2026-05-27T09:55:01,2026-06-03,15:00,120,Outdoor 1,60.0,frei,7
2026-05-27T09:55:01,2026-06-03,15:30,90,Outdoor 1,48.0,frei,7
2026-05-27T09:55:01,2026-06-03,16:00,60,Outdoor 1,36.0,frei,7
2026-05-27T09:55:01,2026-06-03,21:00,60,Outdoor 1,36.0,frei,7
2026-05-27T09:55:01,2026-06-03,08:00,60,Indoor 4,30.0,frei,7
2026-05-27T09:55:01,2026-06-03,08:00,90,Indoor 4,45.0,frei,7
2026-05-27T09:55:01,2026-06-03,08:00,120,Indoor 4,60.0,frei,7
2026-05-27T09:55:01,2026-06-03,09:00,60,Indoor 4,30.0,frei,7
2026-05-27T09:55:01,2026-06-03,09:00,90,Indoor 4,45.0,frei,7
2026-05-27T09:55:01,2026-06-03,09:00,120,Indoor 4,60.0,frei,7
2026-05-27T09:55:01,2026-06-03,09:30,60,Indoor 4,30.0,frei,7
2026-05-27T09:55:01,2026-06-03,09:30,90,Indoor 4,45.0,frei,7
2026-05-27T09:55:01,2026-06-03,09:30,120,Indoor 4,60.0,frei,7
2026-05-27T09:55:01,2026-06-03,10:00,60,Indoor 4,30.0,frei,7
2026-05-27T09:55:01,2026-06-03,10:00,90,Indoor 4,45.0,frei,7
2026-05-27T09:55:01,2026-06-03,10:00,120,Indoor 4,60.0,frei,7
2026-05-27T09:55:01,2026-06-03,10:30,60,Indoor 4,30.0,frei,7
2026-05-27T09:55:01,2026-06-03,10:30,90,Indoor 4,45.0,frei,7
2026-05-27T09:55:01,2026-06-03,10:30,120,Indoor 4,60.0,frei,7
2026-05-27T09:55:01,2026-06-03,11:00,60,Indoor 4,30.0,frei,7
2026-05-27T09:55:01,2026-06-03,11:00,90,Indoor 4,45.0,frei,7
2026-05-27T09:55:01,2026-06-03,11:00,120,Indoor 4,60.0,frei,7
2026-05-27T09:55:01,2026-06-03,11:30,60,Indoor 4,30.0,frei,7
2026-05-27T09:55:01,2026-06-03,11:30,90,Indoor 4,45.0,frei,7
2026-05-27T09:55:01,2026-06-03,11:30,120,Indoor 4,60.0,frei,7
2026-05-27T09:55:01,2026-06-03,12:00,60,Indoor 4,30.0,frei,7
2026-05-27T09:55:01,2026-06-03,12:00,90,Indoor 4,45.0,frei,7
2026-05-27T09:55:01,2026-06-03,12:00,120,Indoor 4,60.0,frei,7
2026-05-27T09:55:01,2026-06-03,12:30,60,Indoor 4,30.0,frei,7
2026-05-27T09:55:01,2026-06-03,12:30,90,Indoor 4,45.0,frei,7
2026-05-27T09:55:01,2026-06-03,12:30,120,Indoor 4,60.0,frei,7
2026-05-27T09:55:01,2026-06-03,13:00,60,Indoor 4,30.0,frei,7
2026-05-27T09:55:01,2026-06-03,13:00,90,Indoor 4,45.0,frei,7
2026-05-27T09:55:01,2026-06-03,13:00,120,Indoor 4,60.0,frei,7
2026-05-27T09:55:01,2026-06-03,13:30,60,Indoor 4,30.0,frei,7
2026-05-27T09:55:01,2026-06-03,13:30,90,Indoor 4,45.0,frei,7
2026-05-27T09:55:01,2026-06-03,13:30,120,Indoor 4,60.0,frei,7
2026-05-27T09:55:01,2026-06-03,14:00,60,Indoor 4,30.0,frei,7
2026-05-27T09:55:01,2026-06-03,14:00,90,Indoor 4,45.0,frei,7
2026-05-27T09:55:01,2026-06-03,14:00,120,Indoor 4,60.0,frei,7
2026-05-27T09:55:01,2026-06-03,14:30,60,Indoor 4,30.0,frei,7
2026-05-27T09:55:01,2026-06-03,14:30,90,Indoor 4,45.0,frei,7
2026-05-27T09:55:01,2026-06-03,14:30,120,Indoor 4,66.0,frei,7
2026-05-27T09:55:01,2026-06-03,15:00,60,Indoor 4,30.0,frei,7
2026-05-27T09:55:01,2026-06-03,15:00,90,Indoor 4,51.0,frei,7
2026-05-27T09:55:01,2026-06-03,15:00,120,Indoor 4,72.0,frei,7
2026-05-27T09:55:01,2026-06-03,15:30,60,Indoor 4,36.0,frei,7
2026-05-27T09:55:01,2026-06-03,15:30,90,Indoor 4,57.0,frei,7
2026-05-27T09:55:01,2026-06-03,16:00,60,Indoor 4,42.0,frei,7
2026-05-27T09:55:01,2026-06-03,16:00,120,Indoor 4,84.0,frei,7
2026-05-27T09:55:01,2026-06-03,16:30,90,Indoor 4,63.0,frei,7
2026-05-27T09:55:01,2026-06-03,17:00,60,Indoor 4,42.0,frei,7
2026-05-27T09:55:01,2026-06-03,20:30,60,Indoor 4,42.0,frei,7
2026-05-27T09:55:01,2026-06-03,20:30,90,Indoor 4,63.0,frei,7
2026-05-27T09:55:01,2026-06-03,20:30,120,Indoor 4,84.0,frei,7
2026-05-27T09:55:01,2026-06-03,21:30,60,Indoor 4,42.0,frei,7
2026-05-27T09:55:01,2026-06-03,21:30,90,Indoor 4,57.0,frei,7
2026-05-27T09:55:01,2026-06-03,22:00,60,Indoor 4,36.0,frei,7
2026-05-27T09:55:01,2026-06-03,22:00,120,Indoor 4,66.0,frei,7
2026-05-27T09:55:01,2026-06-03,22:30,90,Indoor 4,45.0,frei,7
2026-05-27T09:55:01,2026-06-03,23:00,60,Indoor 4,30.0,frei,7
2026-05-27T09:55:01,2026-06-03,09:30,60,Single Indoor,22.0,frei,7
2026-05-27T09:55:01,2026-06-03,09:30,90,Single Indoor,33.0,frei,7
2026-05-27T09:55:01,2026-06-03,09:30,120,Single Indoor,44.0,frei,7
2026-05-27T09:55:01,2026-06-03,10:30,60,Single Indoor,22.0,frei,7
2026-05-27T09:55:01,2026-06-03,10:30,90,Single Indoor,33.0,frei,7
2026-05-27T09:55:01,2026-06-03,10:30,120,Single Indoor,44.0,frei,7
2026-05-27T09:55:01,2026-06-03,11:00,60,Single Indoor,22.0,frei,7
2026-05-27T09:55:01,2026-06-03,11:00,90,Single Indoor,33.0,frei,7
2026-05-27T09:55:01,2026-06-03,11:00,120,Single Indoor,44.0,frei,7
2026-05-27T09:55:01,2026-06-03,11:30,60,Single Indoor,22.0,frei,7
2026-05-27T09:55:01,2026-06-03,11:30,90,Single Indoor,33.0,frei,7
2026-05-27T09:55:01,2026-06-03,11:30,120,Single Indoor,44.0,frei,7
2026-05-27T09:55:01,2026-06-03,12:00,60,Single Indoor,22.0,frei,7
2026-05-27T09:55:01,2026-06-03,12:00,90,Single Indoor,33.0,frei,7
2026-05-27T09:55:01,2026-06-03,12:00,120,Single Indoor,44.0,frei,7
2026-05-27T09:55:01,2026-06-03,12:30,60,Single Indoor,22.0,frei,7
2026-05-27T09:55:01,2026-06-03,12:30,90,Single Indoor,33.0,frei,7
2026-05-27T09:55:01,2026-06-03,13:00,60,Single Indoor,22.0,frei,7
2026-05-27T09:55:01,2026-06-03,13:00,120,Single Indoor,44.0,frei,7
2026-05-27T09:55:01,2026-06-03,13:30,90,Single Indoor,33.0,frei,7
2026-05-27T09:55:01,2026-06-03,14:00,60,Single Indoor,22.0,frei,7
2026-05-27T09:55:01,2026-06-03,16:30,90,Single Indoor,45.0,frei,7
2026-05-27T09:55:01,2026-06-03,22:00,60,Single Indoor,26.0,frei,7
2026-05-27T09:55:01,2026-06-03,22:00,120,Single Indoor,48.0,frei,7
2026-05-27T09:55:01,2026-06-03,23:00,60,Single Indoor,22.0,frei,7
2026-05-27T09:55:01,2026-06-03,08:00,60,Indoor 3,30.0,frei,7
2026-05-27T09:55:01,2026-06-03,08:00,120,Indoor 3,60.0,frei,7
2026-05-27T09:55:01,2026-06-03,09:00,60,Indoor 3,30.0,frei,7
2026-05-27T09:55:01,2026-06-03,11:00,60,Indoor 3,30.0,frei,7
2026-05-27T09:55:01,2026-06-03,11:00,90,Indoor 3,45.0,frei,7
2026-05-27T09:55:01,2026-06-03,11:00,120,Indoor 3,60.0,frei,7
2026-05-27T09:55:01,2026-06-03,12:00,60,Indoor 3,30.0,frei,7
2026-05-27T09:55:01,2026-06-03,12:00,90,Indoor 3,45.0,frei,7
2026-05-27T09:55:01,2026-06-03,12:00,120,Indoor 3,60.0,frei,7
2026-05-27T09:55:01,2026-06-03,12:30,60,Indoor 3,30.0,frei,7
2026-05-27T09:55:01,2026-06-03,12:30,90,Indoor 3,45.0,frei,7
2026-05-27T09:55:01,2026-06-03,12:30,120,Indoor 3,60.0,frei,7
2026-05-27T09:55:01,2026-06-03,13:00,60,Indoor 3,30.0,frei,7
2026-05-27T09:55:01,2026-06-03,13:00,90,Indoor 3,45.0,frei,7
2026-05-27T09:55:01,2026-06-03,13:00,120,Indoor 3,60.0,frei,7
2026-05-27T09:55:01,2026-06-03,13:30,60,Indoor 3,30.0,frei,7
2026-05-27T09:55:01,2026-06-03,13:30,90,Indoor 3,45.0,frei,7
2026-05-27T09:55:01,2026-06-03,13:30,120,Indoor 3,60.0,frei,7
2026-05-27T09:55:01,2026-06-03,14:00,60,Indoor 3,30.0,frei,7
2026-05-27T09:55:01,2026-06-03,14:00,90,Indoor 3,45.0,frei,7
2026-05-27T09:55:01,2026-06-03,14:00,120,Indoor 3,60.0,frei,7
2026-05-27T09:55:01,2026-06-03,14:30,60,Indoor 3,30.0,frei,7
2026-05-27T09:55:01,2026-06-03,14:30,90,Indoor 3,45.0,frei,7
2026-05-27T09:55:01,2026-06-03,14:30,120,Indoor 3,66.0,frei,7
2026-05-27T09:55:01,2026-06-03,15:00,60,Indoor 3,30.0,frei,7
2026-05-27T09:55:01,2026-06-03,15:00,90,Indoor 3,51.0,frei,7
2026-05-27T09:55:01,2026-06-03,15:00,120,Indoor 3,72.0,frei,7
2026-05-27T09:55:01,2026-06-03,15:30,60,Indoor 3,36.0,frei,7
2026-05-27T09:55:01,2026-06-03,15:30,90,Indoor 3,57.0,frei,7
2026-05-27T09:55:01,2026-06-03,15:30,120,Indoor 3,78.0,frei,7
2026-05-27T09:55:01,2026-06-03,16:00,60,Indoor 3,42.0,frei,7
2026-05-27T09:55:01,2026-06-03,16:00,90,Indoor 3,63.0,frei,7
2026-05-27T09:55:01,2026-06-03,16:00,120,Indoor 3,84.0,frei,7
2026-05-27T09:55:01,2026-06-03,16:30,60,Indoor 3,42.0,frei,7
2026-05-27T09:55:01,2026-06-03,16:30,90,Indoor 3,63.0,frei,7
2026-05-27T09:55:01,2026-06-03,17:00,60,Indoor 3,42.0,frei,7
2026-05-27T09:55:01,2026-06-03,17:00,120,Indoor 3,84.0,frei,7
2026-05-27T09:55:01,2026-06-03,17:30,90,Indoor 3,63.0,frei,7
2026-05-27T09:55:01,2026-06-03,18:00,60,Indoor 3,42.0,frei,7
2026-05-27T09:55:01,2026-06-03,22:00,60,Indoor 3,36.0,frei,7
2026-05-27T09:55:01,2026-06-03,22:00,120,Indoor 3,66.0,frei,7
2026-05-27T09:55:01,2026-06-03,23:00,60,Indoor 3,30.0,frei,7
2026-05-27T09:55:01,2026-06-04,08:00,60,Indoor 2,30.0,frei,8
2026-05-27T09:55:01,2026-06-04,08:00,90,Indoor 2,45.0,frei,8
2026-05-27T09:55:01,2026-06-04,08:00,120,Indoor 2,60.0,frei,8
2026-05-27T09:55:01,2026-06-04,09:00,60,Indoor 2,30.0,frei,8
2026-05-27T09:55:01,2026-06-04,09:00,120,Indoor 2,60.0,frei,8
2026-05-27T09:55:01,2026-06-04,09:30,90,Indoor 2,45.0,frei,8
2026-05-27T09:55:01,2026-06-04,10:00,60,Indoor 2,30.0,frei,8
2026-05-27T09:55:01,2026-06-04,22:00,60,Indoor 2,36.0,frei,8
2026-05-27T09:55:01,2026-06-04,22:00,120,Indoor 2,66.0,frei,8
2026-05-27T09:55:01,2026-06-04,23:00,60,Indoor 2,30.0,frei,8
2026-05-27T09:55:01,2026-06-04,08:00,60,Outdoor 2,24.0,frei,8
2026-05-27T09:55:01,2026-06-04,08:00,90,Outdoor 2,36.0,frei,8
2026-05-27T09:55:01,2026-06-04,08:00,120,Outdoor 2,48.0,frei,8
2026-05-27T09:55:01,2026-06-04,08:30,60,Outdoor 2,24.0,frei,8
2026-05-27T09:55:01,2026-06-04,08:30,90,Outdoor 2,36.0,frei,8
2026-05-27T09:55:01,2026-06-04,08:30,150,Outdoor 2,60.0,frei,8
2026-05-27T09:55:01,2026-06-04,09:00,60,Outdoor 2,24.0,frei,8
2026-05-27T09:55:01,2026-06-04,09:00,120,Outdoor 2,48.0,frei,8
2026-05-27T09:55:01,2026-06-04,09:30,90,Outdoor 2,36.0,frei,8
2026-05-27T09:55:01,2026-06-04,10:00,60,Outdoor 2,24.0,frei,8
2026-05-27T09:55:01,2026-06-04,08:00,60,Indoor 1,30.0,frei,8
2026-05-27T09:55:01,2026-06-04,08:00,90,Indoor 1,45.0,frei,8
2026-05-27T09:55:01,2026-06-04,08:00,120,Indoor 1,60.0,frei,8
2026-05-27T09:55:01,2026-06-04,09:00,60,Indoor 1,30.0,frei,8
2026-05-27T09:55:01,2026-06-04,09:00,120,Indoor 1,60.0,frei,8
2026-05-27T09:55:01,2026-06-04,09:30,90,Indoor 1,45.0,frei,8
2026-05-27T09:55:01,2026-06-04,10:00,60,Indoor 1,30.0,frei,8
2026-05-27T09:55:01,2026-06-04,08:00,60,Outdoor 1,24.0,frei,8
2026-05-27T09:55:01,2026-06-04,08:00,90,Outdoor 1,36.0,frei,8
2026-05-27T09:55:01,2026-06-04,08:00,120,Outdoor 1,48.0,frei,8
2026-05-27T09:55:01,2026-06-04,08:30,60,Outdoor 1,24.0,frei,8
2026-05-27T09:55:01,2026-06-04,08:30,90,Outdoor 1,36.0,frei,8
2026-05-27T09:55:01,2026-06-04,08:30,150,Outdoor 1,60.0,frei,8
2026-05-27T09:55:01,2026-06-04,09:00,60,Outdoor 1,24.0,frei,8
2026-05-27T09:55:01,2026-06-04,09:00,120,Outdoor 1,48.0,frei,8
2026-05-27T09:55:01,2026-06-04,09:30,90,Outdoor 1,36.0,frei,8
2026-05-27T09:55:01,2026-06-04,10:00,60,Outdoor 1,24.0,frei,8
2026-05-27T09:55:01,2026-06-04,08:00,60,Indoor 3,30.0,frei,8
2026-05-27T09:55:01,2026-06-04,08:00,90,Indoor 3,45.0,frei,8
2026-05-27T09:55:01,2026-06-04,08:00,120,Indoor 3,60.0,frei,8
2026-05-27T09:55:01,2026-06-04,09:00,60,Indoor 3,30.0,frei,8
2026-05-27T09:55:01,2026-06-04,09:00,120,Indoor 3,60.0,frei,8
2026-05-27T09:55:01,2026-06-04,09:30,90,Indoor 3,45.0,frei,8
2026-05-27T09:55:01,2026-06-04,10:00,60,Indoor 3,30.0,frei,8
2026-05-27T09:55:01,2026-06-04,16:00,90,Indoor 3,63.0,frei,8
2026-05-27T09:55:01,2026-06-04,16:30,60,Indoor 3,42.0,frei,8
2026-05-27T09:55:01,2026-06-04,22:00,60,Indoor 3,36.0,frei,8
2026-05-27T09:55:01,2026-06-04,22:00,120,Indoor 3,66.0,frei,8
2026-05-27T09:55:01,2026-06-04,23:00,60,Indoor 3,30.0,frei,8
2026-05-27T09:55:01,2026-06-04,08:00,60,Outdoor 3,24.0,frei,8
2026-05-27T09:55:01,2026-06-04,08:00,90,Outdoor 3,36.0,frei,8
2026-05-27T09:55:01,2026-06-04,08:00,120,Outdoor 3,48.0,frei,8
2026-05-27T09:55:01,2026-06-04,08:30,60,Outdoor 3,24.0,frei,8
2026-05-27T09:55:01,2026-06-04,08:30,90,Outdoor 3,36.0,frei,8
2026-05-27T09:55:01,2026-06-04,08:30,150,Outdoor 3,60.0,frei,8
2026-05-27T09:55:01,2026-06-04,09:00,60,Outdoor 3,24.0,frei,8
2026-05-27T09:55:01,2026-06-04,09:00,120,Outdoor 3,48.0,frei,8
2026-05-27T09:55:01,2026-06-04,09:30,90,Outdoor 3,36.0,frei,8
2026-05-27T09:55:01,2026-06-04,10:00,60,Outdoor 3,24.0,frei,8
2026-05-27T09:55:01,2026-06-04,16:00,90,Outdoor 3,54.0,frei,8
2026-05-27T09:55:01,2026-06-04,16:30,60,Outdoor 3,36.0,frei,8
2026-05-27T09:55:01,2026-06-04,08:00,60,Outdoor 4,24.0,frei,8
2026-05-27T09:55:01,2026-06-04,08:00,90,Outdoor 4,36.0,frei,8
2026-05-27T09:55:01,2026-06-04,08:00,120,Outdoor 4,48.0,frei,8
2026-05-27T09:55:01,2026-06-04,08:30,60,Outdoor 4,24.0,frei,8
2026-05-27T09:55:01,2026-06-04,08:30,90,Outdoor 4,36.0,frei,8
2026-05-27T09:55:01,2026-06-04,08:30,150,Outdoor 4,60.0,frei,8
2026-05-27T09:55:01,2026-06-04,09:00,60,Outdoor 4,24.0,frei,8
2026-05-27T09:55:01,2026-06-04,09:00,120,Outdoor 4,48.0,frei,8
2026-05-27T09:55:01,2026-06-04,09:30,90,Outdoor 4,36.0,frei,8
2026-05-27T09:55:01,2026-06-04,10:00,60,Outdoor 4,24.0,frei,8
2026-05-27T09:55:01,2026-06-04,16:00,60,Outdoor 4,36.0,frei,8
2026-05-27T09:55:01,2026-06-04,16:00,90,Outdoor 4,54.0,frei,8
2026-05-27T09:55:01,2026-06-04,16:00,120,Outdoor 4,72.0,frei,8
2026-05-27T09:55:01,2026-06-04,16:30,60,Outdoor 4,36.0,frei,8
2026-05-27T09:55:01,2026-06-04,16:30,90,Outdoor 4,54.0,frei,8
2026-05-27T09:55:01,2026-06-04,16:30,150,Outdoor 4,90.0,frei,8
2026-05-27T09:55:01,2026-06-04,17:00,60,Outdoor 4,36.0,frei,8
2026-05-27T09:55:01,2026-06-04,17:00,120,Outdoor 4,72.0,frei,8
2026-05-27T09:55:01,2026-06-04,17:30,90,Outdoor 4,54.0,frei,8
2026-05-27T09:55:01,2026-06-04,18:00,60,Outdoor 4,36.0,frei,8
2026-05-27T09:55:01,2026-06-04,08:00,90,Indoor 4,45.0,frei,8
2026-05-27T09:55:01,2026-06-04,18:00,60,Indoor 4,42.0,frei,8
2026-05-27T09:55:01,2026-06-04,22:00,60,Indoor 4,36.0,frei,8
2026-05-27T09:55:01,2026-06-04,22:00,120,Indoor 4,66.0,frei,8
2026-05-27T09:55:01,2026-06-04,23:00,60,Indoor 4,30.0,frei,8
2026-05-27T09:55:01,2026-06-04,08:00,60,Single Indoor,22.0,frei,8
2026-05-27T09:55:01,2026-06-04,10:00,60,Single Indoor,22.0,frei,8
2026-05-27T09:55:01,2026-06-04,10:00,120,Single Indoor,44.0,frei,8
2026-05-27T09:55:01,2026-06-04,11:00,60,Single Indoor,22.0,frei,8
2026-05-27T09:55:01,2026-06-04,13:00,90,Single Indoor,33.0,frei,8
2026-05-27T09:55:01,2026-06-04,16:00,60,Single Indoor,30.0,frei,8
2026-05-27T09:55:01,2026-06-04,16:00,120,Single Indoor,60.0,frei,8
2026-05-27T09:55:01,2026-06-04,17:00,60,Single Indoor,30.0,frei,8
2026-05-27T09:55:01,2026-06-04,21:00,60,Single Indoor,30.0,frei,8
2026-05-27T09:55:01,2026-06-04,21:00,90,Single Indoor,45.0,frei,8
2026-05-27T09:55:01,2026-06-04,21:00,120,Single Indoor,56.0,frei,8
2026-05-27T09:55:01,2026-06-04,22:00,60,Single Indoor,26.0,frei,8
2026-05-27T09:55:01,2026-06-04,22:00,120,Single Indoor,48.0,frei,8
2026-05-27T09:55:01,2026-06-04,22:30,90,Single Indoor,33.0,frei,8
2026-05-27T09:55:01,2026-06-04,23:00,60,Single Indoor,22.0,frei,8
2026-05-27T09:55:01,2026-06-05,22:00,60,Indoor 2,36.0,frei,9
2026-05-27T09:55:01,2026-06-05,22:00,120,Indoor 2,66.0,frei,9
2026-05-27T09:55:01,2026-06-05,23:00,60,Indoor 2,30.0,frei,9
2026-05-27T09:55:01,2026-06-05,22:00,60,Indoor 3,36.0,frei,9
2026-05-27T09:55:01,2026-06-05,22:00,120,Indoor 3,66.0,frei,9
2026-05-27T09:55:01,2026-06-05,23:00,60,Indoor 3,30.0,frei,9
2026-05-27T09:55:01,2026-06-05,19:00,60,Indoor 4,42.0,frei,9
2026-05-27T09:55:01,2026-06-05,23:00,60,Indoor 4,30.0,frei,9
2026-05-27T09:55:01,2026-06-05,08:00,60,Single Indoor,22.0,frei,9
2026-05-27T09:55:01,2026-06-05,10:00,60,Single Indoor,22.0,frei,9
2026-05-27T09:55:01,2026-06-05,12:30,60,Single Indoor,22.0,frei,9
2026-05-27T09:55:01,2026-06-05,12:30,120,Single Indoor,44.0,frei,9
2026-05-27T09:55:01,2026-06-05,13:30,60,Single Indoor,22.0,frei,9
2026-05-27T09:55:01,2026-06-05,15:30,60,Single Indoor,26.0,frei,9
2026-05-27T09:55:01,2026-06-05,17:30,90,Single Indoor,45.0,frei,9
2026-05-27T09:55:01,2026-06-05,20:30,60,Single Indoor,30.0,frei,9
2026-05-27T09:55:01,2026-06-05,20:30,90,Single Indoor,45.0,frei,9
2026-05-27T09:55:01,2026-06-05,20:30,120,Single Indoor,60.0,frei,9
2026-05-27T09:55:01,2026-06-05,21:30,60,Single Indoor,30.0,frei,9
2026-05-27T09:55:01,2026-06-05,21:30,90,Single Indoor,41.0,frei,9
2026-05-27T09:55:01,2026-06-05,22:00,60,Single Indoor,26.0,frei,9
2026-05-27T09:55:01,2026-06-05,22:00,120,Single Indoor,48.0,frei,9
2026-05-27T09:55:01,2026-06-05,22:30,90,Single Indoor,33.0,frei,9
2026-05-27T09:55:01,2026-06-05,23:00,60,Single Indoor,22.0,frei,9
2026-05-27T09:55:01,2026-06-05,19:00,60,Outdoor 3,36.0,frei,9
2026-05-27T09:55:01,2026-06-06,08:00,60,Outdoor 2,36.0,frei,10
2026-05-27T09:55:01,2026-06-06,08:00,60,Indoor 2,42.0,frei,10
2026-05-27T09:55:01,2026-06-06,12:00,60,Indoor 2,42.0,frei,10
2026-05-27T09:55:01,2026-06-06,08:00,90,Outdoor 3,54.0,frei,10
2026-05-27T09:55:01,2026-06-06,08:30,60,Outdoor 3,36.0,frei,10
2026-05-27T09:55:01,2026-06-06,08:00,60,Outdoor 4,36.0,frei,10
2026-05-27T09:55:01,2026-06-06,08:00,120,Outdoor 4,72.0,frei,10
2026-05-27T09:55:01,2026-06-06,08:30,90,Outdoor 4,54.0,frei,10
2026-05-27T09:55:01,2026-06-06,09:00,60,Outdoor 4,36.0,frei,10
2026-05-27T09:55:01,2026-06-06,20:30,90,Outdoor 4,54.0,frei,10
2026-05-27T09:55:01,2026-06-06,08:00,60,Indoor 3,42.0,frei,10
2026-05-27T09:55:01,2026-06-06,22:00,60,Indoor 3,36.0,frei,10
2026-05-27T09:55:01,2026-06-06,22:00,120,Indoor 3,66.0,frei,10
2026-05-27T09:55:01,2026-06-06,23:00,60,Indoor 3,30.0,frei,10
2026-05-27T09:55:01,2026-06-06,08:00,60,Indoor 4,42.0,frei,10
2026-05-27T09:55:01,2026-06-06,08:00,120,Indoor 4,84.0,frei,10
2026-05-27T09:55:01,2026-06-06,09:00,60,Indoor 4,42.0,frei,10
2026-05-27T09:55:01,2026-06-06,13:00,60,Indoor 4,42.0,frei,10
2026-05-27T09:55:01,2026-06-06,20:30,60,Indoor 4,42.0,frei,10
2026-05-27T09:55:01,2026-06-06,20:30,90,Indoor 4,63.0,frei,10
2026-05-27T09:55:01,2026-06-06,20:30,120,Indoor 4,84.0,frei,10
2026-05-27T09:55:01,2026-06-06,21:30,60,Indoor 4,42.0,frei,10
2026-05-27T09:55:01,2026-06-06,21:30,90,Indoor 4,57.0,frei,10
2026-05-27T09:55:01,2026-06-06,22:00,60,Indoor 4,36.0,frei,10
2026-05-27T09:55:01,2026-06-06,22:00,120,Indoor 4,66.0,frei,10
2026-05-27T09:55:01,2026-06-06,22:30,90,Indoor 4,45.0,frei,10
2026-05-27T09:55:01,2026-06-06,23:00,60,Indoor 4,30.0,frei,10
2026-05-27T09:55:01,2026-06-06,08:00,60,Single Indoor,30.0,frei,10
2026-05-27T09:55:01,2026-06-06,16:00,60,Single Indoor,30.0,frei,10
2026-05-27T09:55:01,2026-06-06,16:00,120,Single Indoor,60.0,frei,10
2026-05-27T09:55:01,2026-06-06,17:00,60,Single Indoor,30.0,frei,10
2026-05-27T09:55:01,2026-06-06,19:00,60,Single Indoor,30.0,frei,10
2026-05-27T09:55:01,2026-06-06,19:00,90,Single Indoor,45.0,frei,10
2026-05-27T09:55:01,2026-06-06,19:00,120,Single Indoor,60.0,frei,10
2026-05-27T09:55:01,2026-06-06,20:00,60,Single Indoor,30.0,frei,10
2026-05-27T09:55:01,2026-06-06,20:00,90,Single Indoor,45.0,frei,10
2026-05-27T09:55:01,2026-06-06,20:00,120,Single Indoor,60.0,frei,10
2026-05-27T09:55:01,2026-06-06,20:30,60,Single Indoor,30.0,frei,10
2026-05-27T09:55:01,2026-06-06,20:30,90,Single Indoor,45.0,frei,10
2026-05-27T09:55:01,2026-06-06,20:30,120,Single Indoor,60.0,frei,10
2026-05-27T09:55:01,2026-06-06,21:00,60,Single Indoor,30.0,frei,10
2026-05-27T09:55:01,2026-06-06,21:00,90,Single Indoor,45.0,frei,10
2026-05-27T09:55:01,2026-06-06,21:00,120,Single Indoor,60.0,frei,10
2026-05-27T09:55:01,2026-06-06,21:30,60,Single Indoor,30.0,frei,10
2026-05-27T09:55:01,2026-06-06,21:30,90,Single Indoor,45.0,frei,10
2026-05-27T09:55:01,2026-06-06,22:00,60,Single Indoor,30.0,frei,10
2026-05-27T09:55:01,2026-06-06,22:00,120,Single Indoor,60.0,frei,10
2026-05-27T09:55:01,2026-06-06,22:30,90,Single Indoor,45.0,frei,10
2026-05-27T09:55:01,2026-06-06,23:00,60,Single Indoor,30.0,frei,10
2026-05-27T09:55:01,2026-06-07,08:00,60,Indoor 1,42.0,frei,11
2026-05-27T09:55:01,2026-06-07,08:00,60,Outdoor 1,36.0,frei,11
2026-05-27T09:55:01,2026-06-07,20:30,90,Outdoor 1,54.0,frei,11
2026-05-27T09:55:01,2026-06-07,08:00,60,Outdoor 4,36.0,frei,11
2026-05-27T09:55:01,2026-06-07,08:00,120,Outdoor 4,72.0,frei,11
2026-05-27T09:55:01,2026-06-07,08:30,90,Outdoor 4,54.0,frei,11
2026-05-27T09:55:01,2026-06-07,09:00,60,Outdoor 4,36.0,frei,11
2026-05-27T09:55:01,2026-06-07,15:00,60,Outdoor 4,36.0,frei,11
2026-05-27T09:55:01,2026-06-07,20:30,90,Outdoor 4,54.0,frei,11
2026-05-27T09:55:01,2026-06-07,08:00,60,Outdoor 3,36.0,frei,11
2026-05-27T09:55:01,2026-06-07,08:00,120,Outdoor 3,72.0,frei,11
2026-05-27T09:55:01,2026-06-07,08:30,90,Outdoor 3,54.0,frei,11
2026-05-27T09:55:01,2026-06-07,09:00,60,Outdoor 3,36.0,frei,11
2026-05-27T09:55:01,2026-06-07,14:00,60,Outdoor 3,36.0,frei,11
2026-05-27T09:55:01,2026-06-07,20:00,60,Outdoor 3,36.0,frei,11
2026-05-27T09:55:01,2026-06-07,20:00,120,Outdoor 3,72.0,frei,11
2026-05-27T09:55:01,2026-06-07,21:00,60,Outdoor 3,36.0,frei,11
2026-05-27T09:55:01,2026-06-07,08:00,90,Indoor 3,63.0,frei,11
2026-05-27T09:55:01,2026-06-07,16:00,60,Indoor 3,42.0,frei,11
2026-05-27T09:55:01,2026-06-07,18:30,90,Indoor 3,63.0,frei,11
2026-05-27T09:55:01,2026-06-07,21:30,60,Indoor 3,42.0,frei,11
2026-05-27T09:55:01,2026-06-07,21:30,90,Indoor 3,57.0,frei,11
2026-05-27T09:55:01,2026-06-07,22:30,90,Indoor 3,45.0,frei,11
2026-05-27T09:55:01,2026-06-07,23:00,60,Indoor 3,30.0,frei,11
2026-05-27T09:55:01,2026-06-07,08:00,60,Indoor 2,42.0,frei,11
2026-05-27T09:55:01,2026-06-07,08:00,90,Indoor 2,63.0,frei,11
2026-05-27T09:55:01,2026-06-07,09:00,90,Indoor 2,63.0,frei,11
2026-05-27T09:55:01,2026-06-07,09:30,60,Indoor 2,42.0,frei,11
2026-05-27T09:55:01,2026-06-07,08:00,60,Indoor 4,42.0,frei,11
2026-05-27T09:55:01,2026-06-07,08:00,120,Indoor 4,84.0,frei,11
2026-05-27T09:55:01,2026-06-07,09:00,60,Indoor 4,42.0,frei,11
2026-05-27T09:55:01,2026-06-07,13:00,60,Indoor 4,42.0,frei,11
2026-05-27T09:55:01,2026-06-07,13:00,120,Indoor 4,84.0,frei,11
2026-05-27T09:55:01,2026-06-07,14:00,60,Indoor 4,42.0,frei,11
2026-05-27T09:55:01,2026-06-07,16:30,60,Indoor 4,42.0,frei,11
2026-05-27T09:55:01,2026-06-07,21:00,60,Indoor 4,42.0,frei,11
2026-05-27T09:55:01,2026-06-07,21:00,90,Indoor 4,63.0,frei,11
2026-05-27T09:55:01,2026-06-07,21:00,120,Indoor 4,78.0,frei,11
2026-05-27T09:55:01,2026-06-07,22:00,60,Indoor 4,36.0,frei,11
2026-05-27T09:55:01,2026-06-07,22:00,120,Indoor 4,66.0,frei,11
2026-05-27T09:55:01,2026-06-07,22:30,90,Indoor 4,45.0,frei,11
2026-05-27T09:55:01,2026-06-07,23:00,60,Indoor 4,30.0,frei,11
2026-05-27T09:55:01,2026-06-07,08:00,60,Single Indoor,30.0,frei,11
2026-05-27T09:55:01,2026-06-07,11:00,60,Single Indoor,30.0,frei,11
2026-05-27T09:55:01,2026-06-07,14:00,60,Single Indoor,30.0,frei,11
2026-05-27T09:55:01,2026-06-07,14:00,90,Single Indoor,45.0,frei,11
2026-05-27T09:55:01,2026-06-07,14:00,120,Single Indoor,60.0,frei,11
2026-05-27T09:55:01,2026-06-07,15:00,60,Single Indoor,30.0,frei,11
2026-05-27T09:55:01,2026-06-07,15:00,90,Single Indoor,45.0,frei,11
2026-05-27T09:55:01,2026-06-07,15:00,120,Single Indoor,60.0,frei,11
2026-05-27T09:55:01,2026-06-07,15:30,60,Single Indoor,30.0,frei,11
2026-05-27T09:55:01,2026-06-07,15:30,90,Single Indoor,45.0,frei,11
2026-05-27T09:55:01,2026-06-07,16:00,60,Single Indoor,30.0,frei,11
2026-05-27T09:55:01,2026-06-07,16:00,120,Single Indoor,60.0,frei,11
2026-05-27T09:55:01,2026-06-07,16:30,90,Single Indoor,45.0,frei,11
2026-05-27T09:55:01,2026-06-07,17:00,60,Single Indoor,30.0,frei,11
2026-05-27T09:55:01,2026-06-07,19:00,60,Single Indoor,30.0,frei,11
2026-05-27T09:55:01,2026-06-07,19:00,90,Single Indoor,45.0,frei,11
2026-05-27T09:55:01,2026-06-07,19:00,120,Single Indoor,60.0,frei,11
2026-05-27T09:55:01,2026-06-07,20:00,60,Single Indoor,30.0,frei,11
2026-05-27T09:55:01,2026-06-07,20:00,90,Single Indoor,45.0,frei,11
2026-05-27T09:55:01,2026-06-07,20:00,120,Single Indoor,60.0,frei,11
2026-05-27T09:55:01,2026-06-07,20:30,60,Single Indoor,30.0,frei,11
2026-05-27T09:55:01,2026-06-07,20:30,90,Single Indoor,45.0,frei,11
2026-05-27T09:55:01,2026-06-07,20:30,120,Single Indoor,60.0,frei,11
2026-05-27T09:55:01,2026-06-07,21:00,60,Single Indoor,30.0,frei,11
2026-05-27T09:55:01,2026-06-07,21:00,90,Single Indoor,45.0,frei,11
2026-05-27T09:55:01,2026-06-07,21:00,120,Single Indoor,60.0,frei,11
2026-05-27T09:55:01,2026-06-07,21:30,60,Single Indoor,30.0,frei,11
2026-05-27T09:55:01,2026-06-07,21:30,90,Single Indoor,45.0,frei,11
2026-05-27T09:55:01,2026-06-07,22:00,60,Single Indoor,30.0,frei,11
2026-05-27T09:55:01,2026-06-07,22:00,120,Single Indoor,60.0,frei,11
2026-05-27T09:55:01,2026-06-07,22:30,90,Single Indoor,45.0,frei,11
2026-05-27T09:55:01,2026-06-07,23:00,60,Single Indoor,30.0,frei,11
2026-05-27T09:55:01,2026-06-07,20:30,90,Outdoor 2,54.0,frei,11
2026-05-27T09:55:01,2026-06-08,08:00,60,Indoor 1,30.0,frei,12
2026-05-27T09:55:01,2026-06-08,08:00,90,Indoor 1,45.0,frei,12
2026-05-27T09:55:01,2026-06-08,08:00,120,Indoor 1,60.0,frei,12
2026-05-27T09:55:01,2026-06-08,09:00,60,Indoor 1,30.0,frei,12
2026-05-27T09:55:01,2026-06-08,09:00,90,Indoor 1,45.0,frei,12
2026-05-27T09:55:01,2026-06-08,09:00,120,Indoor 1,60.0,frei,12
2026-05-27T09:55:01,2026-06-08,09:30,60,Indoor 1,30.0,frei,12
2026-05-27T09:55:01,2026-06-08,09:30,90,Indoor 1,45.0,frei,12
2026-05-27T09:55:01,2026-06-08,09:30,120,Indoor 1,60.0,frei,12
2026-05-27T09:55:01,2026-06-08,10:00,60,Indoor 1,30.0,frei,12
2026-05-27T09:55:01,2026-06-08,10:00,90,Indoor 1,45.0,frei,12
2026-05-27T09:55:01,2026-06-08,10:00,120,Indoor 1,60.0,frei,12
2026-05-27T09:55:01,2026-06-08,10:30,60,Indoor 1,30.0,frei,12
2026-05-27T09:55:01,2026-06-08,10:30,90,Indoor 1,45.0,frei,12
2026-05-27T09:55:01,2026-06-08,11:00,60,Indoor 1,30.0,frei,12
2026-05-27T09:55:01,2026-06-08,11:00,120,Indoor 1,60.0,frei,12
2026-05-27T09:55:01,2026-06-08,11:30,90,Indoor 1,45.0,frei,12
2026-05-27T09:55:01,2026-06-08,12:00,60,Indoor 1,30.0,frei,12
2026-05-27T09:55:01,2026-06-08,14:00,60,Indoor 1,30.0,frei,12
2026-05-27T09:55:01,2026-06-08,14:00,120,Indoor 1,60.0,frei,12
2026-05-27T09:55:01,2026-06-08,15:00,60,Indoor 1,30.0,frei,12
2026-05-27T09:55:01,2026-06-08,22:00,60,Indoor 1,36.0,frei,12
2026-05-27T09:55:01,2026-06-08,22:00,120,Indoor 1,66.0,frei,12
2026-05-27T09:55:01,2026-06-08,23:00,60,Indoor 1,30.0,frei,12
2026-05-27T09:55:01,2026-06-08,08:00,60,Outdoor 1,24.0,frei,12
2026-05-27T09:55:01,2026-06-08,08:00,90,Outdoor 1,36.0,frei,12
2026-05-27T09:55:01,2026-06-08,08:00,120,Outdoor 1,48.0,frei,12
2026-05-27T09:55:01,2026-06-08,08:00,150,Outdoor 1,60.0,frei,12
2026-05-27T09:55:01,2026-06-08,08:30,60,Outdoor 1,24.0,frei,12
2026-05-27T09:55:01,2026-06-08,08:30,90,Outdoor 1,36.0,frei,12
2026-05-27T09:55:01,2026-06-08,08:30,120,Outdoor 1,48.0,frei,12
2026-05-27T09:55:01,2026-06-08,08:30,150,Outdoor 1,60.0,frei,12
2026-05-27T09:55:01,2026-06-08,09:00,60,Outdoor 1,24.0,frei,12
2026-05-27T09:55:01,2026-06-08,09:00,90,Outdoor 1,36.0,frei,12
2026-05-27T09:55:01,2026-06-08,09:00,120,Outdoor 1,48.0,frei,12
2026-05-27T09:55:01,2026-06-08,09:00,150,Outdoor 1,60.0,frei,12
2026-05-27T09:55:01,2026-06-08,09:30,60,Outdoor 1,24.0,frei,12
2026-05-27T09:55:01,2026-06-08,09:30,90,Outdoor 1,36.0,frei,12
2026-05-27T09:55:01,2026-06-08,09:30,120,Outdoor 1,48.0,frei,12
2026-05-27T09:55:01,2026-06-08,09:30,150,Outdoor 1,60.0,frei,12
2026-05-27T09:55:01,2026-06-08,10:00,60,Outdoor 1,24.0,frei,12
2026-05-27T09:55:01,2026-06-08,10:00,90,Outdoor 1,36.0,frei,12
2026-05-27T09:55:01,2026-06-08,10:00,120,Outdoor 1,48.0,frei,12
2026-05-27T09:55:01,2026-06-08,10:00,150,Outdoor 1,60.0,frei,12
2026-05-27T09:55:01,2026-06-08,10:30,60,Outdoor 1,24.0,frei,12
2026-05-27T09:55:01,2026-06-08,10:30,90,Outdoor 1,36.0,frei,12
2026-05-27T09:55:01,2026-06-08,10:30,120,Outdoor 1,48.0,frei,12
2026-05-27T09:55:01,2026-06-08,10:30,150,Outdoor 1,60.0,frei,12
2026-05-27T09:55:01,2026-06-08,11:00,60,Outdoor 1,24.0,frei,12
2026-05-27T09:55:01,2026-06-08,11:00,90,Outdoor 1,36.0,frei,12
2026-05-27T09:55:01,2026-06-08,11:00,120,Outdoor 1,48.0,frei,12
2026-05-27T09:55:01,2026-06-08,11:00,150,Outdoor 1,60.0,frei,12
2026-05-27T09:55:01,2026-06-08,11:30,60,Outdoor 1,24.0,frei,12
2026-05-27T09:55:01,2026-06-08,11:30,90,Outdoor 1,36.0,frei,12
2026-05-27T09:55:01,2026-06-08,11:30,120,Outdoor 1,48.0,frei,12
2026-05-27T09:55:01,2026-06-08,11:30,150,Outdoor 1,60.0,frei,12
2026-05-27T09:55:01,2026-06-08,12:00,60,Outdoor 1,24.0,frei,12
2026-05-27T09:55:01,2026-06-08,12:00,90,Outdoor 1,36.0,frei,12
2026-05-27T09:55:01,2026-06-08,12:00,120,Outdoor 1,48.0,frei,12
2026-05-27T09:55:01,2026-06-08,12:00,150,Outdoor 1,60.0,frei,12
2026-05-27T09:55:01,2026-06-08,12:30,60,Outdoor 1,24.0,frei,12
2026-05-27T09:55:01,2026-06-08,12:30,90,Outdoor 1,36.0,frei,12
2026-05-27T09:55:01,2026-06-08,12:30,120,Outdoor 1,48.0,frei,12
2026-05-27T09:55:01,2026-06-08,12:30,150,Outdoor 1,60.0,frei,12
2026-05-27T09:55:01,2026-06-08,13:00,60,Outdoor 1,24.0,frei,12
2026-05-27T09:55:01,2026-06-08,13:00,90,Outdoor 1,36.0,frei,12
2026-05-27T09:55:01,2026-06-08,13:00,120,Outdoor 1,48.0,frei,12
2026-05-27T09:55:01,2026-06-08,13:30,60,Outdoor 1,24.0,frei,12
2026-05-27T09:55:01,2026-06-08,13:30,90,Outdoor 1,36.0,frei,12
2026-05-27T09:55:01,2026-06-08,13:30,150,Outdoor 1,60.0,frei,12
2026-05-27T09:55:01,2026-06-08,14:00,60,Outdoor 1,24.0,frei,12
2026-05-27T09:55:01,2026-06-08,14:00,120,Outdoor 1,48.0,frei,12
2026-05-27T09:55:01,2026-06-08,14:30,90,Outdoor 1,36.0,frei,12
2026-05-27T09:55:01,2026-06-08,15:00,60,Outdoor 1,24.0,frei,12
2026-05-27T09:55:01,2026-06-08,08:00,60,Indoor 3,30.0,frei,12
2026-05-27T09:55:01,2026-06-08,08:00,90,Indoor 3,45.0,frei,12
2026-05-27T09:55:01,2026-06-08,08:00,120,Indoor 3,60.0,frei,12
2026-05-27T09:55:01,2026-06-08,09:00,60,Indoor 3,30.0,frei,12
2026-05-27T09:55:01,2026-06-08,09:00,90,Indoor 3,45.0,frei,12
2026-05-27T09:55:01,2026-06-08,09:00,120,Indoor 3,60.0,frei,12
2026-05-27T09:55:01,2026-06-08,09:30,60,Indoor 3,30.0,frei,12
2026-05-27T09:55:01,2026-06-08,09:30,90,Indoor 3,45.0,frei,12
2026-05-27T09:55:01,2026-06-08,09:30,120,Indoor 3,60.0,frei,12
2026-05-27T09:55:01,2026-06-08,10:00,60,Indoor 3,30.0,frei,12
2026-05-27T09:55:01,2026-06-08,10:00,90,Indoor 3,45.0,frei,12
2026-05-27T09:55:01,2026-06-08,10:00,120,Indoor 3,60.0,frei,12
2026-05-27T09:55:01,2026-06-08,10:30,60,Indoor 3,30.0,frei,12
2026-05-27T09:55:01,2026-06-08,10:30,90,Indoor 3,45.0,frei,12
2026-05-27T09:55:01,2026-06-08,10:30,120,Indoor 3,60.0,frei,12
2026-05-27T09:55:01,2026-06-08,11:00,60,Indoor 3,30.0,frei,12
2026-05-27T09:55:01,2026-06-08,11:00,90,Indoor 3,45.0,frei,12
2026-05-27T09:55:01,2026-06-08,11:00,120,Indoor 3,60.0,frei,12
2026-05-27T09:55:01,2026-06-08,11:30,60,Indoor 3,30.0,frei,12
2026-05-27T09:55:01,2026-06-08,11:30,90,Indoor 3,45.0,frei,12
2026-05-27T09:55:01,2026-06-08,11:30,120,Indoor 3,60.0,frei,12
2026-05-27T09:55:01,2026-06-08,12:00,60,Indoor 3,30.0,frei,12
2026-05-27T09:55:01,2026-06-08,12:00,90,Indoor 3,45.0,frei,12
2026-05-27T09:55:01,2026-06-08,12:00,120,Indoor 3,60.0,frei,12
2026-05-27T09:55:01,2026-06-08,12:30,60,Indoor 3,30.0,frei,12
2026-05-27T09:55:01,2026-06-08,12:30,90,Indoor 3,45.0,frei,12
2026-05-27T09:55:01,2026-06-08,12:30,120,Indoor 3,60.0,frei,12
2026-05-27T09:55:01,2026-06-08,13:00,60,Indoor 3,30.0,frei,12
2026-05-27T09:55:01,2026-06-08,13:00,90,Indoor 3,45.0,frei,12
2026-05-27T09:55:01,2026-06-08,13:00,120,Indoor 3,60.0,frei,12
2026-05-27T09:55:01,2026-06-08,13:30,60,Indoor 3,30.0,frei,12
2026-05-27T09:55:01,2026-06-08,13:30,90,Indoor 3,45.0,frei,12
2026-05-27T09:55:01,2026-06-08,14:00,60,Indoor 3,30.0,frei,12
2026-05-27T09:55:01,2026-06-08,14:00,120,Indoor 3,60.0,frei,12
2026-05-27T09:55:01,2026-06-08,14:30,90,Indoor 3,45.0,frei,12
2026-05-27T09:55:01,2026-06-08,15:00,60,Indoor 3,30.0,frei,12
2026-05-27T09:55:01,2026-06-08,22:00,60,Indoor 3,36.0,frei,12
2026-05-27T09:55:01,2026-06-08,22:00,120,Indoor 3,66.0,frei,12
2026-05-27T09:55:01,2026-06-08,23:00,60,Indoor 3,30.0,frei,12
2026-05-27T09:55:01,2026-06-08,08:00,60,Indoor 2,30.0,frei,12
2026-05-27T09:55:01,2026-06-08,08:00,90,Indoor 2,45.0,frei,12
2026-05-27T09:55:01,2026-06-08,08:00,120,Indoor 2,60.0,frei,12
2026-05-27T09:55:01,2026-06-08,09:00,60,Indoor 2,30.0,frei,12
2026-05-27T09:55:01,2026-06-08,09:00,90,Indoor 2,45.0,frei,12
2026-05-27T09:55:01,2026-06-08,09:00,120,Indoor 2,60.0,frei,12
2026-05-27T09:55:01,2026-06-08,09:30,60,Indoor 2,30.0,frei,12
2026-05-27T09:55:01,2026-06-08,09:30,90,Indoor 2,45.0,frei,12
2026-05-27T09:55:01,2026-06-08,09:30,120,Indoor 2,60.0,frei,12
2026-05-27T09:55:01,2026-06-08,10:00,60,Indoor 2,30.0,frei,12
2026-05-27T09:55:01,2026-06-08,10:00,90,Indoor 2,45.0,frei,12
2026-05-27T09:55:01,2026-06-08,10:00,120,Indoor 2,60.0,frei,12
2026-05-27T09:55:01,2026-06-08,10:30,60,Indoor 2,30.0,frei,12
2026-05-27T09:55:01,2026-06-08,10:30,90,Indoor 2,45.0,frei,12
2026-05-27T09:55:01,2026-06-08,10:30,120,Indoor 2,60.0,frei,12
2026-05-27T09:55:01,2026-06-08,11:00,60,Indoor 2,30.0,frei,12
2026-05-27T09:55:01,2026-06-08,11:00,90,Indoor 2,45.0,frei,12
2026-05-27T09:55:01,2026-06-08,11:00,120,Indoor 2,60.0,frei,12
2026-05-27T09:55:01,2026-06-08,11:30,60,Indoor 2,30.0,frei,12
2026-05-27T09:55:01,2026-06-08,11:30,90,Indoor 2,45.0,frei,12
2026-05-27T09:55:01,2026-06-08,11:30,120,Indoor 2,60.0,frei,12
2026-05-27T09:55:01,2026-06-08,12:00,60,Indoor 2,30.0,frei,12
2026-05-27T09:55:01,2026-06-08,12:00,90,Indoor 2,45.0,frei,12
2026-05-27T09:55:01,2026-06-08,12:00,120,Indoor 2,60.0,frei,12
2026-05-27T09:55:01,2026-06-08,12:30,60,Indoor 2,30.0,frei,12
2026-05-27T09:55:01,2026-06-08,12:30,90,Indoor 2,45.0,frei,12
2026-05-27T09:55:01,2026-06-08,13:00,60,Indoor 2,30.0,frei,12
2026-05-27T09:55:01,2026-06-08,13:00,120,Indoor 2,60.0,frei,12
2026-05-27T09:55:01,2026-06-08,13:30,90,Indoor 2,45.0,frei,12
2026-05-27T09:55:01,2026-06-08,14:00,60,Indoor 2,30.0,frei,12
2026-05-27T09:55:01,2026-06-08,16:00,60,Indoor 2,42.0,frei,12
2026-05-27T09:55:01,2026-06-08,22:00,60,Indoor 2,36.0,frei,12
2026-05-27T09:55:01,2026-06-08,22:00,120,Indoor 2,66.0,frei,12
2026-05-27T09:55:01,2026-06-08,23:00,60,Indoor 2,30.0,frei,12
2026-05-27T09:55:01,2026-06-08,08:00,60,Outdoor 3,24.0,frei,12
2026-05-27T09:55:01,2026-06-08,08:00,90,Outdoor 3,36.0,frei,12
2026-05-27T09:55:01,2026-06-08,08:00,120,Outdoor 3,48.0,frei,12
2026-05-27T09:55:01,2026-06-08,08:00,150,Outdoor 3,60.0,frei,12
2026-05-27T09:55:01,2026-06-08,08:30,60,Outdoor 3,24.0,frei,12
2026-05-27T09:55:01,2026-06-08,08:30,90,Outdoor 3,36.0,frei,12
2026-05-27T09:55:01,2026-06-08,08:30,120,Outdoor 3,48.0,frei,12
2026-05-27T09:55:01,2026-06-08,08:30,150,Outdoor 3,60.0,frei,12
2026-05-27T09:55:01,2026-06-08,09:00,60,Outdoor 3,24.0,frei,12
2026-05-27T09:55:01,2026-06-08,09:00,90,Outdoor 3,36.0,frei,12
2026-05-27T09:55:01,2026-06-08,09:00,120,Outdoor 3,48.0,frei,12
2026-05-27T09:55:01,2026-06-08,09:00,150,Outdoor 3,60.0,frei,12
2026-05-27T09:55:01,2026-06-08,09:30,60,Outdoor 3,24.0,frei,12
2026-05-27T09:55:01,2026-06-08,09:30,90,Outdoor 3,36.0,frei,12
2026-05-27T09:55:01,2026-06-08,09:30,120,Outdoor 3,48.0,frei,12
2026-05-27T09:55:01,2026-06-08,09:30,150,Outdoor 3,60.0,frei,12
2026-05-27T09:55:01,2026-06-08,10:00,60,Outdoor 3,24.0,frei,12
2026-05-27T09:55:01,2026-06-08,10:00,90,Outdoor 3,36.0,frei,12
2026-05-27T09:55:01,2026-06-08,10:00,120,Outdoor 3,48.0,frei,12
2026-05-27T09:55:01,2026-06-08,10:00,150,Outdoor 3,60.0,frei,12
2026-05-27T09:55:01,2026-06-08,10:30,60,Outdoor 3,24.0,frei,12
2026-05-27T09:55:01,2026-06-08,10:30,90,Outdoor 3,36.0,frei,12
2026-05-27T09:55:01,2026-06-08,10:30,120,Outdoor 3,48.0,frei,12
2026-05-27T09:55:01,2026-06-08,10:30,150,Outdoor 3,60.0,frei,12
2026-05-27T09:55:01,2026-06-08,11:00,60,Outdoor 3,24.0,frei,12
2026-05-27T09:55:01,2026-06-08,11:00,90,Outdoor 3,36.0,frei,12
2026-05-27T09:55:01,2026-06-08,11:00,120,Outdoor 3,48.0,frei,12
2026-05-27T09:55:01,2026-06-08,11:00,150,Outdoor 3,60.0,frei,12
2026-05-27T09:55:01,2026-06-08,11:30,60,Outdoor 3,24.0,frei,12
2026-05-27T09:55:01,2026-06-08,11:30,90,Outdoor 3,36.0,frei,12
2026-05-27T09:55:01,2026-06-08,11:30,120,Outdoor 3,48.0,frei,12
2026-05-27T09:55:01,2026-06-08,11:30,150,Outdoor 3,60.0,frei,12
2026-05-27T09:55:01,2026-06-08,12:00,60,Outdoor 3,24.0,frei,12
2026-05-27T09:55:01,2026-06-08,12:00,90,Outdoor 3,36.0,frei,12
2026-05-27T09:55:01,2026-06-08,12:00,120,Outdoor 3,48.0,frei,12
2026-05-27T09:55:01,2026-06-08,12:00,150,Outdoor 3,60.0,frei,12
2026-05-27T09:55:01,2026-06-08,12:30,60,Outdoor 3,24.0,frei,12
2026-05-27T09:55:01,2026-06-08,12:30,90,Outdoor 3,36.0,frei,12
2026-05-27T09:55:01,2026-06-08,12:30,120,Outdoor 3,48.0,frei,12
2026-05-27T09:55:01,2026-06-08,12:30,150,Outdoor 3,60.0,frei,12
2026-05-27T09:55:01,2026-06-08,13:00,60,Outdoor 3,24.0,frei,12
2026-05-27T09:55:01,2026-06-08,13:00,90,Outdoor 3,36.0,frei,12
2026-05-27T09:55:01,2026-06-08,13:00,120,Outdoor 3,48.0,frei,12
2026-05-27T09:55:01,2026-06-08,13:30,60,Outdoor 3,24.0,frei,12
2026-05-27T09:55:01,2026-06-08,13:30,90,Outdoor 3,36.0,frei,12
2026-05-27T09:55:01,2026-06-08,13:30,150,Outdoor 3,60.0,frei,12
2026-05-27T09:55:01,2026-06-08,14:00,60,Outdoor 3,24.0,frei,12
2026-05-27T09:55:01,2026-06-08,14:00,120,Outdoor 3,48.0,frei,12
2026-05-27T09:55:01,2026-06-08,14:30,90,Outdoor 3,36.0,frei,12
2026-05-27T09:55:01,2026-06-08,15:00,60,Outdoor 3,24.0,frei,12
2026-05-27T09:55:01,2026-06-08,21:00,60,Outdoor 3,36.0,frei,12
2026-05-27T09:55:01,2026-06-08,08:00,60,Outdoor 2,24.0,frei,12
2026-05-27T09:55:01,2026-06-08,08:00,90,Outdoor 2,36.0,frei,12
2026-05-27T09:55:01,2026-06-08,08:00,120,Outdoor 2,48.0,frei,12
2026-05-27T09:55:01,2026-06-08,08:00,150,Outdoor 2,60.0,frei,12
2026-05-27T09:55:01,2026-06-08,08:30,60,Outdoor 2,24.0,frei,12
2026-05-27T09:55:01,2026-06-08,08:30,90,Outdoor 2,36.0,frei,12
2026-05-27T09:55:01,2026-06-08,08:30,120,Outdoor 2,48.0,frei,12
2026-05-27T09:55:01,2026-06-08,08:30,150,Outdoor 2,60.0,frei,12
2026-05-27T09:55:01,2026-06-08,09:00,60,Outdoor 2,24.0,frei,12
2026-05-27T09:55:01,2026-06-08,09:00,90,Outdoor 2,36.0,frei,12
2026-05-27T09:55:01,2026-06-08,09:00,120,Outdoor 2,48.0,frei,12
2026-05-27T09:55:01,2026-06-08,09:00,150,Outdoor 2,60.0,frei,12
2026-05-27T09:55:01,2026-06-08,09:30,60,Outdoor 2,24.0,frei,12
2026-05-27T09:55:01,2026-06-08,09:30,90,Outdoor 2,36.0,frei,12
2026-05-27T09:55:01,2026-06-08,09:30,120,Outdoor 2,48.0,frei,12
2026-05-27T09:55:01,2026-06-08,09:30,150,Outdoor 2,60.0,frei,12
2026-05-27T09:55:01,2026-06-08,10:00,60,Outdoor 2,24.0,frei,12
2026-05-27T09:55:01,2026-06-08,10:00,90,Outdoor 2,36.0,frei,12
2026-05-27T09:55:01,2026-06-08,10:00,120,Outdoor 2,48.0,frei,12
2026-05-27T09:55:01,2026-06-08,10:00,150,Outdoor 2,60.0,frei,12
2026-05-27T09:55:01,2026-06-08,10:30,60,Outdoor 2,24.0,frei,12
2026-05-27T09:55:01,2026-06-08,10:30,90,Outdoor 2,36.0,frei,12
2026-05-27T09:55:01,2026-06-08,10:30,120,Outdoor 2,48.0,frei,12
2026-05-27T09:55:01,2026-06-08,10:30,150,Outdoor 2,60.0,frei,12
2026-05-27T09:55:01,2026-06-08,11:00,60,Outdoor 2,24.0,frei,12
2026-05-27T09:55:01,2026-06-08,11:00,90,Outdoor 2,36.0,frei,12
2026-05-27T09:55:01,2026-06-08,11:00,120,Outdoor 2,48.0,frei,12
2026-05-27T09:55:01,2026-06-08,11:00,150,Outdoor 2,60.0,frei,12
2026-05-27T09:55:01,2026-06-08,11:30,60,Outdoor 2,24.0,frei,12
2026-05-27T09:55:01,2026-06-08,11:30,90,Outdoor 2,36.0,frei,12
2026-05-27T09:55:01,2026-06-08,11:30,120,Outdoor 2,48.0,frei,12
2026-05-27T09:55:01,2026-06-08,11:30,150,Outdoor 2,60.0,frei,12
2026-05-27T09:55:01,2026-06-08,12:00,60,Outdoor 2,24.0,frei,12
2026-05-27T09:55:01,2026-06-08,12:00,90,Outdoor 2,36.0,frei,12
2026-05-27T09:55:01,2026-06-08,12:00,120,Outdoor 2,48.0,frei,12
2026-05-27T09:55:01,2026-06-08,12:00,150,Outdoor 2,60.0,frei,12
2026-05-27T09:55:01,2026-06-08,12:30,60,Outdoor 2,24.0,frei,12
2026-05-27T09:55:01,2026-06-08,12:30,90,Outdoor 2,36.0,frei,12
2026-05-27T09:55:01,2026-06-08,12:30,120,Outdoor 2,48.0,frei,12
2026-05-27T09:55:01,2026-06-08,12:30,150,Outdoor 2,60.0,frei,12
2026-05-27T09:55:01,2026-06-08,13:00,60,Outdoor 2,24.0,frei,12
2026-05-27T09:55:01,2026-06-08,13:00,90,Outdoor 2,36.0,frei,12
2026-05-27T09:55:01,2026-06-08,13:00,120,Outdoor 2,48.0,frei,12
2026-05-27T09:55:01,2026-06-08,13:00,150,Outdoor 2,60.0,frei,12
2026-05-27T09:55:01,2026-06-08,13:30,60,Outdoor 2,24.0,frei,12
2026-05-27T09:55:01,2026-06-08,13:30,90,Outdoor 2,36.0,frei,12
2026-05-27T09:55:01,2026-06-08,13:30,120,Outdoor 2,48.0,frei,12
2026-05-27T09:55:01,2026-06-08,14:00,60,Outdoor 2,24.0,frei,12
2026-05-27T09:55:01,2026-06-08,14:00,90,Outdoor 2,36.0,frei,12
2026-05-27T09:55:01,2026-06-08,14:00,150,Outdoor 2,66.0,frei,12
2026-05-27T09:55:01,2026-06-08,14:30,60,Outdoor 2,24.0,frei,12
2026-05-27T09:55:01,2026-06-08,14:30,120,Outdoor 2,54.0,frei,12
2026-05-27T09:55:01,2026-06-08,15:00,90,Outdoor 2,42.0,frei,12
2026-05-27T09:55:01,2026-06-08,15:30,60,Outdoor 2,30.0,frei,12
2026-05-27T09:55:01,2026-06-08,08:00,60,Outdoor 4,24.0,frei,12
2026-05-27T09:55:01,2026-06-08,08:00,90,Outdoor 4,36.0,frei,12
2026-05-27T09:55:01,2026-06-08,08:00,120,Outdoor 4,48.0,frei,12
2026-05-27T09:55:01,2026-06-08,08:00,150,Outdoor 4,60.0,frei,12
2026-05-27T09:55:01,2026-06-08,08:30,60,Outdoor 4,24.0,frei,12
2026-05-27T09:55:01,2026-06-08,08:30,90,Outdoor 4,36.0,frei,12
2026-05-27T09:55:01,2026-06-08,08:30,120,Outdoor 4,48.0,frei,12
2026-05-27T09:55:01,2026-06-08,08:30,150,Outdoor 4,60.0,frei,12
2026-05-27T09:55:01,2026-06-08,09:00,60,Outdoor 4,24.0,frei,12
2026-05-27T09:55:01,2026-06-08,09:00,90,Outdoor 4,36.0,frei,12
2026-05-27T09:55:01,2026-06-08,09:00,120,Outdoor 4,48.0,frei,12
2026-05-27T09:55:01,2026-06-08,09:00,150,Outdoor 4,60.0,frei,12
2026-05-27T09:55:01,2026-06-08,09:30,60,Outdoor 4,24.0,frei,12
2026-05-27T09:55:01,2026-06-08,09:30,90,Outdoor 4,36.0,frei,12
2026-05-27T09:55:01,2026-06-08,09:30,120,Outdoor 4,48.0,frei,12
2026-05-27T09:55:01,2026-06-08,09:30,150,Outdoor 4,60.0,frei,12
2026-05-27T09:55:01,2026-06-08,10:00,60,Outdoor 4,24.0,frei,12
2026-05-27T09:55:01,2026-06-08,10:00,90,Outdoor 4,36.0,frei,12
2026-05-27T09:55:01,2026-06-08,10:00,120,Outdoor 4,48.0,frei,12
2026-05-27T09:55:01,2026-06-08,10:00,150,Outdoor 4,60.0,frei,12
2026-05-27T09:55:01,2026-06-08,10:30,60,Outdoor 4,24.0,frei,12
2026-05-27T09:55:01,2026-06-08,10:30,90,Outdoor 4,36.0,frei,12
2026-05-27T09:55:01,2026-06-08,10:30,120,Outdoor 4,48.0,frei,12
2026-05-27T09:55:01,2026-06-08,10:30,150,Outdoor 4,60.0,frei,12
2026-05-27T09:55:01,2026-06-08,11:00,60,Outdoor 4,24.0,frei,12
2026-05-27T09:55:01,2026-06-08,11:00,90,Outdoor 4,36.0,frei,12
2026-05-27T09:55:01,2026-06-08,11:00,120,Outdoor 4,48.0,frei,12
2026-05-27T09:55:01,2026-06-08,11:00,150,Outdoor 4,60.0,frei,12
2026-05-27T09:55:01,2026-06-08,11:30,60,Outdoor 4,24.0,frei,12
2026-05-27T09:55:01,2026-06-08,11:30,90,Outdoor 4,36.0,frei,12
2026-05-27T09:55:01,2026-06-08,11:30,120,Outdoor 4,48.0,frei,12
2026-05-27T09:55:01,2026-06-08,11:30,150,Outdoor 4,60.0,frei,12
2026-05-27T09:55:01,2026-06-08,12:00,60,Outdoor 4,24.0,frei,12
2026-05-27T09:55:01,2026-06-08,12:00,90,Outdoor 4,36.0,frei,12
2026-05-27T09:55:01,2026-06-08,12:00,120,Outdoor 4,48.0,frei,12
2026-05-27T09:55:01,2026-06-08,12:00,150,Outdoor 4,60.0,frei,12
2026-05-27T09:55:01,2026-06-08,12:30,60,Outdoor 4,24.0,frei,12
2026-05-27T09:55:01,2026-06-08,12:30,90,Outdoor 4,36.0,frei,12
2026-05-27T09:55:01,2026-06-08,12:30,120,Outdoor 4,48.0,frei,12
2026-05-27T09:55:01,2026-06-08,13:00,60,Outdoor 4,24.0,frei,12
2026-05-27T09:55:01,2026-06-08,13:00,90,Outdoor 4,36.0,frei,12
2026-05-27T09:55:01,2026-06-08,13:00,150,Outdoor 4,60.0,frei,12
2026-05-27T09:55:01,2026-06-08,13:30,60,Outdoor 4,24.0,frei,12
2026-05-27T09:55:01,2026-06-08,13:30,120,Outdoor 4,48.0,frei,12
2026-05-27T09:55:01,2026-06-08,14:00,90,Outdoor 4,36.0,frei,12
2026-05-27T09:55:01,2026-06-08,14:30,60,Outdoor 4,24.0,frei,12
2026-05-27T09:55:01,2026-06-08,08:00,60,Indoor 4,30.0,frei,12
2026-05-27T09:55:01,2026-06-08,08:00,90,Indoor 4,45.0,frei,12
2026-05-27T09:55:01,2026-06-08,08:00,120,Indoor 4,60.0,frei,12
2026-05-27T09:55:01,2026-06-08,09:00,60,Indoor 4,30.0,frei,12
2026-05-27T09:55:01,2026-06-08,09:00,90,Indoor 4,45.0,frei,12
2026-05-27T09:55:01,2026-06-08,09:00,120,Indoor 4,60.0,frei,12
2026-05-27T09:55:01,2026-06-08,09:30,60,Indoor 4,30.0,frei,12
2026-05-27T09:55:01,2026-06-08,09:30,90,Indoor 4,45.0,frei,12
2026-05-27T09:55:01,2026-06-08,09:30,120,Indoor 4,60.0,frei,12
2026-05-27T09:55:01,2026-06-08,10:00,60,Indoor 4,30.0,frei,12
2026-05-27T09:55:01,2026-06-08,10:00,90,Indoor 4,45.0,frei,12
2026-05-27T09:55:01,2026-06-08,10:00,120,Indoor 4,60.0,frei,12
2026-05-27T09:55:01,2026-06-08,10:30,60,Indoor 4,30.0,frei,12
2026-05-27T09:55:01,2026-06-08,10:30,90,Indoor 4,45.0,frei,12
2026-05-27T09:55:01,2026-06-08,10:30,120,Indoor 4,60.0,frei,12
2026-05-27T09:55:01,2026-06-08,11:00,60,Indoor 4,30.0,frei,12
2026-05-27T09:55:01,2026-06-08,11:00,90,Indoor 4,45.0,frei,12
2026-05-27T09:55:01,2026-06-08,11:00,120,Indoor 4,60.0,frei,12
2026-05-27T09:55:01,2026-06-08,11:30,60,Indoor 4,30.0,frei,12
2026-05-27T09:55:01,2026-06-08,11:30,90,Indoor 4,45.0,frei,12
2026-05-27T09:55:01,2026-06-08,11:30,120,Indoor 4,60.0,frei,12
2026-05-27T09:55:01,2026-06-08,12:00,60,Indoor 4,30.0,frei,12
2026-05-27T09:55:01,2026-06-08,12:00,90,Indoor 4,45.0,frei,12
2026-05-27T09:55:01,2026-06-08,12:00,120,Indoor 4,60.0,frei,12
2026-05-27T09:55:01,2026-06-08,12:30,60,Indoor 4,30.0,frei,12
2026-05-27T09:55:01,2026-06-08,12:30,90,Indoor 4,45.0,frei,12
2026-05-27T09:55:01,2026-06-08,12:30,120,Indoor 4,60.0,frei,12
2026-05-27T09:55:01,2026-06-08,13:00,60,Indoor 4,30.0,frei,12
2026-05-27T09:55:01,2026-06-08,13:00,90,Indoor 4,45.0,frei,12
2026-05-27T09:55:01,2026-06-08,13:00,120,Indoor 4,60.0,frei,12
2026-05-27T09:55:01,2026-06-08,13:30,60,Indoor 4,30.0,frei,12
2026-05-27T09:55:01,2026-06-08,13:30,90,Indoor 4,45.0,frei,12
2026-05-27T09:55:01,2026-06-08,13:30,120,Indoor 4,60.0,frei,12
2026-05-27T09:55:01,2026-06-08,14:00,60,Indoor 4,30.0,frei,12
2026-05-27T09:55:01,2026-06-08,14:00,90,Indoor 4,45.0,frei,12
2026-05-27T09:55:01,2026-06-08,14:30,60,Indoor 4,30.0,frei,12
2026-05-27T09:55:01,2026-06-08,14:30,120,Indoor 4,66.0,frei,12
2026-05-27T09:55:01,2026-06-08,15:00,90,Indoor 4,51.0,frei,12
2026-05-27T09:55:01,2026-06-08,15:30,60,Indoor 4,36.0,frei,12
2026-05-27T09:55:01,2026-06-08,22:30,90,Indoor 4,45.0,frei,12
2026-05-27T09:55:01,2026-06-08,08:00,60,Single Indoor,22.0,frei,12
2026-05-27T09:55:01,2026-06-08,08:00,90,Single Indoor,33.0,frei,12
2026-05-27T09:55:01,2026-06-08,08:00,120,Single Indoor,44.0,frei,12
2026-05-27T09:55:01,2026-06-08,09:00,60,Single Indoor,22.0,frei,12
2026-05-27T09:55:01,2026-06-08,09:00,90,Single Indoor,33.0,frei,12
2026-05-27T09:55:01,2026-06-08,09:00,120,Single Indoor,44.0,frei,12
2026-05-27T09:55:01,2026-06-08,09:30,60,Single Indoor,22.0,frei,12
2026-05-27T09:55:01,2026-06-08,09:30,90,Single Indoor,33.0,frei,12
2026-05-27T09:55:01,2026-06-08,09:30,120,Single Indoor,44.0,frei,12
2026-05-27T09:55:01,2026-06-08,10:00,60,Single Indoor,22.0,frei,12
2026-05-27T09:55:01,2026-06-08,10:00,90,Single Indoor,33.0,frei,12
2026-05-27T09:55:01,2026-06-08,10:00,120,Single Indoor,44.0,frei,12
2026-05-27T09:55:01,2026-06-08,10:30,60,Single Indoor,22.0,frei,12
2026-05-27T09:55:01,2026-06-08,10:30,90,Single Indoor,33.0,frei,12
2026-05-27T09:55:01,2026-06-08,10:30,120,Single Indoor,44.0,frei,12
2026-05-27T09:55:01,2026-06-08,11:00,60,Single Indoor,22.0,frei,12
2026-05-27T09:55:01,2026-06-08,11:00,90,Single Indoor,33.0,frei,12
2026-05-27T09:55:01,2026-06-08,11:00,120,Single Indoor,44.0,frei,12
2026-05-27T09:55:01,2026-06-08,11:30,60,Single Indoor,22.0,frei,12
2026-05-27T09:55:01,2026-06-08,11:30,90,Single Indoor,33.0,frei,12
2026-05-27T09:55:01,2026-06-08,11:30,120,Single Indoor,44.0,frei,12
2026-05-27T09:55:01,2026-06-08,12:00,60,Single Indoor,22.0,frei,12
2026-05-27T09:55:01,2026-06-08,12:00,90,Single Indoor,33.0,frei,12
2026-05-27T09:55:01,2026-06-08,12:00,120,Single Indoor,44.0,frei,12
2026-05-27T09:55:01,2026-06-08,12:30,60,Single Indoor,22.0,frei,12
2026-05-27T09:55:01,2026-06-08,12:30,90,Single Indoor,33.0,frei,12
2026-05-27T09:55:01,2026-06-08,12:30,120,Single Indoor,44.0,frei,12
2026-05-27T09:55:01,2026-06-08,13:00,60,Single Indoor,22.0,frei,12
2026-05-27T09:55:01,2026-06-08,13:00,90,Single Indoor,33.0,frei,12
2026-05-27T09:55:01,2026-06-08,13:00,120,Single Indoor,44.0,frei,12
2026-05-27T09:55:01,2026-06-08,13:30,60,Single Indoor,22.0,frei,12
2026-05-27T09:55:01,2026-06-08,13:30,90,Single Indoor,33.0,frei,12
2026-05-27T09:55:01,2026-06-08,13:30,120,Single Indoor,44.0,frei,12
2026-05-27T09:55:01,2026-06-08,14:00,60,Single Indoor,22.0,frei,12
2026-05-27T09:55:01,2026-06-08,14:00,90,Single Indoor,33.0,frei,12
2026-05-27T09:55:01,2026-06-08,14:00,120,Single Indoor,44.0,frei,12
2026-05-27T09:55:01,2026-06-08,14:30,60,Single Indoor,22.0,frei,12
2026-05-27T09:55:01,2026-06-08,14:30,90,Single Indoor,33.0,frei,12
2026-05-27T09:55:01,2026-06-08,14:30,120,Single Indoor,48.0,frei,12
2026-05-27T09:55:01,2026-06-08,15:00,60,Single Indoor,22.0,frei,12
2026-05-27T09:55:01,2026-06-08,15:00,90,Single Indoor,37.0,frei,12
2026-05-27T09:55:01,2026-06-08,15:00,120,Single Indoor,52.0,frei,12
2026-05-27T09:55:01,2026-06-08,15:30,60,Single Indoor,26.0,frei,12
2026-05-27T09:55:01,2026-06-08,15:30,90,Single Indoor,41.0,frei,12
2026-05-27T09:55:01,2026-06-08,15:30,120,Single Indoor,56.0,frei,12
2026-05-27T09:55:01,2026-06-08,16:00,60,Single Indoor,30.0,frei,12
2026-05-27T09:55:01,2026-06-08,16:00,90,Single Indoor,45.0,frei,12
2026-05-27T09:55:01,2026-06-08,16:00,120,Single Indoor,60.0,frei,12
2026-05-27T09:55:01,2026-06-08,16:30,60,Single Indoor,30.0,frei,12
2026-05-27T09:55:01,2026-06-08,16:30,90,Single Indoor,45.0,frei,12
2026-05-27T09:55:01,2026-06-08,17:00,60,Single Indoor,30.0,frei,12
2026-05-27T09:55:01,2026-06-08,17:00,120,Single Indoor,60.0,frei,12
2026-05-27T09:55:01,2026-06-08,17:30,90,Single Indoor,45.0,frei,12
2026-05-27T09:55:01,2026-06-08,18:00,60,Single Indoor,30.0,frei,12
2026-05-27T09:55:01,2026-06-08,21:30,60,Single Indoor,30.0,frei,12
2026-05-27T09:55:01,2026-06-08,21:30,90,Single Indoor,41.0,frei,12
2026-05-27T09:55:01,2026-06-08,22:30,90,Single Indoor,33.0,frei,12
2026-05-27T09:55:01,2026-06-08,23:00,60,Single Indoor,22.0,frei,12
2026-05-27T09:55:01,2026-06-09,08:00,60,Outdoor 1,24.0,frei,13
2026-05-27T09:55:01,2026-06-09,08:00,90,Outdoor 1,36.0,frei,13
2026-05-27T09:55:01,2026-06-09,08:00,120,Outdoor 1,48.0,frei,13
2026-05-27T09:55:01,2026-06-09,08:00,150,Outdoor 1,60.0,frei,13
2026-05-27T09:55:01,2026-06-09,08:30,60,Outdoor 1,24.0,frei,13
2026-05-27T09:55:01,2026-06-09,08:30,90,Outdoor 1,36.0,frei,13
2026-05-27T09:55:01,2026-06-09,08:30,120,Outdoor 1,48.0,frei,13
2026-05-27T09:55:01,2026-06-09,08:30,150,Outdoor 1,60.0,frei,13
2026-05-27T09:55:01,2026-06-09,09:00,60,Outdoor 1,24.0,frei,13
2026-05-27T09:55:01,2026-06-09,09:00,90,Outdoor 1,36.0,frei,13
2026-05-27T09:55:01,2026-06-09,09:00,120,Outdoor 1,48.0,frei,13
2026-05-27T09:55:01,2026-06-09,09:00,150,Outdoor 1,60.0,frei,13
2026-05-27T09:55:01,2026-06-09,09:30,60,Outdoor 1,24.0,frei,13
2026-05-27T09:55:01,2026-06-09,09:30,90,Outdoor 1,36.0,frei,13
2026-05-27T09:55:01,2026-06-09,09:30,120,Outdoor 1,48.0,frei,13
2026-05-27T09:55:01,2026-06-09,09:30,150,Outdoor 1,60.0,frei,13
2026-05-27T09:55:01,2026-06-09,10:00,60,Outdoor 1,24.0,frei,13
2026-05-27T09:55:01,2026-06-09,10:00,90,Outdoor 1,36.0,frei,13
2026-05-27T09:55:01,2026-06-09,10:00,120,Outdoor 1,48.0,frei,13
2026-05-27T09:55:01,2026-06-09,10:00,150,Outdoor 1,60.0,frei,13
2026-05-27T09:55:01,2026-06-09,10:30,60,Outdoor 1,24.0,frei,13
2026-05-27T09:55:01,2026-06-09,10:30,90,Outdoor 1,36.0,frei,13
2026-05-27T09:55:01,2026-06-09,10:30,120,Outdoor 1,48.0,frei,13
2026-05-27T09:55:01,2026-06-09,10:30,150,Outdoor 1,60.0,frei,13
2026-05-27T09:55:01,2026-06-09,11:00,60,Outdoor 1,24.0,frei,13
2026-05-27T09:55:01,2026-06-09,11:00,90,Outdoor 1,36.0,frei,13
2026-05-27T09:55:01,2026-06-09,11:00,120,Outdoor 1,48.0,frei,13
2026-05-27T09:55:01,2026-06-09,11:00,150,Outdoor 1,60.0,frei,13
2026-05-27T09:55:01,2026-06-09,11:30,60,Outdoor 1,24.0,frei,13
2026-05-27T09:55:01,2026-06-09,11:30,90,Outdoor 1,36.0,frei,13
2026-05-27T09:55:01,2026-06-09,11:30,120,Outdoor 1,48.0,frei,13
2026-05-27T09:55:01,2026-06-09,11:30,150,Outdoor 1,60.0,frei,13
2026-05-27T09:55:01,2026-06-09,12:00,60,Outdoor 1,24.0,frei,13
2026-05-27T09:55:01,2026-06-09,12:00,90,Outdoor 1,36.0,frei,13
2026-05-27T09:55:01,2026-06-09,12:00,120,Outdoor 1,48.0,frei,13
2026-05-27T09:55:01,2026-06-09,12:00,150,Outdoor 1,60.0,frei,13
2026-05-27T09:55:01,2026-06-09,12:30,60,Outdoor 1,24.0,frei,13
2026-05-27T09:55:01,2026-06-09,12:30,90,Outdoor 1,36.0,frei,13
2026-05-27T09:55:01,2026-06-09,12:30,120,Outdoor 1,48.0,frei,13
2026-05-27T09:55:01,2026-06-09,12:30,150,Outdoor 1,60.0,frei,13
2026-05-27T09:55:01,2026-06-09,13:00,60,Outdoor 1,24.0,frei,13
2026-05-27T09:55:01,2026-06-09,13:00,90,Outdoor 1,36.0,frei,13
2026-05-27T09:55:01,2026-06-09,13:00,120,Outdoor 1,48.0,frei,13
2026-05-27T09:55:01,2026-06-09,13:30,60,Outdoor 1,24.0,frei,13
2026-05-27T09:55:01,2026-06-09,13:30,90,Outdoor 1,36.0,frei,13
2026-05-27T09:55:01,2026-06-09,13:30,150,Outdoor 1,60.0,frei,13
2026-05-27T09:55:01,2026-06-09,14:00,60,Outdoor 1,24.0,frei,13
2026-05-27T09:55:01,2026-06-09,14:00,120,Outdoor 1,48.0,frei,13
2026-05-27T09:55:01,2026-06-09,14:30,90,Outdoor 1,36.0,frei,13
2026-05-27T09:55:01,2026-06-09,15:00,60,Outdoor 1,24.0,frei,13
2026-05-27T09:55:01,2026-06-09,17:00,60,Outdoor 1,36.0,frei,13
2026-05-27T09:55:01,2026-06-09,21:00,60,Outdoor 1,36.0,frei,13
2026-05-27T09:55:01,2026-06-09,08:00,60,Indoor 1,30.0,frei,13
2026-05-27T09:55:01,2026-06-09,08:00,90,Indoor 1,45.0,frei,13
2026-05-27T09:55:01,2026-06-09,08:00,120,Indoor 1,60.0,frei,13
2026-05-27T09:55:01,2026-06-09,09:00,60,Indoor 1,30.0,frei,13
2026-05-27T09:55:01,2026-06-09,09:00,90,Indoor 1,45.0,frei,13
2026-05-27T09:55:01,2026-06-09,09:00,120,Indoor 1,60.0,frei,13
2026-05-27T09:55:01,2026-06-09,09:30,60,Indoor 1,30.0,frei,13
2026-05-27T09:55:01,2026-06-09,09:30,90,Indoor 1,45.0,frei,13
2026-05-27T09:55:01,2026-06-09,09:30,120,Indoor 1,60.0,frei,13
2026-05-27T09:55:01,2026-06-09,10:00,60,Indoor 1,30.0,frei,13
2026-05-27T09:55:01,2026-06-09,10:00,90,Indoor 1,45.0,frei,13
2026-05-27T09:55:01,2026-06-09,10:00,120,Indoor 1,60.0,frei,13
2026-05-27T09:55:01,2026-06-09,10:30,60,Indoor 1,30.0,frei,13
2026-05-27T09:55:01,2026-06-09,10:30,90,Indoor 1,45.0,frei,13
2026-05-27T09:55:01,2026-06-09,10:30,120,Indoor 1,60.0,frei,13
2026-05-27T09:55:01,2026-06-09,11:00,60,Indoor 1,30.0,frei,13
2026-05-27T09:55:01,2026-06-09,11:00,90,Indoor 1,45.0,frei,13
2026-05-27T09:55:01,2026-06-09,11:00,120,Indoor 1,60.0,frei,13
2026-05-27T09:55:01,2026-06-09,11:30,60,Indoor 1,30.0,frei,13
2026-05-27T09:55:01,2026-06-09,11:30,90,Indoor 1,45.0,frei,13
2026-05-27T09:55:01,2026-06-09,11:30,120,Indoor 1,60.0,frei,13
2026-05-27T09:55:01,2026-06-09,12:00,60,Indoor 1,30.0,frei,13
2026-05-27T09:55:01,2026-06-09,12:00,90,Indoor 1,45.0,frei,13
2026-05-27T09:55:01,2026-06-09,12:00,120,Indoor 1,60.0,frei,13
2026-05-27T09:55:01,2026-06-09,12:30,60,Indoor 1,30.0,frei,13
2026-05-27T09:55:01,2026-06-09,12:30,90,Indoor 1,45.0,frei,13
2026-05-27T09:55:01,2026-06-09,12:30,120,Indoor 1,60.0,frei,13
2026-05-27T09:55:01,2026-06-09,13:00,60,Indoor 1,30.0,frei,13
2026-05-27T09:55:01,2026-06-09,13:00,90,Indoor 1,45.0,frei,13
2026-05-27T09:55:01,2026-06-09,13:00,120,Indoor 1,60.0,frei,13
2026-05-27T09:55:01,2026-06-09,13:30,60,Indoor 1,30.0,frei,13
2026-05-27T09:55:01,2026-06-09,13:30,90,Indoor 1,45.0,frei,13
2026-05-27T09:55:01,2026-06-09,13:30,120,Indoor 1,60.0,frei,13
2026-05-27T09:55:01,2026-06-09,14:00,60,Indoor 1,30.0,frei,13
2026-05-27T09:55:01,2026-06-09,14:00,90,Indoor 1,45.0,frei,13
2026-05-27T09:55:01,2026-06-09,14:00,120,Indoor 1,60.0,frei,13
2026-05-27T09:55:01,2026-06-09,14:30,60,Indoor 1,30.0,frei,13
2026-05-27T09:55:01,2026-06-09,14:30,90,Indoor 1,45.0,frei,13
2026-05-27T09:55:01,2026-06-09,14:30,120,Indoor 1,66.0,frei,13
2026-05-27T09:55:01,2026-06-09,15:00,60,Indoor 1,30.0,frei,13
2026-05-27T09:55:01,2026-06-09,15:00,90,Indoor 1,51.0,frei,13
2026-05-27T09:55:01,2026-06-09,15:30,60,Indoor 1,36.0,frei,13
2026-05-27T09:55:01,2026-06-09,15:30,120,Indoor 1,78.0,frei,13
2026-05-27T09:55:01,2026-06-09,16:00,90,Indoor 1,63.0,frei,13
2026-05-27T09:55:01,2026-06-09,16:30,60,Indoor 1,42.0,frei,13
2026-05-27T09:55:01,2026-06-09,08:00,60,Indoor 3,30.0,frei,13
2026-05-27T09:55:01,2026-06-09,08:00,90,Indoor 3,45.0,frei,13
2026-05-27T09:55:01,2026-06-09,08:00,120,Indoor 3,60.0,frei,13
2026-05-27T09:55:01,2026-06-09,09:00,60,Indoor 3,30.0,frei,13
2026-05-27T09:55:01,2026-06-09,09:00,90,Indoor 3,45.0,frei,13
2026-05-27T09:55:01,2026-06-09,09:00,120,Indoor 3,60.0,frei,13
2026-05-27T09:55:01,2026-06-09,09:30,60,Indoor 3,30.0,frei,13
2026-05-27T09:55:01,2026-06-09,09:30,90,Indoor 3,45.0,frei,13
2026-05-27T09:55:01,2026-06-09,09:30,120,Indoor 3,60.0,frei,13
2026-05-27T09:55:01,2026-06-09,10:00,60,Indoor 3,30.0,frei,13
2026-05-27T09:55:01,2026-06-09,10:00,90,Indoor 3,45.0,frei,13
2026-05-27T09:55:01,2026-06-09,10:00,120,Indoor 3,60.0,frei,13
2026-05-27T09:55:01,2026-06-09,10:30,60,Indoor 3,30.0,frei,13
2026-05-27T09:55:01,2026-06-09,10:30,90,Indoor 3,45.0,frei,13
2026-05-27T09:55:01,2026-06-09,10:30,120,Indoor 3,60.0,frei,13
2026-05-27T09:55:01,2026-06-09,11:00,60,Indoor 3,30.0,frei,13
2026-05-27T09:55:01,2026-06-09,11:00,90,Indoor 3,45.0,frei,13
2026-05-27T09:55:01,2026-06-09,11:00,120,Indoor 3,60.0,frei,13
2026-05-27T09:55:01,2026-06-09,11:30,60,Indoor 3,30.0,frei,13
2026-05-27T09:55:01,2026-06-09,11:30,90,Indoor 3,45.0,frei,13
2026-05-27T09:55:01,2026-06-09,11:30,120,Indoor 3,60.0,frei,13
2026-05-27T09:55:01,2026-06-09,12:00,60,Indoor 3,30.0,frei,13
2026-05-27T09:55:01,2026-06-09,12:00,90,Indoor 3,45.0,frei,13
2026-05-27T09:55:01,2026-06-09,12:00,120,Indoor 3,60.0,frei,13
2026-05-27T09:55:01,2026-06-09,12:30,60,Indoor 3,30.0,frei,13
2026-05-27T09:55:01,2026-06-09,12:30,90,Indoor 3,45.0,frei,13
2026-05-27T09:55:01,2026-06-09,12:30,120,Indoor 3,60.0,frei,13
2026-05-27T09:55:01,2026-06-09,13:00,60,Indoor 3,30.0,frei,13
2026-05-27T09:55:01,2026-06-09,13:00,90,Indoor 3,45.0,frei,13
2026-05-27T09:55:01,2026-06-09,13:00,120,Indoor 3,60.0,frei,13
2026-05-27T09:55:01,2026-06-09,13:30,60,Indoor 3,30.0,frei,13
2026-05-27T09:55:01,2026-06-09,13:30,90,Indoor 3,45.0,frei,13
2026-05-27T09:55:01,2026-06-09,13:30,120,Indoor 3,60.0,frei,13
2026-05-27T09:55:01,2026-06-09,14:00,60,Indoor 3,30.0,frei,13
2026-05-27T09:55:01,2026-06-09,14:00,90,Indoor 3,45.0,frei,13
2026-05-27T09:55:01,2026-06-09,14:00,120,Indoor 3,60.0,frei,13
2026-05-27T09:55:01,2026-06-09,14:30,60,Indoor 3,30.0,frei,13
2026-05-27T09:55:01,2026-06-09,14:30,90,Indoor 3,45.0,frei,13
2026-05-27T09:55:01,2026-06-09,14:30,120,Indoor 3,66.0,frei,13
2026-05-27T09:55:01,2026-06-09,15:00,60,Indoor 3,30.0,frei,13
2026-05-27T09:55:01,2026-06-09,15:00,90,Indoor 3,51.0,frei,13
2026-05-27T09:55:01,2026-06-09,15:30,60,Indoor 3,36.0,frei,13
2026-05-27T09:55:01,2026-06-09,15:30,120,Indoor 3,78.0,frei,13
2026-05-27T09:55:01,2026-06-09,16:00,90,Indoor 3,63.0,frei,13
2026-05-27T09:55:01,2026-06-09,16:30,60,Indoor 3,42.0,frei,13
2026-05-27T09:55:01,2026-06-09,22:30,90,Indoor 3,45.0,frei,13
2026-05-27T09:55:01,2026-06-09,08:00,60,Outdoor 2,24.0,frei,13
2026-05-27T09:55:01,2026-06-09,08:00,90,Outdoor 2,36.0,frei,13
2026-05-27T09:55:01,2026-06-09,08:00,120,Outdoor 2,48.0,frei,13
2026-05-27T09:55:01,2026-06-09,08:00,150,Outdoor 2,60.0,frei,13
2026-05-27T09:55:01,2026-06-09,08:30,60,Outdoor 2,24.0,frei,13
2026-05-27T09:55:01,2026-06-09,08:30,90,Outdoor 2,36.0,frei,13
2026-05-27T09:55:01,2026-06-09,08:30,120,Outdoor 2,48.0,frei,13
2026-05-27T09:55:01,2026-06-09,08:30,150,Outdoor 2,60.0,frei,13
2026-05-27T09:55:01,2026-06-09,09:00,60,Outdoor 2,24.0,frei,13
2026-05-27T09:55:01,2026-06-09,09:00,90,Outdoor 2,36.0,frei,13
2026-05-27T09:55:01,2026-06-09,09:00,120,Outdoor 2,48.0,frei,13
2026-05-27T09:55:01,2026-06-09,09:00,150,Outdoor 2,60.0,frei,13
2026-05-27T09:55:01,2026-06-09,09:30,60,Outdoor 2,24.0,frei,13
2026-05-27T09:55:01,2026-06-09,09:30,90,Outdoor 2,36.0,frei,13
2026-05-27T09:55:01,2026-06-09,09:30,120,Outdoor 2,48.0,frei,13
2026-05-27T09:55:01,2026-06-09,09:30,150,Outdoor 2,60.0,frei,13
2026-05-27T09:55:01,2026-06-09,10:00,60,Outdoor 2,24.0,frei,13
2026-05-27T09:55:01,2026-06-09,10:00,90,Outdoor 2,36.0,frei,13
2026-05-27T09:55:01,2026-06-09,10:00,120,Outdoor 2,48.0,frei,13
2026-05-27T09:55:01,2026-06-09,10:00,150,Outdoor 2,60.0,frei,13
2026-05-27T09:55:01,2026-06-09,10:30,60,Outdoor 2,24.0,frei,13
2026-05-27T09:55:01,2026-06-09,10:30,90,Outdoor 2,36.0,frei,13
2026-05-27T09:55:01,2026-06-09,10:30,120,Outdoor 2,48.0,frei,13
2026-05-27T09:55:01,2026-06-09,10:30,150,Outdoor 2,60.0,frei,13
2026-05-27T09:55:01,2026-06-09,11:00,60,Outdoor 2,24.0,frei,13
2026-05-27T09:55:01,2026-06-09,11:00,90,Outdoor 2,36.0,frei,13
2026-05-27T09:55:01,2026-06-09,11:00,120,Outdoor 2,48.0,frei,13
2026-05-27T09:55:01,2026-06-09,11:00,150,Outdoor 2,60.0,frei,13
2026-05-27T09:55:01,2026-06-09,11:30,60,Outdoor 2,24.0,frei,13
2026-05-27T09:55:01,2026-06-09,11:30,90,Outdoor 2,36.0,frei,13
2026-05-27T09:55:01,2026-06-09,11:30,120,Outdoor 2,48.0,frei,13
2026-05-27T09:55:01,2026-06-09,11:30,150,Outdoor 2,60.0,frei,13
2026-05-27T09:55:01,2026-06-09,12:00,60,Outdoor 2,24.0,frei,13
2026-05-27T09:55:01,2026-06-09,12:00,90,Outdoor 2,36.0,frei,13
2026-05-27T09:55:01,2026-06-09,12:00,120,Outdoor 2,48.0,frei,13
2026-05-27T09:55:01,2026-06-09,12:00,150,Outdoor 2,60.0,frei,13
2026-05-27T09:55:01,2026-06-09,12:30,60,Outdoor 2,24.0,frei,13
2026-05-27T09:55:01,2026-06-09,12:30,90,Outdoor 2,36.0,frei,13
2026-05-27T09:55:01,2026-06-09,12:30,120,Outdoor 2,48.0,frei,13
2026-05-27T09:55:01,2026-06-09,12:30,150,Outdoor 2,60.0,frei,13
2026-05-27T09:55:01,2026-06-09,13:00,60,Outdoor 2,24.0,frei,13
2026-05-27T09:55:01,2026-06-09,13:00,90,Outdoor 2,36.0,frei,13
2026-05-27T09:55:01,2026-06-09,13:00,120,Outdoor 2,48.0,frei,13
2026-05-27T09:55:01,2026-06-09,13:00,150,Outdoor 2,60.0,frei,13
2026-05-27T09:55:01,2026-06-09,13:30,60,Outdoor 2,24.0,frei,13
2026-05-27T09:55:01,2026-06-09,13:30,90,Outdoor 2,36.0,frei,13
2026-05-27T09:55:01,2026-06-09,13:30,120,Outdoor 2,48.0,frei,13
2026-05-27T09:55:01,2026-06-09,13:30,150,Outdoor 2,60.0,frei,13
2026-05-27T09:55:01,2026-06-09,14:00,60,Outdoor 2,24.0,frei,13
2026-05-27T09:55:01,2026-06-09,14:00,90,Outdoor 2,36.0,frei,13
2026-05-27T09:55:01,2026-06-09,14:00,120,Outdoor 2,48.0,frei,13
2026-05-27T09:55:01,2026-06-09,14:00,150,Outdoor 2,66.0,frei,13
2026-05-27T09:55:01,2026-06-09,14:30,60,Outdoor 2,24.0,frei,13
2026-05-27T09:55:01,2026-06-09,14:30,90,Outdoor 2,36.0,frei,13
2026-05-27T09:55:01,2026-06-09,14:30,120,Outdoor 2,54.0,frei,13
2026-05-27T09:55:01,2026-06-09,15:00,60,Outdoor 2,24.0,frei,13
2026-05-27T09:55:01,2026-06-09,15:00,90,Outdoor 2,42.0,frei,13
2026-05-27T09:55:01,2026-06-09,15:00,150,Outdoor 2,78.0,frei,13
2026-05-27T09:55:01,2026-06-09,15:30,60,Outdoor 2,30.0,frei,13
2026-05-27T09:55:01,2026-06-09,15:30,120,Outdoor 2,66.0,frei,13
2026-05-27T09:55:01,2026-06-09,16:00,90,Outdoor 2,54.0,frei,13
2026-05-27T09:55:01,2026-06-09,16:30,60,Outdoor 2,36.0,frei,13
2026-05-27T09:55:01,2026-06-09,08:00,60,Outdoor 4,24.0,frei,13
2026-05-27T09:55:01,2026-06-09,08:00,90,Outdoor 4,36.0,frei,13
2026-05-27T09:55:01,2026-06-09,08:00,120,Outdoor 4,48.0,frei,13
2026-05-27T09:55:01,2026-06-09,08:00,150,Outdoor 4,60.0,frei,13
2026-05-27T09:55:01,2026-06-09,08:30,60,Outdoor 4,24.0,frei,13
2026-05-27T09:55:01,2026-06-09,08:30,90,Outdoor 4,36.0,frei,13
2026-05-27T09:55:01,2026-06-09,08:30,120,Outdoor 4,48.0,frei,13
2026-05-27T09:55:01,2026-06-09,08:30,150,Outdoor 4,60.0,frei,13
2026-05-27T09:55:01,2026-06-09,09:00,60,Outdoor 4,24.0,frei,13
2026-05-27T09:55:01,2026-06-09,09:00,90,Outdoor 4,36.0,frei,13
2026-05-27T09:55:01,2026-06-09,09:00,120,Outdoor 4,48.0,frei,13
2026-05-27T09:55:01,2026-06-09,09:00,150,Outdoor 4,60.0,frei,13
2026-05-27T09:55:01,2026-06-09,09:30,60,Outdoor 4,24.0,frei,13
2026-05-27T09:55:01,2026-06-09,09:30,90,Outdoor 4,36.0,frei,13
2026-05-27T09:55:01,2026-06-09,09:30,120,Outdoor 4,48.0,frei,13
2026-05-27T09:55:01,2026-06-09,09:30,150,Outdoor 4,60.0,frei,13
2026-05-27T09:55:01,2026-06-09,10:00,60,Outdoor 4,24.0,frei,13
2026-05-27T09:55:01,2026-06-09,10:00,90,Outdoor 4,36.0,frei,13
2026-05-27T09:55:01,2026-06-09,10:00,120,Outdoor 4,48.0,frei,13
2026-05-27T09:55:01,2026-06-09,10:00,150,Outdoor 4,60.0,frei,13
2026-05-27T09:55:01,2026-06-09,10:30,60,Outdoor 4,24.0,frei,13
2026-05-27T09:55:01,2026-06-09,10:30,90,Outdoor 4,36.0,frei,13
2026-05-27T09:55:01,2026-06-09,10:30,120,Outdoor 4,48.0,frei,13
2026-05-27T09:55:01,2026-06-09,10:30,150,Outdoor 4,60.0,frei,13
2026-05-27T09:55:01,2026-06-09,11:00,60,Outdoor 4,24.0,frei,13
2026-05-27T09:55:01,2026-06-09,11:00,90,Outdoor 4,36.0,frei,13
2026-05-27T09:55:01,2026-06-09,11:00,120,Outdoor 4,48.0,frei,13
2026-05-27T09:55:01,2026-06-09,11:00,150,Outdoor 4,60.0,frei,13
2026-05-27T09:55:01,2026-06-09,11:30,60,Outdoor 4,24.0,frei,13
2026-05-27T09:55:01,2026-06-09,11:30,90,Outdoor 4,36.0,frei,13
2026-05-27T09:55:01,2026-06-09,11:30,120,Outdoor 4,48.0,frei,13
2026-05-27T09:55:01,2026-06-09,11:30,150,Outdoor 4,60.0,frei,13
2026-05-27T09:55:01,2026-06-09,12:00,60,Outdoor 4,24.0,frei,13
2026-05-27T09:55:01,2026-06-09,12:00,90,Outdoor 4,36.0,frei,13
2026-05-27T09:55:01,2026-06-09,12:00,120,Outdoor 4,48.0,frei,13
2026-05-27T09:55:01,2026-06-09,12:00,150,Outdoor 4,60.0,frei,13
2026-05-27T09:55:01,2026-06-09,12:30,60,Outdoor 4,24.0,frei,13
2026-05-27T09:55:01,2026-06-09,12:30,90,Outdoor 4,36.0,frei,13
2026-05-27T09:55:01,2026-06-09,12:30,120,Outdoor 4,48.0,frei,13
2026-05-27T09:55:01,2026-06-09,12:30,150,Outdoor 4,60.0,frei,13
2026-05-27T09:55:01,2026-06-09,13:00,60,Outdoor 4,24.0,frei,13
2026-05-27T09:55:01,2026-06-09,13:00,90,Outdoor 4,36.0,frei,13
2026-05-27T09:55:01,2026-06-09,13:00,120,Outdoor 4,48.0,frei,13
2026-05-27T09:55:01,2026-06-09,13:00,150,Outdoor 4,60.0,frei,13
2026-05-27T09:55:01,2026-06-09,13:30,60,Outdoor 4,24.0,frei,13
2026-05-27T09:55:01,2026-06-09,13:30,90,Outdoor 4,36.0,frei,13
2026-05-27T09:55:01,2026-06-09,13:30,120,Outdoor 4,48.0,frei,13
2026-05-27T09:55:01,2026-06-09,14:00,60,Outdoor 4,24.0,frei,13
2026-05-27T09:55:01,2026-06-09,14:00,90,Outdoor 4,36.0,frei,13
2026-05-27T09:55:01,2026-06-09,14:00,150,Outdoor 4,66.0,frei,13
2026-05-27T09:55:01,2026-06-09,14:30,60,Outdoor 4,24.0,frei,13
2026-05-27T09:55:01,2026-06-09,14:30,120,Outdoor 4,54.0,frei,13
2026-05-27T09:55:01,2026-06-09,15:00,90,Outdoor 4,42.0,frei,13
2026-05-27T09:55:01,2026-06-09,15:30,60,Outdoor 4,30.0,frei,13
2026-05-27T09:55:01,2026-06-09,21:00,60,Outdoor 4,36.0,frei,13
2026-05-27T09:55:01,2026-06-09,08:00,60,Indoor 2,30.0,frei,13
2026-05-27T09:55:01,2026-06-09,08:00,90,Indoor 2,45.0,frei,13
2026-05-27T09:55:01,2026-06-09,08:00,120,Indoor 2,60.0,frei,13
2026-05-27T09:55:01,2026-06-09,09:00,60,Indoor 2,30.0,frei,13
2026-05-27T09:55:01,2026-06-09,09:00,90,Indoor 2,45.0,frei,13
2026-05-27T09:55:01,2026-06-09,09:00,120,Indoor 2,60.0,frei,13
2026-05-27T09:55:01,2026-06-09,09:30,60,Indoor 2,30.0,frei,13
2026-05-27T09:55:01,2026-06-09,09:30,90,Indoor 2,45.0,frei,13
2026-05-27T09:55:01,2026-06-09,09:30,120,Indoor 2,60.0,frei,13
2026-05-27T09:55:01,2026-06-09,10:00,60,Indoor 2,30.0,frei,13
2026-05-27T09:55:01,2026-06-09,10:00,90,Indoor 2,45.0,frei,13
2026-05-27T09:55:01,2026-06-09,10:00,120,Indoor 2,60.0,frei,13
2026-05-27T09:55:01,2026-06-09,10:30,60,Indoor 2,30.0,frei,13
2026-05-27T09:55:01,2026-06-09,10:30,90,Indoor 2,45.0,frei,13
2026-05-27T09:55:01,2026-06-09,10:30,120,Indoor 2,60.0,frei,13
2026-05-27T09:55:01,2026-06-09,11:00,60,Indoor 2,30.0,frei,13
2026-05-27T09:55:01,2026-06-09,11:00,90,Indoor 2,45.0,frei,13
2026-05-27T09:55:01,2026-06-09,11:00,120,Indoor 2,60.0,frei,13
2026-05-27T09:55:01,2026-06-09,11:30,60,Indoor 2,30.0,frei,13
2026-05-27T09:55:01,2026-06-09,11:30,90,Indoor 2,45.0,frei,13
2026-05-27T09:55:01,2026-06-09,11:30,120,Indoor 2,60.0,frei,13
2026-05-27T09:55:01,2026-06-09,12:00,60,Indoor 2,30.0,frei,13
2026-05-27T09:55:01,2026-06-09,12:00,90,Indoor 2,45.0,frei,13
2026-05-27T09:55:01,2026-06-09,12:00,120,Indoor 2,60.0,frei,13
2026-05-27T09:55:01,2026-06-09,12:30,60,Indoor 2,30.0,frei,13
2026-05-27T09:55:01,2026-06-09,12:30,90,Indoor 2,45.0,frei,13
2026-05-27T09:55:01,2026-06-09,12:30,120,Indoor 2,60.0,frei,13
2026-05-27T09:55:01,2026-06-09,13:00,60,Indoor 2,30.0,frei,13
2026-05-27T09:55:01,2026-06-09,13:00,90,Indoor 2,45.0,frei,13
2026-05-27T09:55:01,2026-06-09,13:00,120,Indoor 2,60.0,frei,13
2026-05-27T09:55:01,2026-06-09,13:30,60,Indoor 2,30.0,frei,13
2026-05-27T09:55:01,2026-06-09,13:30,90,Indoor 2,45.0,frei,13
2026-05-27T09:55:01,2026-06-09,14:00,60,Indoor 2,30.0,frei,13
2026-05-27T09:55:01,2026-06-09,14:00,120,Indoor 2,60.0,frei,13
2026-05-27T09:55:01,2026-06-09,14:30,90,Indoor 2,45.0,frei,13
2026-05-27T09:55:01,2026-06-09,15:00,60,Indoor 2,30.0,frei,13
2026-05-27T09:55:01,2026-06-09,17:30,60,Indoor 2,42.0,frei,13
2026-05-27T09:55:01,2026-06-09,23:00,60,Indoor 2,30.0,frei,13
2026-05-27T09:55:01,2026-06-09,08:00,60,Indoor 4,30.0,frei,13
2026-05-27T09:55:01,2026-06-09,08:00,90,Indoor 4,45.0,frei,13
2026-05-27T09:55:01,2026-06-09,08:00,120,Indoor 4,60.0,frei,13
2026-05-27T09:55:01,2026-06-09,09:00,60,Indoor 4,30.0,frei,13
2026-05-27T09:55:01,2026-06-09,09:00,90,Indoor 4,45.0,frei,13
2026-05-27T09:55:01,2026-06-09,09:00,120,Indoor 4,60.0,frei,13
2026-05-27T09:55:01,2026-06-09,09:30,60,Indoor 4,30.0,frei,13
2026-05-27T09:55:01,2026-06-09,09:30,90,Indoor 4,45.0,frei,13
2026-05-27T09:55:01,2026-06-09,09:30,120,Indoor 4,60.0,frei,13
2026-05-27T09:55:01,2026-06-09,10:00,60,Indoor 4,30.0,frei,13
2026-05-27T09:55:01,2026-06-09,10:00,90,Indoor 4,45.0,frei,13
2026-05-27T09:55:01,2026-06-09,10:00,120,Indoor 4,60.0,frei,13
2026-05-27T09:55:01,2026-06-09,10:30,60,Indoor 4,30.0,frei,13
2026-05-27T09:55:01,2026-06-09,10:30,90,Indoor 4,45.0,frei,13
2026-05-27T09:55:01,2026-06-09,10:30,120,Indoor 4,60.0,frei,13
2026-05-27T09:55:01,2026-06-09,11:00,60,Indoor 4,30.0,frei,13
2026-05-27T09:55:01,2026-06-09,11:00,90,Indoor 4,45.0,frei,13
2026-05-27T09:55:01,2026-06-09,11:00,120,Indoor 4,60.0,frei,13
2026-05-27T09:55:01,2026-06-09,11:30,60,Indoor 4,30.0,frei,13
2026-05-27T09:55:01,2026-06-09,11:30,90,Indoor 4,45.0,frei,13
2026-05-27T09:55:01,2026-06-09,11:30,120,Indoor 4,60.0,frei,13
2026-05-27T09:55:01,2026-06-09,12:00,60,Indoor 4,30.0,frei,13
2026-05-27T09:55:01,2026-06-09,12:00,90,Indoor 4,45.0,frei,13
2026-05-27T09:55:01,2026-06-09,12:00,120,Indoor 4,60.0,frei,13
2026-05-27T09:55:01,2026-06-09,12:30,60,Indoor 4,30.0,frei,13
2026-05-27T09:55:01,2026-06-09,12:30,90,Indoor 4,45.0,frei,13
2026-05-27T09:55:01,2026-06-09,12:30,120,Indoor 4,60.0,frei,13
2026-05-27T09:55:01,2026-06-09,13:00,60,Indoor 4,30.0,frei,13
2026-05-27T09:55:01,2026-06-09,13:00,90,Indoor 4,45.0,frei,13
2026-05-27T09:55:01,2026-06-09,13:00,120,Indoor 4,60.0,frei,13
2026-05-27T09:55:01,2026-06-09,13:30,60,Indoor 4,30.0,frei,13
2026-05-27T09:55:01,2026-06-09,13:30,90,Indoor 4,45.0,frei,13
2026-05-27T09:55:01,2026-06-09,13:30,120,Indoor 4,60.0,frei,13
2026-05-27T09:55:01,2026-06-09,14:00,60,Indoor 4,30.0,frei,13
2026-05-27T09:55:01,2026-06-09,14:00,90,Indoor 4,45.0,frei,13
2026-05-27T09:55:01,2026-06-09,14:00,120,Indoor 4,60.0,frei,13
2026-05-27T09:55:01,2026-06-09,14:30,60,Indoor 4,30.0,frei,13
2026-05-27T09:55:01,2026-06-09,14:30,90,Indoor 4,45.0,frei,13
2026-05-27T09:55:01,2026-06-09,14:30,120,Indoor 4,66.0,frei,13
2026-05-27T09:55:01,2026-06-09,15:00,60,Indoor 4,30.0,frei,13
2026-05-27T09:55:01,2026-06-09,15:00,90,Indoor 4,51.0,frei,13
2026-05-27T09:55:01,2026-06-09,15:30,60,Indoor 4,36.0,frei,13
2026-05-27T09:55:01,2026-06-09,15:30,120,Indoor 4,78.0,frei,13
2026-05-27T09:55:01,2026-06-09,16:00,90,Indoor 4,63.0,frei,13
2026-05-27T09:55:01,2026-06-09,16:30,60,Indoor 4,42.0,frei,13
2026-05-27T09:55:01,2026-06-09,21:00,60,Indoor 4,42.0,frei,13
2026-05-27T09:55:01,2026-06-09,21:00,90,Indoor 4,63.0,frei,13
2026-05-27T09:55:01,2026-06-09,21:00,120,Indoor 4,78.0,frei,13
2026-05-27T09:55:01,2026-06-09,22:00,60,Indoor 4,36.0,frei,13
2026-05-27T09:55:01,2026-06-09,22:00,120,Indoor 4,66.0,frei,13
2026-05-27T09:55:01,2026-06-09,22:30,90,Indoor 4,45.0,frei,13
2026-05-27T09:55:01,2026-06-09,23:00,60,Indoor 4,30.0,frei,13
2026-05-27T09:55:01,2026-06-09,08:00,60,Single Indoor,22.0,frei,13
2026-05-27T09:55:01,2026-06-09,08:00,90,Single Indoor,33.0,frei,13
2026-05-27T09:55:01,2026-06-09,08:00,120,Single Indoor,44.0,frei,13
2026-05-27T09:55:01,2026-06-09,09:00,60,Single Indoor,22.0,frei,13
2026-05-27T09:55:01,2026-06-09,09:00,90,Single Indoor,33.0,frei,13
2026-05-27T09:55:01,2026-06-09,09:00,120,Single Indoor,44.0,frei,13
2026-05-27T09:55:01,2026-06-09,09:30,60,Single Indoor,22.0,frei,13
2026-05-27T09:55:01,2026-06-09,09:30,90,Single Indoor,33.0,frei,13
2026-05-27T09:55:01,2026-06-09,09:30,120,Single Indoor,44.0,frei,13
2026-05-27T09:55:01,2026-06-09,10:00,60,Single Indoor,22.0,frei,13
2026-05-27T09:55:01,2026-06-09,10:00,90,Single Indoor,33.0,frei,13
2026-05-27T09:55:01,2026-06-09,10:00,120,Single Indoor,44.0,frei,13
2026-05-27T09:55:01,2026-06-09,10:30,60,Single Indoor,22.0,frei,13
2026-05-27T09:55:01,2026-06-09,10:30,90,Single Indoor,33.0,frei,13
2026-05-27T09:55:01,2026-06-09,10:30,120,Single Indoor,44.0,frei,13
2026-05-27T09:55:01,2026-06-09,11:00,60,Single Indoor,22.0,frei,13
2026-05-27T09:55:01,2026-06-09,11:00,90,Single Indoor,33.0,frei,13
2026-05-27T09:55:01,2026-06-09,11:00,120,Single Indoor,44.0,frei,13
2026-05-27T09:55:01,2026-06-09,11:30,60,Single Indoor,22.0,frei,13
2026-05-27T09:55:01,2026-06-09,11:30,90,Single Indoor,33.0,frei,13
2026-05-27T09:55:01,2026-06-09,11:30,120,Single Indoor,44.0,frei,13
2026-05-27T09:55:01,2026-06-09,12:00,60,Single Indoor,22.0,frei,13
2026-05-27T09:55:01,2026-06-09,12:00,90,Single Indoor,33.0,frei,13
2026-05-27T09:55:01,2026-06-09,12:00,120,Single Indoor,44.0,frei,13
2026-05-27T09:55:01,2026-06-09,12:30,60,Single Indoor,22.0,frei,13
2026-05-27T09:55:01,2026-06-09,12:30,90,Single Indoor,33.0,frei,13
2026-05-27T09:55:01,2026-06-09,12:30,120,Single Indoor,44.0,frei,13
2026-05-27T09:55:01,2026-06-09,13:00,60,Single Indoor,22.0,frei,13
2026-05-27T09:55:01,2026-06-09,13:00,90,Single Indoor,33.0,frei,13
2026-05-27T09:55:01,2026-06-09,13:00,120,Single Indoor,44.0,frei,13
2026-05-27T09:55:01,2026-06-09,13:30,60,Single Indoor,22.0,frei,13
2026-05-27T09:55:01,2026-06-09,13:30,90,Single Indoor,33.0,frei,13
2026-05-27T09:55:01,2026-06-09,13:30,120,Single Indoor,44.0,frei,13
2026-05-27T09:55:01,2026-06-09,14:00,60,Single Indoor,22.0,frei,13
2026-05-27T09:55:01,2026-06-09,14:00,90,Single Indoor,33.0,frei,13
2026-05-27T09:55:01,2026-06-09,14:00,120,Single Indoor,44.0,frei,13
2026-05-27T09:55:01,2026-06-09,14:30,60,Single Indoor,22.0,frei,13
2026-05-27T09:55:01,2026-06-09,14:30,90,Single Indoor,33.0,frei,13
2026-05-27T09:55:01,2026-06-09,14:30,120,Single Indoor,48.0,frei,13
2026-05-27T09:55:01,2026-06-09,15:00,60,Single Indoor,22.0,frei,13
2026-05-27T09:55:01,2026-06-09,15:00,90,Single Indoor,37.0,frei,13
2026-05-27T09:55:01,2026-06-09,15:00,120,Single Indoor,52.0,frei,13
2026-05-27T09:55:01,2026-06-09,15:30,60,Single Indoor,26.0,frei,13
2026-05-27T09:55:01,2026-06-09,15:30,90,Single Indoor,41.0,frei,13
2026-05-27T09:55:01,2026-06-09,16:00,60,Single Indoor,30.0,frei,13
2026-05-27T09:55:01,2026-06-09,16:00,120,Single Indoor,60.0,frei,13
2026-05-27T09:55:01,2026-06-09,16:30,90,Single Indoor,45.0,frei,13
2026-05-27T09:55:01,2026-06-09,17:00,60,Single Indoor,30.0,frei,13
2026-05-27T09:55:01,2026-06-09,20:00,60,Single Indoor,30.0,frei,13
2026-05-27T09:55:01,2026-06-09,20:00,90,Single Indoor,45.0,frei,13
2026-05-27T09:55:01,2026-06-09,20:00,120,Single Indoor,60.0,frei,13
2026-05-27T09:55:01,2026-06-09,21:00,60,Single Indoor,30.0,frei,13
2026-05-27T09:55:01,2026-06-09,21:00,90,Single Indoor,45.0,frei,13
2026-05-27T09:55:01,2026-06-09,21:00,120,Single Indoor,56.0,frei,13
2026-05-27T09:55:01,2026-06-09,21:30,60,Single Indoor,30.0,frei,13
2026-05-27T09:55:01,2026-06-09,21:30,90,Single Indoor,41.0,frei,13
2026-05-27T09:55:01,2026-06-09,22:00,60,Single Indoor,26.0,frei,13
2026-05-27T09:55:01,2026-06-09,22:00,120,Single Indoor,48.0,frei,13
2026-05-27T09:55:01,2026-06-09,22:30,90,Single Indoor,33.0,frei,13
2026-05-27T09:55:01,2026-06-09,23:00,60,Single Indoor,22.0,frei,13
2026-05-27T09:55:01,2026-06-09,10:00,60,Outdoor 3,24.0,frei,13
2026-05-27T09:55:01,2026-06-09,10:00,90,Outdoor 3,36.0,frei,13
2026-05-27T09:55:01,2026-06-09,10:00,120,Outdoor 3,48.0,frei,13
2026-05-27T09:55:01,2026-06-09,10:00,150,Outdoor 3,60.0,frei,13
2026-05-27T09:55:01,2026-06-09,11:00,60,Outdoor 3,24.0,frei,13
2026-05-27T09:55:01,2026-06-09,11:00,90,Outdoor 3,36.0,frei,13
2026-05-27T09:55:01,2026-06-09,11:00,120,Outdoor 3,48.0,frei,13
2026-05-27T09:55:01,2026-06-09,11:00,150,Outdoor 3,60.0,frei,13
2026-05-27T09:55:01,2026-06-09,11:30,60,Outdoor 3,24.0,frei,13
2026-05-27T09:55:01,2026-06-09,11:30,90,Outdoor 3,36.0,frei,13
2026-05-27T09:55:01,2026-06-09,11:30,120,Outdoor 3,48.0,frei,13
2026-05-27T09:55:01,2026-06-09,11:30,150,Outdoor 3,60.0,frei,13
2026-05-27T09:55:01,2026-06-09,12:00,60,Outdoor 3,24.0,frei,13
2026-05-27T09:55:01,2026-06-09,12:00,90,Outdoor 3,36.0,frei,13
2026-05-27T09:55:01,2026-06-09,12:00,120,Outdoor 3,48.0,frei,13
2026-05-27T09:55:01,2026-06-09,12:00,150,Outdoor 3,60.0,frei,13
2026-05-27T09:55:01,2026-06-09,12:30,60,Outdoor 3,24.0,frei,13
2026-05-27T09:55:01,2026-06-09,12:30,90,Outdoor 3,36.0,frei,13
2026-05-27T09:55:01,2026-06-09,12:30,120,Outdoor 3,48.0,frei,13
2026-05-27T09:55:01,2026-06-09,12:30,150,Outdoor 3,60.0,frei,13
2026-05-27T09:55:01,2026-06-09,13:00,60,Outdoor 3,24.0,frei,13
2026-05-27T09:55:01,2026-06-09,13:00,90,Outdoor 3,36.0,frei,13
2026-05-27T09:55:01,2026-06-09,13:00,120,Outdoor 3,48.0,frei,13
2026-05-27T09:55:01,2026-06-09,13:00,150,Outdoor 3,60.0,frei,13
2026-05-27T09:55:01,2026-06-09,13:30,60,Outdoor 3,24.0,frei,13
2026-05-27T09:55:01,2026-06-09,13:30,90,Outdoor 3,36.0,frei,13
2026-05-27T09:55:01,2026-06-09,13:30,120,Outdoor 3,48.0,frei,13
2026-05-27T09:55:01,2026-06-09,14:00,60,Outdoor 3,24.0,frei,13
2026-05-27T09:55:01,2026-06-09,14:00,90,Outdoor 3,36.0,frei,13
2026-05-27T09:55:01,2026-06-09,14:00,150,Outdoor 3,66.0,frei,13
2026-05-27T09:55:01,2026-06-09,14:30,60,Outdoor 3,24.0,frei,13
2026-05-27T09:55:01,2026-06-09,14:30,120,Outdoor 3,54.0,frei,13
2026-05-27T09:55:01,2026-06-09,15:00,90,Outdoor 3,42.0,frei,13
2026-05-27T09:55:01,2026-06-09,15:30,60,Outdoor 3,30.0,frei,13
2026-05-27T09:55:01,2026-06-10,08:00,60,Outdoor 1,24.0,frei,14
2026-05-27T09:55:01,2026-06-10,08:00,90,Outdoor 1,36.0,frei,14
2026-05-27T09:55:01,2026-06-10,08:00,120,Outdoor 1,48.0,frei,14
2026-05-27T09:55:01,2026-06-10,08:00,150,Outdoor 1,60.0,frei,14
2026-05-27T09:55:01,2026-06-10,08:30,60,Outdoor 1,24.0,frei,14
2026-05-27T09:55:01,2026-06-10,08:30,90,Outdoor 1,36.0,frei,14
2026-05-27T09:55:01,2026-06-10,08:30,120,Outdoor 1,48.0,frei,14
2026-05-27T09:55:01,2026-06-10,08:30,150,Outdoor 1,60.0,frei,14
2026-05-27T09:55:01,2026-06-10,09:00,60,Outdoor 1,24.0,frei,14
2026-05-27T09:55:01,2026-06-10,09:00,90,Outdoor 1,36.0,frei,14
2026-05-27T09:55:01,2026-06-10,09:00,120,Outdoor 1,48.0,frei,14
2026-05-27T09:55:01,2026-06-10,09:00,150,Outdoor 1,60.0,frei,14
2026-05-27T09:55:01,2026-06-10,09:30,60,Outdoor 1,24.0,frei,14
2026-05-27T09:55:01,2026-06-10,09:30,90,Outdoor 1,36.0,frei,14
2026-05-27T09:55:01,2026-06-10,09:30,120,Outdoor 1,48.0,frei,14
2026-05-27T09:55:01,2026-06-10,09:30,150,Outdoor 1,60.0,frei,14
2026-05-27T09:55:01,2026-06-10,08:00,60,Indoor 4,30.0,frei,14
2026-05-27T09:55:01,2026-06-10,08:00,90,Indoor 4,45.0,frei,14
2026-05-27T09:55:01,2026-06-10,08:00,120,Indoor 4,60.0,frei,14
2026-05-27T09:55:01,2026-06-10,09:00,60,Indoor 4,30.0,frei,14
2026-05-27T09:55:01,2026-06-10,09:00,90,Indoor 4,45.0,frei,14
2026-05-27T09:55:01,2026-06-10,09:00,120,Indoor 4,60.0,frei,14
2026-05-27T09:55:01,2026-06-10,09:30,60,Indoor 4,30.0,frei,14
2026-05-27T09:55:01,2026-06-10,09:30,90,Indoor 4,45.0,frei,14
2026-05-27T09:55:01,2026-06-10,09:30,120,Indoor 4,60.0,frei,14
2026-05-27T09:55:01,2026-06-10,08:00,60,Single Indoor,22.0,frei,14
2026-05-27T09:55:01,2026-06-10,08:00,90,Single Indoor,33.0,frei,14
2026-05-27T09:55:01,2026-06-10,08:00,120,Single Indoor,44.0,frei,14
2026-05-27T09:55:01,2026-06-10,09:00,60,Single Indoor,22.0,frei,14
2026-05-27T09:55:01,2026-06-10,09:00,90,Single Indoor,33.0,frei,14
2026-05-27T09:55:01,2026-06-10,09:00,120,Single Indoor,44.0,frei,14
2026-05-27T09:55:01,2026-06-10,09:30,60,Single Indoor,22.0,frei,14
2026-05-27T09:55:01,2026-06-10,09:30,90,Single Indoor,33.0,frei,14
2026-05-27T09:55:01,2026-06-10,09:30,120,Single Indoor,44.0,frei,14
2026-05-27T09:55:01,2026-06-10,08:00,60,Indoor 1,30.0,frei,14
2026-05-27T09:55:01,2026-06-10,08:00,90,Indoor 1,45.0,frei,14
2026-05-27T09:55:01,2026-06-10,08:00,120,Indoor 1,60.0,frei,14
2026-05-27T09:55:01,2026-06-10,09:00,60,Indoor 1,30.0,frei,14
2026-05-27T09:55:01,2026-06-10,09:00,90,Indoor 1,45.0,frei,14
2026-05-27T09:55:01,2026-06-10,09:00,120,Indoor 1,60.0,frei,14
2026-05-27T09:55:01,2026-06-10,09:30,60,Indoor 1,30.0,frei,14
2026-05-27T09:55:01,2026-06-10,09:30,90,Indoor 1,45.0,frei,14
2026-05-27T09:55:01,2026-06-10,09:30,120,Indoor 1,60.0,frei,14
2026-05-27T09:55:01,2026-06-10,08:00,60,Indoor 3,30.0,frei,14
2026-05-27T09:55:01,2026-06-10,08:00,120,Indoor 3,60.0,frei,14
2026-05-27T09:55:01,2026-06-10,09:00,60,Indoor 3,30.0,frei,14
2026-05-27T09:55:01,2026-06-10,08:00,60,Outdoor 3,24.0,frei,14
2026-05-27T09:55:01,2026-06-10,08:00,90,Outdoor 3,36.0,frei,14
2026-05-27T09:55:01,2026-06-10,08:00,120,Outdoor 3,48.0,frei,14
2026-05-27T09:55:01,2026-06-10,08:00,150,Outdoor 3,60.0,frei,14
2026-05-27T09:55:01,2026-06-10,08:30,60,Outdoor 3,24.0,frei,14
2026-05-27T09:55:01,2026-06-10,08:30,90,Outdoor 3,36.0,frei,14
2026-05-27T09:55:01,2026-06-10,08:30,120,Outdoor 3,48.0,frei,14
2026-05-27T09:55:01,2026-06-10,08:30,150,Outdoor 3,60.0,frei,14
2026-05-27T09:55:01,2026-06-10,09:00,60,Outdoor 3,24.0,frei,14
2026-05-27T09:55:01,2026-06-10,09:00,90,Outdoor 3,36.0,frei,14
2026-05-27T09:55:01,2026-06-10,09:00,120,Outdoor 3,48.0,frei,14
2026-05-27T09:55:01,2026-06-10,09:00,150,Outdoor 3,60.0,frei,14
2026-05-27T09:55:01,2026-06-10,09:30,60,Outdoor 3,24.0,frei,14
2026-05-27T09:55:01,2026-06-10,09:30,90,Outdoor 3,36.0,frei,14
2026-05-27T09:55:01,2026-06-10,09:30,120,Outdoor 3,48.0,frei,14
2026-05-27T09:55:01,2026-06-10,09:30,150,Outdoor 3,60.0,frei,14
2026-05-27T09:55:01,2026-06-10,08:00,60,Outdoor 2,24.0,frei,14
2026-05-27T09:55:01,2026-06-10,08:00,90,Outdoor 2,36.0,frei,14
2026-05-27T09:55:01,2026-06-10,08:00,120,Outdoor 2,48.0,frei,14
2026-05-27T09:55:01,2026-06-10,08:00,150,Outdoor 2,60.0,frei,14
2026-05-27T09:55:01,2026-06-10,08:30,60,Outdoor 2,24.0,frei,14
2026-05-27T09:55:01,2026-06-10,08:30,90,Outdoor 2,36.0,frei,14
2026-05-27T09:55:01,2026-06-10,08:30,120,Outdoor 2,48.0,frei,14
2026-05-27T09:55:01,2026-06-10,08:30,150,Outdoor 2,60.0,frei,14
2026-05-27T09:55:01,2026-06-10,09:00,60,Outdoor 2,24.0,frei,14
2026-05-27T09:55:01,2026-06-10,09:00,90,Outdoor 2,36.0,frei,14
2026-05-27T09:55:01,2026-06-10,09:00,120,Outdoor 2,48.0,frei,14
2026-05-27T09:55:01,2026-06-10,09:00,150,Outdoor 2,60.0,frei,14
2026-05-27T09:55:01,2026-06-10,09:30,60,Outdoor 2,24.0,frei,14
2026-05-27T09:55:01,2026-06-10,09:30,90,Outdoor 2,36.0,frei,14
2026-05-27T09:55:01,2026-06-10,09:30,120,Outdoor 2,48.0,frei,14
2026-05-27T09:55:01,2026-06-10,09:30,150,Outdoor 2,60.0,frei,14
2026-05-27T09:55:01,2026-06-10,08:00,60,Outdoor 4,24.0,frei,14
2026-05-27T09:55:01,2026-06-10,08:00,90,Outdoor 4,36.0,frei,14
2026-05-27T09:55:01,2026-06-10,08:00,120,Outdoor 4,48.0,frei,14
2026-05-27T09:55:01,2026-06-10,08:00,150,Outdoor 4,60.0,frei,14
2026-05-27T09:55:01,2026-06-10,08:30,60,Outdoor 4,24.0,frei,14
2026-05-27T09:55:01,2026-06-10,08:30,90,Outdoor 4,36.0,frei,14
2026-05-27T09:55:01,2026-06-10,08:30,120,Outdoor 4,48.0,frei,14
2026-05-27T09:55:01,2026-06-10,08:30,150,Outdoor 4,60.0,frei,14
2026-05-27T09:55:01,2026-06-10,09:00,60,Outdoor 4,24.0,frei,14
2026-05-27T09:55:01,2026-06-10,09:00,90,Outdoor 4,36.0,frei,14
2026-05-27T09:55:01,2026-06-10,09:00,120,Outdoor 4,48.0,frei,14
2026-05-27T09:55:01,2026-06-10,09:00,150,Outdoor 4,60.0,frei,14
2026-05-27T09:55:01,2026-06-10,09:30,60,Outdoor 4,24.0,frei,14
2026-05-27T09:55:01,2026-06-10,09:30,90,Outdoor 4,36.0,frei,14
2026-05-27T09:55:01,2026-06-10,09:30,120,Outdoor 4,48.0,frei,14
2026-05-27T09:55:01,2026-06-10,09:30,150,Outdoor 4,60.0,frei,14
2026-05-27T09:55:01,2026-06-10,08:00,60,Indoor 2,30.0,frei,14
2026-05-27T09:55:01,2026-06-10,08:00,90,Indoor 2,45.0,frei,14
2026-05-27T09:55:01,2026-06-10,08:00,120,Indoor 2,60.0,frei,14
2026-05-27T09:55:01,2026-06-10,09:00,60,Indoor 2,30.0,frei,14
2026-05-27T09:55:01,2026-06-10,09:00,90,Indoor 2,45.0,frei,14
2026-05-27T09:55:01,2026-06-10,09:00,120,Indoor 2,60.0,frei,14
2026-05-27T09:55:01,2026-06-10,09:30,60,Indoor 2,30.0,frei,14
2026-05-27T09:55:01,2026-06-10,09:30,90,Indoor 2,45.0,frei,14
2026-05-27T09:55:01,2026-06-10,09:30,120,Indoor 2,60.0,frei,14
