datum_snapshot,datum_slot,uhrzeit_slot,dauer_minuten,court,preis,status,tage_im_voraus
2026-05-20T00:59:01,2026-05-20,08:00,60,Indoor 2,30.0,frei,0
2026-05-20T00:59:01,2026-05-20,08:00,120,Indoor 2,60.0,frei,0
2026-05-20T00:59:01,2026-05-20,09:00,60,Indoor 2,30.0,frei,0
2026-05-20T00:59:01,2026-05-20,12:00,90,Indoor 2,45.0,frei,0
2026-05-20T00:59:01,2026-05-20,08:00,60,Outdoor 2,24.0,frei,0
2026-05-20T00:59:01,2026-05-20,08:00,90,Outdoor 2,36.0,frei,0
2026-05-20T00:59:01,2026-05-20,08:00,120,Outdoor 2,48.0,frei,0
2026-05-20T00:59:01,2026-05-20,08:00,150,Outdoor 2,60.0,frei,0
2026-05-20T00:59:01,2026-05-20,08:30,60,Outdoor 2,24.0,frei,0
2026-05-20T00:59:01,2026-05-20,08:30,90,Outdoor 2,36.0,frei,0
2026-05-20T00:59:01,2026-05-20,08:30,120,Outdoor 2,48.0,frei,0
2026-05-20T00:59:01,2026-05-20,08:30,150,Outdoor 2,60.0,frei,0
2026-05-20T00:59:01,2026-05-20,09:00,60,Outdoor 2,24.0,frei,0
2026-05-20T00:59:01,2026-05-20,09:00,90,Outdoor 2,36.0,frei,0
2026-05-20T00:59:01,2026-05-20,09:00,120,Outdoor 2,48.0,frei,0
2026-05-20T00:59:01,2026-05-20,09:00,150,Outdoor 2,60.0,frei,0
2026-05-20T00:59:01,2026-05-20,09:30,60,Outdoor 2,24.0,frei,0
2026-05-20T00:59:01,2026-05-20,09:30,90,Outdoor 2,36.0,frei,0
2026-05-20T00:59:01,2026-05-20,09:30,120,Outdoor 2,48.0,frei,0
2026-05-20T00:59:01,2026-05-20,09:30,150,Outdoor 2,60.0,frei,0
2026-05-20T00:59:01,2026-05-20,10:00,60,Outdoor 2,24.0,frei,0
2026-05-20T00:59:01,2026-05-20,10:00,90,Outdoor 2,36.0,frei,0
2026-05-20T00:59:01,2026-05-20,10:00,120,Outdoor 2,48.0,frei,0
2026-05-20T00:59:01,2026-05-20,10:00,150,Outdoor 2,60.0,frei,0
2026-05-20T00:59:01,2026-05-20,10:30,60,Outdoor 2,24.0,frei,0
2026-05-20T00:59:01,2026-05-20,10:30,90,Outdoor 2,36.0,frei,0
2026-05-20T00:59:01,2026-05-20,10:30,120,Outdoor 2,48.0,frei,0
2026-05-20T00:59:01,2026-05-20,10:30,150,Outdoor 2,60.0,frei,0
2026-05-20T00:59:01,2026-05-20,11:00,60,Outdoor 2,24.0,frei,0
2026-05-20T00:59:01,2026-05-20,11:00,90,Outdoor 2,36.0,frei,0
2026-05-20T00:59:01,2026-05-20,11:00,120,Outdoor 2,48.0,frei,0
2026-05-20T00:59:01,2026-05-20,11:00,150,Outdoor 2,60.0,frei,0
2026-05-20T00:59:01,2026-05-20,11:30,60,Outdoor 2,24.0,frei,0
2026-05-20T00:59:01,2026-05-20,11:30,90,Outdoor 2,36.0,frei,0
2026-05-20T00:59:01,2026-05-20,11:30,120,Outdoor 2,48.0,frei,0
2026-05-20T00:59:01,2026-05-20,11:30,150,Outdoor 2,60.0,frei,0
2026-05-20T00:59:01,2026-05-20,12:00,60,Outdoor 2,24.0,frei,0
2026-05-20T00:59:01,2026-05-20,12:00,90,Outdoor 2,36.0,frei,0
2026-05-20T00:59:01,2026-05-20,12:00,120,Outdoor 2,48.0,frei,0
2026-05-20T00:59:01,2026-05-20,12:30,60,Outdoor 2,24.0,frei,0
2026-05-20T00:59:01,2026-05-20,12:30,90,Outdoor 2,36.0,frei,0
2026-05-20T00:59:01,2026-05-20,12:30,150,Outdoor 2,60.0,frei,0
2026-05-20T00:59:01,2026-05-20,13:00,60,Outdoor 2,24.0,frei,0
2026-05-20T00:59:01,2026-05-20,13:00,120,Outdoor 2,48.0,frei,0
2026-05-20T00:59:01,2026-05-20,13:30,90,Outdoor 2,36.0,frei,0
2026-05-20T00:59:01,2026-05-20,14:00,60,Outdoor 2,24.0,frei,0
2026-05-20T00:59:01,2026-05-20,17:00,60,Outdoor 2,36.0,frei,0
2026-05-20T00:59:01,2026-05-20,17:00,90,Outdoor 2,54.0,frei,0
2026-05-20T00:59:01,2026-05-20,17:00,150,Outdoor 2,90.0,frei,0
2026-05-20T00:59:01,2026-05-20,18:00,90,Outdoor 2,54.0,frei,0
2026-05-20T00:59:01,2026-05-20,18:30,60,Outdoor 2,36.0,frei,0
2026-05-20T00:59:01,2026-05-20,08:00,60,Indoor 1,30.0,frei,0
2026-05-20T00:59:01,2026-05-20,08:00,120,Indoor 1,60.0,frei,0
2026-05-20T00:59:01,2026-05-20,09:00,60,Indoor 1,30.0,frei,0
2026-05-20T00:59:01,2026-05-20,14:00,60,Indoor 1,30.0,frei,0
2026-05-20T00:59:01,2026-05-20,14:00,120,Indoor 1,60.0,frei,0
2026-05-20T00:59:01,2026-05-20,15:00,60,Indoor 1,30.0,frei,0
2026-05-20T00:59:01,2026-05-20,08:00,60,Outdoor 1,24.0,frei,0
2026-05-20T00:59:01,2026-05-20,08:00,90,Outdoor 1,36.0,frei,0
2026-05-20T00:59:01,2026-05-20,08:00,120,Outdoor 1,48.0,frei,0
2026-05-20T00:59:01,2026-05-20,08:00,150,Outdoor 1,60.0,frei,0
2026-05-20T00:59:01,2026-05-20,08:30,60,Outdoor 1,24.0,frei,0
2026-05-20T00:59:01,2026-05-20,08:30,90,Outdoor 1,36.0,frei,0
2026-05-20T00:59:01,2026-05-20,08:30,120,Outdoor 1,48.0,frei,0
2026-05-20T00:59:01,2026-05-20,08:30,150,Outdoor 1,60.0,frei,0
2026-05-20T00:59:01,2026-05-20,09:00,60,Outdoor 1,24.0,frei,0
2026-05-20T00:59:01,2026-05-20,09:00,90,Outdoor 1,36.0,frei,0
2026-05-20T00:59:01,2026-05-20,09:00,120,Outdoor 1,48.0,frei,0
2026-05-20T00:59:01,2026-05-20,09:00,150,Outdoor 1,60.0,frei,0
2026-05-20T00:59:01,2026-05-20,09:30,60,Outdoor 1,24.0,frei,0
2026-05-20T00:59:01,2026-05-20,09:30,90,Outdoor 1,36.0,frei,0
2026-05-20T00:59:01,2026-05-20,09:30,120,Outdoor 1,48.0,frei,0
2026-05-20T00:59:01,2026-05-20,09:30,150,Outdoor 1,60.0,frei,0
2026-05-20T00:59:01,2026-05-20,10:00,60,Outdoor 1,24.0,frei,0
2026-05-20T00:59:01,2026-05-20,10:00,90,Outdoor 1,36.0,frei,0
2026-05-20T00:59:01,2026-05-20,10:00,120,Outdoor 1,48.0,frei,0
2026-05-20T00:59:01,2026-05-20,10:00,150,Outdoor 1,60.0,frei,0
2026-05-20T00:59:01,2026-05-20,10:30,60,Outdoor 1,24.0,frei,0
2026-05-20T00:59:01,2026-05-20,10:30,90,Outdoor 1,36.0,frei,0
2026-05-20T00:59:01,2026-05-20,10:30,120,Outdoor 1,48.0,frei,0
2026-05-20T00:59:01,2026-05-20,10:30,150,Outdoor 1,60.0,frei,0
2026-05-20T00:59:01,2026-05-20,11:00,60,Outdoor 1,24.0,frei,0
2026-05-20T00:59:01,2026-05-20,11:00,90,Outdoor 1,36.0,frei,0
2026-05-20T00:59:01,2026-05-20,11:00,120,Outdoor 1,48.0,frei,0
2026-05-20T00:59:01,2026-05-20,11:00,150,Outdoor 1,60.0,frei,0
2026-05-20T00:59:01,2026-05-20,11:30,60,Outdoor 1,24.0,frei,0
2026-05-20T00:59:01,2026-05-20,11:30,90,Outdoor 1,36.0,frei,0
2026-05-20T00:59:01,2026-05-20,11:30,120,Outdoor 1,48.0,frei,0
2026-05-20T00:59:01,2026-05-20,11:30,150,Outdoor 1,60.0,frei,0
2026-05-20T00:59:01,2026-05-20,12:00,60,Outdoor 1,24.0,frei,0
2026-05-20T00:59:01,2026-05-20,12:00,90,Outdoor 1,36.0,frei,0
2026-05-20T00:59:01,2026-05-20,12:00,120,Outdoor 1,48.0,frei,0
2026-05-20T00:59:01,2026-05-20,12:30,60,Outdoor 1,24.0,frei,0
2026-05-20T00:59:01,2026-05-20,12:30,90,Outdoor 1,36.0,frei,0
2026-05-20T00:59:01,2026-05-20,12:30,150,Outdoor 1,60.0,frei,0
2026-05-20T00:59:01,2026-05-20,13:00,60,Outdoor 1,24.0,frei,0
2026-05-20T00:59:01,2026-05-20,13:00,120,Outdoor 1,48.0,frei,0
2026-05-20T00:59:01,2026-05-20,13:30,90,Outdoor 1,36.0,frei,0
2026-05-20T00:59:01,2026-05-20,14:00,60,Outdoor 1,24.0,frei,0
2026-05-20T00:59:01,2026-05-20,16:30,90,Outdoor 1,54.0,frei,0
2026-05-20T00:59:01,2026-05-20,08:00,90,Indoor 3,45.0,frei,0
2026-05-20T00:59:01,2026-05-20,14:00,60,Indoor 3,30.0,frei,0
2026-05-20T00:59:01,2026-05-20,14:00,120,Indoor 3,60.0,frei,0
2026-05-20T00:59:01,2026-05-20,15:00,60,Indoor 3,30.0,frei,0
2026-05-20T00:59:01,2026-05-20,08:00,60,Outdoor 3,24.0,frei,0
2026-05-20T00:59:01,2026-05-20,08:00,90,Outdoor 3,36.0,frei,0
2026-05-20T00:59:01,2026-05-20,08:00,120,Outdoor 3,48.0,frei,0
2026-05-20T00:59:01,2026-05-20,08:00,150,Outdoor 3,60.0,frei,0
2026-05-20T00:59:01,2026-05-20,08:30,60,Outdoor 3,24.0,frei,0
2026-05-20T00:59:01,2026-05-20,08:30,90,Outdoor 3,36.0,frei,0
2026-05-20T00:59:01,2026-05-20,08:30,120,Outdoor 3,48.0,frei,0
2026-05-20T00:59:01,2026-05-20,08:30,150,Outdoor 3,60.0,frei,0
2026-05-20T00:59:01,2026-05-20,09:00,60,Outdoor 3,24.0,frei,0
2026-05-20T00:59:01,2026-05-20,09:00,90,Outdoor 3,36.0,frei,0
2026-05-20T00:59:01,2026-05-20,09:00,120,Outdoor 3,48.0,frei,0
2026-05-20T00:59:01,2026-05-20,09:00,150,Outdoor 3,60.0,frei,0
2026-05-20T00:59:01,2026-05-20,09:30,60,Outdoor 3,24.0,frei,0
2026-05-20T00:59:01,2026-05-20,09:30,90,Outdoor 3,36.0,frei,0
2026-05-20T00:59:01,2026-05-20,09:30,120,Outdoor 3,48.0,frei,0
2026-05-20T00:59:01,2026-05-20,09:30,150,Outdoor 3,60.0,frei,0
2026-05-20T00:59:01,2026-05-20,10:00,60,Outdoor 3,24.0,frei,0
2026-05-20T00:59:01,2026-05-20,10:00,90,Outdoor 3,36.0,frei,0
2026-05-20T00:59:01,2026-05-20,10:00,120,Outdoor 3,48.0,frei,0
2026-05-20T00:59:01,2026-05-20,10:00,150,Outdoor 3,60.0,frei,0
2026-05-20T00:59:01,2026-05-20,10:30,60,Outdoor 3,24.0,frei,0
2026-05-20T00:59:01,2026-05-20,10:30,90,Outdoor 3,36.0,frei,0
2026-05-20T00:59:01,2026-05-20,10:30,120,Outdoor 3,48.0,frei,0
2026-05-20T00:59:01,2026-05-20,10:30,150,Outdoor 3,60.0,frei,0
2026-05-20T00:59:01,2026-05-20,11:00,60,Outdoor 3,24.0,frei,0
2026-05-20T00:59:01,2026-05-20,11:00,90,Outdoor 3,36.0,frei,0
2026-05-20T00:59:01,2026-05-20,11:00,120,Outdoor 3,48.0,frei,0
2026-05-20T00:59:01,2026-05-20,11:00,150,Outdoor 3,60.0,frei,0
2026-05-20T00:59:01,2026-05-20,11:30,60,Outdoor 3,24.0,frei,0
2026-05-20T00:59:01,2026-05-20,11:30,90,Outdoor 3,36.0,frei,0
2026-05-20T00:59:01,2026-05-20,11:30,120,Outdoor 3,48.0,frei,0
2026-05-20T00:59:01,2026-05-20,11:30,150,Outdoor 3,60.0,frei,0
2026-05-20T00:59:01,2026-05-20,12:00,60,Outdoor 3,24.0,frei,0
2026-05-20T00:59:01,2026-05-20,12:00,90,Outdoor 3,36.0,frei,0
2026-05-20T00:59:01,2026-05-20,12:00,120,Outdoor 3,48.0,frei,0
2026-05-20T00:59:01,2026-05-20,12:00,150,Outdoor 3,60.0,frei,0
2026-05-20T00:59:01,2026-05-20,12:30,60,Outdoor 3,24.0,frei,0
2026-05-20T00:59:01,2026-05-20,12:30,90,Outdoor 3,36.0,frei,0
2026-05-20T00:59:01,2026-05-20,12:30,120,Outdoor 3,48.0,frei,0
2026-05-20T00:59:01,2026-05-20,12:30,150,Outdoor 3,60.0,frei,0
2026-05-20T00:59:01,2026-05-20,13:00,60,Outdoor 3,24.0,frei,0
2026-05-20T00:59:01,2026-05-20,13:00,90,Outdoor 3,36.0,frei,0
2026-05-20T00:59:01,2026-05-20,13:00,120,Outdoor 3,48.0,frei,0
2026-05-20T00:59:01,2026-05-20,13:00,150,Outdoor 3,60.0,frei,0
2026-05-20T00:59:01,2026-05-20,13:30,60,Outdoor 3,24.0,frei,0
2026-05-20T00:59:01,2026-05-20,13:30,90,Outdoor 3,36.0,frei,0
2026-05-20T00:59:01,2026-05-20,13:30,120,Outdoor 3,48.0,frei,0
2026-05-20T00:59:01,2026-05-20,13:30,150,Outdoor 3,60.0,frei,0
2026-05-20T00:59:01,2026-05-20,14:00,60,Outdoor 3,24.0,frei,0
2026-05-20T00:59:01,2026-05-20,14:00,90,Outdoor 3,36.0,frei,0
2026-05-20T00:59:01,2026-05-20,14:00,120,Outdoor 3,48.0,frei,0
2026-05-20T00:59:01,2026-05-20,14:30,60,Outdoor 3,24.0,frei,0
2026-05-20T00:59:01,2026-05-20,14:30,90,Outdoor 3,36.0,frei,0
2026-05-20T00:59:01,2026-05-20,14:30,150,Outdoor 3,72.0,frei,0
2026-05-20T00:59:01,2026-05-20,15:00,60,Outdoor 3,24.0,frei,0
2026-05-20T00:59:01,2026-05-20,15:00,120,Outdoor 3,60.0,frei,0
2026-05-20T00:59:01,2026-05-20,15:30,90,Outdoor 3,48.0,frei,0
2026-05-20T00:59:01,2026-05-20,16:00,60,Outdoor 3,36.0,frei,0
2026-05-20T00:59:01,2026-05-20,20:00,60,Outdoor 3,36.0,frei,0
2026-05-20T00:59:01,2026-05-20,20:00,120,Outdoor 3,72.0,frei,0
2026-05-20T00:59:01,2026-05-20,21:00,60,Outdoor 3,36.0,frei,0
2026-05-20T00:59:01,2026-05-20,08:00,60,Outdoor 4,24.0,frei,0
2026-05-20T00:59:01,2026-05-20,08:00,90,Outdoor 4,36.0,frei,0
2026-05-20T00:59:01,2026-05-20,08:00,120,Outdoor 4,48.0,frei,0
2026-05-20T00:59:01,2026-05-20,08:00,150,Outdoor 4,60.0,frei,0
2026-05-20T00:59:01,2026-05-20,08:30,60,Outdoor 4,24.0,frei,0
2026-05-20T00:59:01,2026-05-20,08:30,90,Outdoor 4,36.0,frei,0
2026-05-20T00:59:01,2026-05-20,08:30,120,Outdoor 4,48.0,frei,0
2026-05-20T00:59:01,2026-05-20,08:30,150,Outdoor 4,60.0,frei,0
2026-05-20T00:59:01,2026-05-20,09:00,60,Outdoor 4,24.0,frei,0
2026-05-20T00:59:01,2026-05-20,09:00,90,Outdoor 4,36.0,frei,0
2026-05-20T00:59:01,2026-05-20,09:00,120,Outdoor 4,48.0,frei,0
2026-05-20T00:59:01,2026-05-20,09:00,150,Outdoor 4,60.0,frei,0
2026-05-20T00:59:01,2026-05-20,09:30,60,Outdoor 4,24.0,frei,0
2026-05-20T00:59:01,2026-05-20,09:30,90,Outdoor 4,36.0,frei,0
2026-05-20T00:59:01,2026-05-20,09:30,120,Outdoor 4,48.0,frei,0
2026-05-20T00:59:01,2026-05-20,09:30,150,Outdoor 4,60.0,frei,0
2026-05-20T00:59:01,2026-05-20,10:00,60,Outdoor 4,24.0,frei,0
2026-05-20T00:59:01,2026-05-20,10:00,90,Outdoor 4,36.0,frei,0
2026-05-20T00:59:01,2026-05-20,10:00,120,Outdoor 4,48.0,frei,0
2026-05-20T00:59:01,2026-05-20,10:00,150,Outdoor 4,60.0,frei,0
2026-05-20T00:59:01,2026-05-20,10:30,60,Outdoor 4,24.0,frei,0
2026-05-20T00:59:01,2026-05-20,10:30,90,Outdoor 4,36.0,frei,0
2026-05-20T00:59:01,2026-05-20,10:30,120,Outdoor 4,48.0,frei,0
2026-05-20T00:59:01,2026-05-20,10:30,150,Outdoor 4,60.0,frei,0
2026-05-20T00:59:01,2026-05-20,11:00,60,Outdoor 4,24.0,frei,0
2026-05-20T00:59:01,2026-05-20,11:00,90,Outdoor 4,36.0,frei,0
2026-05-20T00:59:01,2026-05-20,11:00,120,Outdoor 4,48.0,frei,0
2026-05-20T00:59:01,2026-05-20,11:00,150,Outdoor 4,60.0,frei,0
2026-05-20T00:59:01,2026-05-20,11:30,60,Outdoor 4,24.0,frei,0
2026-05-20T00:59:01,2026-05-20,11:30,90,Outdoor 4,36.0,frei,0
2026-05-20T00:59:01,2026-05-20,11:30,120,Outdoor 4,48.0,frei,0
2026-05-20T00:59:01,2026-05-20,11:30,150,Outdoor 4,60.0,frei,0
2026-05-20T00:59:01,2026-05-20,12:00,60,Outdoor 4,24.0,frei,0
2026-05-20T00:59:01,2026-05-20,12:00,90,Outdoor 4,36.0,frei,0
2026-05-20T00:59:01,2026-05-20,12:00,120,Outdoor 4,48.0,frei,0
2026-05-20T00:59:01,2026-05-20,12:00,150,Outdoor 4,60.0,frei,0
2026-05-20T00:59:01,2026-05-20,12:30,60,Outdoor 4,24.0,frei,0
2026-05-20T00:59:01,2026-05-20,12:30,90,Outdoor 4,36.0,frei,0
2026-05-20T00:59:01,2026-05-20,12:30,120,Outdoor 4,48.0,frei,0
2026-05-20T00:59:01,2026-05-20,12:30,150,Outdoor 4,60.0,frei,0
2026-05-20T00:59:01,2026-05-20,13:00,60,Outdoor 4,24.0,frei,0
2026-05-20T00:59:01,2026-05-20,13:00,90,Outdoor 4,36.0,frei,0
2026-05-20T00:59:01,2026-05-20,13:00,120,Outdoor 4,48.0,frei,0
2026-05-20T00:59:01,2026-05-20,13:00,150,Outdoor 4,60.0,frei,0
2026-05-20T00:59:01,2026-05-20,13:30,60,Outdoor 4,24.0,frei,0
2026-05-20T00:59:01,2026-05-20,13:30,90,Outdoor 4,36.0,frei,0
2026-05-20T00:59:01,2026-05-20,13:30,120,Outdoor 4,48.0,frei,0
2026-05-20T00:59:01,2026-05-20,14:00,60,Outdoor 4,24.0,frei,0
2026-05-20T00:59:01,2026-05-20,14:00,90,Outdoor 4,36.0,frei,0
2026-05-20T00:59:01,2026-05-20,14:00,150,Outdoor 4,66.0,frei,0
2026-05-20T00:59:01,2026-05-20,14:30,60,Outdoor 4,24.0,frei,0
2026-05-20T00:59:01,2026-05-20,14:30,120,Outdoor 4,54.0,frei,0
2026-05-20T00:59:01,2026-05-20,15:00,90,Outdoor 4,42.0,frei,0
2026-05-20T00:59:01,2026-05-20,15:30,60,Outdoor 4,30.0,frei,0
2026-05-20T00:59:01,2026-05-20,19:00,60,Outdoor 4,36.0,frei,0
2026-05-20T00:59:01,2026-05-20,19:00,90,Outdoor 4,54.0,frei,0
2026-05-20T00:59:01,2026-05-20,19:00,120,Outdoor 4,72.0,frei,0
2026-05-20T00:59:01,2026-05-20,20:00,60,Outdoor 4,36.0,frei,0
2026-05-20T00:59:01,2026-05-20,20:00,120,Outdoor 4,72.0,frei,0
2026-05-20T00:59:01,2026-05-20,20:30,90,Outdoor 4,54.0,frei,0
2026-05-20T00:59:01,2026-05-20,21:00,60,Outdoor 4,36.0,frei,0
2026-05-20T00:59:01,2026-05-20,08:00,60,Indoor 4,30.0,frei,0
2026-05-20T00:59:01,2026-05-20,08:00,90,Indoor 4,45.0,frei,0
2026-05-20T00:59:01,2026-05-20,09:00,90,Indoor 4,45.0,frei,0
2026-05-20T00:59:01,2026-05-20,09:30,60,Indoor 4,30.0,frei,0
2026-05-20T00:59:01,2026-05-20,12:00,90,Indoor 4,45.0,frei,0
2026-05-20T00:59:01,2026-05-20,23:00,60,Indoor 4,30.0,frei,0
2026-05-20T00:59:01,2026-05-20,09:30,90,Single Indoor,33.0,frei,0
2026-05-20T00:59:01,2026-05-20,10:00,60,Single Indoor,22.0,frei,0
2026-05-20T00:59:01,2026-05-20,22:00,60,Single Indoor,26.0,frei,0
2026-05-20T00:59:01,2026-05-21,08:00,60,Outdoor 2,24.0,frei,1
2026-05-20T00:59:01,2026-05-21,08:00,90,Outdoor 2,36.0,frei,1
2026-05-20T00:59:01,2026-05-21,08:00,120,Outdoor 2,48.0,frei,1
2026-05-20T00:59:01,2026-05-21,08:00,150,Outdoor 2,60.0,frei,1
2026-05-20T00:59:01,2026-05-21,08:30,60,Outdoor 2,24.0,frei,1
2026-05-20T00:59:01,2026-05-21,08:30,90,Outdoor 2,36.0,frei,1
2026-05-20T00:59:01,2026-05-21,08:30,120,Outdoor 2,48.0,frei,1
2026-05-20T00:59:01,2026-05-21,08:30,150,Outdoor 2,60.0,frei,1
2026-05-20T00:59:01,2026-05-21,09:00,60,Outdoor 2,24.0,frei,1
2026-05-20T00:59:01,2026-05-21,09:00,90,Outdoor 2,36.0,frei,1
2026-05-20T00:59:01,2026-05-21,09:00,120,Outdoor 2,48.0,frei,1
2026-05-20T00:59:01,2026-05-21,09:30,60,Outdoor 2,24.0,frei,1
2026-05-20T00:59:01,2026-05-21,09:30,90,Outdoor 2,36.0,frei,1
2026-05-20T00:59:01,2026-05-21,09:30,150,Outdoor 2,60.0,frei,1
2026-05-20T00:59:01,2026-05-21,10:00,60,Outdoor 2,24.0,frei,1
2026-05-20T00:59:01,2026-05-21,10:00,120,Outdoor 2,48.0,frei,1
2026-05-20T00:59:01,2026-05-21,10:30,90,Outdoor 2,36.0,frei,1
2026-05-20T00:59:01,2026-05-21,11:00,60,Outdoor 2,24.0,frei,1
2026-05-20T00:59:01,2026-05-21,14:00,60,Outdoor 2,24.0,frei,1
2026-05-20T00:59:01,2026-05-21,14:00,120,Outdoor 2,48.0,frei,1
2026-05-20T00:59:01,2026-05-21,15:00,60,Outdoor 2,24.0,frei,1
2026-05-20T00:59:01,2026-05-21,08:00,60,Indoor 2,30.0,frei,1
2026-05-20T00:59:01,2026-05-21,08:00,90,Indoor 2,45.0,frei,1
2026-05-20T00:59:01,2026-05-21,08:00,120,Indoor 2,60.0,frei,1
2026-05-20T00:59:01,2026-05-21,09:00,60,Indoor 2,30.0,frei,1
2026-05-20T00:59:01,2026-05-21,09:00,90,Indoor 2,45.0,frei,1
2026-05-20T00:59:01,2026-05-21,09:00,120,Indoor 2,60.0,frei,1
2026-05-20T00:59:01,2026-05-21,09:30,60,Indoor 2,30.0,frei,1
2026-05-20T00:59:01,2026-05-21,09:30,90,Indoor 2,45.0,frei,1
2026-05-20T00:59:01,2026-05-21,09:30,120,Indoor 2,60.0,frei,1
2026-05-20T00:59:01,2026-05-21,10:00,60,Indoor 2,30.0,frei,1
2026-05-20T00:59:01,2026-05-21,10:00,90,Indoor 2,45.0,frei,1
2026-05-20T00:59:01,2026-05-21,10:00,120,Indoor 2,60.0,frei,1
2026-05-20T00:59:01,2026-05-21,10:30,60,Indoor 2,30.0,frei,1
2026-05-20T00:59:01,2026-05-21,10:30,90,Indoor 2,45.0,frei,1
2026-05-20T00:59:01,2026-05-21,10:30,120,Indoor 2,60.0,frei,1
2026-05-20T00:59:01,2026-05-21,11:00,60,Indoor 2,30.0,frei,1
2026-05-20T00:59:01,2026-05-21,11:00,90,Indoor 2,45.0,frei,1
2026-05-20T00:59:01,2026-05-21,11:00,120,Indoor 2,60.0,frei,1
2026-05-20T00:59:01,2026-05-21,11:30,60,Indoor 2,30.0,frei,1
2026-05-20T00:59:01,2026-05-21,11:30,90,Indoor 2,45.0,frei,1
2026-05-20T00:59:01,2026-05-21,12:00,60,Indoor 2,30.0,frei,1
2026-05-20T00:59:01,2026-05-21,12:00,120,Indoor 2,60.0,frei,1
2026-05-20T00:59:01,2026-05-21,12:30,90,Indoor 2,45.0,frei,1
2026-05-20T00:59:01,2026-05-21,13:00,60,Indoor 2,30.0,frei,1
2026-05-20T00:59:01,2026-05-21,22:00,60,Indoor 2,36.0,frei,1
2026-05-20T00:59:01,2026-05-21,22:00,120,Indoor 2,66.0,frei,1
2026-05-20T00:59:01,2026-05-21,23:00,60,Indoor 2,30.0,frei,1
2026-05-20T00:59:01,2026-05-21,08:00,60,Outdoor 1,24.0,frei,1
2026-05-20T00:59:01,2026-05-21,08:00,90,Outdoor 1,36.0,frei,1
2026-05-20T00:59:01,2026-05-21,08:00,120,Outdoor 1,48.0,frei,1
2026-05-20T00:59:01,2026-05-21,08:00,150,Outdoor 1,60.0,frei,1
2026-05-20T00:59:01,2026-05-21,08:30,60,Outdoor 1,24.0,frei,1
2026-05-20T00:59:01,2026-05-21,08:30,90,Outdoor 1,36.0,frei,1
2026-05-20T00:59:01,2026-05-21,08:30,120,Outdoor 1,48.0,frei,1
2026-05-20T00:59:01,2026-05-21,08:30,150,Outdoor 1,60.0,frei,1
2026-05-20T00:59:01,2026-05-21,09:00,60,Outdoor 1,24.0,frei,1
2026-05-20T00:59:01,2026-05-21,09:00,90,Outdoor 1,36.0,frei,1
2026-05-20T00:59:01,2026-05-21,09:00,120,Outdoor 1,48.0,frei,1
2026-05-20T00:59:01,2026-05-21,09:00,150,Outdoor 1,60.0,frei,1
2026-05-20T00:59:01,2026-05-21,09:30,60,Outdoor 1,24.0,frei,1
2026-05-20T00:59:01,2026-05-21,09:30,90,Outdoor 1,36.0,frei,1
2026-05-20T00:59:01,2026-05-21,09:30,120,Outdoor 1,48.0,frei,1
2026-05-20T00:59:01,2026-05-21,09:30,150,Outdoor 1,60.0,frei,1
2026-05-20T00:59:01,2026-05-21,10:00,60,Outdoor 1,24.0,frei,1
2026-05-20T00:59:01,2026-05-21,10:00,90,Outdoor 1,36.0,frei,1
2026-05-20T00:59:01,2026-05-21,10:00,120,Outdoor 1,48.0,frei,1
2026-05-20T00:59:01,2026-05-21,10:00,150,Outdoor 1,60.0,frei,1
2026-05-20T00:59:01,2026-05-21,10:30,60,Outdoor 1,24.0,frei,1
2026-05-20T00:59:01,2026-05-21,10:30,90,Outdoor 1,36.0,frei,1
2026-05-20T00:59:01,2026-05-21,10:30,120,Outdoor 1,48.0,frei,1
2026-05-20T00:59:01,2026-05-21,10:30,150,Outdoor 1,60.0,frei,1
2026-05-20T00:59:01,2026-05-21,11:00,60,Outdoor 1,24.0,frei,1
2026-05-20T00:59:01,2026-05-21,11:00,90,Outdoor 1,36.0,frei,1
2026-05-20T00:59:01,2026-05-21,11:00,120,Outdoor 1,48.0,frei,1
2026-05-20T00:59:01,2026-05-21,11:00,150,Outdoor 1,60.0,frei,1
2026-05-20T00:59:01,2026-05-21,11:30,60,Outdoor 1,24.0,frei,1
2026-05-20T00:59:01,2026-05-21,11:30,90,Outdoor 1,36.0,frei,1
2026-05-20T00:59:01,2026-05-21,11:30,120,Outdoor 1,48.0,frei,1
2026-05-20T00:59:01,2026-05-21,11:30,150,Outdoor 1,60.0,frei,1
2026-05-20T00:59:01,2026-05-21,12:00,60,Outdoor 1,24.0,frei,1
2026-05-20T00:59:01,2026-05-21,12:00,90,Outdoor 1,36.0,frei,1
2026-05-20T00:59:01,2026-05-21,12:00,120,Outdoor 1,48.0,frei,1
2026-05-20T00:59:01,2026-05-21,12:00,150,Outdoor 1,60.0,frei,1
2026-05-20T00:59:01,2026-05-21,12:30,60,Outdoor 1,24.0,frei,1
2026-05-20T00:59:01,2026-05-21,12:30,90,Outdoor 1,36.0,frei,1
2026-05-20T00:59:01,2026-05-21,12:30,120,Outdoor 1,48.0,frei,1
2026-05-20T00:59:01,2026-05-21,13:00,60,Outdoor 1,24.0,frei,1
2026-05-20T00:59:01,2026-05-21,13:00,90,Outdoor 1,36.0,frei,1
2026-05-20T00:59:01,2026-05-21,13:00,150,Outdoor 1,60.0,frei,1
2026-05-20T00:59:01,2026-05-21,13:30,60,Outdoor 1,24.0,frei,1
2026-05-20T00:59:01,2026-05-21,13:30,120,Outdoor 1,48.0,frei,1
2026-05-20T00:59:01,2026-05-21,14:00,90,Outdoor 1,36.0,frei,1
2026-05-20T00:59:01,2026-05-21,14:30,60,Outdoor 1,24.0,frei,1
2026-05-20T00:59:01,2026-05-21,10:00,60,Indoor 1,30.0,frei,1
2026-05-20T00:59:01,2026-05-21,10:00,120,Indoor 1,60.0,frei,1
2026-05-20T00:59:01,2026-05-21,11:00,60,Indoor 1,30.0,frei,1
2026-05-20T00:59:01,2026-05-21,13:30,60,Indoor 1,30.0,frei,1
2026-05-20T00:59:01,2026-05-21,13:30,90,Indoor 1,45.0,frei,1
2026-05-20T00:59:01,2026-05-21,13:30,120,Indoor 1,60.0,frei,1
2026-05-20T00:59:01,2026-05-21,14:30,60,Indoor 1,30.0,frei,1
2026-05-20T00:59:01,2026-05-21,14:30,90,Indoor 1,45.0,frei,1
2026-05-20T00:59:01,2026-05-21,15:00,60,Indoor 1,30.0,frei,1
2026-05-20T00:59:01,2026-05-21,15:00,120,Indoor 1,72.0,frei,1
2026-05-20T00:59:01,2026-05-21,15:30,90,Indoor 1,57.0,frei,1
2026-05-20T00:59:01,2026-05-21,16:00,60,Indoor 1,42.0,frei,1
2026-05-20T00:59:01,2026-05-21,23:00,60,Indoor 1,30.0,frei,1
2026-05-20T00:59:01,2026-05-21,08:00,60,Indoor 3,30.0,frei,1
2026-05-20T00:59:01,2026-05-21,08:00,90,Indoor 3,45.0,frei,1
2026-05-20T00:59:01,2026-05-21,08:00,120,Indoor 3,60.0,frei,1
2026-05-20T00:59:01,2026-05-21,09:00,60,Indoor 3,30.0,frei,1
2026-05-20T00:59:01,2026-05-21,09:00,90,Indoor 3,45.0,frei,1
2026-05-20T00:59:01,2026-05-21,09:00,120,Indoor 3,60.0,frei,1
2026-05-20T00:59:01,2026-05-21,09:30,60,Indoor 3,30.0,frei,1
2026-05-20T00:59:01,2026-05-21,09:30,90,Indoor 3,45.0,frei,1
2026-05-20T00:59:01,2026-05-21,09:30,120,Indoor 3,60.0,frei,1
2026-05-20T00:59:01,2026-05-21,10:00,60,Indoor 3,30.0,frei,1
2026-05-20T00:59:01,2026-05-21,10:00,90,Indoor 3,45.0,frei,1
2026-05-20T00:59:01,2026-05-21,10:00,120,Indoor 3,60.0,frei,1
2026-05-20T00:59:01,2026-05-21,10:30,60,Indoor 3,30.0,frei,1
2026-05-20T00:59:01,2026-05-21,10:30,90,Indoor 3,45.0,frei,1
2026-05-20T00:59:01,2026-05-21,10:30,120,Indoor 3,60.0,frei,1
2026-05-20T00:59:01,2026-05-21,11:00,60,Indoor 3,30.0,frei,1
2026-05-20T00:59:01,2026-05-21,11:00,90,Indoor 3,45.0,frei,1
2026-05-20T00:59:01,2026-05-21,11:00,120,Indoor 3,60.0,frei,1
2026-05-20T00:59:01,2026-05-21,11:30,60,Indoor 3,30.0,frei,1
2026-05-20T00:59:01,2026-05-21,11:30,90,Indoor 3,45.0,frei,1
2026-05-20T00:59:01,2026-05-21,11:30,120,Indoor 3,60.0,frei,1
2026-05-20T00:59:01,2026-05-21,12:00,60,Indoor 3,30.0,frei,1
2026-05-20T00:59:01,2026-05-21,12:00,90,Indoor 3,45.0,frei,1
2026-05-20T00:59:01,2026-05-21,12:30,60,Indoor 3,30.0,frei,1
2026-05-20T00:59:01,2026-05-21,12:30,120,Indoor 3,60.0,frei,1
2026-05-20T00:59:01,2026-05-21,13:00,90,Indoor 3,45.0,frei,1
2026-05-20T00:59:01,2026-05-21,13:30,60,Indoor 3,30.0,frei,1
2026-05-20T00:59:01,2026-05-21,22:00,60,Indoor 3,36.0,frei,1
2026-05-20T00:59:01,2026-05-21,22:00,120,Indoor 3,66.0,frei,1
2026-05-20T00:59:01,2026-05-21,23:00,60,Indoor 3,30.0,frei,1
2026-05-20T00:59:01,2026-05-21,08:00,60,Outdoor 4,24.0,frei,1
2026-05-20T00:59:01,2026-05-21,08:00,90,Outdoor 4,36.0,frei,1
2026-05-20T00:59:01,2026-05-21,08:00,120,Outdoor 4,48.0,frei,1
2026-05-20T00:59:01,2026-05-21,08:00,150,Outdoor 4,60.0,frei,1
2026-05-20T00:59:01,2026-05-21,08:30,60,Outdoor 4,24.0,frei,1
2026-05-20T00:59:01,2026-05-21,08:30,90,Outdoor 4,36.0,frei,1
2026-05-20T00:59:01,2026-05-21,08:30,120,Outdoor 4,48.0,frei,1
2026-05-20T00:59:01,2026-05-21,08:30,150,Outdoor 4,60.0,frei,1
2026-05-20T00:59:01,2026-05-21,09:00,60,Outdoor 4,24.0,frei,1
2026-05-20T00:59:01,2026-05-21,09:00,90,Outdoor 4,36.0,frei,1
2026-05-20T00:59:01,2026-05-21,09:00,120,Outdoor 4,48.0,frei,1
2026-05-20T00:59:01,2026-05-21,09:00,150,Outdoor 4,60.0,frei,1
2026-05-20T00:59:01,2026-05-21,09:30,60,Outdoor 4,24.0,frei,1
2026-05-20T00:59:01,2026-05-21,09:30,90,Outdoor 4,36.0,frei,1
2026-05-20T00:59:01,2026-05-21,09:30,120,Outdoor 4,48.0,frei,1
2026-05-20T00:59:01,2026-05-21,09:30,150,Outdoor 4,60.0,frei,1
2026-05-20T00:59:01,2026-05-21,10:00,60,Outdoor 4,24.0,frei,1
2026-05-20T00:59:01,2026-05-21,10:00,90,Outdoor 4,36.0,frei,1
2026-05-20T00:59:01,2026-05-21,10:00,120,Outdoor 4,48.0,frei,1
2026-05-20T00:59:01,2026-05-21,10:00,150,Outdoor 4,60.0,frei,1
2026-05-20T00:59:01,2026-05-21,10:30,60,Outdoor 4,24.0,frei,1
2026-05-20T00:59:01,2026-05-21,10:30,90,Outdoor 4,36.0,frei,1
2026-05-20T00:59:01,2026-05-21,10:30,120,Outdoor 4,48.0,frei,1
2026-05-20T00:59:01,2026-05-21,10:30,150,Outdoor 4,60.0,frei,1
2026-05-20T00:59:01,2026-05-21,11:00,60,Outdoor 4,24.0,frei,1
2026-05-20T00:59:01,2026-05-21,11:00,90,Outdoor 4,36.0,frei,1
2026-05-20T00:59:01,2026-05-21,11:00,120,Outdoor 4,48.0,frei,1
2026-05-20T00:59:01,2026-05-21,11:30,60,Outdoor 4,24.0,frei,1
2026-05-20T00:59:01,2026-05-21,11:30,90,Outdoor 4,36.0,frei,1
2026-05-20T00:59:01,2026-05-21,11:30,150,Outdoor 4,60.0,frei,1
2026-05-20T00:59:01,2026-05-21,12:00,60,Outdoor 4,24.0,frei,1
2026-05-20T00:59:01,2026-05-21,12:00,120,Outdoor 4,48.0,frei,1
2026-05-20T00:59:01,2026-05-21,12:30,90,Outdoor 4,36.0,frei,1
2026-05-20T00:59:01,2026-05-21,13:00,60,Outdoor 4,24.0,frei,1
2026-05-20T00:59:01,2026-05-21,08:00,60,Indoor 4,30.0,frei,1
2026-05-20T00:59:01,2026-05-21,08:00,120,Indoor 4,60.0,frei,1
2026-05-20T00:59:01,2026-05-21,09:00,60,Indoor 4,30.0,frei,1
2026-05-20T00:59:01,2026-05-21,13:30,60,Indoor 4,30.0,frei,1
2026-05-20T00:59:01,2026-05-21,13:30,90,Indoor 4,45.0,frei,1
2026-05-20T00:59:01,2026-05-21,13:30,120,Indoor 4,60.0,frei,1
2026-05-20T00:59:01,2026-05-21,14:30,60,Indoor 4,30.0,frei,1
2026-05-20T00:59:01,2026-05-21,14:30,120,Indoor 4,66.0,frei,1
2026-05-20T00:59:01,2026-05-21,15:00,90,Indoor 4,51.0,frei,1
2026-05-20T00:59:01,2026-05-21,15:30,60,Indoor 4,36.0,frei,1
2026-05-20T00:59:01,2026-05-21,22:00,60,Indoor 4,36.0,frei,1
2026-05-20T00:59:01,2026-05-21,22:00,120,Indoor 4,66.0,frei,1
2026-05-20T00:59:01,2026-05-21,23:00,60,Indoor 4,30.0,frei,1
2026-05-20T00:59:01,2026-05-21,08:00,60,Single Indoor,22.0,frei,1
2026-05-20T00:59:01,2026-05-21,08:00,120,Single Indoor,44.0,frei,1
2026-05-20T00:59:01,2026-05-21,09:00,60,Single Indoor,22.0,frei,1
2026-05-20T00:59:01,2026-05-21,11:30,60,Single Indoor,22.0,frei,1
2026-05-20T00:59:01,2026-05-21,11:30,90,Single Indoor,33.0,frei,1
2026-05-20T00:59:01,2026-05-21,11:30,120,Single Indoor,44.0,frei,1
2026-05-20T00:59:01,2026-05-21,12:30,60,Single Indoor,22.0,frei,1
2026-05-20T00:59:01,2026-05-21,12:30,90,Single Indoor,33.0,frei,1
2026-05-20T00:59:01,2026-05-21,13:00,60,Single Indoor,22.0,frei,1
2026-05-20T00:59:01,2026-05-21,13:00,120,Single Indoor,44.0,frei,1
2026-05-20T00:59:01,2026-05-21,13:30,90,Single Indoor,33.0,frei,1
2026-05-20T00:59:01,2026-05-21,14:00,60,Single Indoor,22.0,frei,1
2026-05-20T00:59:01,2026-05-21,22:30,90,Single Indoor,33.0,frei,1
2026-05-20T00:59:01,2026-05-21,08:00,60,Outdoor 3,24.0,frei,1
2026-05-20T00:59:01,2026-05-21,08:00,90,Outdoor 3,36.0,frei,1
2026-05-20T00:59:01,2026-05-21,08:00,120,Outdoor 3,48.0,frei,1
2026-05-20T00:59:01,2026-05-21,08:00,150,Outdoor 3,60.0,frei,1
2026-05-20T00:59:01,2026-05-21,08:30,60,Outdoor 3,24.0,frei,1
2026-05-20T00:59:01,2026-05-21,08:30,90,Outdoor 3,36.0,frei,1
2026-05-20T00:59:01,2026-05-21,08:30,120,Outdoor 3,48.0,frei,1
2026-05-20T00:59:01,2026-05-21,08:30,150,Outdoor 3,60.0,frei,1
2026-05-20T00:59:01,2026-05-21,09:00,60,Outdoor 3,24.0,frei,1
2026-05-20T00:59:01,2026-05-21,09:00,90,Outdoor 3,36.0,frei,1
2026-05-20T00:59:01,2026-05-21,09:00,120,Outdoor 3,48.0,frei,1
2026-05-20T00:59:01,2026-05-21,09:00,150,Outdoor 3,60.0,frei,1
2026-05-20T00:59:01,2026-05-21,09:30,60,Outdoor 3,24.0,frei,1
2026-05-20T00:59:01,2026-05-21,09:30,90,Outdoor 3,36.0,frei,1
2026-05-20T00:59:01,2026-05-21,09:30,120,Outdoor 3,48.0,frei,1
2026-05-20T00:59:01,2026-05-21,09:30,150,Outdoor 3,60.0,frei,1
2026-05-20T00:59:01,2026-05-21,10:00,60,Outdoor 3,24.0,frei,1
2026-05-20T00:59:01,2026-05-21,10:00,90,Outdoor 3,36.0,frei,1
2026-05-20T00:59:01,2026-05-21,10:00,120,Outdoor 3,48.0,frei,1
2026-05-20T00:59:01,2026-05-21,10:00,150,Outdoor 3,60.0,frei,1
2026-05-20T00:59:01,2026-05-21,10:30,60,Outdoor 3,24.0,frei,1
2026-05-20T00:59:01,2026-05-21,10:30,90,Outdoor 3,36.0,frei,1
2026-05-20T00:59:01,2026-05-21,10:30,120,Outdoor 3,48.0,frei,1
2026-05-20T00:59:01,2026-05-21,10:30,150,Outdoor 3,60.0,frei,1
2026-05-20T00:59:01,2026-05-21,11:00,60,Outdoor 3,24.0,frei,1
2026-05-20T00:59:01,2026-05-21,11:00,90,Outdoor 3,36.0,frei,1
2026-05-20T00:59:01,2026-05-21,11:00,120,Outdoor 3,48.0,frei,1
2026-05-20T00:59:01,2026-05-21,11:30,60,Outdoor 3,24.0,frei,1
2026-05-20T00:59:01,2026-05-21,11:30,90,Outdoor 3,36.0,frei,1
2026-05-20T00:59:01,2026-05-21,11:30,150,Outdoor 3,60.0,frei,1
2026-05-20T00:59:01,2026-05-21,12:00,60,Outdoor 3,24.0,frei,1
2026-05-20T00:59:01,2026-05-21,12:00,120,Outdoor 3,48.0,frei,1
2026-05-20T00:59:01,2026-05-21,12:30,90,Outdoor 3,36.0,frei,1
2026-05-20T00:59:01,2026-05-21,13:00,60,Outdoor 3,24.0,frei,1
2026-05-20T00:59:01,2026-05-21,15:00,60,Outdoor 3,24.0,frei,1
2026-05-20T00:59:01,2026-05-22,08:00,60,Outdoor 2,24.0,frei,2
2026-05-20T00:59:01,2026-05-22,08:00,120,Outdoor 2,48.0,frei,2
2026-05-20T00:59:01,2026-05-22,08:30,90,Outdoor 2,36.0,frei,2
2026-05-20T00:59:01,2026-05-22,09:00,60,Outdoor 2,24.0,frei,2
2026-05-20T00:59:01,2026-05-22,11:30,60,Outdoor 2,24.0,frei,2
2026-05-20T00:59:01,2026-05-22,11:30,90,Outdoor 2,36.0,frei,2
2026-05-20T00:59:01,2026-05-22,11:30,120,Outdoor 2,48.0,frei,2
2026-05-20T00:59:01,2026-05-22,12:30,60,Outdoor 2,24.0,frei,2
2026-05-20T00:59:01,2026-05-22,12:30,120,Outdoor 2,48.0,frei,2
2026-05-20T00:59:01,2026-05-22,13:00,90,Outdoor 2,36.0,frei,2
2026-05-20T00:59:01,2026-05-22,13:30,60,Outdoor 2,24.0,frei,2
2026-05-20T00:59:01,2026-05-22,08:00,60,Indoor 2,30.0,frei,2
2026-05-20T00:59:01,2026-05-22,10:30,60,Indoor 2,30.0,frei,2
2026-05-20T00:59:01,2026-05-22,10:30,120,Indoor 2,60.0,frei,2
2026-05-20T00:59:01,2026-05-22,11:30,60,Indoor 2,30.0,frei,2
2026-05-20T00:59:01,2026-05-22,08:00,60,Outdoor 1,24.0,frei,2
2026-05-20T00:59:01,2026-05-22,08:00,90,Outdoor 1,36.0,frei,2
2026-05-20T00:59:01,2026-05-22,08:00,120,Outdoor 1,48.0,frei,2
2026-05-20T00:59:01,2026-05-22,08:30,60,Outdoor 1,24.0,frei,2
2026-05-20T00:59:01,2026-05-22,08:30,90,Outdoor 1,36.0,frei,2
2026-05-20T00:59:01,2026-05-22,08:30,150,Outdoor 1,60.0,frei,2
2026-05-20T00:59:01,2026-05-22,09:00,60,Outdoor 1,24.0,frei,2
2026-05-20T00:59:01,2026-05-22,09:00,120,Outdoor 1,48.0,frei,2
2026-05-20T00:59:01,2026-05-22,09:30,90,Outdoor 1,36.0,frei,2
2026-05-20T00:59:01,2026-05-22,10:00,60,Outdoor 1,24.0,frei,2
2026-05-20T00:59:01,2026-05-22,12:30,60,Outdoor 1,24.0,frei,2
2026-05-20T00:59:01,2026-05-22,12:30,120,Outdoor 1,48.0,frei,2
2026-05-20T00:59:01,2026-05-22,13:30,60,Outdoor 1,24.0,frei,2
2026-05-20T00:59:01,2026-05-22,11:00,60,Indoor 1,30.0,frei,2
2026-05-20T00:59:01,2026-05-22,08:00,60,Outdoor 3,24.0,frei,2
2026-05-20T00:59:01,2026-05-22,08:00,90,Outdoor 3,36.0,frei,2
2026-05-20T00:59:01,2026-05-22,08:00,120,Outdoor 3,48.0,frei,2
2026-05-20T00:59:01,2026-05-22,08:00,150,Outdoor 3,60.0,frei,2
2026-05-20T00:59:01,2026-05-22,08:30,60,Outdoor 3,24.0,frei,2
2026-05-20T00:59:01,2026-05-22,08:30,90,Outdoor 3,36.0,frei,2
2026-05-20T00:59:01,2026-05-22,08:30,120,Outdoor 3,48.0,frei,2
2026-05-20T00:59:01,2026-05-22,08:30,150,Outdoor 3,60.0,frei,2
2026-05-20T00:59:01,2026-05-22,09:00,60,Outdoor 3,24.0,frei,2
2026-05-20T00:59:01,2026-05-22,09:00,90,Outdoor 3,36.0,frei,2
2026-05-20T00:59:01,2026-05-22,09:00,120,Outdoor 3,48.0,frei,2
2026-05-20T00:59:01,2026-05-22,09:30,60,Outdoor 3,24.0,frei,2
2026-05-20T00:59:01,2026-05-22,09:30,90,Outdoor 3,36.0,frei,2
2026-05-20T00:59:01,2026-05-22,09:30,150,Outdoor 3,60.0,frei,2
2026-05-20T00:59:01,2026-05-22,10:00,60,Outdoor 3,24.0,frei,2
2026-05-20T00:59:01,2026-05-22,10:00,120,Outdoor 3,48.0,frei,2
2026-05-20T00:59:01,2026-05-22,10:30,90,Outdoor 3,36.0,frei,2
2026-05-20T00:59:01,2026-05-22,11:00,60,Outdoor 3,24.0,frei,2
2026-05-20T00:59:01,2026-05-22,10:00,90,Outdoor 4,36.0,frei,2
2026-05-20T00:59:01,2026-05-22,13:00,60,Outdoor 4,24.0,frei,2
2026-05-20T00:59:01,2026-05-22,13:00,120,Outdoor 4,48.0,frei,2
2026-05-20T00:59:01,2026-05-22,14:00,60,Outdoor 4,24.0,frei,2
2026-05-20T00:59:01,2026-05-22,08:00,60,Indoor 3,30.0,frei,2
2026-05-20T00:59:01,2026-05-22,08:00,90,Indoor 3,45.0,frei,2
2026-05-20T00:59:01,2026-05-22,08:00,120,Indoor 3,60.0,frei,2
2026-05-20T00:59:01,2026-05-22,09:00,60,Indoor 3,30.0,frei,2
2026-05-20T00:59:01,2026-05-22,09:00,90,Indoor 3,45.0,frei,2
2026-05-20T00:59:01,2026-05-22,09:00,120,Indoor 3,60.0,frei,2
2026-05-20T00:59:01,2026-05-22,09:30,60,Indoor 3,30.0,frei,2
2026-05-20T00:59:01,2026-05-22,09:30,90,Indoor 3,45.0,frei,2
2026-05-20T00:59:01,2026-05-22,09:30,120,Indoor 3,60.0,frei,2
2026-05-20T00:59:01,2026-05-22,10:00,60,Indoor 3,30.0,frei,2
2026-05-20T00:59:01,2026-05-22,10:00,90,Indoor 3,45.0,frei,2
2026-05-20T00:59:01,2026-05-22,10:00,120,Indoor 3,60.0,frei,2
2026-05-20T00:59:01,2026-05-22,10:30,60,Indoor 3,30.0,frei,2
2026-05-20T00:59:01,2026-05-22,10:30,90,Indoor 3,45.0,frei,2
2026-05-20T00:59:01,2026-05-22,11:00,60,Indoor 3,30.0,frei,2
2026-05-20T00:59:01,2026-05-22,11:00,120,Indoor 3,60.0,frei,2
2026-05-20T00:59:01,2026-05-22,11:30,90,Indoor 3,45.0,frei,2
2026-05-20T00:59:01,2026-05-22,12:00,60,Indoor 3,30.0,frei,2
2026-05-20T00:59:01,2026-05-22,08:00,60,Indoor 4,30.0,frei,2
2026-05-20T00:59:01,2026-05-22,08:00,90,Indoor 4,45.0,frei,2
2026-05-20T00:59:01,2026-05-22,08:00,120,Indoor 4,60.0,frei,2
2026-05-20T00:59:01,2026-05-22,09:00,60,Indoor 4,30.0,frei,2
2026-05-20T00:59:01,2026-05-22,09:00,90,Indoor 4,45.0,frei,2
2026-05-20T00:59:01,2026-05-22,09:00,120,Indoor 4,60.0,frei,2
2026-05-20T00:59:01,2026-05-22,09:30,60,Indoor 4,30.0,frei,2
2026-05-20T00:59:01,2026-05-22,09:30,90,Indoor 4,45.0,frei,2
2026-05-20T00:59:01,2026-05-22,09:30,120,Indoor 4,60.0,frei,2
2026-05-20T00:59:01,2026-05-22,10:00,60,Indoor 4,30.0,frei,2
2026-05-20T00:59:01,2026-05-22,10:00,90,Indoor 4,45.0,frei,2
2026-05-20T00:59:01,2026-05-22,10:00,120,Indoor 4,60.0,frei,2
2026-05-20T00:59:01,2026-05-22,10:30,60,Indoor 4,30.0,frei,2
2026-05-20T00:59:01,2026-05-22,10:30,90,Indoor 4,45.0,frei,2
2026-05-20T00:59:01,2026-05-22,11:00,60,Indoor 4,30.0,frei,2
2026-05-20T00:59:01,2026-05-22,11:00,120,Indoor 4,60.0,frei,2
2026-05-20T00:59:01,2026-05-22,11:30,90,Indoor 4,45.0,frei,2
2026-05-20T00:59:01,2026-05-22,12:00,60,Indoor 4,30.0,frei,2
2026-05-20T00:59:01,2026-05-22,14:00,60,Indoor 4,30.0,frei,2
2026-05-20T00:59:01,2026-05-22,12:00,60,Single Indoor,22.0,frei,2
2026-05-20T00:59:01,2026-05-22,14:00,60,Single Indoor,22.0,frei,2
2026-05-20T00:59:01,2026-05-22,21:30,60,Single Indoor,30.0,frei,2
2026-05-20T00:59:01,2026-05-23,08:00,60,Indoor 1,42.0,frei,3
2026-05-20T00:59:01,2026-05-23,23:00,60,Indoor 1,30.0,frei,3
2026-05-20T00:59:01,2026-05-23,08:00,60,Outdoor 1,36.0,frei,3
2026-05-20T00:59:01,2026-05-23,08:00,60,Indoor 3,42.0,frei,3
2026-05-20T00:59:01,2026-05-23,23:00,60,Indoor 3,30.0,frei,3
2026-05-20T00:59:01,2026-05-23,08:00,60,Indoor 2,42.0,frei,3
2026-05-20T00:59:01,2026-05-23,23:00,60,Indoor 2,30.0,frei,3
2026-05-20T00:59:01,2026-05-23,08:00,60,Indoor 4,42.0,frei,3
2026-05-20T00:59:01,2026-05-23,23:00,60,Indoor 4,30.0,frei,3
2026-05-20T00:59:01,2026-05-23,22:30,90,Single Indoor,45.0,frei,3
2026-05-20T00:59:01,2026-05-24,08:00,60,Indoor 1,42.0,frei,4
2026-05-20T00:59:01,2026-05-24,08:00,60,Outdoor 1,36.0,frei,4
2026-05-20T00:59:01,2026-05-24,08:00,60,Indoor 3,42.0,frei,4
2026-05-20T00:59:01,2026-05-24,08:00,60,Outdoor 3,36.0,frei,4
2026-05-20T00:59:01,2026-05-24,08:00,60,Outdoor 2,36.0,frei,4
2026-05-20T00:59:01,2026-05-24,08:00,60,Outdoor 4,36.0,frei,4
2026-05-20T00:59:01,2026-05-24,08:00,60,Indoor 4,42.0,frei,4
2026-05-20T00:59:01,2026-05-24,22:00,60,Indoor 4,36.0,frei,4
2026-05-20T00:59:01,2026-05-24,22:00,120,Indoor 4,66.0,frei,4
2026-05-20T00:59:01,2026-05-24,23:00,60,Indoor 4,30.0,frei,4
2026-05-20T00:59:01,2026-05-24,20:30,60,Single Indoor,30.0,frei,4
2026-05-20T00:59:01,2026-05-24,20:30,90,Single Indoor,45.0,frei,4
2026-05-20T00:59:01,2026-05-24,20:30,120,Single Indoor,60.0,frei,4
2026-05-20T00:59:01,2026-05-24,21:30,60,Single Indoor,30.0,frei,4
2026-05-20T00:59:01,2026-05-24,21:30,90,Single Indoor,45.0,frei,4
2026-05-20T00:59:01,2026-05-24,22:00,60,Single Indoor,30.0,frei,4
2026-05-20T00:59:01,2026-05-24,22:00,120,Single Indoor,60.0,frei,4
2026-05-20T00:59:01,2026-05-24,22:30,90,Single Indoor,45.0,frei,4
2026-05-20T00:59:01,2026-05-24,23:00,60,Single Indoor,30.0,frei,4
2026-05-20T00:59:01,2026-05-25,08:00,90,Indoor 1,63.0,frei,5
2026-05-20T00:59:01,2026-05-25,23:00,60,Indoor 1,42.0,frei,5
2026-05-20T00:59:01,2026-05-25,08:00,60,Indoor 3,42.0,frei,5
2026-05-20T00:59:01,2026-05-25,08:00,120,Indoor 3,84.0,frei,5
2026-05-20T00:59:01,2026-05-25,09:00,60,Indoor 3,42.0,frei,5
2026-05-20T00:59:01,2026-05-25,22:00,60,Indoor 3,42.0,frei,5
2026-05-20T00:59:01,2026-05-25,22:00,120,Indoor 3,84.0,frei,5
2026-05-20T00:59:01,2026-05-25,23:00,60,Indoor 3,42.0,frei,5
2026-05-20T00:59:01,2026-05-25,08:00,60,Outdoor 2,36.0,frei,5
2026-05-20T00:59:01,2026-05-25,08:00,60,Outdoor 4,36.0,frei,5
2026-05-20T00:59:01,2026-05-25,23:00,60,Indoor 2,42.0,frei,5
2026-05-20T00:59:01,2026-05-25,08:00,60,Indoor 4,42.0,frei,5
2026-05-20T00:59:01,2026-05-25,08:00,120,Indoor 4,84.0,frei,5
2026-05-20T00:59:01,2026-05-25,09:00,60,Indoor 4,42.0,frei,5
2026-05-20T00:59:01,2026-05-25,22:30,90,Indoor 4,63.0,frei,5
2026-05-20T00:59:01,2026-05-25,08:00,60,Single Indoor,30.0,frei,5
2026-05-20T00:59:01,2026-05-25,21:30,60,Single Indoor,30.0,frei,5
2026-05-20T00:59:01,2026-05-25,21:30,90,Single Indoor,45.0,frei,5
2026-05-20T00:59:01,2026-05-25,22:30,90,Single Indoor,45.0,frei,5
2026-05-20T00:59:01,2026-05-25,23:00,60,Single Indoor,30.0,frei,5
2026-05-20T00:59:01,2026-05-25,08:00,60,Outdoor 3,36.0,frei,5
2026-05-20T00:59:01,2026-05-26,08:00,60,Outdoor 1,24.0,frei,6
2026-05-20T00:59:01,2026-05-26,08:00,120,Outdoor 1,48.0,frei,6
2026-05-20T00:59:01,2026-05-26,08:30,90,Outdoor 1,36.0,frei,6
2026-05-20T00:59:01,2026-05-26,09:00,60,Outdoor 1,24.0,frei,6
2026-05-20T00:59:01,2026-05-26,13:30,60,Outdoor 1,24.0,frei,6
2026-05-20T00:59:01,2026-05-26,13:30,90,Outdoor 1,36.0,frei,6
2026-05-20T00:59:01,2026-05-26,13:30,120,Outdoor 1,48.0,frei,6
2026-05-20T00:59:01,2026-05-26,13:30,150,Outdoor 1,60.0,frei,6
2026-05-20T00:59:01,2026-05-26,14:30,60,Outdoor 1,24.0,frei,6
2026-05-20T00:59:01,2026-05-26,14:30,90,Outdoor 1,36.0,frei,6
2026-05-20T00:59:01,2026-05-26,14:30,150,Outdoor 1,72.0,frei,6
2026-05-20T00:59:01,2026-05-26,15:00,60,Outdoor 1,24.0,frei,6
2026-05-20T00:59:01,2026-05-26,15:00,120,Outdoor 1,60.0,frei,6
2026-05-20T00:59:01,2026-05-26,15:30,90,Outdoor 1,48.0,frei,6
2026-05-20T00:59:01,2026-05-26,16:00,60,Outdoor 1,36.0,frei,6
2026-05-20T00:59:01,2026-05-26,08:00,60,Indoor 4,30.0,frei,6
2026-05-20T00:59:01,2026-05-26,08:00,90,Indoor 4,45.0,frei,6
2026-05-20T00:59:01,2026-05-26,08:00,120,Indoor 4,60.0,frei,6
2026-05-20T00:59:01,2026-05-26,09:00,60,Indoor 4,30.0,frei,6
2026-05-20T00:59:01,2026-05-26,09:00,90,Indoor 4,45.0,frei,6
2026-05-20T00:59:01,2026-05-26,09:00,120,Indoor 4,60.0,frei,6
2026-05-20T00:59:01,2026-05-26,09:30,60,Indoor 4,30.0,frei,6
2026-05-20T00:59:01,2026-05-26,09:30,90,Indoor 4,45.0,frei,6
2026-05-20T00:59:01,2026-05-26,09:30,120,Indoor 4,60.0,frei,6
2026-05-20T00:59:01,2026-05-26,10:00,60,Indoor 4,30.0,frei,6
2026-05-20T00:59:01,2026-05-26,10:00,90,Indoor 4,45.0,frei,6
2026-05-20T00:59:01,2026-05-26,10:00,120,Indoor 4,60.0,frei,6
2026-05-20T00:59:01,2026-05-26,10:30,60,Indoor 4,30.0,frei,6
2026-05-20T00:59:01,2026-05-26,10:30,90,Indoor 4,45.0,frei,6
2026-05-20T00:59:01,2026-05-26,10:30,120,Indoor 4,60.0,frei,6
2026-05-20T00:59:01,2026-05-26,11:00,60,Indoor 4,30.0,frei,6
2026-05-20T00:59:01,2026-05-26,11:00,90,Indoor 4,45.0,frei,6
2026-05-20T00:59:01,2026-05-26,11:00,120,Indoor 4,60.0,frei,6
2026-05-20T00:59:01,2026-05-26,11:30,60,Indoor 4,30.0,frei,6
2026-05-20T00:59:01,2026-05-26,11:30,90,Indoor 4,45.0,frei,6
2026-05-20T00:59:01,2026-05-26,11:30,120,Indoor 4,60.0,frei,6
2026-05-20T00:59:01,2026-05-26,12:00,60,Indoor 4,30.0,frei,6
2026-05-20T00:59:01,2026-05-26,12:00,90,Indoor 4,45.0,frei,6
2026-05-20T00:59:01,2026-05-26,12:00,120,Indoor 4,60.0,frei,6
2026-05-20T00:59:01,2026-05-26,12:30,60,Indoor 4,30.0,frei,6
2026-05-20T00:59:01,2026-05-26,12:30,90,Indoor 4,45.0,frei,6
2026-05-20T00:59:01,2026-05-26,12:30,120,Indoor 4,60.0,frei,6
2026-05-20T00:59:01,2026-05-26,13:00,60,Indoor 4,30.0,frei,6
2026-05-20T00:59:01,2026-05-26,13:00,90,Indoor 4,45.0,frei,6
2026-05-20T00:59:01,2026-05-26,13:00,120,Indoor 4,60.0,frei,6
2026-05-20T00:59:01,2026-05-26,13:30,60,Indoor 4,30.0,frei,6
2026-05-20T00:59:01,2026-05-26,13:30,90,Indoor 4,45.0,frei,6
2026-05-20T00:59:01,2026-05-26,14:00,60,Indoor 4,30.0,frei,6
2026-05-20T00:59:01,2026-05-26,14:00,120,Indoor 4,60.0,frei,6
2026-05-20T00:59:01,2026-05-26,14:30,90,Indoor 4,45.0,frei,6
2026-05-20T00:59:01,2026-05-26,15:00,60,Indoor 4,30.0,frei,6
2026-05-20T00:59:01,2026-05-26,08:00,90,Single Indoor,33.0,frei,6
2026-05-20T00:59:01,2026-05-26,11:00,60,Single Indoor,22.0,frei,6
2026-05-20T00:59:01,2026-05-26,11:00,90,Single Indoor,33.0,frei,6
2026-05-20T00:59:01,2026-05-26,11:00,120,Single Indoor,44.0,frei,6
2026-05-20T00:59:01,2026-05-26,12:00,60,Single Indoor,22.0,frei,6
2026-05-20T00:59:01,2026-05-26,12:00,90,Single Indoor,33.0,frei,6
2026-05-20T00:59:01,2026-05-26,12:00,120,Single Indoor,44.0,frei,6
2026-05-20T00:59:01,2026-05-26,12:30,60,Single Indoor,22.0,frei,6
2026-05-20T00:59:01,2026-05-26,12:30,90,Single Indoor,33.0,frei,6
2026-05-20T00:59:01,2026-05-26,12:30,120,Single Indoor,44.0,frei,6
2026-05-20T00:59:01,2026-05-26,13:00,60,Single Indoor,22.0,frei,6
2026-05-20T00:59:01,2026-05-26,13:00,90,Single Indoor,33.0,frei,6
2026-05-20T00:59:01,2026-05-26,13:00,120,Single Indoor,44.0,frei,6
2026-05-20T00:59:01,2026-05-26,13:30,60,Single Indoor,22.0,frei,6
2026-05-20T00:59:01,2026-05-26,13:30,90,Single Indoor,33.0,frei,6
2026-05-20T00:59:01,2026-05-26,14:00,60,Single Indoor,22.0,frei,6
2026-05-20T00:59:01,2026-05-26,14:00,120,Single Indoor,44.0,frei,6
2026-05-20T00:59:01,2026-05-26,14:30,90,Single Indoor,33.0,frei,6
2026-05-20T00:59:01,2026-05-26,15:00,60,Single Indoor,22.0,frei,6
2026-05-20T00:59:01,2026-05-26,17:00,60,Single Indoor,30.0,frei,6
2026-05-20T00:59:01,2026-05-26,22:30,90,Single Indoor,33.0,frei,6
2026-05-20T00:59:01,2026-05-26,08:00,60,Indoor 1,30.0,frei,6
2026-05-20T00:59:01,2026-05-26,08:00,90,Indoor 1,45.0,frei,6
2026-05-20T00:59:01,2026-05-26,09:00,90,Indoor 1,45.0,frei,6
2026-05-20T00:59:01,2026-05-26,09:30,60,Indoor 1,30.0,frei,6
2026-05-20T00:59:01,2026-05-26,12:00,60,Indoor 1,30.0,frei,6
2026-05-20T00:59:01,2026-05-26,12:00,90,Indoor 1,45.0,frei,6
2026-05-20T00:59:01,2026-05-26,12:00,120,Indoor 1,60.0,frei,6
2026-05-20T00:59:01,2026-05-26,13:00,60,Indoor 1,30.0,frei,6
2026-05-20T00:59:01,2026-05-26,13:00,90,Indoor 1,45.0,frei,6
2026-05-20T00:59:01,2026-05-26,13:00,120,Indoor 1,60.0,frei,6
2026-05-20T00:59:01,2026-05-26,13:30,60,Indoor 1,30.0,frei,6
2026-05-20T00:59:01,2026-05-26,13:30,90,Indoor 1,45.0,frei,6
2026-05-20T00:59:01,2026-05-26,14:00,60,Indoor 1,30.0,frei,6
2026-05-20T00:59:01,2026-05-26,14:00,120,Indoor 1,60.0,frei,6
2026-05-20T00:59:01,2026-05-26,14:30,90,Indoor 1,45.0,frei,6
2026-05-20T00:59:01,2026-05-26,15:00,60,Indoor 1,30.0,frei,6
2026-05-20T00:59:01,2026-05-26,08:00,60,Indoor 3,30.0,frei,6
2026-05-20T00:59:01,2026-05-26,08:00,90,Indoor 3,45.0,frei,6
2026-05-20T00:59:01,2026-05-26,08:00,120,Indoor 3,60.0,frei,6
2026-05-20T00:59:01,2026-05-26,09:00,60,Indoor 3,30.0,frei,6
2026-05-20T00:59:01,2026-05-26,09:00,90,Indoor 3,45.0,frei,6
2026-05-20T00:59:01,2026-05-26,09:00,120,Indoor 3,60.0,frei,6
2026-05-20T00:59:01,2026-05-26,09:30,60,Indoor 3,30.0,frei,6
2026-05-20T00:59:01,2026-05-26,09:30,90,Indoor 3,45.0,frei,6
2026-05-20T00:59:01,2026-05-26,09:30,120,Indoor 3,60.0,frei,6
2026-05-20T00:59:01,2026-05-26,10:00,60,Indoor 3,30.0,frei,6
2026-05-20T00:59:01,2026-05-26,10:00,90,Indoor 3,45.0,frei,6
2026-05-20T00:59:01,2026-05-26,10:00,120,Indoor 3,60.0,frei,6
2026-05-20T00:59:01,2026-05-26,10:30,60,Indoor 3,30.0,frei,6
2026-05-20T00:59:01,2026-05-26,10:30,90,Indoor 3,45.0,frei,6
2026-05-20T00:59:01,2026-05-26,10:30,120,Indoor 3,60.0,frei,6
2026-05-20T00:59:01,2026-05-26,11:00,60,Indoor 3,30.0,frei,6
2026-05-20T00:59:01,2026-05-26,11:00,90,Indoor 3,45.0,frei,6
2026-05-20T00:59:01,2026-05-26,11:00,120,Indoor 3,60.0,frei,6
2026-05-20T00:59:01,2026-05-26,11:30,60,Indoor 3,30.0,frei,6
2026-05-20T00:59:01,2026-05-26,11:30,90,Indoor 3,45.0,frei,6
2026-05-20T00:59:01,2026-05-26,11:30,120,Indoor 3,60.0,frei,6
2026-05-20T00:59:01,2026-05-26,12:00,60,Indoor 3,30.0,frei,6
2026-05-20T00:59:01,2026-05-26,12:00,90,Indoor 3,45.0,frei,6
2026-05-20T00:59:01,2026-05-26,12:00,120,Indoor 3,60.0,frei,6
2026-05-20T00:59:01,2026-05-26,12:30,60,Indoor 3,30.0,frei,6
2026-05-20T00:59:01,2026-05-26,12:30,90,Indoor 3,45.0,frei,6
2026-05-20T00:59:01,2026-05-26,12:30,120,Indoor 3,60.0,frei,6
2026-05-20T00:59:01,2026-05-26,13:00,60,Indoor 3,30.0,frei,6
2026-05-20T00:59:01,2026-05-26,13:00,90,Indoor 3,45.0,frei,6
2026-05-20T00:59:01,2026-05-26,13:00,120,Indoor 3,60.0,frei,6
2026-05-20T00:59:01,2026-05-26,13:30,60,Indoor 3,30.0,frei,6
2026-05-20T00:59:01,2026-05-26,13:30,90,Indoor 3,45.0,frei,6
2026-05-20T00:59:01,2026-05-26,13:30,120,Indoor 3,60.0,frei,6
2026-05-20T00:59:01,2026-05-26,14:00,60,Indoor 3,30.0,frei,6
2026-05-20T00:59:01,2026-05-26,14:00,90,Indoor 3,45.0,frei,6
2026-05-20T00:59:01,2026-05-26,14:30,60,Indoor 3,30.0,frei,6
2026-05-20T00:59:01,2026-05-26,14:30,120,Indoor 3,66.0,frei,6
2026-05-20T00:59:01,2026-05-26,15:00,90,Indoor 3,51.0,frei,6
2026-05-20T00:59:01,2026-05-26,15:30,60,Indoor 3,36.0,frei,6
2026-05-20T00:59:01,2026-05-26,08:00,60,Outdoor 3,24.0,frei,6
2026-05-20T00:59:01,2026-05-26,08:00,90,Outdoor 3,36.0,frei,6
2026-05-20T00:59:01,2026-05-26,08:00,120,Outdoor 3,48.0,frei,6
2026-05-20T00:59:01,2026-05-26,08:00,150,Outdoor 3,60.0,frei,6
2026-05-20T00:59:01,2026-05-26,08:30,60,Outdoor 3,24.0,frei,6
2026-05-20T00:59:01,2026-05-26,08:30,90,Outdoor 3,36.0,frei,6
2026-05-20T00:59:01,2026-05-26,08:30,120,Outdoor 3,48.0,frei,6
2026-05-20T00:59:01,2026-05-26,09:00,60,Outdoor 3,24.0,frei,6
2026-05-20T00:59:01,2026-05-26,09:00,90,Outdoor 3,36.0,frei,6
2026-05-20T00:59:01,2026-05-26,09:00,150,Outdoor 3,60.0,frei,6
2026-05-20T00:59:01,2026-05-26,09:30,60,Outdoor 3,24.0,frei,6
2026-05-20T00:59:01,2026-05-26,09:30,120,Outdoor 3,48.0,frei,6
2026-05-20T00:59:01,2026-05-26,10:00,90,Outdoor 3,36.0,frei,6
2026-05-20T00:59:01,2026-05-26,10:30,60,Outdoor 3,24.0,frei,6
2026-05-20T00:59:01,2026-05-26,13:00,60,Outdoor 3,24.0,frei,6
2026-05-20T00:59:01,2026-05-26,13:00,90,Outdoor 3,36.0,frei,6
2026-05-20T00:59:01,2026-05-26,13:00,120,Outdoor 3,48.0,frei,6
2026-05-20T00:59:01,2026-05-26,13:00,150,Outdoor 3,60.0,frei,6
2026-05-20T00:59:01,2026-05-26,14:00,60,Outdoor 3,24.0,frei,6
2026-05-20T00:59:01,2026-05-26,14:00,90,Outdoor 3,36.0,frei,6
2026-05-20T00:59:01,2026-05-26,14:00,120,Outdoor 3,48.0,frei,6
2026-05-20T00:59:01,2026-05-26,14:30,60,Outdoor 3,24.0,frei,6
2026-05-20T00:59:01,2026-05-26,14:30,90,Outdoor 3,36.0,frei,6
2026-05-20T00:59:01,2026-05-26,14:30,150,Outdoor 3,72.0,frei,6
2026-05-20T00:59:01,2026-05-26,15:00,60,Outdoor 3,24.0,frei,6
2026-05-20T00:59:01,2026-05-26,15:00,120,Outdoor 3,60.0,frei,6
2026-05-20T00:59:01,2026-05-26,15:30,90,Outdoor 3,48.0,frei,6
2026-05-20T00:59:01,2026-05-26,16:00,60,Outdoor 3,36.0,frei,6
2026-05-20T00:59:01,2026-05-26,08:00,60,Outdoor 2,24.0,frei,6
2026-05-20T00:59:01,2026-05-26,08:00,90,Outdoor 2,36.0,frei,6
2026-05-20T00:59:01,2026-05-26,08:00,120,Outdoor 2,48.0,frei,6
2026-05-20T00:59:01,2026-05-26,08:30,60,Outdoor 2,24.0,frei,6
2026-05-20T00:59:01,2026-05-26,08:30,90,Outdoor 2,36.0,frei,6
2026-05-20T00:59:01,2026-05-26,08:30,150,Outdoor 2,60.0,frei,6
2026-05-20T00:59:01,2026-05-26,09:00,60,Outdoor 2,24.0,frei,6
2026-05-20T00:59:01,2026-05-26,09:00,120,Outdoor 2,48.0,frei,6
2026-05-20T00:59:01,2026-05-26,09:30,90,Outdoor 2,36.0,frei,6
2026-05-20T00:59:01,2026-05-26,10:00,60,Outdoor 2,24.0,frei,6
2026-05-20T00:59:01,2026-05-26,12:30,60,Outdoor 2,24.0,frei,6
2026-05-20T00:59:01,2026-05-26,12:30,90,Outdoor 2,36.0,frei,6
2026-05-20T00:59:01,2026-05-26,12:30,120,Outdoor 2,48.0,frei,6
2026-05-20T00:59:01,2026-05-26,12:30,150,Outdoor 2,60.0,frei,6
2026-05-20T00:59:01,2026-05-26,13:30,60,Outdoor 2,24.0,frei,6
2026-05-20T00:59:01,2026-05-26,13:30,90,Outdoor 2,36.0,frei,6
2026-05-20T00:59:01,2026-05-26,13:30,120,Outdoor 2,48.0,frei,6
2026-05-20T00:59:01,2026-05-26,14:00,60,Outdoor 2,24.0,frei,6
2026-05-20T00:59:01,2026-05-26,14:00,90,Outdoor 2,36.0,frei,6
2026-05-20T00:59:01,2026-05-26,14:00,150,Outdoor 2,66.0,frei,6
2026-05-20T00:59:01,2026-05-26,14:30,60,Outdoor 2,24.0,frei,6
2026-05-20T00:59:01,2026-05-26,14:30,120,Outdoor 2,54.0,frei,6
2026-05-20T00:59:01,2026-05-26,15:00,90,Outdoor 2,42.0,frei,6
2026-05-20T00:59:01,2026-05-26,15:30,60,Outdoor 2,30.0,frei,6
2026-05-20T00:59:01,2026-05-26,08:00,60,Outdoor 4,24.0,frei,6
2026-05-20T00:59:01,2026-05-26,08:00,120,Outdoor 4,48.0,frei,6
2026-05-20T00:59:01,2026-05-26,08:30,90,Outdoor 4,36.0,frei,6
2026-05-20T00:59:01,2026-05-26,09:00,60,Outdoor 4,24.0,frei,6
2026-05-20T00:59:01,2026-05-26,12:00,60,Outdoor 4,24.0,frei,6
2026-05-20T00:59:01,2026-05-26,12:00,90,Outdoor 4,36.0,frei,6
2026-05-20T00:59:01,2026-05-26,12:00,120,Outdoor 4,48.0,frei,6
2026-05-20T00:59:01,2026-05-26,12:00,150,Outdoor 4,60.0,frei,6
2026-05-20T00:59:01,2026-05-26,13:00,60,Outdoor 4,24.0,frei,6
2026-05-20T00:59:01,2026-05-26,13:00,90,Outdoor 4,36.0,frei,6
2026-05-20T00:59:01,2026-05-26,13:00,120,Outdoor 4,48.0,frei,6
2026-05-20T00:59:01,2026-05-26,13:00,150,Outdoor 4,60.0,frei,6
2026-05-20T00:59:01,2026-05-26,13:30,60,Outdoor 4,24.0,frei,6
2026-05-20T00:59:01,2026-05-26,13:30,90,Outdoor 4,36.0,frei,6
2026-05-20T00:59:01,2026-05-26,13:30,120,Outdoor 4,48.0,frei,6
2026-05-20T00:59:01,2026-05-26,13:30,150,Outdoor 4,60.0,frei,6
2026-05-20T00:59:01,2026-05-26,14:00,60,Outdoor 4,24.0,frei,6
2026-05-20T00:59:01,2026-05-26,14:00,90,Outdoor 4,36.0,frei,6
2026-05-20T00:59:01,2026-05-26,14:00,120,Outdoor 4,48.0,frei,6
2026-05-20T00:59:01,2026-05-26,14:00,150,Outdoor 4,66.0,frei,6
2026-05-20T00:59:01,2026-05-26,14:30,60,Outdoor 4,24.0,frei,6
2026-05-20T00:59:01,2026-05-26,14:30,90,Outdoor 4,36.0,frei,6
2026-05-20T00:59:01,2026-05-26,14:30,120,Outdoor 4,54.0,frei,6
2026-05-20T00:59:01,2026-05-26,15:00,60,Outdoor 4,24.0,frei,6
2026-05-20T00:59:01,2026-05-26,15:00,90,Outdoor 4,42.0,frei,6
2026-05-20T00:59:01,2026-05-26,15:00,150,Outdoor 4,78.0,frei,6
2026-05-20T00:59:01,2026-05-26,15:30,60,Outdoor 4,30.0,frei,6
2026-05-20T00:59:01,2026-05-26,15:30,120,Outdoor 4,66.0,frei,6
2026-05-20T00:59:01,2026-05-26,16:00,90,Outdoor 4,54.0,frei,6
2026-05-20T00:59:01,2026-05-26,16:30,60,Outdoor 4,36.0,frei,6
2026-05-20T00:59:01,2026-05-26,09:30,60,Indoor 2,30.0,frei,6
2026-05-20T00:59:01,2026-05-26,09:30,90,Indoor 2,45.0,frei,6
2026-05-20T00:59:01,2026-05-26,09:30,120,Indoor 2,60.0,frei,6
2026-05-20T00:59:01,2026-05-26,10:30,60,Indoor 2,30.0,frei,6
2026-05-20T00:59:01,2026-05-26,10:30,120,Indoor 2,60.0,frei,6
2026-05-20T00:59:01,2026-05-26,11:00,90,Indoor 2,45.0,frei,6
2026-05-20T00:59:01,2026-05-26,11:30,60,Indoor 2,30.0,frei,6
2026-05-20T00:59:01,2026-05-26,15:30,90,Indoor 2,57.0,frei,6
2026-05-20T00:59:01,2026-05-26,23:00,60,Indoor 2,30.0,frei,6
2026-05-20T00:59:01,2026-05-27,10:00,60,Outdoor 1,24.0,frei,7
2026-05-20T00:59:01,2026-05-27,10:00,90,Outdoor 1,36.0,frei,7
2026-05-20T00:59:01,2026-05-27,10:00,120,Outdoor 1,48.0,frei,7
2026-05-20T00:59:01,2026-05-27,10:00,150,Outdoor 1,60.0,frei,7
2026-05-20T00:59:01,2026-05-27,11:00,60,Outdoor 1,24.0,frei,7
2026-05-20T00:59:01,2026-05-27,11:00,90,Outdoor 1,36.0,frei,7
2026-05-20T00:59:01,2026-05-27,11:00,120,Outdoor 1,48.0,frei,7
2026-05-20T00:59:01,2026-05-27,11:00,150,Outdoor 1,60.0,frei,7
2026-05-20T00:59:01,2026-05-27,11:30,60,Outdoor 1,24.0,frei,7
2026-05-20T00:59:01,2026-05-27,11:30,90,Outdoor 1,36.0,frei,7
2026-05-20T00:59:01,2026-05-27,11:30,120,Outdoor 1,48.0,frei,7
2026-05-20T00:59:01,2026-05-27,11:30,150,Outdoor 1,60.0,frei,7
2026-05-20T00:59:01,2026-05-27,12:00,60,Outdoor 1,24.0,frei,7
2026-05-20T00:59:01,2026-05-27,12:00,90,Outdoor 1,36.0,frei,7
2026-05-20T00:59:01,2026-05-27,12:00,120,Outdoor 1,48.0,frei,7
2026-05-20T00:59:01,2026-05-27,12:00,150,Outdoor 1,60.0,frei,7
2026-05-20T00:59:01,2026-05-27,12:30,60,Outdoor 1,24.0,frei,7
2026-05-20T00:59:01,2026-05-27,12:30,90,Outdoor 1,36.0,frei,7
2026-05-20T00:59:01,2026-05-27,12:30,120,Outdoor 1,48.0,frei,7
2026-05-20T00:59:01,2026-05-27,12:30,150,Outdoor 1,60.0,frei,7
2026-05-20T00:59:01,2026-05-27,13:00,60,Outdoor 1,24.0,frei,7
2026-05-20T00:59:01,2026-05-27,13:00,90,Outdoor 1,36.0,frei,7
2026-05-20T00:59:01,2026-05-27,13:00,120,Outdoor 1,48.0,frei,7
2026-05-20T00:59:01,2026-05-27,13:00,150,Outdoor 1,60.0,frei,7
2026-05-20T00:59:01,2026-05-27,13:30,60,Outdoor 1,24.0,frei,7
2026-05-20T00:59:01,2026-05-27,13:30,90,Outdoor 1,36.0,frei,7
2026-05-20T00:59:01,2026-05-27,13:30,120,Outdoor 1,48.0,frei,7
2026-05-20T00:59:01,2026-05-27,13:30,150,Outdoor 1,60.0,frei,7
2026-05-20T00:59:01,2026-05-27,14:00,60,Outdoor 1,24.0,frei,7
2026-05-20T00:59:01,2026-05-27,14:00,90,Outdoor 1,36.0,frei,7
2026-05-20T00:59:01,2026-05-27,14:00,120,Outdoor 1,48.0,frei,7
2026-05-20T00:59:01,2026-05-27,14:30,60,Outdoor 1,24.0,frei,7
2026-05-20T00:59:01,2026-05-27,14:30,90,Outdoor 1,36.0,frei,7
2026-05-20T00:59:01,2026-05-27,14:30,150,Outdoor 1,72.0,frei,7
2026-05-20T00:59:01,2026-05-27,15:00,60,Outdoor 1,24.0,frei,7
2026-05-20T00:59:01,2026-05-27,15:00,120,Outdoor 1,60.0,frei,7
2026-05-20T00:59:01,2026-05-27,15:30,90,Outdoor 1,48.0,frei,7
2026-05-20T00:59:01,2026-05-27,16:00,60,Outdoor 1,36.0,frei,7
2026-05-20T00:59:01,2026-05-27,21:00,60,Outdoor 1,36.0,frei,7
2026-05-20T00:59:01,2026-05-27,08:00,60,Indoor 4,30.0,frei,7
2026-05-20T00:59:01,2026-05-27,08:00,90,Indoor 4,45.0,frei,7
2026-05-20T00:59:01,2026-05-27,08:00,120,Indoor 4,60.0,frei,7
2026-05-20T00:59:01,2026-05-27,09:00,60,Indoor 4,30.0,frei,7
2026-05-20T00:59:01,2026-05-27,09:00,90,Indoor 4,45.0,frei,7
2026-05-20T00:59:01,2026-05-27,09:00,120,Indoor 4,60.0,frei,7
2026-05-20T00:59:01,2026-05-27,09:30,60,Indoor 4,30.0,frei,7
2026-05-20T00:59:01,2026-05-27,09:30,90,Indoor 4,45.0,frei,7
2026-05-20T00:59:01,2026-05-27,09:30,120,Indoor 4,60.0,frei,7
2026-05-20T00:59:01,2026-05-27,10:00,60,Indoor 4,30.0,frei,7
2026-05-20T00:59:01,2026-05-27,10:00,90,Indoor 4,45.0,frei,7
2026-05-20T00:59:01,2026-05-27,10:00,120,Indoor 4,60.0,frei,7
2026-05-20T00:59:01,2026-05-27,10:30,60,Indoor 4,30.0,frei,7
2026-05-20T00:59:01,2026-05-27,10:30,90,Indoor 4,45.0,frei,7
2026-05-20T00:59:01,2026-05-27,10:30,120,Indoor 4,60.0,frei,7
2026-05-20T00:59:01,2026-05-27,11:00,60,Indoor 4,30.0,frei,7
2026-05-20T00:59:01,2026-05-27,11:00,90,Indoor 4,45.0,frei,7
2026-05-20T00:59:01,2026-05-27,11:00,120,Indoor 4,60.0,frei,7
2026-05-20T00:59:01,2026-05-27,11:30,60,Indoor 4,30.0,frei,7
2026-05-20T00:59:01,2026-05-27,11:30,90,Indoor 4,45.0,frei,7
2026-05-20T00:59:01,2026-05-27,11:30,120,Indoor 4,60.0,frei,7
2026-05-20T00:59:01,2026-05-27,12:00,60,Indoor 4,30.0,frei,7
2026-05-20T00:59:01,2026-05-27,12:00,90,Indoor 4,45.0,frei,7
2026-05-20T00:59:01,2026-05-27,12:00,120,Indoor 4,60.0,frei,7
2026-05-20T00:59:01,2026-05-27,12:30,60,Indoor 4,30.0,frei,7
2026-05-20T00:59:01,2026-05-27,12:30,90,Indoor 4,45.0,frei,7
2026-05-20T00:59:01,2026-05-27,12:30,120,Indoor 4,60.0,frei,7
2026-05-20T00:59:01,2026-05-27,13:00,60,Indoor 4,30.0,frei,7
2026-05-20T00:59:01,2026-05-27,13:00,90,Indoor 4,45.0,frei,7
2026-05-20T00:59:01,2026-05-27,13:00,120,Indoor 4,60.0,frei,7
2026-05-20T00:59:01,2026-05-27,13:30,60,Indoor 4,30.0,frei,7
2026-05-20T00:59:01,2026-05-27,13:30,90,Indoor 4,45.0,frei,7
2026-05-20T00:59:01,2026-05-27,13:30,120,Indoor 4,60.0,frei,7
2026-05-20T00:59:01,2026-05-27,14:00,60,Indoor 4,30.0,frei,7
2026-05-20T00:59:01,2026-05-27,14:00,90,Indoor 4,45.0,frei,7
2026-05-20T00:59:01,2026-05-27,14:00,120,Indoor 4,60.0,frei,7
2026-05-20T00:59:01,2026-05-27,14:30,60,Indoor 4,30.0,frei,7
2026-05-20T00:59:01,2026-05-27,14:30,90,Indoor 4,45.0,frei,7
2026-05-20T00:59:01,2026-05-27,14:30,120,Indoor 4,66.0,frei,7
2026-05-20T00:59:01,2026-05-27,15:00,60,Indoor 4,30.0,frei,7
2026-05-20T00:59:01,2026-05-27,15:00,90,Indoor 4,51.0,frei,7
2026-05-20T00:59:01,2026-05-27,15:00,120,Indoor 4,72.0,frei,7
2026-05-20T00:59:01,2026-05-27,15:30,60,Indoor 4,36.0,frei,7
2026-05-20T00:59:01,2026-05-27,15:30,90,Indoor 4,57.0,frei,7
2026-05-20T00:59:01,2026-05-27,16:00,60,Indoor 4,42.0,frei,7
2026-05-20T00:59:01,2026-05-27,16:00,120,Indoor 4,84.0,frei,7
2026-05-20T00:59:01,2026-05-27,16:30,90,Indoor 4,63.0,frei,7
2026-05-20T00:59:01,2026-05-27,17:00,60,Indoor 4,42.0,frei,7
2026-05-20T00:59:01,2026-05-27,22:00,60,Indoor 4,36.0,frei,7
2026-05-20T00:59:01,2026-05-27,22:00,120,Indoor 4,66.0,frei,7
2026-05-20T00:59:01,2026-05-27,23:00,60,Indoor 4,30.0,frei,7
2026-05-20T00:59:01,2026-05-27,08:00,60,Single Indoor,22.0,frei,7
2026-05-20T00:59:01,2026-05-27,10:00,60,Single Indoor,22.0,frei,7
2026-05-20T00:59:01,2026-05-27,10:00,90,Single Indoor,33.0,frei,7
2026-05-20T00:59:01,2026-05-27,11:00,90,Single Indoor,33.0,frei,7
2026-05-20T00:59:01,2026-05-27,11:30,60,Single Indoor,22.0,frei,7
2026-05-20T00:59:01,2026-05-27,14:00,90,Single Indoor,33.0,frei,7
2026-05-20T00:59:01,2026-05-27,22:00,60,Single Indoor,26.0,frei,7
2026-05-20T00:59:01,2026-05-27,22:00,120,Single Indoor,48.0,frei,7
2026-05-20T00:59:01,2026-05-27,23:00,60,Single Indoor,22.0,frei,7
2026-05-20T00:59:01,2026-05-27,08:00,60,Indoor 3,30.0,frei,7
2026-05-20T00:59:01,2026-05-27,08:00,90,Indoor 3,45.0,frei,7
2026-05-20T00:59:01,2026-05-27,08:00,120,Indoor 3,60.0,frei,7
2026-05-20T00:59:01,2026-05-27,09:00,60,Indoor 3,30.0,frei,7
2026-05-20T00:59:01,2026-05-27,09:00,90,Indoor 3,45.0,frei,7
2026-05-20T00:59:01,2026-05-27,09:00,120,Indoor 3,60.0,frei,7
2026-05-20T00:59:01,2026-05-27,09:30,60,Indoor 3,30.0,frei,7
2026-05-20T00:59:01,2026-05-27,09:30,90,Indoor 3,45.0,frei,7
2026-05-20T00:59:01,2026-05-27,09:30,120,Indoor 3,60.0,frei,7
2026-05-20T00:59:01,2026-05-27,10:00,60,Indoor 3,30.0,frei,7
2026-05-20T00:59:01,2026-05-27,10:00,90,Indoor 3,45.0,frei,7
2026-05-20T00:59:01,2026-05-27,10:00,120,Indoor 3,60.0,frei,7
2026-05-20T00:59:01,2026-05-27,10:30,60,Indoor 3,30.0,frei,7
2026-05-20T00:59:01,2026-05-27,10:30,90,Indoor 3,45.0,frei,7
2026-05-20T00:59:01,2026-05-27,10:30,120,Indoor 3,60.0,frei,7
2026-05-20T00:59:01,2026-05-27,11:00,60,Indoor 3,30.0,frei,7
2026-05-20T00:59:01,2026-05-27,11:00,90,Indoor 3,45.0,frei,7
2026-05-20T00:59:01,2026-05-27,11:00,120,Indoor 3,60.0,frei,7
2026-05-20T00:59:01,2026-05-27,11:30,60,Indoor 3,30.0,frei,7
2026-05-20T00:59:01,2026-05-27,11:30,90,Indoor 3,45.0,frei,7
2026-05-20T00:59:01,2026-05-27,11:30,120,Indoor 3,60.0,frei,7
2026-05-20T00:59:01,2026-05-27,12:00,60,Indoor 3,30.0,frei,7
2026-05-20T00:59:01,2026-05-27,12:00,90,Indoor 3,45.0,frei,7
2026-05-20T00:59:01,2026-05-27,12:00,120,Indoor 3,60.0,frei,7
2026-05-20T00:59:01,2026-05-27,12:30,60,Indoor 3,30.0,frei,7
2026-05-20T00:59:01,2026-05-27,12:30,90,Indoor 3,45.0,frei,7
2026-05-20T00:59:01,2026-05-27,12:30,120,Indoor 3,60.0,frei,7
2026-05-20T00:59:01,2026-05-27,13:00,60,Indoor 3,30.0,frei,7
2026-05-20T00:59:01,2026-05-27,13:00,90,Indoor 3,45.0,frei,7
2026-05-20T00:59:01,2026-05-27,13:00,120,Indoor 3,60.0,frei,7
2026-05-20T00:59:01,2026-05-27,13:30,60,Indoor 3,30.0,frei,7
2026-05-20T00:59:01,2026-05-27,13:30,90,Indoor 3,45.0,frei,7
2026-05-20T00:59:01,2026-05-27,13:30,120,Indoor 3,60.0,frei,7
2026-05-20T00:59:01,2026-05-27,14:00,60,Indoor 3,30.0,frei,7
2026-05-20T00:59:01,2026-05-27,14:00,90,Indoor 3,45.0,frei,7
2026-05-20T00:59:01,2026-05-27,14:30,60,Indoor 3,30.0,frei,7
2026-05-20T00:59:01,2026-05-27,14:30,120,Indoor 3,66.0,frei,7
2026-05-20T00:59:01,2026-05-27,15:00,90,Indoor 3,51.0,frei,7
2026-05-20T00:59:01,2026-05-27,15:30,60,Indoor 3,36.0,frei,7
2026-05-20T00:59:01,2026-05-27,22:00,60,Indoor 3,36.0,frei,7
2026-05-20T00:59:01,2026-05-27,22:00,120,Indoor 3,66.0,frei,7
2026-05-20T00:59:01,2026-05-27,23:00,60,Indoor 3,30.0,frei,7
2026-05-20T00:59:01,2026-05-27,08:00,90,Indoor 2,45.0,frei,7
2026-05-20T00:59:01,2026-05-27,11:00,60,Indoor 2,30.0,frei,7
2026-05-20T00:59:01,2026-05-27,11:00,90,Indoor 2,45.0,frei,7
2026-05-20T00:59:01,2026-05-27,11:00,120,Indoor 2,60.0,frei,7
2026-05-20T00:59:01,2026-05-27,12:00,60,Indoor 2,30.0,frei,7
2026-05-20T00:59:01,2026-05-27,12:00,90,Indoor 2,45.0,frei,7
2026-05-20T00:59:01,2026-05-27,12:00,120,Indoor 2,60.0,frei,7
2026-05-20T00:59:01,2026-05-27,12:30,60,Indoor 2,30.0,frei,7
2026-05-20T00:59:01,2026-05-27,12:30,90,Indoor 2,45.0,frei,7
2026-05-20T00:59:01,2026-05-27,13:00,60,Indoor 2,30.0,frei,7
2026-05-20T00:59:01,2026-05-27,13:00,120,Indoor 2,60.0,frei,7
2026-05-20T00:59:01,2026-05-27,13:30,90,Indoor 2,45.0,frei,7
2026-05-20T00:59:01,2026-05-27,14:00,60,Indoor 2,30.0,frei,7
2026-05-20T00:59:01,2026-05-27,16:30,60,Indoor 2,42.0,frei,7
2026-05-20T00:59:01,2026-05-27,22:00,60,Indoor 2,36.0,frei,7
2026-05-20T00:59:01,2026-05-27,22:00,120,Indoor 2,66.0,frei,7
2026-05-20T00:59:01,2026-05-27,23:00,60,Indoor 2,30.0,frei,7
2026-05-20T00:59:01,2026-05-27,08:00,60,Outdoor 2,24.0,frei,7
2026-05-20T00:59:01,2026-05-27,08:00,90,Outdoor 2,36.0,frei,7
2026-05-20T00:59:01,2026-05-27,08:00,120,Outdoor 2,48.0,frei,7
2026-05-20T00:59:01,2026-05-27,08:00,150,Outdoor 2,60.0,frei,7
2026-05-20T00:59:01,2026-05-27,08:30,60,Outdoor 2,24.0,frei,7
2026-05-20T00:59:01,2026-05-27,08:30,90,Outdoor 2,36.0,frei,7
2026-05-20T00:59:01,2026-05-27,08:30,120,Outdoor 2,48.0,frei,7
2026-05-20T00:59:01,2026-05-27,08:30,150,Outdoor 2,60.0,frei,7
2026-05-20T00:59:01,2026-05-27,09:00,60,Outdoor 2,24.0,frei,7
2026-05-20T00:59:01,2026-05-27,09:00,90,Outdoor 2,36.0,frei,7
2026-05-20T00:59:01,2026-05-27,09:00,120,Outdoor 2,48.0,frei,7
2026-05-20T00:59:01,2026-05-27,09:00,150,Outdoor 2,60.0,frei,7
2026-05-20T00:59:01,2026-05-27,09:30,60,Outdoor 2,24.0,frei,7
2026-05-20T00:59:01,2026-05-27,09:30,90,Outdoor 2,36.0,frei,7
2026-05-20T00:59:01,2026-05-27,09:30,120,Outdoor 2,48.0,frei,7
2026-05-20T00:59:01,2026-05-27,09:30,150,Outdoor 2,60.0,frei,7
2026-05-20T00:59:01,2026-05-27,10:00,60,Outdoor 2,24.0,frei,7
2026-05-20T00:59:01,2026-05-27,10:00,90,Outdoor 2,36.0,frei,7
2026-05-20T00:59:01,2026-05-27,10:00,120,Outdoor 2,48.0,frei,7
2026-05-20T00:59:01,2026-05-27,10:00,150,Outdoor 2,60.0,frei,7
2026-05-20T00:59:01,2026-05-27,10:30,60,Outdoor 2,24.0,frei,7
2026-05-20T00:59:01,2026-05-27,10:30,90,Outdoor 2,36.0,frei,7
2026-05-20T00:59:01,2026-05-27,10:30,120,Outdoor 2,48.0,frei,7
2026-05-20T00:59:01,2026-05-27,10:30,150,Outdoor 2,60.0,frei,7
2026-05-20T00:59:01,2026-05-27,11:00,60,Outdoor 2,24.0,frei,7
2026-05-20T00:59:01,2026-05-27,11:00,90,Outdoor 2,36.0,frei,7
2026-05-20T00:59:01,2026-05-27,11:00,120,Outdoor 2,48.0,frei,7
2026-05-20T00:59:01,2026-05-27,11:00,150,Outdoor 2,60.0,frei,7
2026-05-20T00:59:01,2026-05-27,11:30,60,Outdoor 2,24.0,frei,7
2026-05-20T00:59:01,2026-05-27,11:30,90,Outdoor 2,36.0,frei,7
2026-05-20T00:59:01,2026-05-27,11:30,120,Outdoor 2,48.0,frei,7
2026-05-20T00:59:01,2026-05-27,11:30,150,Outdoor 2,60.0,frei,7
2026-05-20T00:59:01,2026-05-27,12:00,60,Outdoor 2,24.0,frei,7
2026-05-20T00:59:01,2026-05-27,12:00,90,Outdoor 2,36.0,frei,7
2026-05-20T00:59:01,2026-05-27,12:00,120,Outdoor 2,48.0,frei,7
2026-05-20T00:59:01,2026-05-27,12:00,150,Outdoor 2,60.0,frei,7
2026-05-20T00:59:01,2026-05-27,12:30,60,Outdoor 2,24.0,frei,7
2026-05-20T00:59:01,2026-05-27,12:30,90,Outdoor 2,36.0,frei,7
2026-05-20T00:59:01,2026-05-27,12:30,120,Outdoor 2,48.0,frei,7
2026-05-20T00:59:01,2026-05-27,12:30,150,Outdoor 2,60.0,frei,7
2026-05-20T00:59:01,2026-05-27,13:00,60,Outdoor 2,24.0,frei,7
2026-05-20T00:59:01,2026-05-27,13:00,90,Outdoor 2,36.0,frei,7
2026-05-20T00:59:01,2026-05-27,13:00,120,Outdoor 2,48.0,frei,7
2026-05-20T00:59:01,2026-05-27,13:00,150,Outdoor 2,60.0,frei,7
2026-05-20T00:59:01,2026-05-27,13:30,60,Outdoor 2,24.0,frei,7
2026-05-20T00:59:01,2026-05-27,13:30,90,Outdoor 2,36.0,frei,7
2026-05-20T00:59:01,2026-05-27,13:30,120,Outdoor 2,48.0,frei,7
2026-05-20T00:59:01,2026-05-27,13:30,150,Outdoor 2,60.0,frei,7
2026-05-20T00:59:01,2026-05-27,14:00,60,Outdoor 2,24.0,frei,7
2026-05-20T00:59:01,2026-05-27,14:00,90,Outdoor 2,36.0,frei,7
2026-05-20T00:59:01,2026-05-27,14:00,120,Outdoor 2,48.0,frei,7
2026-05-20T00:59:01,2026-05-27,14:30,60,Outdoor 2,24.0,frei,7
2026-05-20T00:59:01,2026-05-27,14:30,90,Outdoor 2,36.0,frei,7
2026-05-20T00:59:01,2026-05-27,14:30,150,Outdoor 2,72.0,frei,7
2026-05-20T00:59:01,2026-05-27,15:00,60,Outdoor 2,24.0,frei,7
2026-05-20T00:59:01,2026-05-27,15:00,120,Outdoor 2,60.0,frei,7
2026-05-20T00:59:01,2026-05-27,15:30,90,Outdoor 2,48.0,frei,7
2026-05-20T00:59:01,2026-05-27,16:00,60,Outdoor 2,36.0,frei,7
2026-05-20T00:59:01,2026-05-27,21:00,60,Outdoor 2,36.0,frei,7
2026-05-20T00:59:01,2026-05-27,08:00,60,Outdoor 4,24.0,frei,7
2026-05-20T00:59:01,2026-05-27,08:00,90,Outdoor 4,36.0,frei,7
2026-05-20T00:59:01,2026-05-27,08:00,120,Outdoor 4,48.0,frei,7
2026-05-20T00:59:01,2026-05-27,08:00,150,Outdoor 4,60.0,frei,7
2026-05-20T00:59:01,2026-05-27,08:30,60,Outdoor 4,24.0,frei,7
2026-05-20T00:59:01,2026-05-27,08:30,90,Outdoor 4,36.0,frei,7
2026-05-20T00:59:01,2026-05-27,08:30,120,Outdoor 4,48.0,frei,7
2026-05-20T00:59:01,2026-05-27,08:30,150,Outdoor 4,60.0,frei,7
2026-05-20T00:59:01,2026-05-27,09:00,60,Outdoor 4,24.0,frei,7
2026-05-20T00:59:01,2026-05-27,09:00,90,Outdoor 4,36.0,frei,7
2026-05-20T00:59:01,2026-05-27,09:00,120,Outdoor 4,48.0,frei,7
2026-05-20T00:59:01,2026-05-27,09:00,150,Outdoor 4,60.0,frei,7
2026-05-20T00:59:01,2026-05-27,09:30,60,Outdoor 4,24.0,frei,7
2026-05-20T00:59:01,2026-05-27,09:30,90,Outdoor 4,36.0,frei,7
2026-05-20T00:59:01,2026-05-27,09:30,120,Outdoor 4,48.0,frei,7
2026-05-20T00:59:01,2026-05-27,09:30,150,Outdoor 4,60.0,frei,7
2026-05-20T00:59:01,2026-05-27,10:00,60,Outdoor 4,24.0,frei,7
2026-05-20T00:59:01,2026-05-27,10:00,90,Outdoor 4,36.0,frei,7
2026-05-20T00:59:01,2026-05-27,10:00,120,Outdoor 4,48.0,frei,7
2026-05-20T00:59:01,2026-05-27,10:00,150,Outdoor 4,60.0,frei,7
2026-05-20T00:59:01,2026-05-27,10:30,60,Outdoor 4,24.0,frei,7
2026-05-20T00:59:01,2026-05-27,10:30,90,Outdoor 4,36.0,frei,7
2026-05-20T00:59:01,2026-05-27,10:30,120,Outdoor 4,48.0,frei,7
2026-05-20T00:59:01,2026-05-27,10:30,150,Outdoor 4,60.0,frei,7
2026-05-20T00:59:01,2026-05-27,11:00,60,Outdoor 4,24.0,frei,7
2026-05-20T00:59:01,2026-05-27,11:00,90,Outdoor 4,36.0,frei,7
2026-05-20T00:59:01,2026-05-27,11:00,120,Outdoor 4,48.0,frei,7
2026-05-20T00:59:01,2026-05-27,11:00,150,Outdoor 4,60.0,frei,7
2026-05-20T00:59:01,2026-05-27,11:30,60,Outdoor 4,24.0,frei,7
2026-05-20T00:59:01,2026-05-27,11:30,90,Outdoor 4,36.0,frei,7
2026-05-20T00:59:01,2026-05-27,11:30,120,Outdoor 4,48.0,frei,7
2026-05-20T00:59:01,2026-05-27,11:30,150,Outdoor 4,60.0,frei,7
2026-05-20T00:59:01,2026-05-27,12:00,60,Outdoor 4,24.0,frei,7
2026-05-20T00:59:01,2026-05-27,12:00,90,Outdoor 4,36.0,frei,7
2026-05-20T00:59:01,2026-05-27,12:00,120,Outdoor 4,48.0,frei,7
2026-05-20T00:59:01,2026-05-27,12:00,150,Outdoor 4,60.0,frei,7
2026-05-20T00:59:01,2026-05-27,12:30,60,Outdoor 4,24.0,frei,7
2026-05-20T00:59:01,2026-05-27,12:30,90,Outdoor 4,36.0,frei,7
2026-05-20T00:59:01,2026-05-27,12:30,120,Outdoor 4,48.0,frei,7
2026-05-20T00:59:01,2026-05-27,12:30,150,Outdoor 4,60.0,frei,7
2026-05-20T00:59:01,2026-05-27,13:00,60,Outdoor 4,24.0,frei,7
2026-05-20T00:59:01,2026-05-27,13:00,90,Outdoor 4,36.0,frei,7
2026-05-20T00:59:01,2026-05-27,13:00,120,Outdoor 4,48.0,frei,7
2026-05-20T00:59:01,2026-05-27,13:00,150,Outdoor 4,60.0,frei,7
2026-05-20T00:59:01,2026-05-27,13:30,60,Outdoor 4,24.0,frei,7
2026-05-20T00:59:01,2026-05-27,13:30,90,Outdoor 4,36.0,frei,7
2026-05-20T00:59:01,2026-05-27,13:30,120,Outdoor 4,48.0,frei,7
2026-05-20T00:59:01,2026-05-27,14:00,60,Outdoor 4,24.0,frei,7
2026-05-20T00:59:01,2026-05-27,14:00,90,Outdoor 4,36.0,frei,7
2026-05-20T00:59:01,2026-05-27,14:00,150,Outdoor 4,66.0,frei,7
2026-05-20T00:59:01,2026-05-27,14:30,60,Outdoor 4,24.0,frei,7
2026-05-20T00:59:01,2026-05-27,14:30,120,Outdoor 4,54.0,frei,7
2026-05-20T00:59:01,2026-05-27,15:00,90,Outdoor 4,42.0,frei,7
2026-05-20T00:59:01,2026-05-27,15:30,60,Outdoor 4,30.0,frei,7
2026-05-20T00:59:01,2026-05-27,21:00,60,Outdoor 4,36.0,frei,7
2026-05-20T00:59:01,2026-05-27,08:00,60,Indoor 1,30.0,frei,7
2026-05-20T00:59:01,2026-05-27,08:00,90,Indoor 1,45.0,frei,7
2026-05-20T00:59:01,2026-05-27,08:00,120,Indoor 1,60.0,frei,7
2026-05-20T00:59:01,2026-05-27,09:00,60,Indoor 1,30.0,frei,7
2026-05-20T00:59:01,2026-05-27,09:00,90,Indoor 1,45.0,frei,7
2026-05-20T00:59:01,2026-05-27,09:00,120,Indoor 1,60.0,frei,7
2026-05-20T00:59:01,2026-05-27,09:30,60,Indoor 1,30.0,frei,7
2026-05-20T00:59:01,2026-05-27,09:30,90,Indoor 1,45.0,frei,7
2026-05-20T00:59:01,2026-05-27,09:30,120,Indoor 1,60.0,frei,7
2026-05-20T00:59:01,2026-05-27,10:00,60,Indoor 1,30.0,frei,7
2026-05-20T00:59:01,2026-05-27,10:00,90,Indoor 1,45.0,frei,7
2026-05-20T00:59:01,2026-05-27,10:00,120,Indoor 1,60.0,frei,7
2026-05-20T00:59:01,2026-05-27,10:30,60,Indoor 1,30.0,frei,7
2026-05-20T00:59:01,2026-05-27,10:30,90,Indoor 1,45.0,frei,7
2026-05-20T00:59:01,2026-05-27,10:30,120,Indoor 1,60.0,frei,7
2026-05-20T00:59:01,2026-05-27,11:00,60,Indoor 1,30.0,frei,7
2026-05-20T00:59:01,2026-05-27,11:00,90,Indoor 1,45.0,frei,7
2026-05-20T00:59:01,2026-05-27,11:00,120,Indoor 1,60.0,frei,7
2026-05-20T00:59:01,2026-05-27,11:30,60,Indoor 1,30.0,frei,7
2026-05-20T00:59:01,2026-05-27,11:30,90,Indoor 1,45.0,frei,7
2026-05-20T00:59:01,2026-05-27,11:30,120,Indoor 1,60.0,frei,7
2026-05-20T00:59:01,2026-05-27,12:00,60,Indoor 1,30.0,frei,7
2026-05-20T00:59:01,2026-05-27,12:00,90,Indoor 1,45.0,frei,7
2026-05-20T00:59:01,2026-05-27,12:00,120,Indoor 1,60.0,frei,7
2026-05-20T00:59:01,2026-05-27,12:30,60,Indoor 1,30.0,frei,7
2026-05-20T00:59:01,2026-05-27,12:30,90,Indoor 1,45.0,frei,7
2026-05-20T00:59:01,2026-05-27,13:00,60,Indoor 1,30.0,frei,7
2026-05-20T00:59:01,2026-05-27,13:00,120,Indoor 1,60.0,frei,7
2026-05-20T00:59:01,2026-05-27,13:30,90,Indoor 1,45.0,frei,7
2026-05-20T00:59:01,2026-05-27,14:00,60,Indoor 1,30.0,frei,7
2026-05-20T00:59:01,2026-05-27,23:00,60,Indoor 1,30.0,frei,7
2026-05-20T00:59:01,2026-05-27,08:00,60,Outdoor 3,24.0,frei,7
2026-05-20T00:59:01,2026-05-27,08:00,90,Outdoor 3,36.0,frei,7
2026-05-20T00:59:01,2026-05-27,08:00,120,Outdoor 3,48.0,frei,7
2026-05-20T00:59:01,2026-05-27,08:00,150,Outdoor 3,60.0,frei,7
2026-05-20T00:59:01,2026-05-27,08:30,60,Outdoor 3,24.0,frei,7
2026-05-20T00:59:01,2026-05-27,08:30,90,Outdoor 3,36.0,frei,7
2026-05-20T00:59:01,2026-05-27,08:30,120,Outdoor 3,48.0,frei,7
2026-05-20T00:59:01,2026-05-27,08:30,150,Outdoor 3,60.0,frei,7
2026-05-20T00:59:01,2026-05-27,09:00,60,Outdoor 3,24.0,frei,7
2026-05-20T00:59:01,2026-05-27,09:00,90,Outdoor 3,36.0,frei,7
2026-05-20T00:59:01,2026-05-27,09:00,120,Outdoor 3,48.0,frei,7
2026-05-20T00:59:01,2026-05-27,09:00,150,Outdoor 3,60.0,frei,7
2026-05-20T00:59:01,2026-05-27,09:30,60,Outdoor 3,24.0,frei,7
2026-05-20T00:59:01,2026-05-27,09:30,90,Outdoor 3,36.0,frei,7
2026-05-20T00:59:01,2026-05-27,09:30,120,Outdoor 3,48.0,frei,7
2026-05-20T00:59:01,2026-05-27,09:30,150,Outdoor 3,60.0,frei,7
2026-05-20T00:59:01,2026-05-27,10:00,60,Outdoor 3,24.0,frei,7
2026-05-20T00:59:01,2026-05-27,10:00,90,Outdoor 3,36.0,frei,7
2026-05-20T00:59:01,2026-05-27,10:00,120,Outdoor 3,48.0,frei,7
2026-05-20T00:59:01,2026-05-27,10:00,150,Outdoor 3,60.0,frei,7
2026-05-20T00:59:01,2026-05-27,10:30,60,Outdoor 3,24.0,frei,7
2026-05-20T00:59:01,2026-05-27,10:30,90,Outdoor 3,36.0,frei,7
2026-05-20T00:59:01,2026-05-27,10:30,120,Outdoor 3,48.0,frei,7
2026-05-20T00:59:01,2026-05-27,10:30,150,Outdoor 3,60.0,frei,7
2026-05-20T00:59:01,2026-05-27,11:00,60,Outdoor 3,24.0,frei,7
2026-05-20T00:59:01,2026-05-27,11:00,90,Outdoor 3,36.0,frei,7
2026-05-20T00:59:01,2026-05-27,11:00,120,Outdoor 3,48.0,frei,7
2026-05-20T00:59:01,2026-05-27,11:00,150,Outdoor 3,60.0,frei,7
2026-05-20T00:59:01,2026-05-27,11:30,60,Outdoor 3,24.0,frei,7
2026-05-20T00:59:01,2026-05-27,11:30,90,Outdoor 3,36.0,frei,7
2026-05-20T00:59:01,2026-05-27,11:30,120,Outdoor 3,48.0,frei,7
2026-05-20T00:59:01,2026-05-27,11:30,150,Outdoor 3,60.0,frei,7
2026-05-20T00:59:01,2026-05-27,12:00,60,Outdoor 3,24.0,frei,7
2026-05-20T00:59:01,2026-05-27,12:00,90,Outdoor 3,36.0,frei,7
2026-05-20T00:59:01,2026-05-27,12:00,120,Outdoor 3,48.0,frei,7
2026-05-20T00:59:01,2026-05-27,12:00,150,Outdoor 3,60.0,frei,7
2026-05-20T00:59:01,2026-05-27,12:30,60,Outdoor 3,24.0,frei,7
2026-05-20T00:59:01,2026-05-27,12:30,90,Outdoor 3,36.0,frei,7
2026-05-20T00:59:01,2026-05-27,12:30,120,Outdoor 3,48.0,frei,7
2026-05-20T00:59:01,2026-05-27,12:30,150,Outdoor 3,60.0,frei,7
2026-05-20T00:59:01,2026-05-27,13:00,60,Outdoor 3,24.0,frei,7
2026-05-20T00:59:01,2026-05-27,13:00,90,Outdoor 3,36.0,frei,7
2026-05-20T00:59:01,2026-05-27,13:00,120,Outdoor 3,48.0,frei,7
2026-05-20T00:59:01,2026-05-27,13:00,150,Outdoor 3,60.0,frei,7
2026-05-20T00:59:01,2026-05-27,13:30,60,Outdoor 3,24.0,frei,7
2026-05-20T00:59:01,2026-05-27,13:30,90,Outdoor 3,36.0,frei,7
2026-05-20T00:59:01,2026-05-27,13:30,120,Outdoor 3,48.0,frei,7
2026-05-20T00:59:01,2026-05-27,13:30,150,Outdoor 3,60.0,frei,7
2026-05-20T00:59:01,2026-05-27,14:00,60,Outdoor 3,24.0,frei,7
2026-05-20T00:59:01,2026-05-27,14:00,90,Outdoor 3,36.0,frei,7
2026-05-20T00:59:01,2026-05-27,14:00,120,Outdoor 3,48.0,frei,7
2026-05-20T00:59:01,2026-05-27,14:30,60,Outdoor 3,24.0,frei,7
2026-05-20T00:59:01,2026-05-27,14:30,90,Outdoor 3,36.0,frei,7
2026-05-20T00:59:01,2026-05-27,14:30,150,Outdoor 3,72.0,frei,7
2026-05-20T00:59:01,2026-05-27,15:00,60,Outdoor 3,24.0,frei,7
2026-05-20T00:59:01,2026-05-27,15:00,120,Outdoor 3,60.0,frei,7
2026-05-20T00:59:01,2026-05-27,15:30,90,Outdoor 3,48.0,frei,7
2026-05-20T00:59:01,2026-05-27,16:00,60,Outdoor 3,36.0,frei,7
2026-05-20T00:59:01,2026-05-27,21:00,60,Outdoor 3,36.0,frei,7
2026-05-20T00:59:01,2026-05-28,08:00,60,Indoor 3,30.0,frei,8
2026-05-20T00:59:01,2026-05-28,08:00,90,Indoor 3,45.0,frei,8
2026-05-20T00:59:01,2026-05-28,08:00,120,Indoor 3,60.0,frei,8
2026-05-20T00:59:01,2026-05-28,09:00,60,Indoor 3,30.0,frei,8
2026-05-20T00:59:01,2026-05-28,09:00,90,Indoor 3,45.0,frei,8
2026-05-20T00:59:01,2026-05-28,09:00,120,Indoor 3,60.0,frei,8
2026-05-20T00:59:01,2026-05-28,09:30,60,Indoor 3,30.0,frei,8
2026-05-20T00:59:01,2026-05-28,09:30,90,Indoor 3,45.0,frei,8
2026-05-20T00:59:01,2026-05-28,09:30,120,Indoor 3,60.0,frei,8
2026-05-20T00:59:01,2026-05-28,10:00,60,Indoor 3,30.0,frei,8
2026-05-20T00:59:01,2026-05-28,10:00,90,Indoor 3,45.0,frei,8
2026-05-20T00:59:01,2026-05-28,10:00,120,Indoor 3,60.0,frei,8
2026-05-20T00:59:01,2026-05-28,10:30,60,Indoor 3,30.0,frei,8
2026-05-20T00:59:01,2026-05-28,10:30,90,Indoor 3,45.0,frei,8
2026-05-20T00:59:01,2026-05-28,10:30,120,Indoor 3,60.0,frei,8
2026-05-20T00:59:01,2026-05-28,11:00,60,Indoor 3,30.0,frei,8
2026-05-20T00:59:01,2026-05-28,11:00,90,Indoor 3,45.0,frei,8
2026-05-20T00:59:01,2026-05-28,11:00,120,Indoor 3,60.0,frei,8
2026-05-20T00:59:01,2026-05-28,11:30,60,Indoor 3,30.0,frei,8
2026-05-20T00:59:01,2026-05-28,11:30,90,Indoor 3,45.0,frei,8
2026-05-20T00:59:01,2026-05-28,11:30,120,Indoor 3,60.0,frei,8
2026-05-20T00:59:01,2026-05-28,12:00,60,Indoor 3,30.0,frei,8
2026-05-20T00:59:01,2026-05-28,12:00,90,Indoor 3,45.0,frei,8
2026-05-20T00:59:01,2026-05-28,12:00,120,Indoor 3,60.0,frei,8
2026-05-20T00:59:01,2026-05-28,12:30,60,Indoor 3,30.0,frei,8
2026-05-20T00:59:01,2026-05-28,12:30,90,Indoor 3,45.0,frei,8
2026-05-20T00:59:01,2026-05-28,12:30,120,Indoor 3,60.0,frei,8
2026-05-20T00:59:01,2026-05-28,13:00,60,Indoor 3,30.0,frei,8
2026-05-20T00:59:01,2026-05-28,13:00,90,Indoor 3,45.0,frei,8
2026-05-20T00:59:01,2026-05-28,13:00,120,Indoor 3,60.0,frei,8
2026-05-20T00:59:01,2026-05-28,13:30,60,Indoor 3,30.0,frei,8
2026-05-20T00:59:01,2026-05-28,13:30,90,Indoor 3,45.0,frei,8
2026-05-20T00:59:01,2026-05-28,14:00,60,Indoor 3,30.0,frei,8
2026-05-20T00:59:01,2026-05-28,14:00,120,Indoor 3,60.0,frei,8
2026-05-20T00:59:01,2026-05-28,14:30,90,Indoor 3,45.0,frei,8
2026-05-20T00:59:01,2026-05-28,15:00,60,Indoor 3,30.0,frei,8
2026-05-20T00:59:01,2026-05-28,22:00,60,Indoor 3,36.0,frei,8
2026-05-20T00:59:01,2026-05-28,22:00,120,Indoor 3,66.0,frei,8
2026-05-20T00:59:01,2026-05-28,23:00,60,Indoor 3,30.0,frei,8
2026-05-20T00:59:01,2026-05-28,08:00,60,Outdoor 3,24.0,frei,8
2026-05-20T00:59:01,2026-05-28,08:00,90,Outdoor 3,36.0,frei,8
2026-05-20T00:59:01,2026-05-28,08:00,120,Outdoor 3,48.0,frei,8
2026-05-20T00:59:01,2026-05-28,08:00,150,Outdoor 3,60.0,frei,8
2026-05-20T00:59:01,2026-05-28,08:30,60,Outdoor 3,24.0,frei,8
2026-05-20T00:59:01,2026-05-28,08:30,90,Outdoor 3,36.0,frei,8
2026-05-20T00:59:01,2026-05-28,08:30,120,Outdoor 3,48.0,frei,8
2026-05-20T00:59:01,2026-05-28,08:30,150,Outdoor 3,60.0,frei,8
2026-05-20T00:59:01,2026-05-28,09:00,60,Outdoor 3,24.0,frei,8
2026-05-20T00:59:01,2026-05-28,09:00,90,Outdoor 3,36.0,frei,8
2026-05-20T00:59:01,2026-05-28,09:00,120,Outdoor 3,48.0,frei,8
2026-05-20T00:59:01,2026-05-28,09:00,150,Outdoor 3,60.0,frei,8
2026-05-20T00:59:01,2026-05-28,09:30,60,Outdoor 3,24.0,frei,8
2026-05-20T00:59:01,2026-05-28,09:30,90,Outdoor 3,36.0,frei,8
2026-05-20T00:59:01,2026-05-28,09:30,120,Outdoor 3,48.0,frei,8
2026-05-20T00:59:01,2026-05-28,09:30,150,Outdoor 3,60.0,frei,8
2026-05-20T00:59:01,2026-05-28,10:00,60,Outdoor 3,24.0,frei,8
2026-05-20T00:59:01,2026-05-28,10:00,90,Outdoor 3,36.0,frei,8
2026-05-20T00:59:01,2026-05-28,10:00,120,Outdoor 3,48.0,frei,8
2026-05-20T00:59:01,2026-05-28,10:00,150,Outdoor 3,60.0,frei,8
2026-05-20T00:59:01,2026-05-28,10:30,60,Outdoor 3,24.0,frei,8
2026-05-20T00:59:01,2026-05-28,10:30,90,Outdoor 3,36.0,frei,8
2026-05-20T00:59:01,2026-05-28,10:30,120,Outdoor 3,48.0,frei,8
2026-05-20T00:59:01,2026-05-28,10:30,150,Outdoor 3,60.0,frei,8
2026-05-20T00:59:01,2026-05-28,11:00,60,Outdoor 3,24.0,frei,8
2026-05-20T00:59:01,2026-05-28,11:00,90,Outdoor 3,36.0,frei,8
2026-05-20T00:59:01,2026-05-28,11:00,120,Outdoor 3,48.0,frei,8
2026-05-20T00:59:01,2026-05-28,11:00,150,Outdoor 3,60.0,frei,8
2026-05-20T00:59:01,2026-05-28,11:30,60,Outdoor 3,24.0,frei,8
2026-05-20T00:59:01,2026-05-28,11:30,90,Outdoor 3,36.0,frei,8
2026-05-20T00:59:01,2026-05-28,11:30,120,Outdoor 3,48.0,frei,8
2026-05-20T00:59:01,2026-05-28,11:30,150,Outdoor 3,60.0,frei,8
2026-05-20T00:59:01,2026-05-28,12:00,60,Outdoor 3,24.0,frei,8
2026-05-20T00:59:01,2026-05-28,12:00,90,Outdoor 3,36.0,frei,8
2026-05-20T00:59:01,2026-05-28,12:00,120,Outdoor 3,48.0,frei,8
2026-05-20T00:59:01,2026-05-28,12:00,150,Outdoor 3,60.0,frei,8
2026-05-20T00:59:01,2026-05-28,12:30,60,Outdoor 3,24.0,frei,8
2026-05-20T00:59:01,2026-05-28,12:30,90,Outdoor 3,36.0,frei,8
2026-05-20T00:59:01,2026-05-28,12:30,120,Outdoor 3,48.0,frei,8
2026-05-20T00:59:01,2026-05-28,12:30,150,Outdoor 3,60.0,frei,8
2026-05-20T00:59:01,2026-05-28,13:00,60,Outdoor 3,24.0,frei,8
2026-05-20T00:59:01,2026-05-28,13:00,90,Outdoor 3,36.0,frei,8
2026-05-20T00:59:01,2026-05-28,13:00,120,Outdoor 3,48.0,frei,8
2026-05-20T00:59:01,2026-05-28,13:00,150,Outdoor 3,60.0,frei,8
2026-05-20T00:59:01,2026-05-28,13:30,60,Outdoor 3,24.0,frei,8
2026-05-20T00:59:01,2026-05-28,13:30,90,Outdoor 3,36.0,frei,8
2026-05-20T00:59:01,2026-05-28,13:30,120,Outdoor 3,48.0,frei,8
2026-05-20T00:59:01,2026-05-28,13:30,150,Outdoor 3,60.0,frei,8
2026-05-20T00:59:01,2026-05-28,14:00,60,Outdoor 3,24.0,frei,8
2026-05-20T00:59:01,2026-05-28,14:00,90,Outdoor 3,36.0,frei,8
2026-05-20T00:59:01,2026-05-28,14:00,120,Outdoor 3,48.0,frei,8
2026-05-20T00:59:01,2026-05-28,14:00,150,Outdoor 3,66.0,frei,8
2026-05-20T00:59:01,2026-05-28,14:30,60,Outdoor 3,24.0,frei,8
2026-05-20T00:59:01,2026-05-28,14:30,90,Outdoor 3,36.0,frei,8
2026-05-20T00:59:01,2026-05-28,14:30,120,Outdoor 3,54.0,frei,8
2026-05-20T00:59:01,2026-05-28,15:00,60,Outdoor 3,24.0,frei,8
2026-05-20T00:59:01,2026-05-28,15:00,90,Outdoor 3,42.0,frei,8
2026-05-20T00:59:01,2026-05-28,15:00,150,Outdoor 3,78.0,frei,8
2026-05-20T00:59:01,2026-05-28,15:30,60,Outdoor 3,30.0,frei,8
2026-05-20T00:59:01,2026-05-28,15:30,120,Outdoor 3,66.0,frei,8
2026-05-20T00:59:01,2026-05-28,16:00,90,Outdoor 3,54.0,frei,8
2026-05-20T00:59:01,2026-05-28,16:30,60,Outdoor 3,36.0,frei,8
2026-05-20T00:59:01,2026-05-28,08:00,60,Outdoor 4,24.0,frei,8
2026-05-20T00:59:01,2026-05-28,08:00,90,Outdoor 4,36.0,frei,8
2026-05-20T00:59:01,2026-05-28,08:00,150,Outdoor 4,60.0,frei,8
2026-05-20T00:59:01,2026-05-28,08:30,60,Outdoor 4,24.0,frei,8
2026-05-20T00:59:01,2026-05-28,08:30,120,Outdoor 4,48.0,frei,8
2026-05-20T00:59:01,2026-05-28,09:00,90,Outdoor 4,36.0,frei,8
2026-05-20T00:59:01,2026-05-28,09:30,60,Outdoor 4,24.0,frei,8
2026-05-20T00:59:01,2026-05-28,11:30,60,Outdoor 4,24.0,frei,8
2026-05-20T00:59:01,2026-05-28,11:30,90,Outdoor 4,36.0,frei,8
2026-05-20T00:59:01,2026-05-28,11:30,120,Outdoor 4,48.0,frei,8
2026-05-20T00:59:01,2026-05-28,11:30,150,Outdoor 4,60.0,frei,8
2026-05-20T00:59:01,2026-05-28,12:30,60,Outdoor 4,24.0,frei,8
2026-05-20T00:59:01,2026-05-28,12:30,90,Outdoor 4,36.0,frei,8
2026-05-20T00:59:01,2026-05-28,12:30,120,Outdoor 4,48.0,frei,8
2026-05-20T00:59:01,2026-05-28,12:30,150,Outdoor 4,60.0,frei,8
2026-05-20T00:59:01,2026-05-28,13:00,60,Outdoor 4,24.0,frei,8
2026-05-20T00:59:01,2026-05-28,13:00,90,Outdoor 4,36.0,frei,8
2026-05-20T00:59:01,2026-05-28,13:00,120,Outdoor 4,48.0,frei,8
2026-05-20T00:59:01,2026-05-28,13:00,150,Outdoor 4,60.0,frei,8
2026-05-20T00:59:01,2026-05-28,13:30,60,Outdoor 4,24.0,frei,8
2026-05-20T00:59:01,2026-05-28,13:30,90,Outdoor 4,36.0,frei,8
2026-05-20T00:59:01,2026-05-28,13:30,120,Outdoor 4,48.0,frei,8
2026-05-20T00:59:01,2026-05-28,13:30,150,Outdoor 4,60.0,frei,8
2026-05-20T00:59:01,2026-05-28,14:00,60,Outdoor 4,24.0,frei,8
2026-05-20T00:59:01,2026-05-28,14:00,90,Outdoor 4,36.0,frei,8
2026-05-20T00:59:01,2026-05-28,14:00,120,Outdoor 4,48.0,frei,8
2026-05-20T00:59:01,2026-05-28,14:30,60,Outdoor 4,24.0,frei,8
2026-05-20T00:59:01,2026-05-28,14:30,90,Outdoor 4,36.0,frei,8
2026-05-20T00:59:01,2026-05-28,14:30,150,Outdoor 4,72.0,frei,8
2026-05-20T00:59:01,2026-05-28,15:00,60,Outdoor 4,24.0,frei,8
2026-05-20T00:59:01,2026-05-28,15:00,120,Outdoor 4,60.0,frei,8
2026-05-20T00:59:01,2026-05-28,15:30,90,Outdoor 4,48.0,frei,8
2026-05-20T00:59:01,2026-05-28,16:00,60,Outdoor 4,36.0,frei,8
2026-05-20T00:59:01,2026-05-28,08:00,60,Indoor 4,30.0,frei,8
2026-05-20T00:59:01,2026-05-28,08:00,90,Indoor 4,45.0,frei,8
2026-05-20T00:59:01,2026-05-28,08:00,120,Indoor 4,60.0,frei,8
2026-05-20T00:59:01,2026-05-28,09:00,60,Indoor 4,30.0,frei,8
2026-05-20T00:59:01,2026-05-28,09:00,90,Indoor 4,45.0,frei,8
2026-05-20T00:59:01,2026-05-28,09:00,120,Indoor 4,60.0,frei,8
2026-05-20T00:59:01,2026-05-28,09:30,60,Indoor 4,30.0,frei,8
2026-05-20T00:59:01,2026-05-28,09:30,90,Indoor 4,45.0,frei,8
2026-05-20T00:59:01,2026-05-28,09:30,120,Indoor 4,60.0,frei,8
2026-05-20T00:59:01,2026-05-28,10:00,60,Indoor 4,30.0,frei,8
2026-05-20T00:59:01,2026-05-28,10:00,90,Indoor 4,45.0,frei,8
2026-05-20T00:59:01,2026-05-28,10:00,120,Indoor 4,60.0,frei,8
2026-05-20T00:59:01,2026-05-28,10:30,60,Indoor 4,30.0,frei,8
2026-05-20T00:59:01,2026-05-28,10:30,90,Indoor 4,45.0,frei,8
2026-05-20T00:59:01,2026-05-28,10:30,120,Indoor 4,60.0,frei,8
2026-05-20T00:59:01,2026-05-28,11:00,60,Indoor 4,30.0,frei,8
2026-05-20T00:59:01,2026-05-28,11:00,90,Indoor 4,45.0,frei,8
2026-05-20T00:59:01,2026-05-28,11:00,120,Indoor 4,60.0,frei,8
2026-05-20T00:59:01,2026-05-28,11:30,60,Indoor 4,30.0,frei,8
2026-05-20T00:59:01,2026-05-28,11:30,90,Indoor 4,45.0,frei,8
2026-05-20T00:59:01,2026-05-28,11:30,120,Indoor 4,60.0,frei,8
2026-05-20T00:59:01,2026-05-28,12:00,60,Indoor 4,30.0,frei,8
2026-05-20T00:59:01,2026-05-28,12:00,90,Indoor 4,45.0,frei,8
2026-05-20T00:59:01,2026-05-28,12:00,120,Indoor 4,60.0,frei,8
2026-05-20T00:59:01,2026-05-28,12:30,60,Indoor 4,30.0,frei,8
2026-05-20T00:59:01,2026-05-28,12:30,90,Indoor 4,45.0,frei,8
2026-05-20T00:59:01,2026-05-28,12:30,120,Indoor 4,60.0,frei,8
2026-05-20T00:59:01,2026-05-28,13:00,60,Indoor 4,30.0,frei,8
2026-05-20T00:59:01,2026-05-28,13:00,90,Indoor 4,45.0,frei,8
2026-05-20T00:59:01,2026-05-28,13:00,120,Indoor 4,60.0,frei,8
2026-05-20T00:59:01,2026-05-28,13:30,60,Indoor 4,30.0,frei,8
2026-05-20T00:59:01,2026-05-28,13:30,90,Indoor 4,45.0,frei,8
2026-05-20T00:59:01,2026-05-28,13:30,120,Indoor 4,60.0,frei,8
2026-05-20T00:59:01,2026-05-28,14:00,60,Indoor 4,30.0,frei,8
2026-05-20T00:59:01,2026-05-28,14:00,90,Indoor 4,45.0,frei,8
2026-05-20T00:59:01,2026-05-28,14:00,120,Indoor 4,60.0,frei,8
2026-05-20T00:59:01,2026-05-28,14:30,60,Indoor 4,30.0,frei,8
2026-05-20T00:59:01,2026-05-28,14:30,90,Indoor 4,45.0,frei,8
2026-05-20T00:59:01,2026-05-28,15:00,60,Indoor 4,30.0,frei,8
2026-05-20T00:59:01,2026-05-28,15:00,120,Indoor 4,72.0,frei,8
2026-05-20T00:59:01,2026-05-28,15:30,90,Indoor 4,57.0,frei,8
2026-05-20T00:59:01,2026-05-28,16:00,60,Indoor 4,42.0,frei,8
2026-05-20T00:59:01,2026-05-28,23:00,60,Indoor 4,30.0,frei,8
2026-05-20T00:59:01,2026-05-28,08:00,60,Single Indoor,22.0,frei,8
2026-05-20T00:59:01,2026-05-28,08:00,90,Single Indoor,33.0,frei,8
2026-05-20T00:59:01,2026-05-28,08:00,120,Single Indoor,44.0,frei,8
2026-05-20T00:59:01,2026-05-28,09:00,60,Single Indoor,22.0,frei,8
2026-05-20T00:59:01,2026-05-28,09:00,90,Single Indoor,33.0,frei,8
2026-05-20T00:59:01,2026-05-28,09:00,120,Single Indoor,44.0,frei,8
2026-05-20T00:59:01,2026-05-28,09:30,60,Single Indoor,22.0,frei,8
2026-05-20T00:59:01,2026-05-28,09:30,90,Single Indoor,33.0,frei,8
2026-05-20T00:59:01,2026-05-28,10:00,60,Single Indoor,22.0,frei,8
2026-05-20T00:59:01,2026-05-28,10:00,120,Single Indoor,44.0,frei,8
2026-05-20T00:59:01,2026-05-28,10:30,90,Single Indoor,33.0,frei,8
2026-05-20T00:59:01,2026-05-28,11:00,60,Single Indoor,22.0,frei,8
2026-05-20T00:59:01,2026-05-28,13:00,60,Single Indoor,22.0,frei,8
2026-05-20T00:59:01,2026-05-28,13:00,120,Single Indoor,44.0,frei,8
2026-05-20T00:59:01,2026-05-28,14:00,60,Single Indoor,22.0,frei,8
2026-05-20T00:59:01,2026-05-28,21:00,60,Single Indoor,30.0,frei,8
2026-05-20T00:59:01,2026-05-28,21:00,90,Single Indoor,45.0,frei,8
2026-05-20T00:59:01,2026-05-28,21:00,120,Single Indoor,56.0,frei,8
2026-05-20T00:59:01,2026-05-28,22:00,60,Single Indoor,26.0,frei,8
2026-05-20T00:59:01,2026-05-28,22:00,120,Single Indoor,48.0,frei,8
2026-05-20T00:59:01,2026-05-28,22:30,90,Single Indoor,33.0,frei,8
2026-05-20T00:59:01,2026-05-28,23:00,60,Single Indoor,22.0,frei,8
2026-05-20T00:59:01,2026-05-28,08:00,60,Indoor 2,30.0,frei,8
2026-05-20T00:59:01,2026-05-28,08:00,90,Indoor 2,45.0,frei,8
2026-05-20T00:59:01,2026-05-28,08:00,120,Indoor 2,60.0,frei,8
2026-05-20T00:59:01,2026-05-28,09:00,60,Indoor 2,30.0,frei,8
2026-05-20T00:59:01,2026-05-28,09:00,90,Indoor 2,45.0,frei,8
2026-05-20T00:59:01,2026-05-28,09:00,120,Indoor 2,60.0,frei,8
2026-05-20T00:59:01,2026-05-28,09:30,60,Indoor 2,30.0,frei,8
2026-05-20T00:59:01,2026-05-28,09:30,90,Indoor 2,45.0,frei,8
2026-05-20T00:59:01,2026-05-28,09:30,120,Indoor 2,60.0,frei,8
2026-05-20T00:59:01,2026-05-28,10:00,60,Indoor 2,30.0,frei,8
2026-05-20T00:59:01,2026-05-28,10:00,90,Indoor 2,45.0,frei,8
2026-05-20T00:59:01,2026-05-28,10:00,120,Indoor 2,60.0,frei,8
2026-05-20T00:59:01,2026-05-28,10:30,60,Indoor 2,30.0,frei,8
2026-05-20T00:59:01,2026-05-28,10:30,90,Indoor 2,45.0,frei,8
2026-05-20T00:59:01,2026-05-28,10:30,120,Indoor 2,60.0,frei,8
2026-05-20T00:59:01,2026-05-28,11:00,60,Indoor 2,30.0,frei,8
2026-05-20T00:59:01,2026-05-28,11:00,90,Indoor 2,45.0,frei,8
2026-05-20T00:59:01,2026-05-28,11:00,120,Indoor 2,60.0,frei,8
2026-05-20T00:59:01,2026-05-28,11:30,60,Indoor 2,30.0,frei,8
2026-05-20T00:59:01,2026-05-28,11:30,90,Indoor 2,45.0,frei,8
2026-05-20T00:59:01,2026-05-28,11:30,120,Indoor 2,60.0,frei,8
2026-05-20T00:59:01,2026-05-28,12:00,60,Indoor 2,30.0,frei,8
2026-05-20T00:59:01,2026-05-28,12:00,90,Indoor 2,45.0,frei,8
2026-05-20T00:59:01,2026-05-28,12:00,120,Indoor 2,60.0,frei,8
2026-05-20T00:59:01,2026-05-28,12:30,60,Indoor 2,30.0,frei,8
2026-05-20T00:59:01,2026-05-28,12:30,90,Indoor 2,45.0,frei,8
2026-05-20T00:59:01,2026-05-28,12:30,120,Indoor 2,60.0,frei,8
2026-05-20T00:59:01,2026-05-28,13:00,60,Indoor 2,30.0,frei,8
2026-05-20T00:59:01,2026-05-28,13:00,90,Indoor 2,45.0,frei,8
2026-05-20T00:59:01,2026-05-28,13:00,120,Indoor 2,60.0,frei,8
2026-05-20T00:59:01,2026-05-28,13:30,60,Indoor 2,30.0,frei,8
2026-05-20T00:59:01,2026-05-28,13:30,90,Indoor 2,45.0,frei,8
2026-05-20T00:59:01,2026-05-28,14:00,60,Indoor 2,30.0,frei,8
2026-05-20T00:59:01,2026-05-28,14:00,120,Indoor 2,60.0,frei,8
2026-05-20T00:59:01,2026-05-28,14:30,90,Indoor 2,45.0,frei,8
2026-05-20T00:59:01,2026-05-28,15:00,60,Indoor 2,30.0,frei,8
2026-05-20T00:59:01,2026-05-28,22:00,60,Indoor 2,36.0,frei,8
2026-05-20T00:59:01,2026-05-28,22:00,120,Indoor 2,66.0,frei,8
2026-05-20T00:59:01,2026-05-28,23:00,60,Indoor 2,30.0,frei,8
2026-05-20T00:59:01,2026-05-28,08:00,60,Outdoor 2,24.0,frei,8
2026-05-20T00:59:01,2026-05-28,08:00,90,Outdoor 2,36.0,frei,8
2026-05-20T00:59:01,2026-05-28,08:00,120,Outdoor 2,48.0,frei,8
2026-05-20T00:59:01,2026-05-28,08:00,150,Outdoor 2,60.0,frei,8
2026-05-20T00:59:01,2026-05-28,08:30,60,Outdoor 2,24.0,frei,8
2026-05-20T00:59:01,2026-05-28,08:30,90,Outdoor 2,36.0,frei,8
2026-05-20T00:59:01,2026-05-28,08:30,120,Outdoor 2,48.0,frei,8
2026-05-20T00:59:01,2026-05-28,08:30,150,Outdoor 2,60.0,frei,8
2026-05-20T00:59:01,2026-05-28,09:00,60,Outdoor 2,24.0,frei,8
2026-05-20T00:59:01,2026-05-28,09:00,90,Outdoor 2,36.0,frei,8
2026-05-20T00:59:01,2026-05-28,09:00,120,Outdoor 2,48.0,frei,8
2026-05-20T00:59:01,2026-05-28,09:00,150,Outdoor 2,60.0,frei,8
2026-05-20T00:59:01,2026-05-28,09:30,60,Outdoor 2,24.0,frei,8
2026-05-20T00:59:01,2026-05-28,09:30,90,Outdoor 2,36.0,frei,8
2026-05-20T00:59:01,2026-05-28,09:30,120,Outdoor 2,48.0,frei,8
2026-05-20T00:59:01,2026-05-28,09:30,150,Outdoor 2,60.0,frei,8
2026-05-20T00:59:01,2026-05-28,10:00,60,Outdoor 2,24.0,frei,8
2026-05-20T00:59:01,2026-05-28,10:00,90,Outdoor 2,36.0,frei,8
2026-05-20T00:59:01,2026-05-28,10:00,120,Outdoor 2,48.0,frei,8
2026-05-20T00:59:01,2026-05-28,10:00,150,Outdoor 2,60.0,frei,8
2026-05-20T00:59:01,2026-05-28,10:30,60,Outdoor 2,24.0,frei,8
2026-05-20T00:59:01,2026-05-28,10:30,90,Outdoor 2,36.0,frei,8
2026-05-20T00:59:01,2026-05-28,10:30,120,Outdoor 2,48.0,frei,8
2026-05-20T00:59:01,2026-05-28,10:30,150,Outdoor 2,60.0,frei,8
2026-05-20T00:59:01,2026-05-28,11:00,60,Outdoor 2,24.0,frei,8
2026-05-20T00:59:01,2026-05-28,11:00,90,Outdoor 2,36.0,frei,8
2026-05-20T00:59:01,2026-05-28,11:00,120,Outdoor 2,48.0,frei,8
2026-05-20T00:59:01,2026-05-28,11:00,150,Outdoor 2,60.0,frei,8
2026-05-20T00:59:01,2026-05-28,11:30,60,Outdoor 2,24.0,frei,8
2026-05-20T00:59:01,2026-05-28,11:30,90,Outdoor 2,36.0,frei,8
2026-05-20T00:59:01,2026-05-28,11:30,120,Outdoor 2,48.0,frei,8
2026-05-20T00:59:01,2026-05-28,11:30,150,Outdoor 2,60.0,frei,8
2026-05-20T00:59:01,2026-05-28,12:00,60,Outdoor 2,24.0,frei,8
2026-05-20T00:59:01,2026-05-28,12:00,90,Outdoor 2,36.0,frei,8
2026-05-20T00:59:01,2026-05-28,12:00,120,Outdoor 2,48.0,frei,8
2026-05-20T00:59:01,2026-05-28,12:00,150,Outdoor 2,60.0,frei,8
2026-05-20T00:59:01,2026-05-28,12:30,60,Outdoor 2,24.0,frei,8
2026-05-20T00:59:01,2026-05-28,12:30,90,Outdoor 2,36.0,frei,8
2026-05-20T00:59:01,2026-05-28,12:30,120,Outdoor 2,48.0,frei,8
2026-05-20T00:59:01,2026-05-28,12:30,150,Outdoor 2,60.0,frei,8
2026-05-20T00:59:01,2026-05-28,13:00,60,Outdoor 2,24.0,frei,8
2026-05-20T00:59:01,2026-05-28,13:00,90,Outdoor 2,36.0,frei,8
2026-05-20T00:59:01,2026-05-28,13:00,120,Outdoor 2,48.0,frei,8
2026-05-20T00:59:01,2026-05-28,13:00,150,Outdoor 2,60.0,frei,8
2026-05-20T00:59:01,2026-05-28,13:30,60,Outdoor 2,24.0,frei,8
2026-05-20T00:59:01,2026-05-28,13:30,90,Outdoor 2,36.0,frei,8
2026-05-20T00:59:01,2026-05-28,13:30,120,Outdoor 2,48.0,frei,8
2026-05-20T00:59:01,2026-05-28,13:30,150,Outdoor 2,60.0,frei,8
2026-05-20T00:59:01,2026-05-28,14:00,60,Outdoor 2,24.0,frei,8
2026-05-20T00:59:01,2026-05-28,14:00,90,Outdoor 2,36.0,frei,8
2026-05-20T00:59:01,2026-05-28,14:00,120,Outdoor 2,48.0,frei,8
2026-05-20T00:59:01,2026-05-28,14:30,60,Outdoor 2,24.0,frei,8
2026-05-20T00:59:01,2026-05-28,14:30,90,Outdoor 2,36.0,frei,8
2026-05-20T00:59:01,2026-05-28,14:30,150,Outdoor 2,72.0,frei,8
2026-05-20T00:59:01,2026-05-28,15:00,60,Outdoor 2,24.0,frei,8
2026-05-20T00:59:01,2026-05-28,15:00,120,Outdoor 2,60.0,frei,8
2026-05-20T00:59:01,2026-05-28,15:30,90,Outdoor 2,48.0,frei,8
2026-05-20T00:59:01,2026-05-28,16:00,60,Outdoor 2,36.0,frei,8
2026-05-20T00:59:01,2026-05-28,08:00,60,Indoor 1,30.0,frei,8
2026-05-20T00:59:01,2026-05-28,08:00,90,Indoor 1,45.0,frei,8
2026-05-20T00:59:01,2026-05-28,08:00,120,Indoor 1,60.0,frei,8
2026-05-20T00:59:01,2026-05-28,09:00,60,Indoor 1,30.0,frei,8
2026-05-20T00:59:01,2026-05-28,09:00,90,Indoor 1,45.0,frei,8
2026-05-20T00:59:01,2026-05-28,09:00,120,Indoor 1,60.0,frei,8
2026-05-20T00:59:01,2026-05-28,09:30,60,Indoor 1,30.0,frei,8
2026-05-20T00:59:01,2026-05-28,09:30,90,Indoor 1,45.0,frei,8
2026-05-20T00:59:01,2026-05-28,09:30,120,Indoor 1,60.0,frei,8
2026-05-20T00:59:01,2026-05-28,10:00,60,Indoor 1,30.0,frei,8
2026-05-20T00:59:01,2026-05-28,10:00,90,Indoor 1,45.0,frei,8
2026-05-20T00:59:01,2026-05-28,10:00,120,Indoor 1,60.0,frei,8
2026-05-20T00:59:01,2026-05-28,10:30,60,Indoor 1,30.0,frei,8
2026-05-20T00:59:01,2026-05-28,10:30,90,Indoor 1,45.0,frei,8
2026-05-20T00:59:01,2026-05-28,10:30,120,Indoor 1,60.0,frei,8
2026-05-20T00:59:01,2026-05-28,11:00,60,Indoor 1,30.0,frei,8
2026-05-20T00:59:01,2026-05-28,11:00,90,Indoor 1,45.0,frei,8
2026-05-20T00:59:01,2026-05-28,11:00,120,Indoor 1,60.0,frei,8
2026-05-20T00:59:01,2026-05-28,11:30,60,Indoor 1,30.0,frei,8
2026-05-20T00:59:01,2026-05-28,11:30,90,Indoor 1,45.0,frei,8
2026-05-20T00:59:01,2026-05-28,11:30,120,Indoor 1,60.0,frei,8
2026-05-20T00:59:01,2026-05-28,12:00,60,Indoor 1,30.0,frei,8
2026-05-20T00:59:01,2026-05-28,12:00,90,Indoor 1,45.0,frei,8
2026-05-20T00:59:01,2026-05-28,12:00,120,Indoor 1,60.0,frei,8
2026-05-20T00:59:01,2026-05-28,12:30,60,Indoor 1,30.0,frei,8
2026-05-20T00:59:01,2026-05-28,12:30,90,Indoor 1,45.0,frei,8
2026-05-20T00:59:01,2026-05-28,12:30,120,Indoor 1,60.0,frei,8
2026-05-20T00:59:01,2026-05-28,13:00,60,Indoor 1,30.0,frei,8
2026-05-20T00:59:01,2026-05-28,13:00,90,Indoor 1,45.0,frei,8
2026-05-20T00:59:01,2026-05-28,13:00,120,Indoor 1,60.0,frei,8
2026-05-20T00:59:01,2026-05-28,13:30,60,Indoor 1,30.0,frei,8
2026-05-20T00:59:01,2026-05-28,13:30,90,Indoor 1,45.0,frei,8
2026-05-20T00:59:01,2026-05-28,13:30,120,Indoor 1,60.0,frei,8
2026-05-20T00:59:01,2026-05-28,14:00,60,Indoor 1,30.0,frei,8
2026-05-20T00:59:01,2026-05-28,14:00,90,Indoor 1,45.0,frei,8
2026-05-20T00:59:01,2026-05-28,14:00,120,Indoor 1,60.0,frei,8
2026-05-20T00:59:01,2026-05-28,14:30,60,Indoor 1,30.0,frei,8
2026-05-20T00:59:01,2026-05-28,14:30,90,Indoor 1,45.0,frei,8
2026-05-20T00:59:01,2026-05-28,15:00,60,Indoor 1,30.0,frei,8
2026-05-20T00:59:01,2026-05-28,15:00,120,Indoor 1,72.0,frei,8
2026-05-20T00:59:01,2026-05-28,15:30,90,Indoor 1,57.0,frei,8
2026-05-20T00:59:01,2026-05-28,16:00,60,Indoor 1,42.0,frei,8
2026-05-20T00:59:01,2026-05-28,23:00,60,Indoor 1,30.0,frei,8
2026-05-20T00:59:01,2026-05-28,08:00,60,Outdoor 1,24.0,frei,8
2026-05-20T00:59:01,2026-05-28,08:00,90,Outdoor 1,36.0,frei,8
2026-05-20T00:59:01,2026-05-28,08:00,120,Outdoor 1,48.0,frei,8
2026-05-20T00:59:01,2026-05-28,08:00,150,Outdoor 1,60.0,frei,8
2026-05-20T00:59:01,2026-05-28,08:30,60,Outdoor 1,24.0,frei,8
2026-05-20T00:59:01,2026-05-28,08:30,90,Outdoor 1,36.0,frei,8
2026-05-20T00:59:01,2026-05-28,08:30,120,Outdoor 1,48.0,frei,8
2026-05-20T00:59:01,2026-05-28,08:30,150,Outdoor 1,60.0,frei,8
2026-05-20T00:59:01,2026-05-28,09:00,60,Outdoor 1,24.0,frei,8
2026-05-20T00:59:01,2026-05-28,09:00,90,Outdoor 1,36.0,frei,8
2026-05-20T00:59:01,2026-05-28,09:00,120,Outdoor 1,48.0,frei,8
2026-05-20T00:59:01,2026-05-28,09:00,150,Outdoor 1,60.0,frei,8
2026-05-20T00:59:01,2026-05-28,09:30,60,Outdoor 1,24.0,frei,8
2026-05-20T00:59:01,2026-05-28,09:30,90,Outdoor 1,36.0,frei,8
2026-05-20T00:59:01,2026-05-28,09:30,120,Outdoor 1,48.0,frei,8
2026-05-20T00:59:01,2026-05-28,09:30,150,Outdoor 1,60.0,frei,8
2026-05-20T00:59:01,2026-05-28,10:00,60,Outdoor 1,24.0,frei,8
2026-05-20T00:59:01,2026-05-28,10:00,90,Outdoor 1,36.0,frei,8
2026-05-20T00:59:01,2026-05-28,10:00,120,Outdoor 1,48.0,frei,8
2026-05-20T00:59:01,2026-05-28,10:00,150,Outdoor 1,60.0,frei,8
2026-05-20T00:59:01,2026-05-28,10:30,60,Outdoor 1,24.0,frei,8
2026-05-20T00:59:01,2026-05-28,10:30,90,Outdoor 1,36.0,frei,8
2026-05-20T00:59:01,2026-05-28,10:30,120,Outdoor 1,48.0,frei,8
2026-05-20T00:59:01,2026-05-28,10:30,150,Outdoor 1,60.0,frei,8
2026-05-20T00:59:01,2026-05-28,11:00,60,Outdoor 1,24.0,frei,8
2026-05-20T00:59:01,2026-05-28,11:00,90,Outdoor 1,36.0,frei,8
2026-05-20T00:59:01,2026-05-28,11:00,120,Outdoor 1,48.0,frei,8
2026-05-20T00:59:01,2026-05-28,11:00,150,Outdoor 1,60.0,frei,8
2026-05-20T00:59:01,2026-05-28,11:30,60,Outdoor 1,24.0,frei,8
2026-05-20T00:59:01,2026-05-28,11:30,90,Outdoor 1,36.0,frei,8
2026-05-20T00:59:01,2026-05-28,11:30,120,Outdoor 1,48.0,frei,8
2026-05-20T00:59:01,2026-05-28,11:30,150,Outdoor 1,60.0,frei,8
2026-05-20T00:59:01,2026-05-28,12:00,60,Outdoor 1,24.0,frei,8
2026-05-20T00:59:01,2026-05-28,12:00,90,Outdoor 1,36.0,frei,8
2026-05-20T00:59:01,2026-05-28,12:00,120,Outdoor 1,48.0,frei,8
2026-05-20T00:59:01,2026-05-28,12:00,150,Outdoor 1,60.0,frei,8
2026-05-20T00:59:01,2026-05-28,12:30,60,Outdoor 1,24.0,frei,8
2026-05-20T00:59:01,2026-05-28,12:30,90,Outdoor 1,36.0,frei,8
2026-05-20T00:59:01,2026-05-28,12:30,120,Outdoor 1,48.0,frei,8
2026-05-20T00:59:01,2026-05-28,12:30,150,Outdoor 1,60.0,frei,8
2026-05-20T00:59:01,2026-05-28,13:00,60,Outdoor 1,24.0,frei,8
2026-05-20T00:59:01,2026-05-28,13:00,90,Outdoor 1,36.0,frei,8
2026-05-20T00:59:01,2026-05-28,13:00,120,Outdoor 1,48.0,frei,8
2026-05-20T00:59:01,2026-05-28,13:00,150,Outdoor 1,60.0,frei,8
2026-05-20T00:59:01,2026-05-28,13:30,60,Outdoor 1,24.0,frei,8
2026-05-20T00:59:01,2026-05-28,13:30,90,Outdoor 1,36.0,frei,8
2026-05-20T00:59:01,2026-05-28,13:30,120,Outdoor 1,48.0,frei,8
2026-05-20T00:59:01,2026-05-28,13:30,150,Outdoor 1,60.0,frei,8
2026-05-20T00:59:01,2026-05-28,14:00,60,Outdoor 1,24.0,frei,8
2026-05-20T00:59:01,2026-05-28,14:00,90,Outdoor 1,36.0,frei,8
2026-05-20T00:59:01,2026-05-28,14:00,120,Outdoor 1,48.0,frei,8
2026-05-20T00:59:01,2026-05-28,14:30,60,Outdoor 1,24.0,frei,8
2026-05-20T00:59:01,2026-05-28,14:30,90,Outdoor 1,36.0,frei,8
2026-05-20T00:59:01,2026-05-28,14:30,150,Outdoor 1,72.0,frei,8
2026-05-20T00:59:01,2026-05-28,15:00,60,Outdoor 1,24.0,frei,8
2026-05-20T00:59:01,2026-05-28,15:00,120,Outdoor 1,60.0,frei,8
2026-05-20T00:59:01,2026-05-28,15:30,90,Outdoor 1,48.0,frei,8
2026-05-20T00:59:01,2026-05-28,16:00,60,Outdoor 1,36.0,frei,8
2026-05-20T00:59:01,2026-05-29,08:00,60,Indoor 3,30.0,frei,9
2026-05-20T00:59:01,2026-05-29,10:30,60,Indoor 3,30.0,frei,9
2026-05-20T00:59:01,2026-05-29,10:30,90,Indoor 3,45.0,frei,9
2026-05-20T00:59:01,2026-05-29,10:30,120,Indoor 3,60.0,frei,9
2026-05-20T00:59:01,2026-05-29,11:30,60,Indoor 3,30.0,frei,9
2026-05-20T00:59:01,2026-05-29,11:30,90,Indoor 3,45.0,frei,9
2026-05-20T00:59:01,2026-05-29,11:30,120,Indoor 3,60.0,frei,9
2026-05-20T00:59:01,2026-05-29,12:00,60,Indoor 3,30.0,frei,9
2026-05-20T00:59:01,2026-05-29,12:00,90,Indoor 3,45.0,frei,9
2026-05-20T00:59:01,2026-05-29,12:00,120,Indoor 3,60.0,frei,9
2026-05-20T00:59:01,2026-05-29,12:30,60,Indoor 3,30.0,frei,9
2026-05-20T00:59:01,2026-05-29,12:30,90,Indoor 3,45.0,frei,9
2026-05-20T00:59:01,2026-05-29,12:30,120,Indoor 3,60.0,frei,9
2026-05-20T00:59:01,2026-05-29,13:00,60,Indoor 3,30.0,frei,9
2026-05-20T00:59:01,2026-05-29,13:00,90,Indoor 3,45.0,frei,9
2026-05-20T00:59:01,2026-05-29,13:00,120,Indoor 3,60.0,frei,9
2026-05-20T00:59:01,2026-05-29,13:30,60,Indoor 3,30.0,frei,9
2026-05-20T00:59:01,2026-05-29,13:30,90,Indoor 3,45.0,frei,9
2026-05-20T00:59:01,2026-05-29,13:30,120,Indoor 3,60.0,frei,9
2026-05-20T00:59:01,2026-05-29,14:00,60,Indoor 3,30.0,frei,9
2026-05-20T00:59:01,2026-05-29,14:00,90,Indoor 3,45.0,frei,9
2026-05-20T00:59:01,2026-05-29,14:30,60,Indoor 3,30.0,frei,9
2026-05-20T00:59:01,2026-05-29,14:30,120,Indoor 3,66.0,frei,9
2026-05-20T00:59:01,2026-05-29,15:00,90,Indoor 3,51.0,frei,9
2026-05-20T00:59:01,2026-05-29,15:30,60,Indoor 3,36.0,frei,9
2026-05-20T00:59:01,2026-05-29,21:30,60,Indoor 3,42.0,frei,9
2026-05-20T00:59:01,2026-05-29,21:30,90,Indoor 3,57.0,frei,9
2026-05-20T00:59:01,2026-05-29,22:30,90,Indoor 3,45.0,frei,9
2026-05-20T00:59:01,2026-05-29,23:00,60,Indoor 3,30.0,frei,9
2026-05-20T00:59:01,2026-05-29,08:00,60,Outdoor 4,24.0,frei,9
2026-05-20T00:59:01,2026-05-29,08:00,90,Outdoor 4,36.0,frei,9
2026-05-20T00:59:01,2026-05-29,08:00,120,Outdoor 4,48.0,frei,9
2026-05-20T00:59:01,2026-05-29,08:00,150,Outdoor 4,60.0,frei,9
2026-05-20T00:59:01,2026-05-29,08:30,60,Outdoor 4,24.0,frei,9
2026-05-20T00:59:01,2026-05-29,08:30,90,Outdoor 4,36.0,frei,9
2026-05-20T00:59:01,2026-05-29,08:30,120,Outdoor 4,48.0,frei,9
2026-05-20T00:59:01,2026-05-29,08:30,150,Outdoor 4,60.0,frei,9
2026-05-20T00:59:01,2026-05-29,09:00,60,Outdoor 4,24.0,frei,9
2026-05-20T00:59:01,2026-05-29,09:00,90,Outdoor 4,36.0,frei,9
2026-05-20T00:59:01,2026-05-29,09:00,120,Outdoor 4,48.0,frei,9
2026-05-20T00:59:01,2026-05-29,09:00,150,Outdoor 4,60.0,frei,9
2026-05-20T00:59:01,2026-05-29,09:30,60,Outdoor 4,24.0,frei,9
2026-05-20T00:59:01,2026-05-29,09:30,90,Outdoor 4,36.0,frei,9
2026-05-20T00:59:01,2026-05-29,09:30,120,Outdoor 4,48.0,frei,9
2026-05-20T00:59:01,2026-05-29,09:30,150,Outdoor 4,60.0,frei,9
2026-05-20T00:59:01,2026-05-29,10:00,60,Outdoor 4,24.0,frei,9
2026-05-20T00:59:01,2026-05-29,10:00,90,Outdoor 4,36.0,frei,9
2026-05-20T00:59:01,2026-05-29,10:00,120,Outdoor 4,48.0,frei,9
2026-05-20T00:59:01,2026-05-29,10:00,150,Outdoor 4,60.0,frei,9
2026-05-20T00:59:01,2026-05-29,10:30,60,Outdoor 4,24.0,frei,9
2026-05-20T00:59:01,2026-05-29,10:30,90,Outdoor 4,36.0,frei,9
2026-05-20T00:59:01,2026-05-29,10:30,120,Outdoor 4,48.0,frei,9
2026-05-20T00:59:01,2026-05-29,10:30,150,Outdoor 4,60.0,frei,9
2026-05-20T00:59:01,2026-05-29,11:00,60,Outdoor 4,24.0,frei,9
2026-05-20T00:59:01,2026-05-29,11:00,90,Outdoor 4,36.0,frei,9
2026-05-20T00:59:01,2026-05-29,11:00,120,Outdoor 4,48.0,frei,9
2026-05-20T00:59:01,2026-05-29,11:00,150,Outdoor 4,60.0,frei,9
2026-05-20T00:59:01,2026-05-29,11:30,60,Outdoor 4,24.0,frei,9
2026-05-20T00:59:01,2026-05-29,11:30,90,Outdoor 4,36.0,frei,9
2026-05-20T00:59:01,2026-05-29,11:30,120,Outdoor 4,48.0,frei,9
2026-05-20T00:59:01,2026-05-29,11:30,150,Outdoor 4,60.0,frei,9
2026-05-20T00:59:01,2026-05-29,12:00,60,Outdoor 4,24.0,frei,9
2026-05-20T00:59:01,2026-05-29,12:00,90,Outdoor 4,36.0,frei,9
2026-05-20T00:59:01,2026-05-29,12:00,120,Outdoor 4,48.0,frei,9
2026-05-20T00:59:01,2026-05-29,12:00,150,Outdoor 4,60.0,frei,9
2026-05-20T00:59:01,2026-05-29,12:30,60,Outdoor 4,24.0,frei,9
2026-05-20T00:59:01,2026-05-29,12:30,90,Outdoor 4,36.0,frei,9
2026-05-20T00:59:01,2026-05-29,12:30,120,Outdoor 4,48.0,frei,9
2026-05-20T00:59:01,2026-05-29,12:30,150,Outdoor 4,60.0,frei,9
2026-05-20T00:59:01,2026-05-29,13:00,60,Outdoor 4,24.0,frei,9
2026-05-20T00:59:01,2026-05-29,13:00,90,Outdoor 4,36.0,frei,9
2026-05-20T00:59:01,2026-05-29,13:00,120,Outdoor 4,48.0,frei,9
2026-05-20T00:59:01,2026-05-29,13:30,60,Outdoor 4,24.0,frei,9
2026-05-20T00:59:01,2026-05-29,13:30,90,Outdoor 4,36.0,frei,9
2026-05-20T00:59:01,2026-05-29,13:30,150,Outdoor 4,60.0,frei,9
2026-05-20T00:59:01,2026-05-29,14:00,60,Outdoor 4,24.0,frei,9
2026-05-20T00:59:01,2026-05-29,14:00,120,Outdoor 4,48.0,frei,9
2026-05-20T00:59:01,2026-05-29,14:30,90,Outdoor 4,36.0,frei,9
2026-05-20T00:59:01,2026-05-29,15:00,60,Outdoor 4,24.0,frei,9
2026-05-20T00:59:01,2026-05-29,08:00,60,Indoor 4,30.0,frei,9
2026-05-20T00:59:01,2026-05-29,12:00,60,Indoor 4,30.0,frei,9
2026-05-20T00:59:01,2026-05-29,12:00,90,Indoor 4,45.0,frei,9
2026-05-20T00:59:01,2026-05-29,12:00,120,Indoor 4,60.0,frei,9
2026-05-20T00:59:01,2026-05-29,13:00,60,Indoor 4,30.0,frei,9
2026-05-20T00:59:01,2026-05-29,13:00,90,Indoor 4,45.0,frei,9
2026-05-20T00:59:01,2026-05-29,13:00,120,Indoor 4,60.0,frei,9
2026-05-20T00:59:01,2026-05-29,13:30,60,Indoor 4,30.0,frei,9
2026-05-20T00:59:01,2026-05-29,13:30,90,Indoor 4,45.0,frei,9
2026-05-20T00:59:01,2026-05-29,13:30,120,Indoor 4,60.0,frei,9
2026-05-20T00:59:01,2026-05-29,14:00,60,Indoor 4,30.0,frei,9
2026-05-20T00:59:01,2026-05-29,14:00,90,Indoor 4,45.0,frei,9
2026-05-20T00:59:01,2026-05-29,14:30,60,Indoor 4,30.0,frei,9
2026-05-20T00:59:01,2026-05-29,14:30,120,Indoor 4,66.0,frei,9
2026-05-20T00:59:01,2026-05-29,15:00,90,Indoor 4,51.0,frei,9
2026-05-20T00:59:01,2026-05-29,15:30,60,Indoor 4,36.0,frei,9
2026-05-20T00:59:01,2026-05-29,21:30,60,Indoor 4,42.0,frei,9
2026-05-20T00:59:01,2026-05-29,21:30,90,Indoor 4,57.0,frei,9
2026-05-20T00:59:01,2026-05-29,22:30,90,Indoor 4,45.0,frei,9
2026-05-20T00:59:01,2026-05-29,23:00,60,Indoor 4,30.0,frei,9
2026-05-20T00:59:01,2026-05-29,09:30,60,Single Indoor,22.0,frei,9
2026-05-20T00:59:01,2026-05-29,09:30,90,Single Indoor,33.0,frei,9
2026-05-20T00:59:01,2026-05-29,09:30,120,Single Indoor,44.0,frei,9
2026-05-20T00:59:01,2026-05-29,10:30,60,Single Indoor,22.0,frei,9
2026-05-20T00:59:01,2026-05-29,10:30,90,Single Indoor,33.0,frei,9
2026-05-20T00:59:01,2026-05-29,10:30,120,Single Indoor,44.0,frei,9
2026-05-20T00:59:01,2026-05-29,11:00,60,Single Indoor,22.0,frei,9
2026-05-20T00:59:01,2026-05-29,11:00,90,Single Indoor,33.0,frei,9
2026-05-20T00:59:01,2026-05-29,11:00,120,Single Indoor,44.0,frei,9
2026-05-20T00:59:01,2026-05-29,11:30,60,Single Indoor,22.0,frei,9
2026-05-20T00:59:01,2026-05-29,11:30,90,Single Indoor,33.0,frei,9
2026-05-20T00:59:01,2026-05-29,11:30,120,Single Indoor,44.0,frei,9
2026-05-20T00:59:01,2026-05-29,12:00,60,Single Indoor,22.0,frei,9
2026-05-20T00:59:01,2026-05-29,12:00,90,Single Indoor,33.0,frei,9
2026-05-20T00:59:01,2026-05-29,12:00,120,Single Indoor,44.0,frei,9
2026-05-20T00:59:01,2026-05-29,12:30,60,Single Indoor,22.0,frei,9
2026-05-20T00:59:01,2026-05-29,12:30,90,Single Indoor,33.0,frei,9
2026-05-20T00:59:01,2026-05-29,12:30,120,Single Indoor,44.0,frei,9
2026-05-20T00:59:01,2026-05-29,13:00,60,Single Indoor,22.0,frei,9
2026-05-20T00:59:01,2026-05-29,13:00,90,Single Indoor,33.0,frei,9
2026-05-20T00:59:01,2026-05-29,13:00,120,Single Indoor,44.0,frei,9
2026-05-20T00:59:01,2026-05-29,13:30,60,Single Indoor,22.0,frei,9
2026-05-20T00:59:01,2026-05-29,13:30,90,Single Indoor,33.0,frei,9
2026-05-20T00:59:01,2026-05-29,14:00,60,Single Indoor,22.0,frei,9
2026-05-20T00:59:01,2026-05-29,14:00,120,Single Indoor,44.0,frei,9
2026-05-20T00:59:01,2026-05-29,14:30,90,Single Indoor,33.0,frei,9
2026-05-20T00:59:01,2026-05-29,15:00,60,Single Indoor,22.0,frei,9
2026-05-20T00:59:01,2026-05-29,22:00,60,Single Indoor,26.0,frei,9
2026-05-20T00:59:01,2026-05-29,22:00,120,Single Indoor,48.0,frei,9
2026-05-20T00:59:01,2026-05-29,23:00,60,Single Indoor,22.0,frei,9
2026-05-20T00:59:01,2026-05-29,08:00,60,Outdoor 3,24.0,frei,9
2026-05-20T00:59:01,2026-05-29,10:30,60,Outdoor 3,24.0,frei,9
2026-05-20T00:59:01,2026-05-29,10:30,90,Outdoor 3,36.0,frei,9
2026-05-20T00:59:01,2026-05-29,10:30,120,Outdoor 3,48.0,frei,9
2026-05-20T00:59:01,2026-05-29,10:30,150,Outdoor 3,60.0,frei,9
2026-05-20T00:59:01,2026-05-29,11:30,60,Outdoor 3,24.0,frei,9
2026-05-20T00:59:01,2026-05-29,11:30,90,Outdoor 3,36.0,frei,9
2026-05-20T00:59:01,2026-05-29,11:30,120,Outdoor 3,48.0,frei,9
2026-05-20T00:59:01,2026-05-29,12:00,60,Outdoor 3,24.0,frei,9
2026-05-20T00:59:01,2026-05-29,12:00,90,Outdoor 3,36.0,frei,9
2026-05-20T00:59:01,2026-05-29,12:00,150,Outdoor 3,60.0,frei,9
2026-05-20T00:59:01,2026-05-29,12:30,60,Outdoor 3,24.0,frei,9
2026-05-20T00:59:01,2026-05-29,12:30,120,Outdoor 3,48.0,frei,9
2026-05-20T00:59:01,2026-05-29,13:00,90,Outdoor 3,36.0,frei,9
2026-05-20T00:59:01,2026-05-29,13:30,60,Outdoor 3,24.0,frei,9
2026-05-20T00:59:01,2026-05-29,21:00,60,Outdoor 3,36.0,frei,9
2026-05-20T00:59:01,2026-05-29,08:00,60,Outdoor 2,24.0,frei,9
2026-05-20T00:59:01,2026-05-29,08:00,90,Outdoor 2,36.0,frei,9
2026-05-20T00:59:01,2026-05-29,08:00,120,Outdoor 2,48.0,frei,9
2026-05-20T00:59:01,2026-05-29,08:00,150,Outdoor 2,60.0,frei,9
2026-05-20T00:59:01,2026-05-29,08:30,60,Outdoor 2,24.0,frei,9
2026-05-20T00:59:01,2026-05-29,08:30,90,Outdoor 2,36.0,frei,9
2026-05-20T00:59:01,2026-05-29,08:30,120,Outdoor 2,48.0,frei,9
2026-05-20T00:59:01,2026-05-29,08:30,150,Outdoor 2,60.0,frei,9
2026-05-20T00:59:01,2026-05-29,09:00,60,Outdoor 2,24.0,frei,9
2026-05-20T00:59:01,2026-05-29,09:00,90,Outdoor 2,36.0,frei,9
2026-05-20T00:59:01,2026-05-29,09:00,120,Outdoor 2,48.0,frei,9
2026-05-20T00:59:01,2026-05-29,09:00,150,Outdoor 2,60.0,frei,9
2026-05-20T00:59:01,2026-05-29,09:30,60,Outdoor 2,24.0,frei,9
2026-05-20T00:59:01,2026-05-29,09:30,90,Outdoor 2,36.0,frei,9
2026-05-20T00:59:01,2026-05-29,09:30,120,Outdoor 2,48.0,frei,9
2026-05-20T00:59:01,2026-05-29,09:30,150,Outdoor 2,60.0,frei,9
2026-05-20T00:59:01,2026-05-29,10:00,60,Outdoor 2,24.0,frei,9
2026-05-20T00:59:01,2026-05-29,10:00,90,Outdoor 2,36.0,frei,9
2026-05-20T00:59:01,2026-05-29,10:00,120,Outdoor 2,48.0,frei,9
2026-05-20T00:59:01,2026-05-29,10:00,150,Outdoor 2,60.0,frei,9
2026-05-20T00:59:01,2026-05-29,10:30,60,Outdoor 2,24.0,frei,9
2026-05-20T00:59:01,2026-05-29,10:30,90,Outdoor 2,36.0,frei,9
2026-05-20T00:59:01,2026-05-29,10:30,120,Outdoor 2,48.0,frei,9
2026-05-20T00:59:01,2026-05-29,10:30,150,Outdoor 2,60.0,frei,9
2026-05-20T00:59:01,2026-05-29,11:00,60,Outdoor 2,24.0,frei,9
2026-05-20T00:59:01,2026-05-29,11:00,90,Outdoor 2,36.0,frei,9
2026-05-20T00:59:01,2026-05-29,11:00,120,Outdoor 2,48.0,frei,9
2026-05-20T00:59:01,2026-05-29,11:00,150,Outdoor 2,60.0,frei,9
2026-05-20T00:59:01,2026-05-29,11:30,60,Outdoor 2,24.0,frei,9
2026-05-20T00:59:01,2026-05-29,11:30,90,Outdoor 2,36.0,frei,9
2026-05-20T00:59:01,2026-05-29,11:30,120,Outdoor 2,48.0,frei,9
2026-05-20T00:59:01,2026-05-29,11:30,150,Outdoor 2,60.0,frei,9
2026-05-20T00:59:01,2026-05-29,12:00,60,Outdoor 2,24.0,frei,9
2026-05-20T00:59:01,2026-05-29,12:00,90,Outdoor 2,36.0,frei,9
2026-05-20T00:59:01,2026-05-29,12:00,120,Outdoor 2,48.0,frei,9
2026-05-20T00:59:01,2026-05-29,12:00,150,Outdoor 2,60.0,frei,9
2026-05-20T00:59:01,2026-05-29,12:30,60,Outdoor 2,24.0,frei,9
2026-05-20T00:59:01,2026-05-29,12:30,90,Outdoor 2,36.0,frei,9
2026-05-20T00:59:01,2026-05-29,12:30,120,Outdoor 2,48.0,frei,9
2026-05-20T00:59:01,2026-05-29,12:30,150,Outdoor 2,60.0,frei,9
2026-05-20T00:59:01,2026-05-29,13:00,60,Outdoor 2,24.0,frei,9
2026-05-20T00:59:01,2026-05-29,13:00,90,Outdoor 2,36.0,frei,9
2026-05-20T00:59:01,2026-05-29,13:00,120,Outdoor 2,48.0,frei,9
2026-05-20T00:59:01,2026-05-29,13:30,60,Outdoor 2,24.0,frei,9
2026-05-20T00:59:01,2026-05-29,13:30,90,Outdoor 2,36.0,frei,9
2026-05-20T00:59:01,2026-05-29,13:30,150,Outdoor 2,60.0,frei,9
2026-05-20T00:59:01,2026-05-29,14:00,60,Outdoor 2,24.0,frei,9
2026-05-20T00:59:01,2026-05-29,14:00,120,Outdoor 2,48.0,frei,9
2026-05-20T00:59:01,2026-05-29,14:30,90,Outdoor 2,36.0,frei,9
2026-05-20T00:59:01,2026-05-29,15:00,60,Outdoor 2,24.0,frei,9
2026-05-20T00:59:01,2026-05-29,08:00,60,Indoor 2,30.0,frei,9
2026-05-20T00:59:01,2026-05-29,10:30,60,Indoor 2,30.0,frei,9
2026-05-20T00:59:01,2026-05-29,10:30,90,Indoor 2,45.0,frei,9
2026-05-20T00:59:01,2026-05-29,10:30,120,Indoor 2,60.0,frei,9
2026-05-20T00:59:01,2026-05-29,11:30,60,Indoor 2,30.0,frei,9
2026-05-20T00:59:01,2026-05-29,11:30,90,Indoor 2,45.0,frei,9
2026-05-20T00:59:01,2026-05-29,11:30,120,Indoor 2,60.0,frei,9
2026-05-20T00:59:01,2026-05-29,12:00,60,Indoor 2,30.0,frei,9
2026-05-20T00:59:01,2026-05-29,12:00,90,Indoor 2,45.0,frei,9
2026-05-20T00:59:01,2026-05-29,12:00,120,Indoor 2,60.0,frei,9
2026-05-20T00:59:01,2026-05-29,12:30,60,Indoor 2,30.0,frei,9
2026-05-20T00:59:01,2026-05-29,12:30,90,Indoor 2,45.0,frei,9
2026-05-20T00:59:01,2026-05-29,12:30,120,Indoor 2,60.0,frei,9
2026-05-20T00:59:01,2026-05-29,13:00,60,Indoor 2,30.0,frei,9
2026-05-20T00:59:01,2026-05-29,13:00,90,Indoor 2,45.0,frei,9
2026-05-20T00:59:01,2026-05-29,13:00,120,Indoor 2,60.0,frei,9
2026-05-20T00:59:01,2026-05-29,13:30,60,Indoor 2,30.0,frei,9
2026-05-20T00:59:01,2026-05-29,13:30,90,Indoor 2,45.0,frei,9
2026-05-20T00:59:01,2026-05-29,14:00,60,Indoor 2,30.0,frei,9
2026-05-20T00:59:01,2026-05-29,14:00,120,Indoor 2,60.0,frei,9
2026-05-20T00:59:01,2026-05-29,14:30,90,Indoor 2,45.0,frei,9
2026-05-20T00:59:01,2026-05-29,15:00,60,Indoor 2,30.0,frei,9
2026-05-20T00:59:01,2026-05-29,21:30,60,Indoor 2,42.0,frei,9
2026-05-20T00:59:01,2026-05-29,21:30,90,Indoor 2,57.0,frei,9
2026-05-20T00:59:01,2026-05-29,22:30,90,Indoor 2,45.0,frei,9
2026-05-20T00:59:01,2026-05-29,23:00,60,Indoor 2,30.0,frei,9
2026-05-20T00:59:01,2026-05-29,08:00,60,Outdoor 1,24.0,frei,9
2026-05-20T00:59:01,2026-05-29,10:30,60,Outdoor 1,24.0,frei,9
2026-05-20T00:59:01,2026-05-29,10:30,90,Outdoor 1,36.0,frei,9
2026-05-20T00:59:01,2026-05-29,10:30,120,Outdoor 1,48.0,frei,9
2026-05-20T00:59:01,2026-05-29,10:30,150,Outdoor 1,60.0,frei,9
2026-05-20T00:59:01,2026-05-29,11:30,60,Outdoor 1,24.0,frei,9
2026-05-20T00:59:01,2026-05-29,11:30,90,Outdoor 1,36.0,frei,9
2026-05-20T00:59:01,2026-05-29,11:30,120,Outdoor 1,48.0,frei,9
2026-05-20T00:59:01,2026-05-29,11:30,150,Outdoor 1,60.0,frei,9
2026-05-20T00:59:01,2026-05-29,12:00,60,Outdoor 1,24.0,frei,9
2026-05-20T00:59:01,2026-05-29,12:00,90,Outdoor 1,36.0,frei,9
2026-05-20T00:59:01,2026-05-29,12:00,120,Outdoor 1,48.0,frei,9
2026-05-20T00:59:01,2026-05-29,12:00,150,Outdoor 1,60.0,frei,9
2026-05-20T00:59:01,2026-05-29,12:30,60,Outdoor 1,24.0,frei,9
2026-05-20T00:59:01,2026-05-29,12:30,90,Outdoor 1,36.0,frei,9
2026-05-20T00:59:01,2026-05-29,12:30,120,Outdoor 1,48.0,frei,9
2026-05-20T00:59:01,2026-05-29,13:00,60,Outdoor 1,24.0,frei,9
2026-05-20T00:59:01,2026-05-29,13:00,90,Outdoor 1,36.0,frei,9
2026-05-20T00:59:01,2026-05-29,13:00,150,Outdoor 1,60.0,frei,9
2026-05-20T00:59:01,2026-05-29,13:30,60,Outdoor 1,24.0,frei,9
2026-05-20T00:59:01,2026-05-29,13:30,120,Outdoor 1,48.0,frei,9
2026-05-20T00:59:01,2026-05-29,14:00,90,Outdoor 1,36.0,frei,9
2026-05-20T00:59:01,2026-05-29,14:30,60,Outdoor 1,24.0,frei,9
2026-05-20T00:59:01,2026-05-29,08:00,60,Indoor 1,30.0,frei,9
2026-05-20T00:59:01,2026-05-29,10:30,60,Indoor 1,30.0,frei,9
2026-05-20T00:59:01,2026-05-29,10:30,90,Indoor 1,45.0,frei,9
2026-05-20T00:59:01,2026-05-29,10:30,120,Indoor 1,60.0,frei,9
2026-05-20T00:59:01,2026-05-29,11:30,60,Indoor 1,30.0,frei,9
2026-05-20T00:59:01,2026-05-29,11:30,90,Indoor 1,45.0,frei,9
2026-05-20T00:59:01,2026-05-29,11:30,120,Indoor 1,60.0,frei,9
2026-05-20T00:59:01,2026-05-29,12:00,60,Indoor 1,30.0,frei,9
2026-05-20T00:59:01,2026-05-29,12:00,90,Indoor 1,45.0,frei,9
2026-05-20T00:59:01,2026-05-29,12:00,120,Indoor 1,60.0,frei,9
2026-05-20T00:59:01,2026-05-29,12:30,60,Indoor 1,30.0,frei,9
2026-05-20T00:59:01,2026-05-29,12:30,90,Indoor 1,45.0,frei,9
2026-05-20T00:59:01,2026-05-29,12:30,120,Indoor 1,60.0,frei,9
2026-05-20T00:59:01,2026-05-29,13:00,60,Indoor 1,30.0,frei,9
2026-05-20T00:59:01,2026-05-29,13:00,90,Indoor 1,45.0,frei,9
2026-05-20T00:59:01,2026-05-29,13:00,120,Indoor 1,60.0,frei,9
2026-05-20T00:59:01,2026-05-29,13:30,60,Indoor 1,30.0,frei,9
2026-05-20T00:59:01,2026-05-29,13:30,90,Indoor 1,45.0,frei,9
2026-05-20T00:59:01,2026-05-29,14:00,60,Indoor 1,30.0,frei,9
2026-05-20T00:59:01,2026-05-29,14:00,120,Indoor 1,60.0,frei,9
2026-05-20T00:59:01,2026-05-29,14:30,90,Indoor 1,45.0,frei,9
2026-05-20T00:59:01,2026-05-29,15:00,60,Indoor 1,30.0,frei,9
2026-05-20T00:59:01,2026-05-29,22:00,60,Indoor 1,36.0,frei,9
2026-05-20T00:59:01,2026-05-29,22:00,120,Indoor 1,66.0,frei,9
2026-05-20T00:59:01,2026-05-29,23:00,60,Indoor 1,30.0,frei,9
2026-05-20T00:59:01,2026-05-30,08:00,60,Outdoor 3,36.0,frei,10
2026-05-20T00:59:01,2026-05-30,16:30,90,Outdoor 3,54.0,frei,10
2026-05-20T00:59:01,2026-05-30,19:00,60,Outdoor 3,36.0,frei,10
2026-05-20T00:59:01,2026-05-30,19:00,90,Outdoor 3,54.0,frei,10
2026-05-20T00:59:01,2026-05-30,19:00,120,Outdoor 3,72.0,frei,10
2026-05-20T00:59:01,2026-05-30,20:00,60,Outdoor 3,36.0,frei,10
2026-05-20T00:59:01,2026-05-30,20:00,120,Outdoor 3,72.0,frei,10
2026-05-20T00:59:01,2026-05-30,20:30,90,Outdoor 3,54.0,frei,10
2026-05-20T00:59:01,2026-05-30,21:00,60,Outdoor 3,36.0,frei,10
2026-05-20T00:59:01,2026-05-30,08:00,60,Outdoor 4,36.0,frei,10
2026-05-20T00:59:01,2026-05-30,08:00,120,Outdoor 4,72.0,frei,10
2026-05-20T00:59:01,2026-05-30,08:30,90,Outdoor 4,54.0,frei,10
2026-05-20T00:59:01,2026-05-30,09:00,60,Outdoor 4,36.0,frei,10
2026-05-20T00:59:01,2026-05-30,14:00,60,Outdoor 4,36.0,frei,10
2026-05-20T00:59:01,2026-05-30,14:00,120,Outdoor 4,72.0,frei,10
2026-05-20T00:59:01,2026-05-30,15:00,60,Outdoor 4,36.0,frei,10
2026-05-20T00:59:01,2026-05-30,17:30,60,Outdoor 4,36.0,frei,10
2026-05-20T00:59:01,2026-05-30,17:30,90,Outdoor 4,54.0,frei,10
2026-05-20T00:59:01,2026-05-30,17:30,120,Outdoor 4,72.0,frei,10
2026-05-20T00:59:01,2026-05-30,17:30,150,Outdoor 4,90.0,frei,10
2026-05-20T00:59:01,2026-05-30,18:30,60,Outdoor 4,36.0,frei,10
2026-05-20T00:59:01,2026-05-30,18:30,90,Outdoor 4,54.0,frei,10
2026-05-20T00:59:01,2026-05-30,18:30,120,Outdoor 4,72.0,frei,10
2026-05-20T00:59:01,2026-05-30,18:30,150,Outdoor 4,90.0,frei,10
2026-05-20T00:59:01,2026-05-30,19:00,60,Outdoor 4,36.0,frei,10
2026-05-20T00:59:01,2026-05-30,19:00,90,Outdoor 4,54.0,frei,10
2026-05-20T00:59:01,2026-05-30,19:00,120,Outdoor 4,72.0,frei,10
2026-05-20T00:59:01,2026-05-30,19:30,60,Outdoor 4,36.0,frei,10
2026-05-20T00:59:01,2026-05-30,19:30,90,Outdoor 4,54.0,frei,10
2026-05-20T00:59:01,2026-05-30,19:30,150,Outdoor 4,90.0,frei,10
2026-05-20T00:59:01,2026-05-30,20:00,60,Outdoor 4,36.0,frei,10
2026-05-20T00:59:01,2026-05-30,20:00,120,Outdoor 4,72.0,frei,10
2026-05-20T00:59:01,2026-05-30,20:30,90,Outdoor 4,54.0,frei,10
2026-05-20T00:59:01,2026-05-30,21:00,60,Outdoor 4,36.0,frei,10
2026-05-20T00:59:01,2026-05-30,08:00,60,Indoor 3,42.0,frei,10
2026-05-20T00:59:01,2026-05-30,08:00,120,Indoor 3,84.0,frei,10
2026-05-20T00:59:01,2026-05-30,09:00,60,Indoor 3,42.0,frei,10
2026-05-20T00:59:01,2026-05-30,08:00,90,Indoor 4,63.0,frei,10
2026-05-20T00:59:01,2026-05-30,21:30,60,Indoor 4,42.0,frei,10
2026-05-20T00:59:01,2026-05-30,21:30,90,Indoor 4,57.0,frei,10
2026-05-20T00:59:01,2026-05-30,22:30,90,Indoor 4,45.0,frei,10
2026-05-20T00:59:01,2026-05-30,23:00,60,Indoor 4,30.0,frei,10
2026-05-20T00:59:01,2026-05-30,08:00,60,Single Indoor,30.0,frei,10
2026-05-20T00:59:01,2026-05-30,10:00,90,Single Indoor,45.0,frei,10
2026-05-20T00:59:01,2026-05-30,13:00,60,Single Indoor,30.0,frei,10
2026-05-20T00:59:01,2026-05-30,13:00,90,Single Indoor,45.0,frei,10
2026-05-20T00:59:01,2026-05-30,13:00,120,Single Indoor,60.0,frei,10
2026-05-20T00:59:01,2026-05-30,14:00,60,Single Indoor,30.0,frei,10
2026-05-20T00:59:01,2026-05-30,14:00,90,Single Indoor,45.0,frei,10
2026-05-20T00:59:01,2026-05-30,14:00,120,Single Indoor,60.0,frei,10
2026-05-20T00:59:01,2026-05-30,14:30,60,Single Indoor,30.0,frei,10
2026-05-20T00:59:01,2026-05-30,14:30,90,Single Indoor,45.0,frei,10
2026-05-20T00:59:01,2026-05-30,14:30,120,Single Indoor,60.0,frei,10
2026-05-20T00:59:01,2026-05-30,15:00,60,Single Indoor,30.0,frei,10
2026-05-20T00:59:01,2026-05-30,15:00,90,Single Indoor,45.0,frei,10
2026-05-20T00:59:01,2026-05-30,15:00,120,Single Indoor,60.0,frei,10
2026-05-20T00:59:01,2026-05-30,15:30,60,Single Indoor,30.0,frei,10
2026-05-20T00:59:01,2026-05-30,15:30,90,Single Indoor,45.0,frei,10
2026-05-20T00:59:01,2026-05-30,15:30,120,Single Indoor,60.0,frei,10
2026-05-20T00:59:01,2026-05-30,16:00,60,Single Indoor,30.0,frei,10
2026-05-20T00:59:01,2026-05-30,16:00,90,Single Indoor,45.0,frei,10
2026-05-20T00:59:01,2026-05-30,16:00,120,Single Indoor,60.0,frei,10
2026-05-20T00:59:01,2026-05-30,16:30,60,Single Indoor,30.0,frei,10
2026-05-20T00:59:01,2026-05-30,16:30,90,Single Indoor,45.0,frei,10
2026-05-20T00:59:01,2026-05-30,16:30,120,Single Indoor,60.0,frei,10
2026-05-20T00:59:01,2026-05-30,17:00,60,Single Indoor,30.0,frei,10
2026-05-20T00:59:01,2026-05-30,17:00,90,Single Indoor,45.0,frei,10
2026-05-20T00:59:01,2026-05-30,17:00,120,Single Indoor,60.0,frei,10
2026-05-20T00:59:01,2026-05-30,17:30,60,Single Indoor,30.0,frei,10
2026-05-20T00:59:01,2026-05-30,17:30,90,Single Indoor,45.0,frei,10
2026-05-20T00:59:01,2026-05-30,17:30,120,Single Indoor,60.0,frei,10
2026-05-20T00:59:01,2026-05-30,18:00,60,Single Indoor,30.0,frei,10
2026-05-20T00:59:01,2026-05-30,18:00,90,Single Indoor,45.0,frei,10
2026-05-20T00:59:01,2026-05-30,18:00,120,Single Indoor,60.0,frei,10
2026-05-20T00:59:01,2026-05-30,18:30,60,Single Indoor,30.0,frei,10
2026-05-20T00:59:01,2026-05-30,18:30,90,Single Indoor,45.0,frei,10
2026-05-20T00:59:01,2026-05-30,18:30,120,Single Indoor,60.0,frei,10
2026-05-20T00:59:01,2026-05-30,19:00,60,Single Indoor,30.0,frei,10
2026-05-20T00:59:01,2026-05-30,19:00,90,Single Indoor,45.0,frei,10
2026-05-20T00:59:01,2026-05-30,19:00,120,Single Indoor,60.0,frei,10
2026-05-20T00:59:01,2026-05-30,19:30,60,Single Indoor,30.0,frei,10
2026-05-20T00:59:01,2026-05-30,19:30,90,Single Indoor,45.0,frei,10
2026-05-20T00:59:01,2026-05-30,19:30,120,Single Indoor,60.0,frei,10
2026-05-20T00:59:01,2026-05-30,20:00,60,Single Indoor,30.0,frei,10
2026-05-20T00:59:01,2026-05-30,20:00,90,Single Indoor,45.0,frei,10
2026-05-20T00:59:01,2026-05-30,20:00,120,Single Indoor,60.0,frei,10
2026-05-20T00:59:01,2026-05-30,20:30,60,Single Indoor,30.0,frei,10
2026-05-20T00:59:01,2026-05-30,20:30,90,Single Indoor,45.0,frei,10
2026-05-20T00:59:01,2026-05-30,20:30,120,Single Indoor,60.0,frei,10
2026-05-20T00:59:01,2026-05-30,21:00,60,Single Indoor,30.0,frei,10
2026-05-20T00:59:01,2026-05-30,21:00,90,Single Indoor,45.0,frei,10
2026-05-20T00:59:01,2026-05-30,21:00,120,Single Indoor,60.0,frei,10
2026-05-20T00:59:01,2026-05-30,21:30,60,Single Indoor,30.0,frei,10
2026-05-20T00:59:01,2026-05-30,21:30,90,Single Indoor,45.0,frei,10
2026-05-20T00:59:01,2026-05-30,22:00,60,Single Indoor,30.0,frei,10
2026-05-20T00:59:01,2026-05-30,22:00,120,Single Indoor,60.0,frei,10
2026-05-20T00:59:01,2026-05-30,22:30,90,Single Indoor,45.0,frei,10
2026-05-20T00:59:01,2026-05-30,23:00,60,Single Indoor,30.0,frei,10
2026-05-20T00:59:01,2026-05-30,08:00,60,Outdoor 2,36.0,frei,10
2026-05-20T00:59:01,2026-05-30,08:00,120,Outdoor 2,72.0,frei,10
2026-05-20T00:59:01,2026-05-30,08:30,90,Outdoor 2,54.0,frei,10
2026-05-20T00:59:01,2026-05-30,09:00,60,Outdoor 2,36.0,frei,10
2026-05-20T00:59:01,2026-05-30,16:30,60,Outdoor 2,36.0,frei,10
2026-05-20T00:59:01,2026-05-30,16:30,120,Outdoor 2,72.0,frei,10
2026-05-20T00:59:01,2026-05-30,17:30,60,Outdoor 2,36.0,frei,10
2026-05-20T00:59:01,2026-05-30,20:00,60,Outdoor 2,36.0,frei,10
2026-05-20T00:59:01,2026-05-30,20:00,120,Outdoor 2,72.0,frei,10
2026-05-20T00:59:01,2026-05-30,21:00,60,Outdoor 2,36.0,frei,10
2026-05-20T00:59:01,2026-05-30,08:00,60,Indoor 2,42.0,frei,10
2026-05-20T00:59:01,2026-05-30,08:00,120,Indoor 2,84.0,frei,10
2026-05-20T00:59:01,2026-05-30,09:00,60,Indoor 2,42.0,frei,10
2026-05-20T00:59:01,2026-05-30,12:00,60,Indoor 2,42.0,frei,10
2026-05-20T00:59:01,2026-05-30,12:00,120,Indoor 2,84.0,frei,10
2026-05-20T00:59:01,2026-05-30,13:00,60,Indoor 2,42.0,frei,10
2026-05-20T00:59:01,2026-05-30,08:00,90,Outdoor 1,54.0,frei,10
2026-05-20T00:59:01,2026-05-30,08:30,60,Outdoor 1,36.0,frei,10
2026-05-20T00:59:01,2026-05-30,17:30,60,Outdoor 1,36.0,frei,10
2026-05-20T00:59:01,2026-05-30,17:30,90,Outdoor 1,54.0,frei,10
2026-05-20T00:59:01,2026-05-30,17:30,120,Outdoor 1,72.0,frei,10
2026-05-20T00:59:01,2026-05-30,17:30,150,Outdoor 1,90.0,frei,10
2026-05-20T00:59:01,2026-05-30,18:30,60,Outdoor 1,36.0,frei,10
2026-05-20T00:59:01,2026-05-30,18:30,90,Outdoor 1,54.0,frei,10
2026-05-20T00:59:01,2026-05-30,18:30,120,Outdoor 1,72.0,frei,10
2026-05-20T00:59:01,2026-05-30,18:30,150,Outdoor 1,90.0,frei,10
2026-05-20T00:59:01,2026-05-30,19:00,60,Outdoor 1,36.0,frei,10
2026-05-20T00:59:01,2026-05-30,19:00,90,Outdoor 1,54.0,frei,10
2026-05-20T00:59:01,2026-05-30,19:00,120,Outdoor 1,72.0,frei,10
2026-05-20T00:59:01,2026-05-30,19:30,60,Outdoor 1,36.0,frei,10
2026-05-20T00:59:01,2026-05-30,19:30,90,Outdoor 1,54.0,frei,10
2026-05-20T00:59:01,2026-05-30,19:30,150,Outdoor 1,90.0,frei,10
2026-05-20T00:59:01,2026-05-30,20:00,60,Outdoor 1,36.0,frei,10
2026-05-20T00:59:01,2026-05-30,20:00,120,Outdoor 1,72.0,frei,10
2026-05-20T00:59:01,2026-05-30,20:30,90,Outdoor 1,54.0,frei,10
2026-05-20T00:59:01,2026-05-30,21:00,60,Outdoor 1,36.0,frei,10
2026-05-20T00:59:01,2026-05-30,08:00,90,Indoor 1,63.0,frei,10
2026-05-20T00:59:01,2026-05-31,08:00,60,Outdoor 4,36.0,frei,11
2026-05-20T00:59:01,2026-05-31,08:00,60,Outdoor 3,36.0,frei,11
2026-05-20T00:59:01,2026-05-31,08:00,60,Indoor 3,42.0,frei,11
2026-05-20T00:59:01,2026-05-31,08:00,60,Indoor 2,42.0,frei,11
2026-05-20T00:59:01,2026-05-31,08:00,60,Indoor 4,42.0,frei,11
2026-05-20T00:59:01,2026-05-31,08:00,60,Single Indoor,30.0,frei,11
2026-05-20T00:59:01,2026-05-31,10:00,60,Single Indoor,30.0,frei,11
2026-05-20T00:59:01,2026-05-31,12:00,60,Single Indoor,30.0,frei,11
2026-05-20T00:59:01,2026-05-31,18:30,60,Single Indoor,30.0,frei,11
2026-05-20T00:59:01,2026-05-31,18:30,90,Single Indoor,45.0,frei,11
2026-05-20T00:59:01,2026-05-31,18:30,120,Single Indoor,60.0,frei,11
2026-05-20T00:59:01,2026-05-31,19:30,60,Single Indoor,30.0,frei,11
2026-05-20T00:59:01,2026-05-31,19:30,90,Single Indoor,45.0,frei,11
2026-05-20T00:59:01,2026-05-31,19:30,120,Single Indoor,60.0,frei,11
2026-05-20T00:59:01,2026-05-31,20:00,60,Single Indoor,30.0,frei,11
2026-05-20T00:59:01,2026-05-31,20:00,90,Single Indoor,45.0,frei,11
2026-05-20T00:59:01,2026-05-31,20:00,120,Single Indoor,60.0,frei,11
2026-05-20T00:59:01,2026-05-31,20:30,60,Single Indoor,30.0,frei,11
2026-05-20T00:59:01,2026-05-31,20:30,90,Single Indoor,45.0,frei,11
2026-05-20T00:59:01,2026-05-31,20:30,120,Single Indoor,60.0,frei,11
2026-05-20T00:59:01,2026-05-31,21:00,60,Single Indoor,30.0,frei,11
2026-05-20T00:59:01,2026-05-31,21:00,90,Single Indoor,45.0,frei,11
2026-05-20T00:59:01,2026-05-31,21:00,120,Single Indoor,60.0,frei,11
2026-05-20T00:59:01,2026-05-31,21:30,60,Single Indoor,30.0,frei,11
2026-05-20T00:59:01,2026-05-31,21:30,90,Single Indoor,45.0,frei,11
2026-05-20T00:59:01,2026-05-31,22:00,60,Single Indoor,30.0,frei,11
2026-05-20T00:59:01,2026-05-31,22:00,120,Single Indoor,60.0,frei,11
2026-05-20T00:59:01,2026-05-31,22:30,90,Single Indoor,45.0,frei,11
2026-05-20T00:59:01,2026-05-31,23:00,60,Single Indoor,30.0,frei,11
2026-05-20T00:59:01,2026-05-31,08:00,60,Outdoor 2,36.0,frei,11
2026-05-20T00:59:01,2026-05-31,08:00,60,Outdoor 1,36.0,frei,11
2026-05-20T00:59:01,2026-06-01,08:00,60,Outdoor 2,24.0,frei,12
2026-05-20T00:59:01,2026-06-01,08:00,90,Outdoor 2,36.0,frei,12
2026-05-20T00:59:01,2026-06-01,08:00,120,Outdoor 2,48.0,frei,12
2026-05-20T00:59:01,2026-06-01,08:00,150,Outdoor 2,60.0,frei,12
2026-05-20T00:59:01,2026-06-01,08:30,60,Outdoor 2,24.0,frei,12
2026-05-20T00:59:01,2026-06-01,08:30,90,Outdoor 2,36.0,frei,12
2026-05-20T00:59:01,2026-06-01,08:30,120,Outdoor 2,48.0,frei,12
2026-05-20T00:59:01,2026-06-01,08:30,150,Outdoor 2,60.0,frei,12
2026-05-20T00:59:01,2026-06-01,09:00,60,Outdoor 2,24.0,frei,12
2026-05-20T00:59:01,2026-06-01,09:00,90,Outdoor 2,36.0,frei,12
2026-05-20T00:59:01,2026-06-01,09:00,120,Outdoor 2,48.0,frei,12
2026-05-20T00:59:01,2026-06-01,09:00,150,Outdoor 2,60.0,frei,12
2026-05-20T00:59:01,2026-06-01,09:30,60,Outdoor 2,24.0,frei,12
2026-05-20T00:59:01,2026-06-01,09:30,90,Outdoor 2,36.0,frei,12
2026-05-20T00:59:01,2026-06-01,09:30,120,Outdoor 2,48.0,frei,12
2026-05-20T00:59:01,2026-06-01,09:30,150,Outdoor 2,60.0,frei,12
2026-05-20T00:59:01,2026-06-01,10:00,60,Outdoor 2,24.0,frei,12
2026-05-20T00:59:01,2026-06-01,10:00,90,Outdoor 2,36.0,frei,12
2026-05-20T00:59:01,2026-06-01,10:00,120,Outdoor 2,48.0,frei,12
2026-05-20T00:59:01,2026-06-01,10:00,150,Outdoor 2,60.0,frei,12
2026-05-20T00:59:01,2026-06-01,10:30,60,Outdoor 2,24.0,frei,12
2026-05-20T00:59:01,2026-06-01,10:30,90,Outdoor 2,36.0,frei,12
2026-05-20T00:59:01,2026-06-01,10:30,120,Outdoor 2,48.0,frei,12
2026-05-20T00:59:01,2026-06-01,10:30,150,Outdoor 2,60.0,frei,12
2026-05-20T00:59:01,2026-06-01,11:00,60,Outdoor 2,24.0,frei,12
2026-05-20T00:59:01,2026-06-01,11:00,90,Outdoor 2,36.0,frei,12
2026-05-20T00:59:01,2026-06-01,11:00,120,Outdoor 2,48.0,frei,12
2026-05-20T00:59:01,2026-06-01,11:00,150,Outdoor 2,60.0,frei,12
2026-05-20T00:59:01,2026-06-01,11:30,60,Outdoor 2,24.0,frei,12
2026-05-20T00:59:01,2026-06-01,11:30,90,Outdoor 2,36.0,frei,12
2026-05-20T00:59:01,2026-06-01,11:30,120,Outdoor 2,48.0,frei,12
2026-05-20T00:59:01,2026-06-01,11:30,150,Outdoor 2,60.0,frei,12
2026-05-20T00:59:01,2026-06-01,12:00,60,Outdoor 2,24.0,frei,12
2026-05-20T00:59:01,2026-06-01,12:00,90,Outdoor 2,36.0,frei,12
2026-05-20T00:59:01,2026-06-01,12:00,120,Outdoor 2,48.0,frei,12
2026-05-20T00:59:01,2026-06-01,12:00,150,Outdoor 2,60.0,frei,12
2026-05-20T00:59:01,2026-06-01,12:30,60,Outdoor 2,24.0,frei,12
2026-05-20T00:59:01,2026-06-01,12:30,90,Outdoor 2,36.0,frei,12
2026-05-20T00:59:01,2026-06-01,12:30,120,Outdoor 2,48.0,frei,12
2026-05-20T00:59:01,2026-06-01,13:00,60,Outdoor 2,24.0,frei,12
2026-05-20T00:59:01,2026-06-01,13:00,90,Outdoor 2,36.0,frei,12
2026-05-20T00:59:01,2026-06-01,13:00,150,Outdoor 2,60.0,frei,12
2026-05-20T00:59:01,2026-06-01,13:30,60,Outdoor 2,24.0,frei,12
2026-05-20T00:59:01,2026-06-01,13:30,120,Outdoor 2,48.0,frei,12
2026-05-20T00:59:01,2026-06-01,14:00,90,Outdoor 2,36.0,frei,12
2026-05-20T00:59:01,2026-06-01,14:30,60,Outdoor 2,24.0,frei,12
2026-05-20T00:59:01,2026-06-01,08:00,60,Outdoor 4,24.0,frei,12
2026-05-20T00:59:01,2026-06-01,08:00,90,Outdoor 4,36.0,frei,12
2026-05-20T00:59:01,2026-06-01,08:00,120,Outdoor 4,48.0,frei,12
2026-05-20T00:59:01,2026-06-01,08:00,150,Outdoor 4,60.0,frei,12
2026-05-20T00:59:01,2026-06-01,08:30,60,Outdoor 4,24.0,frei,12
2026-05-20T00:59:01,2026-06-01,08:30,90,Outdoor 4,36.0,frei,12
2026-05-20T00:59:01,2026-06-01,08:30,120,Outdoor 4,48.0,frei,12
2026-05-20T00:59:01,2026-06-01,08:30,150,Outdoor 4,60.0,frei,12
2026-05-20T00:59:01,2026-06-01,09:00,60,Outdoor 4,24.0,frei,12
2026-05-20T00:59:01,2026-06-01,09:00,90,Outdoor 4,36.0,frei,12
2026-05-20T00:59:01,2026-06-01,09:00,120,Outdoor 4,48.0,frei,12
2026-05-20T00:59:01,2026-06-01,09:00,150,Outdoor 4,60.0,frei,12
2026-05-20T00:59:01,2026-06-01,09:30,60,Outdoor 4,24.0,frei,12
2026-05-20T00:59:01,2026-06-01,09:30,90,Outdoor 4,36.0,frei,12
2026-05-20T00:59:01,2026-06-01,09:30,120,Outdoor 4,48.0,frei,12
2026-05-20T00:59:01,2026-06-01,09:30,150,Outdoor 4,60.0,frei,12
2026-05-20T00:59:01,2026-06-01,10:00,60,Outdoor 4,24.0,frei,12
2026-05-20T00:59:01,2026-06-01,10:00,90,Outdoor 4,36.0,frei,12
2026-05-20T00:59:01,2026-06-01,10:00,120,Outdoor 4,48.0,frei,12
2026-05-20T00:59:01,2026-06-01,10:00,150,Outdoor 4,60.0,frei,12
2026-05-20T00:59:01,2026-06-01,10:30,60,Outdoor 4,24.0,frei,12
2026-05-20T00:59:01,2026-06-01,10:30,90,Outdoor 4,36.0,frei,12
2026-05-20T00:59:01,2026-06-01,10:30,120,Outdoor 4,48.0,frei,12
2026-05-20T00:59:01,2026-06-01,10:30,150,Outdoor 4,60.0,frei,12
2026-05-20T00:59:01,2026-06-01,11:00,60,Outdoor 4,24.0,frei,12
2026-05-20T00:59:01,2026-06-01,11:00,90,Outdoor 4,36.0,frei,12
2026-05-20T00:59:01,2026-06-01,11:00,120,Outdoor 4,48.0,frei,12
2026-05-20T00:59:01,2026-06-01,11:00,150,Outdoor 4,60.0,frei,12
2026-05-20T00:59:01,2026-06-01,11:30,60,Outdoor 4,24.0,frei,12
2026-05-20T00:59:01,2026-06-01,11:30,90,Outdoor 4,36.0,frei,12
2026-05-20T00:59:01,2026-06-01,11:30,120,Outdoor 4,48.0,frei,12
2026-05-20T00:59:01,2026-06-01,11:30,150,Outdoor 4,60.0,frei,12
2026-05-20T00:59:01,2026-06-01,12:00,60,Outdoor 4,24.0,frei,12
2026-05-20T00:59:01,2026-06-01,12:00,90,Outdoor 4,36.0,frei,12
2026-05-20T00:59:01,2026-06-01,12:00,120,Outdoor 4,48.0,frei,12
2026-05-20T00:59:01,2026-06-01,12:00,150,Outdoor 4,60.0,frei,12
2026-05-20T00:59:01,2026-06-01,12:30,60,Outdoor 4,24.0,frei,12
2026-05-20T00:59:01,2026-06-01,12:30,90,Outdoor 4,36.0,frei,12
2026-05-20T00:59:01,2026-06-01,12:30,120,Outdoor 4,48.0,frei,12
2026-05-20T00:59:01,2026-06-01,12:30,150,Outdoor 4,60.0,frei,12
2026-05-20T00:59:01,2026-06-01,13:00,60,Outdoor 4,24.0,frei,12
2026-05-20T00:59:01,2026-06-01,13:00,90,Outdoor 4,36.0,frei,12
2026-05-20T00:59:01,2026-06-01,13:00,120,Outdoor 4,48.0,frei,12
2026-05-20T00:59:01,2026-06-01,13:00,150,Outdoor 4,60.0,frei,12
2026-05-20T00:59:01,2026-06-01,13:30,60,Outdoor 4,24.0,frei,12
2026-05-20T00:59:01,2026-06-01,13:30,90,Outdoor 4,36.0,frei,12
2026-05-20T00:59:01,2026-06-01,13:30,120,Outdoor 4,48.0,frei,12
2026-05-20T00:59:01,2026-06-01,13:30,150,Outdoor 4,60.0,frei,12
2026-05-20T00:59:01,2026-06-01,14:00,60,Outdoor 4,24.0,frei,12
2026-05-20T00:59:01,2026-06-01,14:00,90,Outdoor 4,36.0,frei,12
2026-05-20T00:59:01,2026-06-01,14:00,120,Outdoor 4,48.0,frei,12
2026-05-20T00:59:01,2026-06-01,14:30,60,Outdoor 4,24.0,frei,12
2026-05-20T00:59:01,2026-06-01,14:30,90,Outdoor 4,36.0,frei,12
2026-05-20T00:59:01,2026-06-01,14:30,150,Outdoor 4,72.0,frei,12
2026-05-20T00:59:01,2026-06-01,15:00,60,Outdoor 4,24.0,frei,12
2026-05-20T00:59:01,2026-06-01,15:00,120,Outdoor 4,60.0,frei,12
2026-05-20T00:59:01,2026-06-01,15:30,90,Outdoor 4,48.0,frei,12
2026-05-20T00:59:01,2026-06-01,16:00,60,Outdoor 4,36.0,frei,12
2026-05-20T00:59:01,2026-06-01,20:30,90,Outdoor 4,54.0,frei,12
2026-05-20T00:59:01,2026-06-01,08:00,60,Indoor 2,30.0,frei,12
2026-05-20T00:59:01,2026-06-01,10:30,60,Indoor 2,30.0,frei,12
2026-05-20T00:59:01,2026-06-01,10:30,90,Indoor 2,45.0,frei,12
2026-05-20T00:59:01,2026-06-01,10:30,120,Indoor 2,60.0,frei,12
2026-05-20T00:59:01,2026-06-01,11:30,60,Indoor 2,30.0,frei,12
2026-05-20T00:59:01,2026-06-01,11:30,90,Indoor 2,45.0,frei,12
2026-05-20T00:59:01,2026-06-01,11:30,120,Indoor 2,60.0,frei,12
2026-05-20T00:59:01,2026-06-01,12:00,60,Indoor 2,30.0,frei,12
2026-05-20T00:59:01,2026-06-01,12:00,90,Indoor 2,45.0,frei,12
2026-05-20T00:59:01,2026-06-01,12:00,120,Indoor 2,60.0,frei,12
2026-05-20T00:59:01,2026-06-01,12:30,60,Indoor 2,30.0,frei,12
2026-05-20T00:59:01,2026-06-01,12:30,90,Indoor 2,45.0,frei,12
2026-05-20T00:59:01,2026-06-01,12:30,120,Indoor 2,60.0,frei,12
2026-05-20T00:59:01,2026-06-01,13:00,60,Indoor 2,30.0,frei,12
2026-05-20T00:59:01,2026-06-01,13:00,90,Indoor 2,45.0,frei,12
2026-05-20T00:59:01,2026-06-01,13:30,60,Indoor 2,30.0,frei,12
2026-05-20T00:59:01,2026-06-01,13:30,120,Indoor 2,60.0,frei,12
2026-05-20T00:59:01,2026-06-01,14:00,90,Indoor 2,45.0,frei,12
2026-05-20T00:59:01,2026-06-01,14:30,60,Indoor 2,30.0,frei,12
2026-05-20T00:59:01,2026-06-01,22:00,60,Indoor 2,36.0,frei,12
2026-05-20T00:59:01,2026-06-01,22:00,120,Indoor 2,66.0,frei,12
2026-05-20T00:59:01,2026-06-01,23:00,60,Indoor 2,30.0,frei,12
2026-05-20T00:59:01,2026-06-01,09:00,60,Indoor 4,30.0,frei,12
2026-05-20T00:59:01,2026-06-01,09:00,90,Indoor 4,45.0,frei,12
2026-05-20T00:59:01,2026-06-01,09:00,120,Indoor 4,60.0,frei,12
2026-05-20T00:59:01,2026-06-01,10:00,60,Indoor 4,30.0,frei,12
2026-05-20T00:59:01,2026-06-01,10:00,90,Indoor 4,45.0,frei,12
2026-05-20T00:59:01,2026-06-01,10:00,120,Indoor 4,60.0,frei,12
2026-05-20T00:59:01,2026-06-01,10:30,60,Indoor 4,30.0,frei,12
2026-05-20T00:59:01,2026-06-01,10:30,90,Indoor 4,45.0,frei,12
2026-05-20T00:59:01,2026-06-01,10:30,120,Indoor 4,60.0,frei,12
2026-05-20T00:59:01,2026-06-01,11:00,60,Indoor 4,30.0,frei,12
2026-05-20T00:59:01,2026-06-01,11:00,90,Indoor 4,45.0,frei,12
2026-05-20T00:59:01,2026-06-01,11:00,120,Indoor 4,60.0,frei,12
2026-05-20T00:59:01,2026-06-01,11:30,60,Indoor 4,30.0,frei,12
2026-05-20T00:59:01,2026-06-01,11:30,90,Indoor 4,45.0,frei,12
2026-05-20T00:59:01,2026-06-01,11:30,120,Indoor 4,60.0,frei,12
2026-05-20T00:59:01,2026-06-01,12:00,60,Indoor 4,30.0,frei,12
2026-05-20T00:59:01,2026-06-01,12:00,90,Indoor 4,45.0,frei,12
2026-05-20T00:59:01,2026-06-01,12:00,120,Indoor 4,60.0,frei,12
2026-05-20T00:59:01,2026-06-01,12:30,60,Indoor 4,30.0,frei,12
2026-05-20T00:59:01,2026-06-01,12:30,90,Indoor 4,45.0,frei,12
2026-05-20T00:59:01,2026-06-01,12:30,120,Indoor 4,60.0,frei,12
2026-05-20T00:59:01,2026-06-01,13:00,60,Indoor 4,30.0,frei,12
2026-05-20T00:59:01,2026-06-01,13:00,90,Indoor 4,45.0,frei,12
2026-05-20T00:59:01,2026-06-01,13:00,120,Indoor 4,60.0,frei,12
2026-05-20T00:59:01,2026-06-01,13:30,60,Indoor 4,30.0,frei,12
2026-05-20T00:59:01,2026-06-01,13:30,90,Indoor 4,45.0,frei,12
2026-05-20T00:59:01,2026-06-01,14:00,60,Indoor 4,30.0,frei,12
2026-05-20T00:59:01,2026-06-01,14:00,120,Indoor 4,60.0,frei,12
2026-05-20T00:59:01,2026-06-01,14:30,90,Indoor 4,45.0,frei,12
2026-05-20T00:59:01,2026-06-01,15:00,60,Indoor 4,30.0,frei,12
2026-05-20T00:59:01,2026-06-01,22:00,60,Indoor 4,36.0,frei,12
2026-05-20T00:59:01,2026-06-01,22:00,120,Indoor 4,66.0,frei,12
2026-05-20T00:59:01,2026-06-01,23:00,60,Indoor 4,30.0,frei,12
2026-05-20T00:59:01,2026-06-01,08:00,60,Single Indoor,22.0,frei,12
2026-05-20T00:59:01,2026-06-01,08:00,90,Single Indoor,33.0,frei,12
2026-05-20T00:59:01,2026-06-01,09:00,90,Single Indoor,33.0,frei,12
2026-05-20T00:59:01,2026-06-01,09:30,60,Single Indoor,22.0,frei,12
2026-05-20T00:59:01,2026-06-01,11:30,60,Single Indoor,22.0,frei,12
2026-05-20T00:59:01,2026-06-01,11:30,90,Single Indoor,33.0,frei,12
2026-05-20T00:59:01,2026-06-01,11:30,120,Single Indoor,44.0,frei,12
2026-05-20T00:59:01,2026-06-01,12:30,60,Single Indoor,22.0,frei,12
2026-05-20T00:59:01,2026-06-01,12:30,90,Single Indoor,33.0,frei,12
2026-05-20T00:59:01,2026-06-01,12:30,120,Single Indoor,44.0,frei,12
2026-05-20T00:59:01,2026-06-01,13:00,60,Single Indoor,22.0,frei,12
2026-05-20T00:59:01,2026-06-01,13:00,90,Single Indoor,33.0,frei,12
2026-05-20T00:59:01,2026-06-01,13:00,120,Single Indoor,44.0,frei,12
2026-05-20T00:59:01,2026-06-01,13:30,60,Single Indoor,22.0,frei,12
2026-05-20T00:59:01,2026-06-01,13:30,90,Single Indoor,33.0,frei,12
2026-05-20T00:59:01,2026-06-01,13:30,120,Single Indoor,44.0,frei,12
2026-05-20T00:59:01,2026-06-01,14:00,60,Single Indoor,22.0,frei,12
2026-05-20T00:59:01,2026-06-01,14:00,90,Single Indoor,33.0,frei,12
2026-05-20T00:59:01,2026-06-01,14:00,120,Single Indoor,44.0,frei,12
2026-05-20T00:59:01,2026-06-01,14:30,60,Single Indoor,22.0,frei,12
2026-05-20T00:59:01,2026-06-01,14:30,90,Single Indoor,33.0,frei,12
2026-05-20T00:59:01,2026-06-01,15:00,60,Single Indoor,22.0,frei,12
2026-05-20T00:59:01,2026-06-01,15:00,120,Single Indoor,52.0,frei,12
2026-05-20T00:59:01,2026-06-01,15:30,90,Single Indoor,41.0,frei,12
2026-05-20T00:59:01,2026-06-01,16:00,60,Single Indoor,30.0,frei,12
2026-05-20T00:59:01,2026-06-01,20:00,60,Single Indoor,30.0,frei,12
2026-05-20T00:59:01,2026-06-01,20:00,90,Single Indoor,45.0,frei,12
2026-05-20T00:59:01,2026-06-01,20:00,120,Single Indoor,60.0,frei,12
2026-05-20T00:59:01,2026-06-01,21:00,60,Single Indoor,30.0,frei,12
2026-05-20T00:59:01,2026-06-01,21:00,90,Single Indoor,45.0,frei,12
2026-05-20T00:59:01,2026-06-01,21:00,120,Single Indoor,56.0,frei,12
2026-05-20T00:59:01,2026-06-01,21:30,60,Single Indoor,30.0,frei,12
2026-05-20T00:59:01,2026-06-01,21:30,90,Single Indoor,41.0,frei,12
2026-05-20T00:59:01,2026-06-01,22:00,60,Single Indoor,26.0,frei,12
2026-05-20T00:59:01,2026-06-01,22:00,120,Single Indoor,48.0,frei,12
2026-05-20T00:59:01,2026-06-01,22:30,90,Single Indoor,33.0,frei,12
2026-05-20T00:59:01,2026-06-01,23:00,60,Single Indoor,22.0,frei,12
2026-05-20T00:59:01,2026-06-01,08:00,60,Outdoor 3,24.0,frei,12
2026-05-20T00:59:01,2026-06-01,08:00,90,Outdoor 3,36.0,frei,12
2026-05-20T00:59:01,2026-06-01,08:00,120,Outdoor 3,48.0,frei,12
2026-05-20T00:59:01,2026-06-01,08:00,150,Outdoor 3,60.0,frei,12
2026-05-20T00:59:01,2026-06-01,08:30,60,Outdoor 3,24.0,frei,12
2026-05-20T00:59:01,2026-06-01,08:30,90,Outdoor 3,36.0,frei,12
2026-05-20T00:59:01,2026-06-01,08:30,120,Outdoor 3,48.0,frei,12
2026-05-20T00:59:01,2026-06-01,08:30,150,Outdoor 3,60.0,frei,12
2026-05-20T00:59:01,2026-06-01,09:00,60,Outdoor 3,24.0,frei,12
2026-05-20T00:59:01,2026-06-01,09:00,90,Outdoor 3,36.0,frei,12
2026-05-20T00:59:01,2026-06-01,09:00,120,Outdoor 3,48.0,frei,12
2026-05-20T00:59:01,2026-06-01,09:00,150,Outdoor 3,60.0,frei,12
2026-05-20T00:59:01,2026-06-01,09:30,60,Outdoor 3,24.0,frei,12
2026-05-20T00:59:01,2026-06-01,09:30,90,Outdoor 3,36.0,frei,12
2026-05-20T00:59:01,2026-06-01,09:30,120,Outdoor 3,48.0,frei,12
2026-05-20T00:59:01,2026-06-01,09:30,150,Outdoor 3,60.0,frei,12
2026-05-20T00:59:01,2026-06-01,10:00,60,Outdoor 3,24.0,frei,12
2026-05-20T00:59:01,2026-06-01,10:00,90,Outdoor 3,36.0,frei,12
2026-05-20T00:59:01,2026-06-01,10:00,120,Outdoor 3,48.0,frei,12
2026-05-20T00:59:01,2026-06-01,10:00,150,Outdoor 3,60.0,frei,12
2026-05-20T00:59:01,2026-06-01,10:30,60,Outdoor 3,24.0,frei,12
2026-05-20T00:59:01,2026-06-01,10:30,90,Outdoor 3,36.0,frei,12
2026-05-20T00:59:01,2026-06-01,10:30,120,Outdoor 3,48.0,frei,12
2026-05-20T00:59:01,2026-06-01,10:30,150,Outdoor 3,60.0,frei,12
2026-05-20T00:59:01,2026-06-01,11:00,60,Outdoor 3,24.0,frei,12
2026-05-20T00:59:01,2026-06-01,11:00,90,Outdoor 3,36.0,frei,12
2026-05-20T00:59:01,2026-06-01,11:00,120,Outdoor 3,48.0,frei,12
2026-05-20T00:59:01,2026-06-01,11:00,150,Outdoor 3,60.0,frei,12
2026-05-20T00:59:01,2026-06-01,11:30,60,Outdoor 3,24.0,frei,12
2026-05-20T00:59:01,2026-06-01,11:30,90,Outdoor 3,36.0,frei,12
2026-05-20T00:59:01,2026-06-01,11:30,120,Outdoor 3,48.0,frei,12
2026-05-20T00:59:01,2026-06-01,11:30,150,Outdoor 3,60.0,frei,12
2026-05-20T00:59:01,2026-06-01,12:00,60,Outdoor 3,24.0,frei,12
2026-05-20T00:59:01,2026-06-01,12:00,90,Outdoor 3,36.0,frei,12
2026-05-20T00:59:01,2026-06-01,12:00,120,Outdoor 3,48.0,frei,12
2026-05-20T00:59:01,2026-06-01,12:00,150,Outdoor 3,60.0,frei,12
2026-05-20T00:59:01,2026-06-01,12:30,60,Outdoor 3,24.0,frei,12
2026-05-20T00:59:01,2026-06-01,12:30,90,Outdoor 3,36.0,frei,12
2026-05-20T00:59:01,2026-06-01,12:30,120,Outdoor 3,48.0,frei,12
2026-05-20T00:59:01,2026-06-01,12:30,150,Outdoor 3,60.0,frei,12
2026-05-20T00:59:01,2026-06-01,13:00,60,Outdoor 3,24.0,frei,12
2026-05-20T00:59:01,2026-06-01,13:00,90,Outdoor 3,36.0,frei,12
2026-05-20T00:59:01,2026-06-01,13:00,120,Outdoor 3,48.0,frei,12
2026-05-20T00:59:01,2026-06-01,13:00,150,Outdoor 3,60.0,frei,12
2026-05-20T00:59:01,2026-06-01,13:30,60,Outdoor 3,24.0,frei,12
2026-05-20T00:59:01,2026-06-01,13:30,90,Outdoor 3,36.0,frei,12
2026-05-20T00:59:01,2026-06-01,13:30,120,Outdoor 3,48.0,frei,12
2026-05-20T00:59:01,2026-06-01,13:30,150,Outdoor 3,60.0,frei,12
2026-05-20T00:59:01,2026-06-01,14:00,60,Outdoor 3,24.0,frei,12
2026-05-20T00:59:01,2026-06-01,14:00,90,Outdoor 3,36.0,frei,12
2026-05-20T00:59:01,2026-06-01,14:00,120,Outdoor 3,48.0,frei,12
2026-05-20T00:59:01,2026-06-01,14:30,60,Outdoor 3,24.0,frei,12
2026-05-20T00:59:01,2026-06-01,14:30,90,Outdoor 3,36.0,frei,12
2026-05-20T00:59:01,2026-06-01,14:30,150,Outdoor 3,72.0,frei,12
2026-05-20T00:59:01,2026-06-01,15:00,60,Outdoor 3,24.0,frei,12
2026-05-20T00:59:01,2026-06-01,15:00,120,Outdoor 3,60.0,frei,12
2026-05-20T00:59:01,2026-06-01,15:30,90,Outdoor 3,48.0,frei,12
2026-05-20T00:59:01,2026-06-01,16:00,60,Outdoor 3,36.0,frei,12
2026-05-20T00:59:01,2026-06-01,08:00,60,Outdoor 1,24.0,frei,12
2026-05-20T00:59:01,2026-06-01,08:00,90,Outdoor 1,36.0,frei,12
2026-05-20T00:59:01,2026-06-01,08:00,120,Outdoor 1,48.0,frei,12
2026-05-20T00:59:01,2026-06-01,08:00,150,Outdoor 1,60.0,frei,12
2026-05-20T00:59:01,2026-06-01,08:30,60,Outdoor 1,24.0,frei,12
2026-05-20T00:59:01,2026-06-01,08:30,90,Outdoor 1,36.0,frei,12
2026-05-20T00:59:01,2026-06-01,08:30,120,Outdoor 1,48.0,frei,12
2026-05-20T00:59:01,2026-06-01,08:30,150,Outdoor 1,60.0,frei,12
2026-05-20T00:59:01,2026-06-01,09:00,60,Outdoor 1,24.0,frei,12
2026-05-20T00:59:01,2026-06-01,09:00,90,Outdoor 1,36.0,frei,12
2026-05-20T00:59:01,2026-06-01,09:00,120,Outdoor 1,48.0,frei,12
2026-05-20T00:59:01,2026-06-01,09:00,150,Outdoor 1,60.0,frei,12
2026-05-20T00:59:01,2026-06-01,09:30,60,Outdoor 1,24.0,frei,12
2026-05-20T00:59:01,2026-06-01,09:30,90,Outdoor 1,36.0,frei,12
2026-05-20T00:59:01,2026-06-01,09:30,120,Outdoor 1,48.0,frei,12
2026-05-20T00:59:01,2026-06-01,09:30,150,Outdoor 1,60.0,frei,12
2026-05-20T00:59:01,2026-06-01,10:00,60,Outdoor 1,24.0,frei,12
2026-05-20T00:59:01,2026-06-01,10:00,90,Outdoor 1,36.0,frei,12
2026-05-20T00:59:01,2026-06-01,10:00,120,Outdoor 1,48.0,frei,12
2026-05-20T00:59:01,2026-06-01,10:00,150,Outdoor 1,60.0,frei,12
2026-05-20T00:59:01,2026-06-01,10:30,60,Outdoor 1,24.0,frei,12
2026-05-20T00:59:01,2026-06-01,10:30,90,Outdoor 1,36.0,frei,12
2026-05-20T00:59:01,2026-06-01,10:30,120,Outdoor 1,48.0,frei,12
2026-05-20T00:59:01,2026-06-01,10:30,150,Outdoor 1,60.0,frei,12
2026-05-20T00:59:01,2026-06-01,11:00,60,Outdoor 1,24.0,frei,12
2026-05-20T00:59:01,2026-06-01,11:00,90,Outdoor 1,36.0,frei,12
2026-05-20T00:59:01,2026-06-01,11:00,120,Outdoor 1,48.0,frei,12
2026-05-20T00:59:01,2026-06-01,11:00,150,Outdoor 1,60.0,frei,12
2026-05-20T00:59:01,2026-06-01,11:30,60,Outdoor 1,24.0,frei,12
2026-05-20T00:59:01,2026-06-01,11:30,90,Outdoor 1,36.0,frei,12
2026-05-20T00:59:01,2026-06-01,11:30,120,Outdoor 1,48.0,frei,12
2026-05-20T00:59:01,2026-06-01,11:30,150,Outdoor 1,60.0,frei,12
2026-05-20T00:59:01,2026-06-01,12:00,60,Outdoor 1,24.0,frei,12
2026-05-20T00:59:01,2026-06-01,12:00,90,Outdoor 1,36.0,frei,12
2026-05-20T00:59:01,2026-06-01,12:00,120,Outdoor 1,48.0,frei,12
2026-05-20T00:59:01,2026-06-01,12:00,150,Outdoor 1,60.0,frei,12
2026-05-20T00:59:01,2026-06-01,12:30,60,Outdoor 1,24.0,frei,12
2026-05-20T00:59:01,2026-06-01,12:30,90,Outdoor 1,36.0,frei,12
2026-05-20T00:59:01,2026-06-01,12:30,120,Outdoor 1,48.0,frei,12
2026-05-20T00:59:01,2026-06-01,12:30,150,Outdoor 1,60.0,frei,12
2026-05-20T00:59:01,2026-06-01,13:00,60,Outdoor 1,24.0,frei,12
2026-05-20T00:59:01,2026-06-01,13:00,90,Outdoor 1,36.0,frei,12
2026-05-20T00:59:01,2026-06-01,13:00,120,Outdoor 1,48.0,frei,12
2026-05-20T00:59:01,2026-06-01,13:00,150,Outdoor 1,60.0,frei,12
2026-05-20T00:59:01,2026-06-01,13:30,60,Outdoor 1,24.0,frei,12
2026-05-20T00:59:01,2026-06-01,13:30,90,Outdoor 1,36.0,frei,12
2026-05-20T00:59:01,2026-06-01,13:30,120,Outdoor 1,48.0,frei,12
2026-05-20T00:59:01,2026-06-01,13:30,150,Outdoor 1,60.0,frei,12
2026-05-20T00:59:01,2026-06-01,14:00,60,Outdoor 1,24.0,frei,12
2026-05-20T00:59:01,2026-06-01,14:00,90,Outdoor 1,36.0,frei,12
2026-05-20T00:59:01,2026-06-01,14:00,120,Outdoor 1,48.0,frei,12
2026-05-20T00:59:01,2026-06-01,14:30,60,Outdoor 1,24.0,frei,12
2026-05-20T00:59:01,2026-06-01,14:30,90,Outdoor 1,36.0,frei,12
2026-05-20T00:59:01,2026-06-01,14:30,150,Outdoor 1,72.0,frei,12
2026-05-20T00:59:01,2026-06-01,15:00,60,Outdoor 1,24.0,frei,12
2026-05-20T00:59:01,2026-06-01,15:00,120,Outdoor 1,60.0,frei,12
2026-05-20T00:59:01,2026-06-01,15:30,90,Outdoor 1,48.0,frei,12
2026-05-20T00:59:01,2026-06-01,16:00,60,Outdoor 1,36.0,frei,12
2026-05-20T00:59:01,2026-06-01,08:00,90,Indoor 1,45.0,frei,12
2026-05-20T00:59:01,2026-06-01,10:30,60,Indoor 1,30.0,frei,12
2026-05-20T00:59:01,2026-06-01,10:30,90,Indoor 1,45.0,frei,12
2026-05-20T00:59:01,2026-06-01,11:30,90,Indoor 1,45.0,frei,12
2026-05-20T00:59:01,2026-06-01,12:00,60,Indoor 1,30.0,frei,12
2026-05-20T00:59:01,2026-06-01,14:00,60,Indoor 1,30.0,frei,12
2026-05-20T00:59:01,2026-06-01,14:00,90,Indoor 1,45.0,frei,12
2026-05-20T00:59:01,2026-06-01,14:00,120,Indoor 1,60.0,frei,12
2026-05-20T00:59:01,2026-06-01,15:00,60,Indoor 1,30.0,frei,12
2026-05-20T00:59:01,2026-06-01,15:00,120,Indoor 1,72.0,frei,12
2026-05-20T00:59:01,2026-06-01,15:30,90,Indoor 1,57.0,frei,12
2026-05-20T00:59:01,2026-06-01,16:00,60,Indoor 1,42.0,frei,12
2026-05-20T00:59:01,2026-06-01,22:00,60,Indoor 1,36.0,frei,12
2026-05-20T00:59:01,2026-06-01,22:00,120,Indoor 1,66.0,frei,12
2026-05-20T00:59:01,2026-06-01,23:00,60,Indoor 1,30.0,frei,12
2026-05-20T00:59:01,2026-06-01,11:00,60,Indoor 3,30.0,frei,12
2026-05-20T00:59:01,2026-06-01,11:00,90,Indoor 3,45.0,frei,12
2026-05-20T00:59:01,2026-06-01,11:00,120,Indoor 3,60.0,frei,12
2026-05-20T00:59:01,2026-06-01,12:00,60,Indoor 3,30.0,frei,12
2026-05-20T00:59:01,2026-06-01,12:00,90,Indoor 3,45.0,frei,12
2026-05-20T00:59:01,2026-06-01,12:00,120,Indoor 3,60.0,frei,12
2026-05-20T00:59:01,2026-06-01,12:30,60,Indoor 3,30.0,frei,12
2026-05-20T00:59:01,2026-06-01,12:30,90,Indoor 3,45.0,frei,12
2026-05-20T00:59:01,2026-06-01,12:30,120,Indoor 3,60.0,frei,12
2026-05-20T00:59:01,2026-06-01,13:00,60,Indoor 3,30.0,frei,12
2026-05-20T00:59:01,2026-06-01,13:00,90,Indoor 3,45.0,frei,12
2026-05-20T00:59:01,2026-06-01,13:00,120,Indoor 3,60.0,frei,12
2026-05-20T00:59:01,2026-06-01,13:30,60,Indoor 3,30.0,frei,12
2026-05-20T00:59:01,2026-06-01,13:30,90,Indoor 3,45.0,frei,12
2026-05-20T00:59:01,2026-06-01,13:30,120,Indoor 3,60.0,frei,12
2026-05-20T00:59:01,2026-06-01,14:00,60,Indoor 3,30.0,frei,12
2026-05-20T00:59:01,2026-06-01,14:00,90,Indoor 3,45.0,frei,12
2026-05-20T00:59:01,2026-06-01,14:00,120,Indoor 3,60.0,frei,12
2026-05-20T00:59:01,2026-06-01,14:30,60,Indoor 3,30.0,frei,12
2026-05-20T00:59:01,2026-06-01,14:30,90,Indoor 3,45.0,frei,12
2026-05-20T00:59:01,2026-06-01,15:00,60,Indoor 3,30.0,frei,12
2026-05-20T00:59:01,2026-06-01,15:00,120,Indoor 3,72.0,frei,12
2026-05-20T00:59:01,2026-06-01,15:30,90,Indoor 3,57.0,frei,12
2026-05-20T00:59:01,2026-06-01,16:00,60,Indoor 3,42.0,frei,12
2026-05-20T00:59:01,2026-06-01,22:00,60,Indoor 3,36.0,frei,12
2026-05-20T00:59:01,2026-06-01,22:00,120,Indoor 3,66.0,frei,12
2026-05-20T00:59:01,2026-06-01,23:00,60,Indoor 3,30.0,frei,12
2026-05-20T00:59:01,2026-06-02,08:00,60,Outdoor 3,24.0,frei,13
2026-05-20T00:59:01,2026-06-02,08:00,90,Outdoor 3,36.0,frei,13
2026-05-20T00:59:01,2026-06-02,08:00,120,Outdoor 3,48.0,frei,13
2026-05-20T00:59:01,2026-06-02,08:00,150,Outdoor 3,60.0,frei,13
2026-05-20T00:59:01,2026-06-02,08:30,60,Outdoor 3,24.0,frei,13
2026-05-20T00:59:01,2026-06-02,08:30,90,Outdoor 3,36.0,frei,13
2026-05-20T00:59:01,2026-06-02,08:30,120,Outdoor 3,48.0,frei,13
2026-05-20T00:59:01,2026-06-02,08:30,150,Outdoor 3,60.0,frei,13
2026-05-20T00:59:01,2026-06-02,09:00,60,Outdoor 3,24.0,frei,13
2026-05-20T00:59:01,2026-06-02,09:00,90,Outdoor 3,36.0,frei,13
2026-05-20T00:59:01,2026-06-02,09:00,120,Outdoor 3,48.0,frei,13
2026-05-20T00:59:01,2026-06-02,09:00,150,Outdoor 3,60.0,frei,13
2026-05-20T00:59:01,2026-06-02,09:30,60,Outdoor 3,24.0,frei,13
2026-05-20T00:59:01,2026-06-02,09:30,90,Outdoor 3,36.0,frei,13
2026-05-20T00:59:01,2026-06-02,09:30,120,Outdoor 3,48.0,frei,13
2026-05-20T00:59:01,2026-06-02,09:30,150,Outdoor 3,60.0,frei,13
2026-05-20T00:59:01,2026-06-02,10:00,60,Outdoor 3,24.0,frei,13
2026-05-20T00:59:01,2026-06-02,10:00,90,Outdoor 3,36.0,frei,13
2026-05-20T00:59:01,2026-06-02,10:00,120,Outdoor 3,48.0,frei,13
2026-05-20T00:59:01,2026-06-02,10:00,150,Outdoor 3,60.0,frei,13
2026-05-20T00:59:01,2026-06-02,10:30,60,Outdoor 3,24.0,frei,13
2026-05-20T00:59:01,2026-06-02,10:30,90,Outdoor 3,36.0,frei,13
2026-05-20T00:59:01,2026-06-02,10:30,120,Outdoor 3,48.0,frei,13
2026-05-20T00:59:01,2026-06-02,10:30,150,Outdoor 3,60.0,frei,13
2026-05-20T00:59:01,2026-06-02,11:00,60,Outdoor 3,24.0,frei,13
2026-05-20T00:59:01,2026-06-02,11:00,90,Outdoor 3,36.0,frei,13
2026-05-20T00:59:01,2026-06-02,11:00,120,Outdoor 3,48.0,frei,13
2026-05-20T00:59:01,2026-06-02,11:00,150,Outdoor 3,60.0,frei,13
2026-05-20T00:59:01,2026-06-02,11:30,60,Outdoor 3,24.0,frei,13
2026-05-20T00:59:01,2026-06-02,11:30,90,Outdoor 3,36.0,frei,13
2026-05-20T00:59:01,2026-06-02,11:30,120,Outdoor 3,48.0,frei,13
2026-05-20T00:59:01,2026-06-02,11:30,150,Outdoor 3,60.0,frei,13
2026-05-20T00:59:01,2026-06-02,12:00,60,Outdoor 3,24.0,frei,13
2026-05-20T00:59:01,2026-06-02,12:00,90,Outdoor 3,36.0,frei,13
2026-05-20T00:59:01,2026-06-02,12:00,120,Outdoor 3,48.0,frei,13
2026-05-20T00:59:01,2026-06-02,12:00,150,Outdoor 3,60.0,frei,13
2026-05-20T00:59:01,2026-06-02,12:30,60,Outdoor 3,24.0,frei,13
2026-05-20T00:59:01,2026-06-02,12:30,90,Outdoor 3,36.0,frei,13
2026-05-20T00:59:01,2026-06-02,12:30,120,Outdoor 3,48.0,frei,13
2026-05-20T00:59:01,2026-06-02,12:30,150,Outdoor 3,60.0,frei,13
2026-05-20T00:59:01,2026-06-02,13:00,60,Outdoor 3,24.0,frei,13
2026-05-20T00:59:01,2026-06-02,13:00,90,Outdoor 3,36.0,frei,13
2026-05-20T00:59:01,2026-06-02,13:00,120,Outdoor 3,48.0,frei,13
2026-05-20T00:59:01,2026-06-02,13:00,150,Outdoor 3,60.0,frei,13
2026-05-20T00:59:01,2026-06-02,13:30,60,Outdoor 3,24.0,frei,13
2026-05-20T00:59:01,2026-06-02,13:30,90,Outdoor 3,36.0,frei,13
2026-05-20T00:59:01,2026-06-02,13:30,120,Outdoor 3,48.0,frei,13
2026-05-20T00:59:01,2026-06-02,13:30,150,Outdoor 3,60.0,frei,13
2026-05-20T00:59:01,2026-06-02,14:00,60,Outdoor 3,24.0,frei,13
2026-05-20T00:59:01,2026-06-02,14:00,90,Outdoor 3,36.0,frei,13
2026-05-20T00:59:01,2026-06-02,14:00,120,Outdoor 3,48.0,frei,13
2026-05-20T00:59:01,2026-06-02,14:00,150,Outdoor 3,66.0,frei,13
2026-05-20T00:59:01,2026-06-02,14:30,60,Outdoor 3,24.0,frei,13
2026-05-20T00:59:01,2026-06-02,14:30,90,Outdoor 3,36.0,frei,13
2026-05-20T00:59:01,2026-06-02,14:30,120,Outdoor 3,54.0,frei,13
2026-05-20T00:59:01,2026-06-02,14:30,150,Outdoor 3,72.0,frei,13
2026-05-20T00:59:01,2026-06-02,15:00,60,Outdoor 3,24.0,frei,13
2026-05-20T00:59:01,2026-06-02,15:00,90,Outdoor 3,42.0,frei,13
2026-05-20T00:59:01,2026-06-02,15:00,120,Outdoor 3,60.0,frei,13
2026-05-20T00:59:01,2026-06-02,15:30,60,Outdoor 3,30.0,frei,13
2026-05-20T00:59:01,2026-06-02,15:30,90,Outdoor 3,48.0,frei,13
2026-05-20T00:59:01,2026-06-02,15:30,150,Outdoor 3,84.0,frei,13
2026-05-20T00:59:01,2026-06-02,16:00,60,Outdoor 3,36.0,frei,13
2026-05-20T00:59:01,2026-06-02,16:00,120,Outdoor 3,72.0,frei,13
2026-05-20T00:59:01,2026-06-02,16:30,90,Outdoor 3,54.0,frei,13
2026-05-20T00:59:01,2026-06-02,17:00,60,Outdoor 3,36.0,frei,13
2026-05-20T00:59:01,2026-06-02,08:00,60,Outdoor 2,24.0,frei,13
2026-05-20T00:59:01,2026-06-02,08:00,90,Outdoor 2,36.0,frei,13
2026-05-20T00:59:01,2026-06-02,08:00,120,Outdoor 2,48.0,frei,13
2026-05-20T00:59:01,2026-06-02,08:00,150,Outdoor 2,60.0,frei,13
2026-05-20T00:59:01,2026-06-02,08:30,60,Outdoor 2,24.0,frei,13
2026-05-20T00:59:01,2026-06-02,08:30,90,Outdoor 2,36.0,frei,13
2026-05-20T00:59:01,2026-06-02,08:30,120,Outdoor 2,48.0,frei,13
2026-05-20T00:59:01,2026-06-02,08:30,150,Outdoor 2,60.0,frei,13
2026-05-20T00:59:01,2026-06-02,09:00,60,Outdoor 2,24.0,frei,13
2026-05-20T00:59:01,2026-06-02,09:00,90,Outdoor 2,36.0,frei,13
2026-05-20T00:59:01,2026-06-02,09:00,120,Outdoor 2,48.0,frei,13
2026-05-20T00:59:01,2026-06-02,09:00,150,Outdoor 2,60.0,frei,13
2026-05-20T00:59:01,2026-06-02,09:30,60,Outdoor 2,24.0,frei,13
2026-05-20T00:59:01,2026-06-02,09:30,90,Outdoor 2,36.0,frei,13
2026-05-20T00:59:01,2026-06-02,09:30,120,Outdoor 2,48.0,frei,13
2026-05-20T00:59:01,2026-06-02,09:30,150,Outdoor 2,60.0,frei,13
2026-05-20T00:59:01,2026-06-02,10:00,60,Outdoor 2,24.0,frei,13
2026-05-20T00:59:01,2026-06-02,10:00,90,Outdoor 2,36.0,frei,13
2026-05-20T00:59:01,2026-06-02,10:00,120,Outdoor 2,48.0,frei,13
2026-05-20T00:59:01,2026-06-02,10:00,150,Outdoor 2,60.0,frei,13
2026-05-20T00:59:01,2026-06-02,10:30,60,Outdoor 2,24.0,frei,13
2026-05-20T00:59:01,2026-06-02,10:30,90,Outdoor 2,36.0,frei,13
2026-05-20T00:59:01,2026-06-02,10:30,120,Outdoor 2,48.0,frei,13
2026-05-20T00:59:01,2026-06-02,10:30,150,Outdoor 2,60.0,frei,13
2026-05-20T00:59:01,2026-06-02,11:00,60,Outdoor 2,24.0,frei,13
2026-05-20T00:59:01,2026-06-02,11:00,90,Outdoor 2,36.0,frei,13
2026-05-20T00:59:01,2026-06-02,11:00,120,Outdoor 2,48.0,frei,13
2026-05-20T00:59:01,2026-06-02,11:00,150,Outdoor 2,60.0,frei,13
2026-05-20T00:59:01,2026-06-02,11:30,60,Outdoor 2,24.0,frei,13
2026-05-20T00:59:01,2026-06-02,11:30,90,Outdoor 2,36.0,frei,13
2026-05-20T00:59:01,2026-06-02,11:30,120,Outdoor 2,48.0,frei,13
2026-05-20T00:59:01,2026-06-02,11:30,150,Outdoor 2,60.0,frei,13
2026-05-20T00:59:01,2026-06-02,12:00,60,Outdoor 2,24.0,frei,13
2026-05-20T00:59:01,2026-06-02,12:00,90,Outdoor 2,36.0,frei,13
2026-05-20T00:59:01,2026-06-02,12:00,120,Outdoor 2,48.0,frei,13
2026-05-20T00:59:01,2026-06-02,12:00,150,Outdoor 2,60.0,frei,13
2026-05-20T00:59:01,2026-06-02,12:30,60,Outdoor 2,24.0,frei,13
2026-05-20T00:59:01,2026-06-02,12:30,90,Outdoor 2,36.0,frei,13
2026-05-20T00:59:01,2026-06-02,12:30,120,Outdoor 2,48.0,frei,13
2026-05-20T00:59:01,2026-06-02,12:30,150,Outdoor 2,60.0,frei,13
2026-05-20T00:59:01,2026-06-02,13:00,60,Outdoor 2,24.0,frei,13
2026-05-20T00:59:01,2026-06-02,13:00,90,Outdoor 2,36.0,frei,13
2026-05-20T00:59:01,2026-06-02,13:00,120,Outdoor 2,48.0,frei,13
2026-05-20T00:59:01,2026-06-02,13:00,150,Outdoor 2,60.0,frei,13
2026-05-20T00:59:01,2026-06-02,13:30,60,Outdoor 2,24.0,frei,13
2026-05-20T00:59:01,2026-06-02,13:30,90,Outdoor 2,36.0,frei,13
2026-05-20T00:59:01,2026-06-02,13:30,120,Outdoor 2,48.0,frei,13
2026-05-20T00:59:01,2026-06-02,14:00,60,Outdoor 2,24.0,frei,13
2026-05-20T00:59:01,2026-06-02,14:00,90,Outdoor 2,36.0,frei,13
2026-05-20T00:59:01,2026-06-02,14:00,150,Outdoor 2,66.0,frei,13
2026-05-20T00:59:01,2026-06-02,14:30,60,Outdoor 2,24.0,frei,13
2026-05-20T00:59:01,2026-06-02,14:30,120,Outdoor 2,54.0,frei,13
2026-05-20T00:59:01,2026-06-02,15:00,90,Outdoor 2,42.0,frei,13
2026-05-20T00:59:01,2026-06-02,15:30,60,Outdoor 2,30.0,frei,13
2026-05-20T00:59:01,2026-06-02,08:00,60,Outdoor 4,24.0,frei,13
2026-05-20T00:59:01,2026-06-02,08:00,90,Outdoor 4,36.0,frei,13
2026-05-20T00:59:01,2026-06-02,08:00,120,Outdoor 4,48.0,frei,13
2026-05-20T00:59:01,2026-06-02,08:00,150,Outdoor 4,60.0,frei,13
2026-05-20T00:59:01,2026-06-02,08:30,60,Outdoor 4,24.0,frei,13
2026-05-20T00:59:01,2026-06-02,08:30,90,Outdoor 4,36.0,frei,13
2026-05-20T00:59:01,2026-06-02,08:30,120,Outdoor 4,48.0,frei,13
2026-05-20T00:59:01,2026-06-02,08:30,150,Outdoor 4,60.0,frei,13
2026-05-20T00:59:01,2026-06-02,09:00,60,Outdoor 4,24.0,frei,13
2026-05-20T00:59:01,2026-06-02,09:00,90,Outdoor 4,36.0,frei,13
2026-05-20T00:59:01,2026-06-02,09:00,120,Outdoor 4,48.0,frei,13
2026-05-20T00:59:01,2026-06-02,09:00,150,Outdoor 4,60.0,frei,13
2026-05-20T00:59:01,2026-06-02,09:30,60,Outdoor 4,24.0,frei,13
2026-05-20T00:59:01,2026-06-02,09:30,90,Outdoor 4,36.0,frei,13
2026-05-20T00:59:01,2026-06-02,09:30,120,Outdoor 4,48.0,frei,13
2026-05-20T00:59:01,2026-06-02,09:30,150,Outdoor 4,60.0,frei,13
2026-05-20T00:59:01,2026-06-02,10:00,60,Outdoor 4,24.0,frei,13
2026-05-20T00:59:01,2026-06-02,10:00,90,Outdoor 4,36.0,frei,13
2026-05-20T00:59:01,2026-06-02,10:00,120,Outdoor 4,48.0,frei,13
2026-05-20T00:59:01,2026-06-02,10:00,150,Outdoor 4,60.0,frei,13
2026-05-20T00:59:01,2026-06-02,10:30,60,Outdoor 4,24.0,frei,13
2026-05-20T00:59:01,2026-06-02,10:30,90,Outdoor 4,36.0,frei,13
2026-05-20T00:59:01,2026-06-02,10:30,120,Outdoor 4,48.0,frei,13
2026-05-20T00:59:01,2026-06-02,10:30,150,Outdoor 4,60.0,frei,13
2026-05-20T00:59:01,2026-06-02,11:00,60,Outdoor 4,24.0,frei,13
2026-05-20T00:59:01,2026-06-02,11:00,90,Outdoor 4,36.0,frei,13
2026-05-20T00:59:01,2026-06-02,11:00,120,Outdoor 4,48.0,frei,13
2026-05-20T00:59:01,2026-06-02,11:00,150,Outdoor 4,60.0,frei,13
2026-05-20T00:59:01,2026-06-02,11:30,60,Outdoor 4,24.0,frei,13
2026-05-20T00:59:01,2026-06-02,11:30,90,Outdoor 4,36.0,frei,13
2026-05-20T00:59:01,2026-06-02,11:30,120,Outdoor 4,48.0,frei,13
2026-05-20T00:59:01,2026-06-02,11:30,150,Outdoor 4,60.0,frei,13
2026-05-20T00:59:01,2026-06-02,12:00,60,Outdoor 4,24.0,frei,13
2026-05-20T00:59:01,2026-06-02,12:00,90,Outdoor 4,36.0,frei,13
2026-05-20T00:59:01,2026-06-02,12:00,120,Outdoor 4,48.0,frei,13
2026-05-20T00:59:01,2026-06-02,12:00,150,Outdoor 4,60.0,frei,13
2026-05-20T00:59:01,2026-06-02,12:30,60,Outdoor 4,24.0,frei,13
2026-05-20T00:59:01,2026-06-02,12:30,90,Outdoor 4,36.0,frei,13
2026-05-20T00:59:01,2026-06-02,12:30,120,Outdoor 4,48.0,frei,13
2026-05-20T00:59:01,2026-06-02,12:30,150,Outdoor 4,60.0,frei,13
2026-05-20T00:59:01,2026-06-02,13:00,60,Outdoor 4,24.0,frei,13
2026-05-20T00:59:01,2026-06-02,13:00,90,Outdoor 4,36.0,frei,13
2026-05-20T00:59:01,2026-06-02,13:00,120,Outdoor 4,48.0,frei,13
2026-05-20T00:59:01,2026-06-02,13:00,150,Outdoor 4,60.0,frei,13
2026-05-20T00:59:01,2026-06-02,13:30,60,Outdoor 4,24.0,frei,13
2026-05-20T00:59:01,2026-06-02,13:30,90,Outdoor 4,36.0,frei,13
2026-05-20T00:59:01,2026-06-02,13:30,120,Outdoor 4,48.0,frei,13
2026-05-20T00:59:01,2026-06-02,13:30,150,Outdoor 4,60.0,frei,13
2026-05-20T00:59:01,2026-06-02,14:00,60,Outdoor 4,24.0,frei,13
2026-05-20T00:59:01,2026-06-02,14:00,90,Outdoor 4,36.0,frei,13
2026-05-20T00:59:01,2026-06-02,14:00,120,Outdoor 4,48.0,frei,13
2026-05-20T00:59:01,2026-06-02,14:00,150,Outdoor 4,66.0,frei,13
2026-05-20T00:59:01,2026-06-02,14:30,60,Outdoor 4,24.0,frei,13
2026-05-20T00:59:01,2026-06-02,14:30,90,Outdoor 4,36.0,frei,13
2026-05-20T00:59:01,2026-06-02,14:30,120,Outdoor 4,54.0,frei,13
2026-05-20T00:59:01,2026-06-02,14:30,150,Outdoor 4,72.0,frei,13
2026-05-20T00:59:01,2026-06-02,15:00,60,Outdoor 4,24.0,frei,13
2026-05-20T00:59:01,2026-06-02,15:00,90,Outdoor 4,42.0,frei,13
2026-05-20T00:59:01,2026-06-02,15:00,120,Outdoor 4,60.0,frei,13
2026-05-20T00:59:01,2026-06-02,15:30,60,Outdoor 4,30.0,frei,13
2026-05-20T00:59:01,2026-06-02,15:30,90,Outdoor 4,48.0,frei,13
2026-05-20T00:59:01,2026-06-02,15:30,150,Outdoor 4,84.0,frei,13
2026-05-20T00:59:01,2026-06-02,16:00,60,Outdoor 4,36.0,frei,13
2026-05-20T00:59:01,2026-06-02,16:00,120,Outdoor 4,72.0,frei,13
2026-05-20T00:59:01,2026-06-02,16:30,90,Outdoor 4,54.0,frei,13
2026-05-20T00:59:01,2026-06-02,17:00,60,Outdoor 4,36.0,frei,13
2026-05-20T00:59:01,2026-06-02,08:00,60,Indoor 2,30.0,frei,13
2026-05-20T00:59:01,2026-06-02,08:00,90,Indoor 2,45.0,frei,13
2026-05-20T00:59:01,2026-06-02,08:00,120,Indoor 2,60.0,frei,13
2026-05-20T00:59:01,2026-06-02,09:00,60,Indoor 2,30.0,frei,13
2026-05-20T00:59:01,2026-06-02,09:00,90,Indoor 2,45.0,frei,13
2026-05-20T00:59:01,2026-06-02,09:00,120,Indoor 2,60.0,frei,13
2026-05-20T00:59:01,2026-06-02,09:30,60,Indoor 2,30.0,frei,13
2026-05-20T00:59:01,2026-06-02,09:30,90,Indoor 2,45.0,frei,13
2026-05-20T00:59:01,2026-06-02,09:30,120,Indoor 2,60.0,frei,13
2026-05-20T00:59:01,2026-06-02,10:00,60,Indoor 2,30.0,frei,13
2026-05-20T00:59:01,2026-06-02,10:00,90,Indoor 2,45.0,frei,13
2026-05-20T00:59:01,2026-06-02,10:00,120,Indoor 2,60.0,frei,13
2026-05-20T00:59:01,2026-06-02,10:30,60,Indoor 2,30.0,frei,13
2026-05-20T00:59:01,2026-06-02,10:30,90,Indoor 2,45.0,frei,13
2026-05-20T00:59:01,2026-06-02,10:30,120,Indoor 2,60.0,frei,13
2026-05-20T00:59:01,2026-06-02,11:00,60,Indoor 2,30.0,frei,13
2026-05-20T00:59:01,2026-06-02,11:00,90,Indoor 2,45.0,frei,13
2026-05-20T00:59:01,2026-06-02,11:00,120,Indoor 2,60.0,frei,13
2026-05-20T00:59:01,2026-06-02,11:30,60,Indoor 2,30.0,frei,13
2026-05-20T00:59:01,2026-06-02,11:30,90,Indoor 2,45.0,frei,13
2026-05-20T00:59:01,2026-06-02,11:30,120,Indoor 2,60.0,frei,13
2026-05-20T00:59:01,2026-06-02,12:00,60,Indoor 2,30.0,frei,13
2026-05-20T00:59:01,2026-06-02,12:00,90,Indoor 2,45.0,frei,13
2026-05-20T00:59:01,2026-06-02,12:00,120,Indoor 2,60.0,frei,13
2026-05-20T00:59:01,2026-06-02,12:30,60,Indoor 2,30.0,frei,13
2026-05-20T00:59:01,2026-06-02,12:30,90,Indoor 2,45.0,frei,13
2026-05-20T00:59:01,2026-06-02,12:30,120,Indoor 2,60.0,frei,13
2026-05-20T00:59:01,2026-06-02,13:00,60,Indoor 2,30.0,frei,13
2026-05-20T00:59:01,2026-06-02,13:00,90,Indoor 2,45.0,frei,13
2026-05-20T00:59:01,2026-06-02,13:30,60,Indoor 2,30.0,frei,13
2026-05-20T00:59:01,2026-06-02,13:30,120,Indoor 2,60.0,frei,13
2026-05-20T00:59:01,2026-06-02,14:00,90,Indoor 2,45.0,frei,13
2026-05-20T00:59:01,2026-06-02,14:30,60,Indoor 2,30.0,frei,13
2026-05-20T00:59:01,2026-06-02,23:00,60,Indoor 2,30.0,frei,13
2026-05-20T00:59:01,2026-06-02,08:00,60,Outdoor 1,24.0,frei,13
2026-05-20T00:59:01,2026-06-02,08:00,90,Outdoor 1,36.0,frei,13
2026-05-20T00:59:01,2026-06-02,08:00,120,Outdoor 1,48.0,frei,13
2026-05-20T00:59:01,2026-06-02,08:00,150,Outdoor 1,60.0,frei,13
2026-05-20T00:59:01,2026-06-02,08:30,60,Outdoor 1,24.0,frei,13
2026-05-20T00:59:01,2026-06-02,08:30,90,Outdoor 1,36.0,frei,13
2026-05-20T00:59:01,2026-06-02,08:30,120,Outdoor 1,48.0,frei,13
2026-05-20T00:59:01,2026-06-02,08:30,150,Outdoor 1,60.0,frei,13
2026-05-20T00:59:01,2026-06-02,09:00,60,Outdoor 1,24.0,frei,13
2026-05-20T00:59:01,2026-06-02,09:00,90,Outdoor 1,36.0,frei,13
2026-05-20T00:59:01,2026-06-02,09:00,120,Outdoor 1,48.0,frei,13
2026-05-20T00:59:01,2026-06-02,09:00,150,Outdoor 1,60.0,frei,13
2026-05-20T00:59:01,2026-06-02,09:30,60,Outdoor 1,24.0,frei,13
2026-05-20T00:59:01,2026-06-02,09:30,90,Outdoor 1,36.0,frei,13
2026-05-20T00:59:01,2026-06-02,09:30,120,Outdoor 1,48.0,frei,13
2026-05-20T00:59:01,2026-06-02,09:30,150,Outdoor 1,60.0,frei,13
2026-05-20T00:59:01,2026-06-02,10:00,60,Outdoor 1,24.0,frei,13
2026-05-20T00:59:01,2026-06-02,10:00,90,Outdoor 1,36.0,frei,13
2026-05-20T00:59:01,2026-06-02,10:00,120,Outdoor 1,48.0,frei,13
2026-05-20T00:59:01,2026-06-02,10:00,150,Outdoor 1,60.0,frei,13
2026-05-20T00:59:01,2026-06-02,10:30,60,Outdoor 1,24.0,frei,13
2026-05-20T00:59:01,2026-06-02,10:30,90,Outdoor 1,36.0,frei,13
2026-05-20T00:59:01,2026-06-02,10:30,120,Outdoor 1,48.0,frei,13
2026-05-20T00:59:01,2026-06-02,10:30,150,Outdoor 1,60.0,frei,13
2026-05-20T00:59:01,2026-06-02,11:00,60,Outdoor 1,24.0,frei,13
2026-05-20T00:59:01,2026-06-02,11:00,90,Outdoor 1,36.0,frei,13
2026-05-20T00:59:01,2026-06-02,11:00,120,Outdoor 1,48.0,frei,13
2026-05-20T00:59:01,2026-06-02,11:00,150,Outdoor 1,60.0,frei,13
2026-05-20T00:59:01,2026-06-02,11:30,60,Outdoor 1,24.0,frei,13
2026-05-20T00:59:01,2026-06-02,11:30,90,Outdoor 1,36.0,frei,13
2026-05-20T00:59:01,2026-06-02,11:30,120,Outdoor 1,48.0,frei,13
2026-05-20T00:59:01,2026-06-02,11:30,150,Outdoor 1,60.0,frei,13
2026-05-20T00:59:01,2026-06-02,12:00,60,Outdoor 1,24.0,frei,13
2026-05-20T00:59:01,2026-06-02,12:00,90,Outdoor 1,36.0,frei,13
2026-05-20T00:59:01,2026-06-02,12:00,120,Outdoor 1,48.0,frei,13
2026-05-20T00:59:01,2026-06-02,12:00,150,Outdoor 1,60.0,frei,13
2026-05-20T00:59:01,2026-06-02,12:30,60,Outdoor 1,24.0,frei,13
2026-05-20T00:59:01,2026-06-02,12:30,90,Outdoor 1,36.0,frei,13
2026-05-20T00:59:01,2026-06-02,12:30,120,Outdoor 1,48.0,frei,13
2026-05-20T00:59:01,2026-06-02,12:30,150,Outdoor 1,60.0,frei,13
2026-05-20T00:59:01,2026-06-02,13:00,60,Outdoor 1,24.0,frei,13
2026-05-20T00:59:01,2026-06-02,13:00,90,Outdoor 1,36.0,frei,13
2026-05-20T00:59:01,2026-06-02,13:00,120,Outdoor 1,48.0,frei,13
2026-05-20T00:59:01,2026-06-02,13:00,150,Outdoor 1,60.0,frei,13
2026-05-20T00:59:01,2026-06-02,13:30,60,Outdoor 1,24.0,frei,13
2026-05-20T00:59:01,2026-06-02,13:30,90,Outdoor 1,36.0,frei,13
2026-05-20T00:59:01,2026-06-02,13:30,120,Outdoor 1,48.0,frei,13
2026-05-20T00:59:01,2026-06-02,13:30,150,Outdoor 1,60.0,frei,13
2026-05-20T00:59:01,2026-06-02,14:00,60,Outdoor 1,24.0,frei,13
2026-05-20T00:59:01,2026-06-02,14:00,90,Outdoor 1,36.0,frei,13
2026-05-20T00:59:01,2026-06-02,14:00,120,Outdoor 1,48.0,frei,13
2026-05-20T00:59:01,2026-06-02,14:30,60,Outdoor 1,24.0,frei,13
2026-05-20T00:59:01,2026-06-02,14:30,90,Outdoor 1,36.0,frei,13
2026-05-20T00:59:01,2026-06-02,14:30,150,Outdoor 1,72.0,frei,13
2026-05-20T00:59:01,2026-06-02,15:00,60,Outdoor 1,24.0,frei,13
2026-05-20T00:59:01,2026-06-02,15:00,120,Outdoor 1,60.0,frei,13
2026-05-20T00:59:01,2026-06-02,15:30,90,Outdoor 1,48.0,frei,13
2026-05-20T00:59:01,2026-06-02,16:00,60,Outdoor 1,36.0,frei,13
2026-05-20T00:59:01,2026-06-02,08:00,60,Indoor 4,30.0,frei,13
2026-05-20T00:59:01,2026-06-02,08:00,90,Indoor 4,45.0,frei,13
2026-05-20T00:59:01,2026-06-02,08:00,120,Indoor 4,60.0,frei,13
2026-05-20T00:59:01,2026-06-02,09:00,60,Indoor 4,30.0,frei,13
2026-05-20T00:59:01,2026-06-02,09:00,90,Indoor 4,45.0,frei,13
2026-05-20T00:59:01,2026-06-02,09:00,120,Indoor 4,60.0,frei,13
2026-05-20T00:59:01,2026-06-02,09:30,60,Indoor 4,30.0,frei,13
2026-05-20T00:59:01,2026-06-02,09:30,90,Indoor 4,45.0,frei,13
2026-05-20T00:59:01,2026-06-02,09:30,120,Indoor 4,60.0,frei,13
2026-05-20T00:59:01,2026-06-02,10:00,60,Indoor 4,30.0,frei,13
2026-05-20T00:59:01,2026-06-02,10:00,90,Indoor 4,45.0,frei,13
2026-05-20T00:59:01,2026-06-02,10:00,120,Indoor 4,60.0,frei,13
2026-05-20T00:59:01,2026-06-02,10:30,60,Indoor 4,30.0,frei,13
2026-05-20T00:59:01,2026-06-02,10:30,90,Indoor 4,45.0,frei,13
2026-05-20T00:59:01,2026-06-02,10:30,120,Indoor 4,60.0,frei,13
2026-05-20T00:59:01,2026-06-02,11:00,60,Indoor 4,30.0,frei,13
2026-05-20T00:59:01,2026-06-02,11:00,90,Indoor 4,45.0,frei,13
2026-05-20T00:59:01,2026-06-02,11:00,120,Indoor 4,60.0,frei,13
2026-05-20T00:59:01,2026-06-02,11:30,60,Indoor 4,30.0,frei,13
2026-05-20T00:59:01,2026-06-02,11:30,90,Indoor 4,45.0,frei,13
2026-05-20T00:59:01,2026-06-02,11:30,120,Indoor 4,60.0,frei,13
2026-05-20T00:59:01,2026-06-02,12:00,60,Indoor 4,30.0,frei,13
2026-05-20T00:59:01,2026-06-02,12:00,90,Indoor 4,45.0,frei,13
2026-05-20T00:59:01,2026-06-02,12:00,120,Indoor 4,60.0,frei,13
2026-05-20T00:59:01,2026-06-02,12:30,60,Indoor 4,30.0,frei,13
2026-05-20T00:59:01,2026-06-02,12:30,90,Indoor 4,45.0,frei,13
2026-05-20T00:59:01,2026-06-02,12:30,120,Indoor 4,60.0,frei,13
2026-05-20T00:59:01,2026-06-02,13:00,60,Indoor 4,30.0,frei,13
2026-05-20T00:59:01,2026-06-02,13:00,90,Indoor 4,45.0,frei,13
2026-05-20T00:59:01,2026-06-02,13:30,60,Indoor 4,30.0,frei,13
2026-05-20T00:59:01,2026-06-02,13:30,120,Indoor 4,60.0,frei,13
2026-05-20T00:59:01,2026-06-02,14:00,90,Indoor 4,45.0,frei,13
2026-05-20T00:59:01,2026-06-02,14:30,60,Indoor 4,30.0,frei,13
2026-05-20T00:59:01,2026-06-02,17:00,60,Indoor 4,42.0,frei,13
2026-05-20T00:59:01,2026-06-02,22:30,90,Indoor 4,45.0,frei,13
2026-05-20T00:59:01,2026-06-02,08:00,60,Single Indoor,22.0,frei,13
2026-05-20T00:59:01,2026-06-02,08:00,90,Single Indoor,33.0,frei,13
2026-05-20T00:59:01,2026-06-02,08:00,120,Single Indoor,44.0,frei,13
2026-05-20T00:59:01,2026-06-02,09:00,60,Single Indoor,22.0,frei,13
2026-05-20T00:59:01,2026-06-02,09:00,90,Single Indoor,33.0,frei,13
2026-05-20T00:59:01,2026-06-02,09:00,120,Single Indoor,44.0,frei,13
2026-05-20T00:59:01,2026-06-02,09:30,60,Single Indoor,22.0,frei,13
2026-05-20T00:59:01,2026-06-02,09:30,90,Single Indoor,33.0,frei,13
2026-05-20T00:59:01,2026-06-02,09:30,120,Single Indoor,44.0,frei,13
2026-05-20T00:59:01,2026-06-02,10:00,60,Single Indoor,22.0,frei,13
2026-05-20T00:59:01,2026-06-02,10:00,90,Single Indoor,33.0,frei,13
2026-05-20T00:59:01,2026-06-02,10:00,120,Single Indoor,44.0,frei,13
2026-05-20T00:59:01,2026-06-02,10:30,60,Single Indoor,22.0,frei,13
2026-05-20T00:59:01,2026-06-02,10:30,90,Single Indoor,33.0,frei,13
2026-05-20T00:59:01,2026-06-02,10:30,120,Single Indoor,44.0,frei,13
2026-05-20T00:59:01,2026-06-02,11:00,60,Single Indoor,22.0,frei,13
2026-05-20T00:59:01,2026-06-02,11:00,90,Single Indoor,33.0,frei,13
2026-05-20T00:59:01,2026-06-02,11:00,120,Single Indoor,44.0,frei,13
2026-05-20T00:59:01,2026-06-02,11:30,60,Single Indoor,22.0,frei,13
2026-05-20T00:59:01,2026-06-02,11:30,90,Single Indoor,33.0,frei,13
2026-05-20T00:59:01,2026-06-02,11:30,120,Single Indoor,44.0,frei,13
2026-05-20T00:59:01,2026-06-02,12:00,60,Single Indoor,22.0,frei,13
2026-05-20T00:59:01,2026-06-02,12:00,90,Single Indoor,33.0,frei,13
2026-05-20T00:59:01,2026-06-02,12:00,120,Single Indoor,44.0,frei,13
2026-05-20T00:59:01,2026-06-02,12:30,60,Single Indoor,22.0,frei,13
2026-05-20T00:59:01,2026-06-02,12:30,90,Single Indoor,33.0,frei,13
2026-05-20T00:59:01,2026-06-02,12:30,120,Single Indoor,44.0,frei,13
2026-05-20T00:59:01,2026-06-02,13:00,60,Single Indoor,22.0,frei,13
2026-05-20T00:59:01,2026-06-02,13:00,90,Single Indoor,33.0,frei,13
2026-05-20T00:59:01,2026-06-02,13:00,120,Single Indoor,44.0,frei,13
2026-05-20T00:59:01,2026-06-02,13:30,60,Single Indoor,22.0,frei,13
2026-05-20T00:59:01,2026-06-02,13:30,90,Single Indoor,33.0,frei,13
2026-05-20T00:59:01,2026-06-02,13:30,120,Single Indoor,44.0,frei,13
2026-05-20T00:59:01,2026-06-02,14:00,60,Single Indoor,22.0,frei,13
2026-05-20T00:59:01,2026-06-02,14:00,90,Single Indoor,33.0,frei,13
2026-05-20T00:59:01,2026-06-02,14:00,120,Single Indoor,44.0,frei,13
2026-05-20T00:59:01,2026-06-02,14:30,60,Single Indoor,22.0,frei,13
2026-05-20T00:59:01,2026-06-02,14:30,90,Single Indoor,33.0,frei,13
2026-05-20T00:59:01,2026-06-02,14:30,120,Single Indoor,48.0,frei,13
2026-05-20T00:59:01,2026-06-02,15:00,60,Single Indoor,22.0,frei,13
2026-05-20T00:59:01,2026-06-02,15:00,90,Single Indoor,37.0,frei,13
2026-05-20T00:59:01,2026-06-02,15:00,120,Single Indoor,52.0,frei,13
2026-05-20T00:59:01,2026-06-02,15:30,60,Single Indoor,26.0,frei,13
2026-05-20T00:59:01,2026-06-02,15:30,90,Single Indoor,41.0,frei,13
2026-05-20T00:59:01,2026-06-02,15:30,120,Single Indoor,56.0,frei,13
2026-05-20T00:59:01,2026-06-02,16:00,60,Single Indoor,30.0,frei,13
2026-05-20T00:59:01,2026-06-02,16:00,90,Single Indoor,45.0,frei,13
2026-05-20T00:59:01,2026-06-02,16:00,120,Single Indoor,60.0,frei,13
2026-05-20T00:59:01,2026-06-02,16:30,60,Single Indoor,30.0,frei,13
2026-05-20T00:59:01,2026-06-02,16:30,90,Single Indoor,45.0,frei,13
2026-05-20T00:59:01,2026-06-02,17:00,60,Single Indoor,30.0,frei,13
2026-05-20T00:59:01,2026-06-02,17:00,120,Single Indoor,60.0,frei,13
2026-05-20T00:59:01,2026-06-02,17:30,90,Single Indoor,45.0,frei,13
2026-05-20T00:59:01,2026-06-02,18:00,60,Single Indoor,30.0,frei,13
2026-05-20T00:59:01,2026-06-02,20:00,60,Single Indoor,30.0,frei,13
2026-05-20T00:59:01,2026-06-02,20:00,90,Single Indoor,45.0,frei,13
2026-05-20T00:59:01,2026-06-02,20:00,120,Single Indoor,60.0,frei,13
2026-05-20T00:59:01,2026-06-02,21:00,60,Single Indoor,30.0,frei,13
2026-05-20T00:59:01,2026-06-02,21:00,90,Single Indoor,45.0,frei,13
2026-05-20T00:59:01,2026-06-02,21:00,120,Single Indoor,56.0,frei,13
2026-05-20T00:59:01,2026-06-02,21:30,60,Single Indoor,30.0,frei,13
2026-05-20T00:59:01,2026-06-02,21:30,90,Single Indoor,41.0,frei,13
2026-05-20T00:59:01,2026-06-02,22:00,60,Single Indoor,26.0,frei,13
2026-05-20T00:59:01,2026-06-02,22:00,120,Single Indoor,48.0,frei,13
2026-05-20T00:59:01,2026-06-02,22:30,90,Single Indoor,33.0,frei,13
2026-05-20T00:59:01,2026-06-02,23:00,60,Single Indoor,22.0,frei,13
2026-05-20T00:59:01,2026-06-02,08:00,60,Indoor 1,30.0,frei,13
2026-05-20T00:59:01,2026-06-02,08:00,90,Indoor 1,45.0,frei,13
2026-05-20T00:59:01,2026-06-02,08:00,120,Indoor 1,60.0,frei,13
2026-05-20T00:59:01,2026-06-02,09:00,60,Indoor 1,30.0,frei,13
2026-05-20T00:59:01,2026-06-02,09:00,90,Indoor 1,45.0,frei,13
2026-05-20T00:59:01,2026-06-02,09:00,120,Indoor 1,60.0,frei,13
2026-05-20T00:59:01,2026-06-02,09:30,60,Indoor 1,30.0,frei,13
2026-05-20T00:59:01,2026-06-02,09:30,90,Indoor 1,45.0,frei,13
2026-05-20T00:59:01,2026-06-02,10:00,60,Indoor 1,30.0,frei,13
2026-05-20T00:59:01,2026-06-02,10:00,120,Indoor 1,60.0,frei,13
2026-05-20T00:59:01,2026-06-02,10:30,90,Indoor 1,45.0,frei,13
2026-05-20T00:59:01,2026-06-02,11:00,60,Indoor 1,30.0,frei,13
2026-05-20T00:59:01,2026-06-02,13:00,60,Indoor 1,30.0,frei,13
2026-05-20T00:59:01,2026-06-02,15:30,90,Indoor 1,57.0,frei,13
2026-05-20T00:59:01,2026-06-02,08:00,60,Indoor 3,30.0,frei,13
2026-05-20T00:59:01,2026-06-02,08:00,90,Indoor 3,45.0,frei,13
2026-05-20T00:59:01,2026-06-02,08:00,120,Indoor 3,60.0,frei,13
2026-05-20T00:59:01,2026-06-02,09:00,60,Indoor 3,30.0,frei,13
2026-05-20T00:59:01,2026-06-02,09:00,90,Indoor 3,45.0,frei,13
2026-05-20T00:59:01,2026-06-02,09:00,120,Indoor 3,60.0,frei,13
2026-05-20T00:59:01,2026-06-02,09:30,60,Indoor 3,30.0,frei,13
2026-05-20T00:59:01,2026-06-02,09:30,90,Indoor 3,45.0,frei,13
2026-05-20T00:59:01,2026-06-02,09:30,120,Indoor 3,60.0,frei,13
2026-05-20T00:59:01,2026-06-02,10:00,60,Indoor 3,30.0,frei,13
2026-05-20T00:59:01,2026-06-02,10:00,90,Indoor 3,45.0,frei,13
2026-05-20T00:59:01,2026-06-02,10:00,120,Indoor 3,60.0,frei,13
2026-05-20T00:59:01,2026-06-02,10:30,60,Indoor 3,30.0,frei,13
2026-05-20T00:59:01,2026-06-02,10:30,90,Indoor 3,45.0,frei,13
2026-05-20T00:59:01,2026-06-02,10:30,120,Indoor 3,60.0,frei,13
2026-05-20T00:59:01,2026-06-02,11:00,60,Indoor 3,30.0,frei,13
2026-05-20T00:59:01,2026-06-02,11:00,90,Indoor 3,45.0,frei,13
2026-05-20T00:59:01,2026-06-02,11:00,120,Indoor 3,60.0,frei,13
2026-05-20T00:59:01,2026-06-02,11:30,60,Indoor 3,30.0,frei,13
2026-05-20T00:59:01,2026-06-02,11:30,90,Indoor 3,45.0,frei,13
2026-05-20T00:59:01,2026-06-02,11:30,120,Indoor 3,60.0,frei,13
2026-05-20T00:59:01,2026-06-02,12:00,60,Indoor 3,30.0,frei,13
2026-05-20T00:59:01,2026-06-02,12:00,90,Indoor 3,45.0,frei,13
2026-05-20T00:59:01,2026-06-02,12:00,120,Indoor 3,60.0,frei,13
2026-05-20T00:59:01,2026-06-02,12:30,60,Indoor 3,30.0,frei,13
2026-05-20T00:59:01,2026-06-02,12:30,90,Indoor 3,45.0,frei,13
2026-05-20T00:59:01,2026-06-02,12:30,120,Indoor 3,60.0,frei,13
2026-05-20T00:59:01,2026-06-02,13:00,60,Indoor 3,30.0,frei,13
2026-05-20T00:59:01,2026-06-02,13:00,90,Indoor 3,45.0,frei,13
2026-05-20T00:59:01,2026-06-02,13:30,60,Indoor 3,30.0,frei,13
2026-05-20T00:59:01,2026-06-02,13:30,120,Indoor 3,60.0,frei,13
2026-05-20T00:59:01,2026-06-02,14:00,90,Indoor 3,45.0,frei,13
2026-05-20T00:59:01,2026-06-02,14:30,60,Indoor 3,30.0,frei,13
2026-05-20T00:59:01,2026-06-02,17:00,60,Indoor 3,42.0,frei,13
2026-05-20T00:59:01,2026-06-02,22:30,90,Indoor 3,45.0,frei,13
